In mode: Internal_scan...
  Design has scan chains in this mode
  Design is scan routed
  Post-DFT DRC enabled

Information: Starting test design rule checking. (TEST-222)
  Loading test protocol
  ...basic checks...
  ...basic sequential cell checks...
  ...checking vector rules...
  ...checking clock rules...
  ...checking scan chain rules...
  ...checking scan compression rules...
  ...checking X-state rules...
  ...checking tristate rules...
  ...extracting scan details...

-----------------------------------------------------------------
  DRC Report

  Total violations: 0

-----------------------------------------------------------------


Test Design rule checking did not find violations

-----------------------------------------------------------------
  Sequential Cell Report

  0 out of 4240 sequential cells have violations

-----------------------------------------------------------------

SEQUENTIAL CELLS WITHOUT VIOLATIONS
      *4240 cells are valid scan cells
         pc_current_reg_6_
         pc_current_reg_3_
         pc_current_reg_13_
         pc_current_reg_14_
         pc_current_reg_12_
         pc_current_reg_8_
         pc_current_reg_9_
         pc_current_reg_5_
         pc_current_reg_7_
         pc_current_reg_0_
         pc_current_reg_2_
         pc_current_reg_10_
         pc_current_reg_1_
         pc_current_reg_4_
         pc_current_reg_15_
         pc_current_reg_11_
         reg_file/reg_array_reg[7][15]
         reg_file/reg_array_reg[7][14]
         reg_file/reg_array_reg[7][13]
         reg_file/reg_array_reg[7][12]
         reg_file/reg_array_reg[7][11]
         reg_file/reg_array_reg[7][10]
         reg_file/reg_array_reg[7][9]
         reg_file/reg_array_reg[7][8]
         reg_file/reg_array_reg[7][7]
         reg_file/reg_array_reg[7][6]
         reg_file/reg_array_reg[7][5]
         reg_file/reg_array_reg[7][4]
         reg_file/reg_array_reg[7][3]
         reg_file/reg_array_reg[7][2]
         reg_file/reg_array_reg[7][1]
         reg_file/reg_array_reg[7][0]
         reg_file/reg_array_reg[6][15]
         reg_file/reg_array_reg[6][14]
         reg_file/reg_array_reg[6][13]
         reg_file/reg_array_reg[6][12]
         reg_file/reg_array_reg[6][11]
         reg_file/reg_array_reg[6][10]
         reg_file/reg_array_reg[6][9]
         reg_file/reg_array_reg[6][8]
         reg_file/reg_array_reg[6][7]
         reg_file/reg_array_reg[6][6]
         reg_file/reg_array_reg[6][5]
         reg_file/reg_array_reg[6][4]
         reg_file/reg_array_reg[6][3]
         reg_file/reg_array_reg[6][2]
         reg_file/reg_array_reg[6][1]
         reg_file/reg_array_reg[6][0]
         reg_file/reg_array_reg[5][15]
         reg_file/reg_array_reg[5][14]
         reg_file/reg_array_reg[5][13]
         reg_file/reg_array_reg[5][12]
         reg_file/reg_array_reg[5][11]
         reg_file/reg_array_reg[5][10]
         reg_file/reg_array_reg[5][9]
         reg_file/reg_array_reg[5][8]
         reg_file/reg_array_reg[5][7]
         reg_file/reg_array_reg[5][6]
         reg_file/reg_array_reg[5][5]
         reg_file/reg_array_reg[5][4]
         reg_file/reg_array_reg[5][3]
         reg_file/reg_array_reg[5][2]
         reg_file/reg_array_reg[5][1]
         reg_file/reg_array_reg[5][0]
         reg_file/reg_array_reg[4][15]
         reg_file/reg_array_reg[4][14]
         reg_file/reg_array_reg[4][13]
         reg_file/reg_array_reg[4][12]
         reg_file/reg_array_reg[4][11]
         reg_file/reg_array_reg[4][10]
         reg_file/reg_array_reg[4][9]
         reg_file/reg_array_reg[4][8]
         reg_file/reg_array_reg[4][7]
         reg_file/reg_array_reg[4][6]
         reg_file/reg_array_reg[4][5]
         reg_file/reg_array_reg[4][4]
         reg_file/reg_array_reg[4][3]
         reg_file/reg_array_reg[4][2]
         reg_file/reg_array_reg[4][1]
         reg_file/reg_array_reg[4][0]
         reg_file/reg_array_reg[3][15]
         reg_file/reg_array_reg[3][14]
         reg_file/reg_array_reg[3][13]
         reg_file/reg_array_reg[3][12]
         reg_file/reg_array_reg[3][11]
         reg_file/reg_array_reg[3][10]
         reg_file/reg_array_reg[3][9]
         reg_file/reg_array_reg[3][8]
         reg_file/reg_array_reg[3][7]
         reg_file/reg_array_reg[3][6]
         reg_file/reg_array_reg[3][5]
         reg_file/reg_array_reg[3][4]
         reg_file/reg_array_reg[3][3]
         reg_file/reg_array_reg[3][2]
         reg_file/reg_array_reg[3][1]
         reg_file/reg_array_reg[3][0]
         reg_file/reg_array_reg[2][15]
         reg_file/reg_array_reg[2][14]
         reg_file/reg_array_reg[2][13]
         reg_file/reg_array_reg[2][12]
         reg_file/reg_array_reg[2][11]
         reg_file/reg_array_reg[2][10]
         reg_file/reg_array_reg[2][9]
         reg_file/reg_array_reg[2][8]
         reg_file/reg_array_reg[2][7]
         reg_file/reg_array_reg[2][6]
         reg_file/reg_array_reg[2][5]
         reg_file/reg_array_reg[2][4]
         reg_file/reg_array_reg[2][3]
         reg_file/reg_array_reg[2][2]
         reg_file/reg_array_reg[2][1]
         reg_file/reg_array_reg[2][0]
         reg_file/reg_array_reg[1][15]
         reg_file/reg_array_reg[1][14]
         reg_file/reg_array_reg[1][13]
         reg_file/reg_array_reg[1][12]
         reg_file/reg_array_reg[1][11]
         reg_file/reg_array_reg[1][10]
         reg_file/reg_array_reg[1][9]
         reg_file/reg_array_reg[1][8]
         reg_file/reg_array_reg[1][7]
         reg_file/reg_array_reg[1][6]
         reg_file/reg_array_reg[1][5]
         reg_file/reg_array_reg[1][4]
         reg_file/reg_array_reg[1][3]
         reg_file/reg_array_reg[1][2]
         reg_file/reg_array_reg[1][1]
         reg_file/reg_array_reg[1][0]
         reg_file/reg_array_reg[0][15]
         reg_file/reg_array_reg[0][14]
         reg_file/reg_array_reg[0][13]
         reg_file/reg_array_reg[0][12]
         reg_file/reg_array_reg[0][11]
         reg_file/reg_array_reg[0][10]
         reg_file/reg_array_reg[0][9]
         reg_file/reg_array_reg[0][8]
         reg_file/reg_array_reg[0][7]
         reg_file/reg_array_reg[0][6]
         reg_file/reg_array_reg[0][5]
         reg_file/reg_array_reg[0][4]
         reg_file/reg_array_reg[0][3]
         reg_file/reg_array_reg[0][2]
         reg_file/reg_array_reg[0][1]
         reg_file/reg_array_reg[0][0]
         datamem/ram_reg[255][15]
         datamem/ram_reg[255][14]
         datamem/ram_reg[255][13]
         datamem/ram_reg[255][12]
         datamem/ram_reg[255][11]
         datamem/ram_reg[255][10]
         datamem/ram_reg[255][9]
         datamem/ram_reg[255][8]
         datamem/ram_reg[255][7]
         datamem/ram_reg[255][6]
         datamem/ram_reg[255][5]
         datamem/ram_reg[255][4]
         datamem/ram_reg[255][3]
         datamem/ram_reg[255][2]
         datamem/ram_reg[255][1]
         datamem/ram_reg[255][0]
         datamem/ram_reg[254][15]
         datamem/ram_reg[254][14]
         datamem/ram_reg[254][13]
         datamem/ram_reg[254][12]
         datamem/ram_reg[254][11]
         datamem/ram_reg[254][10]
         datamem/ram_reg[254][9]
         datamem/ram_reg[254][8]
         datamem/ram_reg[254][7]
         datamem/ram_reg[254][6]
         datamem/ram_reg[254][5]
         datamem/ram_reg[254][4]
         datamem/ram_reg[254][3]
         datamem/ram_reg[254][2]
         datamem/ram_reg[254][1]
         datamem/ram_reg[254][0]
         datamem/ram_reg[253][15]
         datamem/ram_reg[253][14]
         datamem/ram_reg[253][13]
         datamem/ram_reg[253][12]
         datamem/ram_reg[253][11]
         datamem/ram_reg[253][10]
         datamem/ram_reg[253][9]
         datamem/ram_reg[253][8]
         datamem/ram_reg[253][7]
         datamem/ram_reg[253][6]
         datamem/ram_reg[253][5]
         datamem/ram_reg[253][4]
         datamem/ram_reg[253][3]
         datamem/ram_reg[253][2]
         datamem/ram_reg[253][1]
         datamem/ram_reg[253][0]
         datamem/ram_reg[252][15]
         datamem/ram_reg[252][14]
         datamem/ram_reg[252][13]
         datamem/ram_reg[252][12]
         datamem/ram_reg[252][11]
         datamem/ram_reg[252][10]
         datamem/ram_reg[252][9]
         datamem/ram_reg[252][8]
         datamem/ram_reg[252][7]
         datamem/ram_reg[252][6]
         datamem/ram_reg[252][5]
         datamem/ram_reg[252][4]
         datamem/ram_reg[252][3]
         datamem/ram_reg[252][2]
         datamem/ram_reg[252][1]
         datamem/ram_reg[252][0]
         datamem/ram_reg[251][15]
         datamem/ram_reg[251][14]
         datamem/ram_reg[251][13]
         datamem/ram_reg[251][12]
         datamem/ram_reg[251][11]
         datamem/ram_reg[251][10]
         datamem/ram_reg[251][9]
         datamem/ram_reg[251][8]
         datamem/ram_reg[251][7]
         datamem/ram_reg[251][6]
         datamem/ram_reg[251][5]
         datamem/ram_reg[251][4]
         datamem/ram_reg[251][3]
         datamem/ram_reg[251][2]
         datamem/ram_reg[251][1]
         datamem/ram_reg[251][0]
         datamem/ram_reg[250][15]
         datamem/ram_reg[250][14]
         datamem/ram_reg[250][13]
         datamem/ram_reg[250][12]
         datamem/ram_reg[250][11]
         datamem/ram_reg[250][10]
         datamem/ram_reg[250][9]
         datamem/ram_reg[250][8]
         datamem/ram_reg[250][7]
         datamem/ram_reg[250][6]
         datamem/ram_reg[250][5]
         datamem/ram_reg[250][4]
         datamem/ram_reg[250][3]
         datamem/ram_reg[250][2]
         datamem/ram_reg[250][1]
         datamem/ram_reg[250][0]
         datamem/ram_reg[249][15]
         datamem/ram_reg[249][14]
         datamem/ram_reg[249][13]
         datamem/ram_reg[249][12]
         datamem/ram_reg[249][11]
         datamem/ram_reg[249][10]
         datamem/ram_reg[249][9]
         datamem/ram_reg[249][8]
         datamem/ram_reg[249][7]
         datamem/ram_reg[249][6]
         datamem/ram_reg[249][5]
         datamem/ram_reg[249][4]
         datamem/ram_reg[249][3]
         datamem/ram_reg[249][2]
         datamem/ram_reg[249][1]
         datamem/ram_reg[249][0]
         datamem/ram_reg[248][15]
         datamem/ram_reg[248][14]
         datamem/ram_reg[248][13]
         datamem/ram_reg[248][12]
         datamem/ram_reg[248][11]
         datamem/ram_reg[248][10]
         datamem/ram_reg[248][9]
         datamem/ram_reg[248][8]
         datamem/ram_reg[248][7]
         datamem/ram_reg[248][6]
         datamem/ram_reg[248][5]
         datamem/ram_reg[248][4]
         datamem/ram_reg[248][3]
         datamem/ram_reg[248][2]
         datamem/ram_reg[248][1]
         datamem/ram_reg[248][0]
         datamem/ram_reg[247][15]
         datamem/ram_reg[247][14]
         datamem/ram_reg[247][13]
         datamem/ram_reg[247][12]
         datamem/ram_reg[247][11]
         datamem/ram_reg[247][10]
         datamem/ram_reg[247][9]
         datamem/ram_reg[247][8]
         datamem/ram_reg[247][7]
         datamem/ram_reg[247][6]
         datamem/ram_reg[247][5]
         datamem/ram_reg[247][4]
         datamem/ram_reg[247][3]
         datamem/ram_reg[247][2]
         datamem/ram_reg[247][1]
         datamem/ram_reg[247][0]
         datamem/ram_reg[246][15]
         datamem/ram_reg[246][14]
         datamem/ram_reg[246][13]
         datamem/ram_reg[246][12]
         datamem/ram_reg[246][11]
         datamem/ram_reg[246][10]
         datamem/ram_reg[246][9]
         datamem/ram_reg[246][8]
         datamem/ram_reg[246][7]
         datamem/ram_reg[246][6]
         datamem/ram_reg[246][5]
         datamem/ram_reg[246][4]
         datamem/ram_reg[246][3]
         datamem/ram_reg[246][2]
         datamem/ram_reg[246][1]
         datamem/ram_reg[246][0]
         datamem/ram_reg[245][15]
         datamem/ram_reg[245][14]
         datamem/ram_reg[245][13]
         datamem/ram_reg[245][12]
         datamem/ram_reg[245][11]
         datamem/ram_reg[245][10]
         datamem/ram_reg[245][9]
         datamem/ram_reg[245][8]
         datamem/ram_reg[245][7]
         datamem/ram_reg[245][6]
         datamem/ram_reg[245][5]
         datamem/ram_reg[245][4]
         datamem/ram_reg[245][3]
         datamem/ram_reg[245][2]
         datamem/ram_reg[245][1]
         datamem/ram_reg[245][0]
         datamem/ram_reg[244][15]
         datamem/ram_reg[244][14]
         datamem/ram_reg[244][13]
         datamem/ram_reg[244][12]
         datamem/ram_reg[244][11]
         datamem/ram_reg[244][10]
         datamem/ram_reg[244][9]
         datamem/ram_reg[244][8]
         datamem/ram_reg[244][7]
         datamem/ram_reg[244][6]
         datamem/ram_reg[244][5]
         datamem/ram_reg[244][4]
         datamem/ram_reg[244][3]
         datamem/ram_reg[244][2]
         datamem/ram_reg[244][1]
         datamem/ram_reg[244][0]
         datamem/ram_reg[243][15]
         datamem/ram_reg[243][14]
         datamem/ram_reg[243][13]
         datamem/ram_reg[243][12]
         datamem/ram_reg[243][11]
         datamem/ram_reg[243][10]
         datamem/ram_reg[243][9]
         datamem/ram_reg[243][8]
         datamem/ram_reg[243][7]
         datamem/ram_reg[243][6]
         datamem/ram_reg[243][5]
         datamem/ram_reg[243][4]
         datamem/ram_reg[243][3]
         datamem/ram_reg[243][2]
         datamem/ram_reg[243][1]
         datamem/ram_reg[243][0]
         datamem/ram_reg[242][15]
         datamem/ram_reg[242][14]
         datamem/ram_reg[242][13]
         datamem/ram_reg[242][12]
         datamem/ram_reg[242][11]
         datamem/ram_reg[242][10]
         datamem/ram_reg[242][9]
         datamem/ram_reg[242][8]
         datamem/ram_reg[242][7]
         datamem/ram_reg[242][6]
         datamem/ram_reg[242][5]
         datamem/ram_reg[242][4]
         datamem/ram_reg[242][3]
         datamem/ram_reg[242][2]
         datamem/ram_reg[242][1]
         datamem/ram_reg[242][0]
         datamem/ram_reg[241][15]
         datamem/ram_reg[241][14]
         datamem/ram_reg[241][13]
         datamem/ram_reg[241][12]
         datamem/ram_reg[241][11]
         datamem/ram_reg[241][10]
         datamem/ram_reg[241][9]
         datamem/ram_reg[241][8]
         datamem/ram_reg[241][7]
         datamem/ram_reg[241][6]
         datamem/ram_reg[241][5]
         datamem/ram_reg[241][4]
         datamem/ram_reg[241][3]
         datamem/ram_reg[241][2]
         datamem/ram_reg[241][1]
         datamem/ram_reg[241][0]
         datamem/ram_reg[240][15]
         datamem/ram_reg[240][14]
         datamem/ram_reg[240][13]
         datamem/ram_reg[240][12]
         datamem/ram_reg[240][11]
         datamem/ram_reg[240][10]
         datamem/ram_reg[240][9]
         datamem/ram_reg[240][8]
         datamem/ram_reg[240][7]
         datamem/ram_reg[240][6]
         datamem/ram_reg[240][5]
         datamem/ram_reg[240][4]
         datamem/ram_reg[240][3]
         datamem/ram_reg[240][2]
         datamem/ram_reg[240][1]
         datamem/ram_reg[240][0]
         datamem/ram_reg[239][15]
         datamem/ram_reg[239][14]
         datamem/ram_reg[239][13]
         datamem/ram_reg[239][12]
         datamem/ram_reg[239][11]
         datamem/ram_reg[239][10]
         datamem/ram_reg[239][9]
         datamem/ram_reg[239][8]
         datamem/ram_reg[239][7]
         datamem/ram_reg[239][6]
         datamem/ram_reg[239][5]
         datamem/ram_reg[239][4]
         datamem/ram_reg[239][3]
         datamem/ram_reg[239][2]
         datamem/ram_reg[239][1]
         datamem/ram_reg[239][0]
         datamem/ram_reg[238][15]
         datamem/ram_reg[238][14]
         datamem/ram_reg[238][13]
         datamem/ram_reg[238][12]
         datamem/ram_reg[238][11]
         datamem/ram_reg[238][10]
         datamem/ram_reg[238][9]
         datamem/ram_reg[238][8]
         datamem/ram_reg[238][7]
         datamem/ram_reg[238][6]
         datamem/ram_reg[238][5]
         datamem/ram_reg[238][4]
         datamem/ram_reg[238][3]
         datamem/ram_reg[238][2]
         datamem/ram_reg[238][1]
         datamem/ram_reg[238][0]
         datamem/ram_reg[237][15]
         datamem/ram_reg[237][14]
         datamem/ram_reg[237][13]
         datamem/ram_reg[237][12]
         datamem/ram_reg[237][11]
         datamem/ram_reg[237][10]
         datamem/ram_reg[237][9]
         datamem/ram_reg[237][8]
         datamem/ram_reg[237][7]
         datamem/ram_reg[237][6]
         datamem/ram_reg[237][5]
         datamem/ram_reg[237][4]
         datamem/ram_reg[237][3]
         datamem/ram_reg[237][2]
         datamem/ram_reg[237][1]
         datamem/ram_reg[237][0]
         datamem/ram_reg[236][15]
         datamem/ram_reg[236][14]
         datamem/ram_reg[236][13]
         datamem/ram_reg[236][12]
         datamem/ram_reg[236][11]
         datamem/ram_reg[236][10]
         datamem/ram_reg[236][9]
         datamem/ram_reg[236][8]
         datamem/ram_reg[236][7]
         datamem/ram_reg[236][6]
         datamem/ram_reg[236][5]
         datamem/ram_reg[236][4]
         datamem/ram_reg[236][3]
         datamem/ram_reg[236][2]
         datamem/ram_reg[236][1]
         datamem/ram_reg[236][0]
         datamem/ram_reg[235][15]
         datamem/ram_reg[235][14]
         datamem/ram_reg[235][13]
         datamem/ram_reg[235][12]
         datamem/ram_reg[235][11]
         datamem/ram_reg[235][10]
         datamem/ram_reg[235][9]
         datamem/ram_reg[235][8]
         datamem/ram_reg[235][7]
         datamem/ram_reg[235][6]
         datamem/ram_reg[235][5]
         datamem/ram_reg[235][4]
         datamem/ram_reg[235][3]
         datamem/ram_reg[235][2]
         datamem/ram_reg[235][1]
         datamem/ram_reg[235][0]
         datamem/ram_reg[234][15]
         datamem/ram_reg[234][14]
         datamem/ram_reg[234][13]
         datamem/ram_reg[234][12]
         datamem/ram_reg[234][11]
         datamem/ram_reg[234][10]
         datamem/ram_reg[234][9]
         datamem/ram_reg[234][8]
         datamem/ram_reg[234][7]
         datamem/ram_reg[234][6]
         datamem/ram_reg[234][5]
         datamem/ram_reg[234][4]
         datamem/ram_reg[234][3]
         datamem/ram_reg[234][2]
         datamem/ram_reg[234][1]
         datamem/ram_reg[234][0]
         datamem/ram_reg[233][15]
         datamem/ram_reg[233][14]
         datamem/ram_reg[233][13]
         datamem/ram_reg[233][12]
         datamem/ram_reg[233][11]
         datamem/ram_reg[233][10]
         datamem/ram_reg[233][9]
         datamem/ram_reg[233][8]
         datamem/ram_reg[233][7]
         datamem/ram_reg[233][6]
         datamem/ram_reg[233][5]
         datamem/ram_reg[233][4]
         datamem/ram_reg[233][3]
         datamem/ram_reg[233][2]
         datamem/ram_reg[233][1]
         datamem/ram_reg[233][0]
         datamem/ram_reg[232][15]
         datamem/ram_reg[232][14]
         datamem/ram_reg[232][13]
         datamem/ram_reg[232][12]
         datamem/ram_reg[232][11]
         datamem/ram_reg[232][10]
         datamem/ram_reg[232][9]
         datamem/ram_reg[232][8]
         datamem/ram_reg[232][7]
         datamem/ram_reg[232][6]
         datamem/ram_reg[232][5]
         datamem/ram_reg[232][4]
         datamem/ram_reg[232][3]
         datamem/ram_reg[232][2]
         datamem/ram_reg[232][1]
         datamem/ram_reg[232][0]
         datamem/ram_reg[231][15]
         datamem/ram_reg[231][14]
         datamem/ram_reg[231][13]
         datamem/ram_reg[231][12]
         datamem/ram_reg[231][11]
         datamem/ram_reg[231][10]
         datamem/ram_reg[231][9]
         datamem/ram_reg[231][8]
         datamem/ram_reg[231][7]
         datamem/ram_reg[231][6]
         datamem/ram_reg[231][5]
         datamem/ram_reg[231][4]
         datamem/ram_reg[231][3]
         datamem/ram_reg[231][2]
         datamem/ram_reg[231][1]
         datamem/ram_reg[231][0]
         datamem/ram_reg[230][15]
         datamem/ram_reg[230][14]
         datamem/ram_reg[230][13]
         datamem/ram_reg[230][12]
         datamem/ram_reg[230][11]
         datamem/ram_reg[230][10]
         datamem/ram_reg[230][9]
         datamem/ram_reg[230][8]
         datamem/ram_reg[230][7]
         datamem/ram_reg[230][6]
         datamem/ram_reg[230][5]
         datamem/ram_reg[230][4]
         datamem/ram_reg[230][3]
         datamem/ram_reg[230][2]
         datamem/ram_reg[230][1]
         datamem/ram_reg[230][0]
         datamem/ram_reg[229][15]
         datamem/ram_reg[229][14]
         datamem/ram_reg[229][13]
         datamem/ram_reg[229][12]
         datamem/ram_reg[229][11]
         datamem/ram_reg[229][10]
         datamem/ram_reg[229][9]
         datamem/ram_reg[229][8]
         datamem/ram_reg[229][7]
         datamem/ram_reg[229][6]
         datamem/ram_reg[229][5]
         datamem/ram_reg[229][4]
         datamem/ram_reg[229][3]
         datamem/ram_reg[229][2]
         datamem/ram_reg[229][1]
         datamem/ram_reg[229][0]
         datamem/ram_reg[228][15]
         datamem/ram_reg[228][14]
         datamem/ram_reg[228][13]
         datamem/ram_reg[228][12]
         datamem/ram_reg[228][11]
         datamem/ram_reg[228][10]
         datamem/ram_reg[228][9]
         datamem/ram_reg[228][8]
         datamem/ram_reg[228][7]
         datamem/ram_reg[228][6]
         datamem/ram_reg[228][5]
         datamem/ram_reg[228][4]
         datamem/ram_reg[228][3]
         datamem/ram_reg[228][2]
         datamem/ram_reg[228][1]
         datamem/ram_reg[228][0]
         datamem/ram_reg[227][15]
         datamem/ram_reg[227][14]
         datamem/ram_reg[227][13]
         datamem/ram_reg[227][12]
         datamem/ram_reg[227][11]
         datamem/ram_reg[227][10]
         datamem/ram_reg[227][9]
         datamem/ram_reg[227][8]
         datamem/ram_reg[227][7]
         datamem/ram_reg[227][6]
         datamem/ram_reg[227][5]
         datamem/ram_reg[227][4]
         datamem/ram_reg[227][3]
         datamem/ram_reg[227][2]
         datamem/ram_reg[227][1]
         datamem/ram_reg[227][0]
         datamem/ram_reg[226][15]
         datamem/ram_reg[226][14]
         datamem/ram_reg[226][13]
         datamem/ram_reg[226][12]
         datamem/ram_reg[226][11]
         datamem/ram_reg[226][10]
         datamem/ram_reg[226][9]
         datamem/ram_reg[226][8]
         datamem/ram_reg[226][7]
         datamem/ram_reg[226][6]
         datamem/ram_reg[226][5]
         datamem/ram_reg[226][4]
         datamem/ram_reg[226][3]
         datamem/ram_reg[226][2]
         datamem/ram_reg[226][1]
         datamem/ram_reg[226][0]
         datamem/ram_reg[225][15]
         datamem/ram_reg[225][14]
         datamem/ram_reg[225][13]
         datamem/ram_reg[225][12]
         datamem/ram_reg[225][11]
         datamem/ram_reg[225][10]
         datamem/ram_reg[225][9]
         datamem/ram_reg[225][8]
         datamem/ram_reg[225][7]
         datamem/ram_reg[225][6]
         datamem/ram_reg[225][5]
         datamem/ram_reg[225][4]
         datamem/ram_reg[225][3]
         datamem/ram_reg[225][2]
         datamem/ram_reg[225][1]
         datamem/ram_reg[225][0]
         datamem/ram_reg[224][15]
         datamem/ram_reg[224][14]
         datamem/ram_reg[224][13]
         datamem/ram_reg[224][12]
         datamem/ram_reg[224][11]
         datamem/ram_reg[224][10]
         datamem/ram_reg[224][9]
         datamem/ram_reg[224][8]
         datamem/ram_reg[224][7]
         datamem/ram_reg[224][6]
         datamem/ram_reg[224][5]
         datamem/ram_reg[224][4]
         datamem/ram_reg[224][3]
         datamem/ram_reg[224][2]
         datamem/ram_reg[224][1]
         datamem/ram_reg[224][0]
         datamem/ram_reg[223][15]
         datamem/ram_reg[223][14]
         datamem/ram_reg[223][13]
         datamem/ram_reg[223][12]
         datamem/ram_reg[223][11]
         datamem/ram_reg[223][10]
         datamem/ram_reg[223][9]
         datamem/ram_reg[223][8]
         datamem/ram_reg[223][7]
         datamem/ram_reg[223][6]
         datamem/ram_reg[223][5]
         datamem/ram_reg[223][4]
         datamem/ram_reg[223][3]
         datamem/ram_reg[223][2]
         datamem/ram_reg[223][1]
         datamem/ram_reg[223][0]
         datamem/ram_reg[222][15]
         datamem/ram_reg[222][14]
         datamem/ram_reg[222][13]
         datamem/ram_reg[222][12]
         datamem/ram_reg[222][11]
         datamem/ram_reg[222][10]
         datamem/ram_reg[222][9]
         datamem/ram_reg[222][8]
         datamem/ram_reg[222][7]
         datamem/ram_reg[222][6]
         datamem/ram_reg[222][5]
         datamem/ram_reg[222][4]
         datamem/ram_reg[222][3]
         datamem/ram_reg[222][2]
         datamem/ram_reg[222][1]
         datamem/ram_reg[222][0]
         datamem/ram_reg[221][15]
         datamem/ram_reg[221][14]
         datamem/ram_reg[221][13]
         datamem/ram_reg[221][12]
         datamem/ram_reg[221][11]
         datamem/ram_reg[221][10]
         datamem/ram_reg[221][9]
         datamem/ram_reg[221][8]
         datamem/ram_reg[221][7]
         datamem/ram_reg[221][6]
         datamem/ram_reg[221][5]
         datamem/ram_reg[221][4]
         datamem/ram_reg[221][3]
         datamem/ram_reg[221][2]
         datamem/ram_reg[221][1]
         datamem/ram_reg[221][0]
         datamem/ram_reg[220][15]
         datamem/ram_reg[220][14]
         datamem/ram_reg[220][13]
         datamem/ram_reg[220][12]
         datamem/ram_reg[220][11]
         datamem/ram_reg[220][10]
         datamem/ram_reg[220][9]
         datamem/ram_reg[220][8]
         datamem/ram_reg[220][7]
         datamem/ram_reg[220][6]
         datamem/ram_reg[220][5]
         datamem/ram_reg[220][4]
         datamem/ram_reg[220][3]
         datamem/ram_reg[220][2]
         datamem/ram_reg[220][1]
         datamem/ram_reg[220][0]
         datamem/ram_reg[219][15]
         datamem/ram_reg[219][14]
         datamem/ram_reg[219][13]
         datamem/ram_reg[219][12]
         datamem/ram_reg[219][11]
         datamem/ram_reg[219][10]
         datamem/ram_reg[219][9]
         datamem/ram_reg[219][8]
         datamem/ram_reg[219][7]
         datamem/ram_reg[219][6]
         datamem/ram_reg[219][5]
         datamem/ram_reg[219][4]
         datamem/ram_reg[219][3]
         datamem/ram_reg[219][2]
         datamem/ram_reg[219][1]
         datamem/ram_reg[219][0]
         datamem/ram_reg[218][15]
         datamem/ram_reg[218][14]
         datamem/ram_reg[218][13]
         datamem/ram_reg[218][12]
         datamem/ram_reg[218][11]
         datamem/ram_reg[218][10]
         datamem/ram_reg[218][9]
         datamem/ram_reg[218][8]
         datamem/ram_reg[218][7]
         datamem/ram_reg[218][6]
         datamem/ram_reg[218][5]
         datamem/ram_reg[218][4]
         datamem/ram_reg[218][3]
         datamem/ram_reg[218][2]
         datamem/ram_reg[218][1]
         datamem/ram_reg[218][0]
         datamem/ram_reg[217][15]
         datamem/ram_reg[217][14]
         datamem/ram_reg[217][13]
         datamem/ram_reg[217][12]
         datamem/ram_reg[217][11]
         datamem/ram_reg[217][10]
         datamem/ram_reg[217][9]
         datamem/ram_reg[217][8]
         datamem/ram_reg[217][7]
         datamem/ram_reg[217][6]
         datamem/ram_reg[217][5]
         datamem/ram_reg[217][4]
         datamem/ram_reg[217][3]
         datamem/ram_reg[217][2]
         datamem/ram_reg[217][1]
         datamem/ram_reg[217][0]
         datamem/ram_reg[216][15]
         datamem/ram_reg[216][14]
         datamem/ram_reg[216][13]
         datamem/ram_reg[216][12]
         datamem/ram_reg[216][11]
         datamem/ram_reg[216][10]
         datamem/ram_reg[216][9]
         datamem/ram_reg[216][8]
         datamem/ram_reg[216][7]
         datamem/ram_reg[216][6]
         datamem/ram_reg[216][5]
         datamem/ram_reg[216][4]
         datamem/ram_reg[216][3]
         datamem/ram_reg[216][2]
         datamem/ram_reg[216][1]
         datamem/ram_reg[216][0]
         datamem/ram_reg[215][15]
         datamem/ram_reg[215][14]
         datamem/ram_reg[215][13]
         datamem/ram_reg[215][12]
         datamem/ram_reg[215][11]
         datamem/ram_reg[215][10]
         datamem/ram_reg[215][9]
         datamem/ram_reg[215][8]
         datamem/ram_reg[215][7]
         datamem/ram_reg[215][6]
         datamem/ram_reg[215][5]
         datamem/ram_reg[215][4]
         datamem/ram_reg[215][3]
         datamem/ram_reg[215][2]
         datamem/ram_reg[215][1]
         datamem/ram_reg[215][0]
         datamem/ram_reg[214][15]
         datamem/ram_reg[214][14]
         datamem/ram_reg[214][13]
         datamem/ram_reg[214][12]
         datamem/ram_reg[214][11]
         datamem/ram_reg[214][10]
         datamem/ram_reg[214][9]
         datamem/ram_reg[214][8]
         datamem/ram_reg[214][7]
         datamem/ram_reg[214][6]
         datamem/ram_reg[214][5]
         datamem/ram_reg[214][4]
         datamem/ram_reg[214][3]
         datamem/ram_reg[214][2]
         datamem/ram_reg[214][1]
         datamem/ram_reg[214][0]
         datamem/ram_reg[213][15]
         datamem/ram_reg[213][14]
         datamem/ram_reg[213][13]
         datamem/ram_reg[213][12]
         datamem/ram_reg[213][11]
         datamem/ram_reg[213][10]
         datamem/ram_reg[213][9]
         datamem/ram_reg[213][8]
         datamem/ram_reg[213][7]
         datamem/ram_reg[213][6]
         datamem/ram_reg[213][5]
         datamem/ram_reg[213][4]
         datamem/ram_reg[213][3]
         datamem/ram_reg[213][2]
         datamem/ram_reg[213][1]
         datamem/ram_reg[213][0]
         datamem/ram_reg[212][15]
         datamem/ram_reg[212][14]
         datamem/ram_reg[212][13]
         datamem/ram_reg[212][12]
         datamem/ram_reg[212][11]
         datamem/ram_reg[212][10]
         datamem/ram_reg[212][9]
         datamem/ram_reg[212][8]
         datamem/ram_reg[212][7]
         datamem/ram_reg[212][6]
         datamem/ram_reg[212][5]
         datamem/ram_reg[212][4]
         datamem/ram_reg[212][3]
         datamem/ram_reg[212][2]
         datamem/ram_reg[212][1]
         datamem/ram_reg[212][0]
         datamem/ram_reg[211][15]
         datamem/ram_reg[211][14]
         datamem/ram_reg[211][13]
         datamem/ram_reg[211][12]
         datamem/ram_reg[211][11]
         datamem/ram_reg[211][10]
         datamem/ram_reg[211][9]
         datamem/ram_reg[211][8]
         datamem/ram_reg[211][7]
         datamem/ram_reg[211][6]
         datamem/ram_reg[211][5]
         datamem/ram_reg[211][4]
         datamem/ram_reg[211][3]
         datamem/ram_reg[211][2]
         datamem/ram_reg[211][1]
         datamem/ram_reg[211][0]
         datamem/ram_reg[210][15]
         datamem/ram_reg[210][14]
         datamem/ram_reg[210][13]
         datamem/ram_reg[210][12]
         datamem/ram_reg[210][11]
         datamem/ram_reg[210][10]
         datamem/ram_reg[210][9]
         datamem/ram_reg[210][8]
         datamem/ram_reg[210][7]
         datamem/ram_reg[210][6]
         datamem/ram_reg[210][5]
         datamem/ram_reg[210][4]
         datamem/ram_reg[210][3]
         datamem/ram_reg[210][2]
         datamem/ram_reg[210][1]
         datamem/ram_reg[210][0]
         datamem/ram_reg[209][15]
         datamem/ram_reg[209][14]
         datamem/ram_reg[209][13]
         datamem/ram_reg[209][12]
         datamem/ram_reg[209][11]
         datamem/ram_reg[209][10]
         datamem/ram_reg[209][9]
         datamem/ram_reg[209][8]
         datamem/ram_reg[209][7]
         datamem/ram_reg[209][6]
         datamem/ram_reg[209][5]
         datamem/ram_reg[209][4]
         datamem/ram_reg[209][3]
         datamem/ram_reg[209][2]
         datamem/ram_reg[209][1]
         datamem/ram_reg[209][0]
         datamem/ram_reg[208][15]
         datamem/ram_reg[208][14]
         datamem/ram_reg[208][13]
         datamem/ram_reg[208][12]
         datamem/ram_reg[208][11]
         datamem/ram_reg[208][10]
         datamem/ram_reg[208][9]
         datamem/ram_reg[208][8]
         datamem/ram_reg[208][7]
         datamem/ram_reg[208][6]
         datamem/ram_reg[208][5]
         datamem/ram_reg[208][4]
         datamem/ram_reg[208][3]
         datamem/ram_reg[208][2]
         datamem/ram_reg[208][1]
         datamem/ram_reg[208][0]
         datamem/ram_reg[207][15]
         datamem/ram_reg[207][14]
         datamem/ram_reg[207][13]
         datamem/ram_reg[207][12]
         datamem/ram_reg[207][11]
         datamem/ram_reg[207][10]
         datamem/ram_reg[207][9]
         datamem/ram_reg[207][8]
         datamem/ram_reg[207][7]
         datamem/ram_reg[207][6]
         datamem/ram_reg[207][5]
         datamem/ram_reg[207][4]
         datamem/ram_reg[207][3]
         datamem/ram_reg[207][2]
         datamem/ram_reg[207][1]
         datamem/ram_reg[207][0]
         datamem/ram_reg[206][15]
         datamem/ram_reg[206][14]
         datamem/ram_reg[206][13]
         datamem/ram_reg[206][12]
         datamem/ram_reg[206][11]
         datamem/ram_reg[206][10]
         datamem/ram_reg[206][9]
         datamem/ram_reg[206][8]
         datamem/ram_reg[206][7]
         datamem/ram_reg[206][6]
         datamem/ram_reg[206][5]
         datamem/ram_reg[206][4]
         datamem/ram_reg[206][3]
         datamem/ram_reg[206][2]
         datamem/ram_reg[206][1]
         datamem/ram_reg[206][0]
         datamem/ram_reg[205][15]
         datamem/ram_reg[205][14]
         datamem/ram_reg[205][13]
         datamem/ram_reg[205][12]
         datamem/ram_reg[205][11]
         datamem/ram_reg[205][10]
         datamem/ram_reg[205][9]
         datamem/ram_reg[205][8]
         datamem/ram_reg[205][7]
         datamem/ram_reg[205][6]
         datamem/ram_reg[205][5]
         datamem/ram_reg[205][4]
         datamem/ram_reg[205][3]
         datamem/ram_reg[205][2]
         datamem/ram_reg[205][1]
         datamem/ram_reg[205][0]
         datamem/ram_reg[204][15]
         datamem/ram_reg[204][14]
         datamem/ram_reg[204][13]
         datamem/ram_reg[204][12]
         datamem/ram_reg[204][11]
         datamem/ram_reg[204][10]
         datamem/ram_reg[204][9]
         datamem/ram_reg[204][8]
         datamem/ram_reg[204][7]
         datamem/ram_reg[204][6]
         datamem/ram_reg[204][5]
         datamem/ram_reg[204][4]
         datamem/ram_reg[204][3]
         datamem/ram_reg[204][2]
         datamem/ram_reg[204][1]
         datamem/ram_reg[204][0]
         datamem/ram_reg[203][15]
         datamem/ram_reg[203][14]
         datamem/ram_reg[203][13]
         datamem/ram_reg[203][12]
         datamem/ram_reg[203][11]
         datamem/ram_reg[203][10]
         datamem/ram_reg[203][9]
         datamem/ram_reg[203][8]
         datamem/ram_reg[203][7]
         datamem/ram_reg[203][6]
         datamem/ram_reg[203][5]
         datamem/ram_reg[203][4]
         datamem/ram_reg[203][3]
         datamem/ram_reg[203][2]
         datamem/ram_reg[203][1]
         datamem/ram_reg[203][0]
         datamem/ram_reg[202][15]
         datamem/ram_reg[202][14]
         datamem/ram_reg[202][13]
         datamem/ram_reg[202][12]
         datamem/ram_reg[202][11]
         datamem/ram_reg[202][10]
         datamem/ram_reg[202][9]
         datamem/ram_reg[202][8]
         datamem/ram_reg[202][7]
         datamem/ram_reg[202][6]
         datamem/ram_reg[202][5]
         datamem/ram_reg[202][4]
         datamem/ram_reg[202][3]
         datamem/ram_reg[202][2]
         datamem/ram_reg[202][1]
         datamem/ram_reg[202][0]
         datamem/ram_reg[201][15]
         datamem/ram_reg[201][14]
         datamem/ram_reg[201][13]
         datamem/ram_reg[201][12]
         datamem/ram_reg[201][11]
         datamem/ram_reg[201][10]
         datamem/ram_reg[201][9]
         datamem/ram_reg[201][8]
         datamem/ram_reg[201][7]
         datamem/ram_reg[201][6]
         datamem/ram_reg[201][5]
         datamem/ram_reg[201][4]
         datamem/ram_reg[201][3]
         datamem/ram_reg[201][2]
         datamem/ram_reg[201][1]
         datamem/ram_reg[201][0]
         datamem/ram_reg[200][15]
         datamem/ram_reg[200][14]
         datamem/ram_reg[200][13]
         datamem/ram_reg[200][12]
         datamem/ram_reg[200][11]
         datamem/ram_reg[200][10]
         datamem/ram_reg[200][9]
         datamem/ram_reg[200][8]
         datamem/ram_reg[200][7]
         datamem/ram_reg[200][6]
         datamem/ram_reg[200][5]
         datamem/ram_reg[200][4]
         datamem/ram_reg[200][3]
         datamem/ram_reg[200][2]
         datamem/ram_reg[200][1]
         datamem/ram_reg[200][0]
         datamem/ram_reg[199][15]
         datamem/ram_reg[199][14]
         datamem/ram_reg[199][13]
         datamem/ram_reg[199][12]
         datamem/ram_reg[199][11]
         datamem/ram_reg[199][10]
         datamem/ram_reg[199][9]
         datamem/ram_reg[199][8]
         datamem/ram_reg[199][7]
         datamem/ram_reg[199][6]
         datamem/ram_reg[199][5]
         datamem/ram_reg[199][4]
         datamem/ram_reg[199][3]
         datamem/ram_reg[199][2]
         datamem/ram_reg[199][1]
         datamem/ram_reg[199][0]
         datamem/ram_reg[198][15]
         datamem/ram_reg[198][14]
         datamem/ram_reg[198][13]
         datamem/ram_reg[198][12]
         datamem/ram_reg[198][11]
         datamem/ram_reg[198][10]
         datamem/ram_reg[198][9]
         datamem/ram_reg[198][8]
         datamem/ram_reg[198][7]
         datamem/ram_reg[198][6]
         datamem/ram_reg[198][5]
         datamem/ram_reg[198][4]
         datamem/ram_reg[198][3]
         datamem/ram_reg[198][2]
         datamem/ram_reg[198][1]
         datamem/ram_reg[198][0]
         datamem/ram_reg[197][15]
         datamem/ram_reg[197][14]
         datamem/ram_reg[197][13]
         datamem/ram_reg[197][12]
         datamem/ram_reg[197][11]
         datamem/ram_reg[197][10]
         datamem/ram_reg[197][9]
         datamem/ram_reg[197][8]
         datamem/ram_reg[197][7]
         datamem/ram_reg[197][6]
         datamem/ram_reg[197][5]
         datamem/ram_reg[197][4]
         datamem/ram_reg[197][3]
         datamem/ram_reg[197][2]
         datamem/ram_reg[197][1]
         datamem/ram_reg[197][0]
         datamem/ram_reg[196][15]
         datamem/ram_reg[196][14]
         datamem/ram_reg[196][13]
         datamem/ram_reg[196][12]
         datamem/ram_reg[196][11]
         datamem/ram_reg[196][10]
         datamem/ram_reg[196][9]
         datamem/ram_reg[196][8]
         datamem/ram_reg[196][7]
         datamem/ram_reg[196][6]
         datamem/ram_reg[196][5]
         datamem/ram_reg[196][4]
         datamem/ram_reg[196][3]
         datamem/ram_reg[196][2]
         datamem/ram_reg[196][1]
         datamem/ram_reg[196][0]
         datamem/ram_reg[195][15]
         datamem/ram_reg[195][14]
         datamem/ram_reg[195][13]
         datamem/ram_reg[195][12]
         datamem/ram_reg[195][11]
         datamem/ram_reg[195][10]
         datamem/ram_reg[195][9]
         datamem/ram_reg[195][8]
         datamem/ram_reg[195][7]
         datamem/ram_reg[195][6]
         datamem/ram_reg[195][5]
         datamem/ram_reg[195][4]
         datamem/ram_reg[195][3]
         datamem/ram_reg[195][2]
         datamem/ram_reg[195][1]
         datamem/ram_reg[195][0]
         datamem/ram_reg[194][15]
         datamem/ram_reg[194][14]
         datamem/ram_reg[194][13]
         datamem/ram_reg[194][12]
         datamem/ram_reg[194][11]
         datamem/ram_reg[194][10]
         datamem/ram_reg[194][9]
         datamem/ram_reg[194][8]
         datamem/ram_reg[194][7]
         datamem/ram_reg[194][6]
         datamem/ram_reg[194][5]
         datamem/ram_reg[194][4]
         datamem/ram_reg[194][3]
         datamem/ram_reg[194][2]
         datamem/ram_reg[194][1]
         datamem/ram_reg[194][0]
         datamem/ram_reg[193][15]
         datamem/ram_reg[193][14]
         datamem/ram_reg[193][13]
         datamem/ram_reg[193][12]
         datamem/ram_reg[193][11]
         datamem/ram_reg[193][10]
         datamem/ram_reg[193][9]
         datamem/ram_reg[193][8]
         datamem/ram_reg[193][7]
         datamem/ram_reg[193][6]
         datamem/ram_reg[193][5]
         datamem/ram_reg[193][4]
         datamem/ram_reg[193][3]
         datamem/ram_reg[193][2]
         datamem/ram_reg[193][1]
         datamem/ram_reg[193][0]
         datamem/ram_reg[192][15]
         datamem/ram_reg[192][14]
         datamem/ram_reg[192][13]
         datamem/ram_reg[192][12]
         datamem/ram_reg[192][11]
         datamem/ram_reg[192][10]
         datamem/ram_reg[192][9]
         datamem/ram_reg[192][8]
         datamem/ram_reg[192][7]
         datamem/ram_reg[192][6]
         datamem/ram_reg[192][5]
         datamem/ram_reg[192][4]
         datamem/ram_reg[192][3]
         datamem/ram_reg[192][2]
         datamem/ram_reg[192][1]
         datamem/ram_reg[192][0]
         datamem/ram_reg[191][15]
         datamem/ram_reg[191][14]
         datamem/ram_reg[191][13]
         datamem/ram_reg[191][12]
         datamem/ram_reg[191][11]
         datamem/ram_reg[191][10]
         datamem/ram_reg[191][9]
         datamem/ram_reg[191][8]
         datamem/ram_reg[191][7]
         datamem/ram_reg[191][6]
         datamem/ram_reg[191][5]
         datamem/ram_reg[191][4]
         datamem/ram_reg[191][3]
         datamem/ram_reg[191][2]
         datamem/ram_reg[191][1]
         datamem/ram_reg[191][0]
         datamem/ram_reg[190][15]
         datamem/ram_reg[190][14]
         datamem/ram_reg[190][13]
         datamem/ram_reg[190][12]
         datamem/ram_reg[190][11]
         datamem/ram_reg[190][10]
         datamem/ram_reg[190][9]
         datamem/ram_reg[190][8]
         datamem/ram_reg[190][7]
         datamem/ram_reg[190][6]
         datamem/ram_reg[190][5]
         datamem/ram_reg[190][4]
         datamem/ram_reg[190][3]
         datamem/ram_reg[190][2]
         datamem/ram_reg[190][1]
         datamem/ram_reg[190][0]
         datamem/ram_reg[189][15]
         datamem/ram_reg[189][14]
         datamem/ram_reg[189][13]
         datamem/ram_reg[189][12]
         datamem/ram_reg[189][11]
         datamem/ram_reg[189][10]
         datamem/ram_reg[189][9]
         datamem/ram_reg[189][8]
         datamem/ram_reg[189][7]
         datamem/ram_reg[189][6]
         datamem/ram_reg[189][5]
         datamem/ram_reg[189][4]
         datamem/ram_reg[189][3]
         datamem/ram_reg[189][2]
         datamem/ram_reg[189][1]
         datamem/ram_reg[189][0]
         datamem/ram_reg[188][15]
         datamem/ram_reg[188][14]
         datamem/ram_reg[188][13]
         datamem/ram_reg[188][12]
         datamem/ram_reg[188][11]
         datamem/ram_reg[188][10]
         datamem/ram_reg[188][9]
         datamem/ram_reg[188][8]
         datamem/ram_reg[188][7]
         datamem/ram_reg[188][6]
         datamem/ram_reg[188][5]
         datamem/ram_reg[188][4]
         datamem/ram_reg[188][3]
         datamem/ram_reg[188][2]
         datamem/ram_reg[188][1]
         datamem/ram_reg[188][0]
         datamem/ram_reg[187][15]
         datamem/ram_reg[187][14]
         datamem/ram_reg[187][13]
         datamem/ram_reg[187][12]
         datamem/ram_reg[187][11]
         datamem/ram_reg[187][10]
         datamem/ram_reg[187][9]
         datamem/ram_reg[187][8]
         datamem/ram_reg[187][7]
         datamem/ram_reg[187][6]
         datamem/ram_reg[187][5]
         datamem/ram_reg[187][4]
         datamem/ram_reg[187][3]
         datamem/ram_reg[187][2]
         datamem/ram_reg[187][1]
         datamem/ram_reg[187][0]
         datamem/ram_reg[186][15]
         datamem/ram_reg[186][14]
         datamem/ram_reg[186][13]
         datamem/ram_reg[186][12]
         datamem/ram_reg[186][11]
         datamem/ram_reg[186][10]
         datamem/ram_reg[186][9]
         datamem/ram_reg[186][8]
         datamem/ram_reg[186][7]
         datamem/ram_reg[186][6]
         datamem/ram_reg[186][5]
         datamem/ram_reg[186][4]
         datamem/ram_reg[186][3]
         datamem/ram_reg[186][2]
         datamem/ram_reg[186][1]
         datamem/ram_reg[186][0]
         datamem/ram_reg[185][15]
         datamem/ram_reg[185][14]
         datamem/ram_reg[185][13]
         datamem/ram_reg[185][12]
         datamem/ram_reg[185][11]
         datamem/ram_reg[185][10]
         datamem/ram_reg[185][9]
         datamem/ram_reg[185][8]
         datamem/ram_reg[185][7]
         datamem/ram_reg[185][6]
         datamem/ram_reg[185][5]
         datamem/ram_reg[185][4]
         datamem/ram_reg[185][3]
         datamem/ram_reg[185][2]
         datamem/ram_reg[185][1]
         datamem/ram_reg[185][0]
         datamem/ram_reg[184][15]
         datamem/ram_reg[184][14]
         datamem/ram_reg[184][13]
         datamem/ram_reg[184][12]
         datamem/ram_reg[184][11]
         datamem/ram_reg[184][10]
         datamem/ram_reg[184][9]
         datamem/ram_reg[184][8]
         datamem/ram_reg[184][7]
         datamem/ram_reg[184][6]
         datamem/ram_reg[184][5]
         datamem/ram_reg[184][4]
         datamem/ram_reg[184][3]
         datamem/ram_reg[184][2]
         datamem/ram_reg[184][1]
         datamem/ram_reg[184][0]
         datamem/ram_reg[183][15]
         datamem/ram_reg[183][14]
         datamem/ram_reg[183][13]
         datamem/ram_reg[183][12]
         datamem/ram_reg[183][11]
         datamem/ram_reg[183][10]
         datamem/ram_reg[183][9]
         datamem/ram_reg[183][8]
         datamem/ram_reg[183][7]
         datamem/ram_reg[183][6]
         datamem/ram_reg[183][5]
         datamem/ram_reg[183][4]
         datamem/ram_reg[183][3]
         datamem/ram_reg[183][2]
         datamem/ram_reg[183][1]
         datamem/ram_reg[183][0]
         datamem/ram_reg[182][15]
         datamem/ram_reg[182][14]
         datamem/ram_reg[182][13]
         datamem/ram_reg[182][12]
         datamem/ram_reg[182][11]
         datamem/ram_reg[182][10]
         datamem/ram_reg[182][9]
         datamem/ram_reg[182][8]
         datamem/ram_reg[182][7]
         datamem/ram_reg[182][6]
         datamem/ram_reg[182][5]
         datamem/ram_reg[182][4]
         datamem/ram_reg[182][3]
         datamem/ram_reg[182][2]
         datamem/ram_reg[182][1]
         datamem/ram_reg[182][0]
         datamem/ram_reg[181][15]
         datamem/ram_reg[181][14]
         datamem/ram_reg[181][13]
         datamem/ram_reg[181][12]
         datamem/ram_reg[181][11]
         datamem/ram_reg[181][10]
         datamem/ram_reg[181][9]
         datamem/ram_reg[181][8]
         datamem/ram_reg[181][7]
         datamem/ram_reg[181][6]
         datamem/ram_reg[181][5]
         datamem/ram_reg[181][4]
         datamem/ram_reg[181][3]
         datamem/ram_reg[181][2]
         datamem/ram_reg[181][1]
         datamem/ram_reg[181][0]
         datamem/ram_reg[180][15]
         datamem/ram_reg[180][14]
         datamem/ram_reg[180][13]
         datamem/ram_reg[180][12]
         datamem/ram_reg[180][11]
         datamem/ram_reg[180][10]
         datamem/ram_reg[180][9]
         datamem/ram_reg[180][8]
         datamem/ram_reg[180][7]
         datamem/ram_reg[180][6]
         datamem/ram_reg[180][5]
         datamem/ram_reg[180][4]
         datamem/ram_reg[180][3]
         datamem/ram_reg[180][2]
         datamem/ram_reg[180][1]
         datamem/ram_reg[180][0]
         datamem/ram_reg[179][15]
         datamem/ram_reg[179][14]
         datamem/ram_reg[179][13]
         datamem/ram_reg[179][12]
         datamem/ram_reg[179][11]
         datamem/ram_reg[179][10]
         datamem/ram_reg[179][9]
         datamem/ram_reg[179][8]
         datamem/ram_reg[179][7]
         datamem/ram_reg[179][6]
         datamem/ram_reg[179][5]
         datamem/ram_reg[179][4]
         datamem/ram_reg[179][3]
         datamem/ram_reg[179][2]
         datamem/ram_reg[179][1]
         datamem/ram_reg[179][0]
         datamem/ram_reg[178][15]
         datamem/ram_reg[178][14]
         datamem/ram_reg[178][13]
         datamem/ram_reg[178][12]
         datamem/ram_reg[178][11]
         datamem/ram_reg[178][10]
         datamem/ram_reg[178][9]
         datamem/ram_reg[178][8]
         datamem/ram_reg[178][7]
         datamem/ram_reg[178][6]
         datamem/ram_reg[178][5]
         datamem/ram_reg[178][4]
         datamem/ram_reg[178][3]
         datamem/ram_reg[178][2]
         datamem/ram_reg[178][1]
         datamem/ram_reg[178][0]
         datamem/ram_reg[177][15]
         datamem/ram_reg[177][14]
         datamem/ram_reg[177][13]
         datamem/ram_reg[177][12]
         datamem/ram_reg[177][11]
         datamem/ram_reg[177][10]
         datamem/ram_reg[177][9]
         datamem/ram_reg[177][8]
         datamem/ram_reg[177][7]
         datamem/ram_reg[177][6]
         datamem/ram_reg[177][5]
         datamem/ram_reg[177][4]
         datamem/ram_reg[177][3]
         datamem/ram_reg[177][2]
         datamem/ram_reg[177][1]
         datamem/ram_reg[177][0]
         datamem/ram_reg[176][15]
         datamem/ram_reg[176][14]
         datamem/ram_reg[176][13]
         datamem/ram_reg[176][12]
         datamem/ram_reg[176][11]
         datamem/ram_reg[176][10]
         datamem/ram_reg[176][9]
         datamem/ram_reg[176][8]
         datamem/ram_reg[176][7]
         datamem/ram_reg[176][6]
         datamem/ram_reg[176][5]
         datamem/ram_reg[176][4]
         datamem/ram_reg[176][3]
         datamem/ram_reg[176][2]
         datamem/ram_reg[176][1]
         datamem/ram_reg[176][0]
         datamem/ram_reg[175][15]
         datamem/ram_reg[175][14]
         datamem/ram_reg[175][13]
         datamem/ram_reg[175][12]
         datamem/ram_reg[175][11]
         datamem/ram_reg[175][10]
         datamem/ram_reg[175][9]
         datamem/ram_reg[175][8]
         datamem/ram_reg[175][7]
         datamem/ram_reg[175][6]
         datamem/ram_reg[175][5]
         datamem/ram_reg[175][4]
         datamem/ram_reg[175][3]
         datamem/ram_reg[175][2]
         datamem/ram_reg[175][1]
         datamem/ram_reg[175][0]
         datamem/ram_reg[174][15]
         datamem/ram_reg[174][14]
         datamem/ram_reg[174][13]
         datamem/ram_reg[174][12]
         datamem/ram_reg[174][11]
         datamem/ram_reg[174][10]
         datamem/ram_reg[174][9]
         datamem/ram_reg[174][8]
         datamem/ram_reg[174][7]
         datamem/ram_reg[174][6]
         datamem/ram_reg[174][5]
         datamem/ram_reg[174][4]
         datamem/ram_reg[174][3]
         datamem/ram_reg[174][2]
         datamem/ram_reg[174][1]
         datamem/ram_reg[174][0]
         datamem/ram_reg[173][15]
         datamem/ram_reg[173][14]
         datamem/ram_reg[173][13]
         datamem/ram_reg[173][12]
         datamem/ram_reg[173][11]
         datamem/ram_reg[173][10]
         datamem/ram_reg[173][9]
         datamem/ram_reg[173][8]
         datamem/ram_reg[173][7]
         datamem/ram_reg[173][6]
         datamem/ram_reg[173][5]
         datamem/ram_reg[173][4]
         datamem/ram_reg[173][3]
         datamem/ram_reg[173][2]
         datamem/ram_reg[173][1]
         datamem/ram_reg[173][0]
         datamem/ram_reg[172][15]
         datamem/ram_reg[172][14]
         datamem/ram_reg[172][13]
         datamem/ram_reg[172][12]
         datamem/ram_reg[172][11]
         datamem/ram_reg[172][10]
         datamem/ram_reg[172][9]
         datamem/ram_reg[172][8]
         datamem/ram_reg[172][7]
         datamem/ram_reg[172][6]
         datamem/ram_reg[172][5]
         datamem/ram_reg[172][4]
         datamem/ram_reg[172][3]
         datamem/ram_reg[172][2]
         datamem/ram_reg[172][1]
         datamem/ram_reg[172][0]
         datamem/ram_reg[171][15]
         datamem/ram_reg[171][14]
         datamem/ram_reg[171][13]
         datamem/ram_reg[171][12]
         datamem/ram_reg[171][11]
         datamem/ram_reg[171][10]
         datamem/ram_reg[171][9]
         datamem/ram_reg[171][8]
         datamem/ram_reg[171][7]
         datamem/ram_reg[171][6]
         datamem/ram_reg[171][5]
         datamem/ram_reg[171][4]
         datamem/ram_reg[171][3]
         datamem/ram_reg[171][2]
         datamem/ram_reg[171][1]
         datamem/ram_reg[171][0]
         datamem/ram_reg[170][15]
         datamem/ram_reg[170][14]
         datamem/ram_reg[170][13]
         datamem/ram_reg[170][12]
         datamem/ram_reg[170][11]
         datamem/ram_reg[170][10]
         datamem/ram_reg[170][9]
         datamem/ram_reg[170][8]
         datamem/ram_reg[170][7]
         datamem/ram_reg[170][6]
         datamem/ram_reg[170][5]
         datamem/ram_reg[170][4]
         datamem/ram_reg[170][3]
         datamem/ram_reg[170][2]
         datamem/ram_reg[170][1]
         datamem/ram_reg[170][0]
         datamem/ram_reg[169][15]
         datamem/ram_reg[169][14]
         datamem/ram_reg[169][13]
         datamem/ram_reg[169][12]
         datamem/ram_reg[169][11]
         datamem/ram_reg[169][10]
         datamem/ram_reg[169][9]
         datamem/ram_reg[169][8]
         datamem/ram_reg[169][7]
         datamem/ram_reg[169][6]
         datamem/ram_reg[169][5]
         datamem/ram_reg[169][4]
         datamem/ram_reg[169][3]
         datamem/ram_reg[169][2]
         datamem/ram_reg[169][1]
         datamem/ram_reg[169][0]
         datamem/ram_reg[168][15]
         datamem/ram_reg[168][14]
         datamem/ram_reg[168][13]
         datamem/ram_reg[168][12]
         datamem/ram_reg[168][11]
         datamem/ram_reg[168][10]
         datamem/ram_reg[168][9]
         datamem/ram_reg[168][8]
         datamem/ram_reg[168][7]
         datamem/ram_reg[168][6]
         datamem/ram_reg[168][5]
         datamem/ram_reg[168][4]
         datamem/ram_reg[168][3]
         datamem/ram_reg[168][2]
         datamem/ram_reg[168][1]
         datamem/ram_reg[168][0]
         datamem/ram_reg[167][15]
         datamem/ram_reg[167][14]
         datamem/ram_reg[167][13]
         datamem/ram_reg[167][12]
         datamem/ram_reg[167][11]
         datamem/ram_reg[167][10]
         datamem/ram_reg[167][9]
         datamem/ram_reg[167][8]
         datamem/ram_reg[167][7]
         datamem/ram_reg[167][6]
         datamem/ram_reg[167][5]
         datamem/ram_reg[167][4]
         datamem/ram_reg[167][3]
         datamem/ram_reg[167][2]
         datamem/ram_reg[167][1]
         datamem/ram_reg[167][0]
         datamem/ram_reg[166][15]
         datamem/ram_reg[166][14]
         datamem/ram_reg[166][13]
         datamem/ram_reg[166][12]
         datamem/ram_reg[166][11]
         datamem/ram_reg[166][10]
         datamem/ram_reg[166][9]
         datamem/ram_reg[166][8]
         datamem/ram_reg[166][7]
         datamem/ram_reg[166][6]
         datamem/ram_reg[166][5]
         datamem/ram_reg[166][4]
         datamem/ram_reg[166][3]
         datamem/ram_reg[166][2]
         datamem/ram_reg[166][1]
         datamem/ram_reg[166][0]
         datamem/ram_reg[165][15]
         datamem/ram_reg[165][14]
         datamem/ram_reg[165][13]
         datamem/ram_reg[165][12]
         datamem/ram_reg[165][11]
         datamem/ram_reg[165][10]
         datamem/ram_reg[165][9]
         datamem/ram_reg[165][8]
         datamem/ram_reg[165][7]
         datamem/ram_reg[165][6]
         datamem/ram_reg[165][5]
         datamem/ram_reg[165][4]
         datamem/ram_reg[165][3]
         datamem/ram_reg[165][2]
         datamem/ram_reg[165][1]
         datamem/ram_reg[165][0]
         datamem/ram_reg[164][15]
         datamem/ram_reg[164][14]
         datamem/ram_reg[164][13]
         datamem/ram_reg[164][12]
         datamem/ram_reg[164][11]
         datamem/ram_reg[164][10]
         datamem/ram_reg[164][9]
         datamem/ram_reg[164][8]
         datamem/ram_reg[164][7]
         datamem/ram_reg[164][6]
         datamem/ram_reg[164][5]
         datamem/ram_reg[164][4]
         datamem/ram_reg[164][3]
         datamem/ram_reg[164][2]
         datamem/ram_reg[164][1]
         datamem/ram_reg[164][0]
         datamem/ram_reg[163][15]
         datamem/ram_reg[163][14]
         datamem/ram_reg[163][13]
         datamem/ram_reg[163][12]
         datamem/ram_reg[163][11]
         datamem/ram_reg[163][10]
         datamem/ram_reg[163][9]
         datamem/ram_reg[163][8]
         datamem/ram_reg[163][7]
         datamem/ram_reg[163][6]
         datamem/ram_reg[163][5]
         datamem/ram_reg[163][4]
         datamem/ram_reg[163][3]
         datamem/ram_reg[163][2]
         datamem/ram_reg[163][1]
         datamem/ram_reg[163][0]
         datamem/ram_reg[162][15]
         datamem/ram_reg[162][14]
         datamem/ram_reg[162][13]
         datamem/ram_reg[162][12]
         datamem/ram_reg[162][11]
         datamem/ram_reg[162][10]
         datamem/ram_reg[162][9]
         datamem/ram_reg[162][8]
         datamem/ram_reg[162][7]
         datamem/ram_reg[162][6]
         datamem/ram_reg[162][5]
         datamem/ram_reg[162][4]
         datamem/ram_reg[162][3]
         datamem/ram_reg[162][2]
         datamem/ram_reg[162][1]
         datamem/ram_reg[162][0]
         datamem/ram_reg[161][15]
         datamem/ram_reg[161][14]
         datamem/ram_reg[161][13]
         datamem/ram_reg[161][12]
         datamem/ram_reg[161][11]
         datamem/ram_reg[161][10]
         datamem/ram_reg[161][9]
         datamem/ram_reg[161][8]
         datamem/ram_reg[161][7]
         datamem/ram_reg[161][6]
         datamem/ram_reg[161][5]
         datamem/ram_reg[161][4]
         datamem/ram_reg[161][3]
         datamem/ram_reg[161][2]
         datamem/ram_reg[161][1]
         datamem/ram_reg[161][0]
         datamem/ram_reg[160][15]
         datamem/ram_reg[160][14]
         datamem/ram_reg[160][13]
         datamem/ram_reg[160][12]
         datamem/ram_reg[160][11]
         datamem/ram_reg[160][10]
         datamem/ram_reg[160][9]
         datamem/ram_reg[160][8]
         datamem/ram_reg[160][7]
         datamem/ram_reg[160][6]
         datamem/ram_reg[160][5]
         datamem/ram_reg[160][4]
         datamem/ram_reg[160][3]
         datamem/ram_reg[160][2]
         datamem/ram_reg[160][1]
         datamem/ram_reg[160][0]
         datamem/ram_reg[159][15]
         datamem/ram_reg[159][14]
         datamem/ram_reg[159][13]
         datamem/ram_reg[159][12]
         datamem/ram_reg[159][11]
         datamem/ram_reg[159][10]
         datamem/ram_reg[159][9]
         datamem/ram_reg[159][8]
         datamem/ram_reg[159][7]
         datamem/ram_reg[159][6]
         datamem/ram_reg[159][5]
         datamem/ram_reg[159][4]
         datamem/ram_reg[159][3]
         datamem/ram_reg[159][2]
         datamem/ram_reg[159][1]
         datamem/ram_reg[159][0]
         datamem/ram_reg[158][15]
         datamem/ram_reg[158][14]
         datamem/ram_reg[158][13]
         datamem/ram_reg[158][12]
         datamem/ram_reg[158][11]
         datamem/ram_reg[158][10]
         datamem/ram_reg[158][9]
         datamem/ram_reg[158][8]
         datamem/ram_reg[158][7]
         datamem/ram_reg[158][6]
         datamem/ram_reg[158][5]
         datamem/ram_reg[158][4]
         datamem/ram_reg[158][3]
         datamem/ram_reg[158][2]
         datamem/ram_reg[158][1]
         datamem/ram_reg[158][0]
         datamem/ram_reg[157][15]
         datamem/ram_reg[157][14]
         datamem/ram_reg[157][13]
         datamem/ram_reg[157][12]
         datamem/ram_reg[157][11]
         datamem/ram_reg[157][10]
         datamem/ram_reg[157][9]
         datamem/ram_reg[157][8]
         datamem/ram_reg[157][7]
         datamem/ram_reg[157][6]
         datamem/ram_reg[157][5]
         datamem/ram_reg[157][4]
         datamem/ram_reg[157][3]
         datamem/ram_reg[157][2]
         datamem/ram_reg[157][1]
         datamem/ram_reg[157][0]
         datamem/ram_reg[156][15]
         datamem/ram_reg[156][14]
         datamem/ram_reg[156][13]
         datamem/ram_reg[156][12]
         datamem/ram_reg[156][11]
         datamem/ram_reg[156][10]
         datamem/ram_reg[156][9]
         datamem/ram_reg[156][8]
         datamem/ram_reg[156][7]
         datamem/ram_reg[156][6]
         datamem/ram_reg[156][5]
         datamem/ram_reg[156][4]
         datamem/ram_reg[156][3]
         datamem/ram_reg[156][2]
         datamem/ram_reg[156][1]
         datamem/ram_reg[156][0]
         datamem/ram_reg[155][15]
         datamem/ram_reg[155][14]
         datamem/ram_reg[155][13]
         datamem/ram_reg[155][12]
         datamem/ram_reg[155][11]
         datamem/ram_reg[155][10]
         datamem/ram_reg[155][9]
         datamem/ram_reg[155][8]
         datamem/ram_reg[155][7]
         datamem/ram_reg[155][6]
         datamem/ram_reg[155][5]
         datamem/ram_reg[155][4]
         datamem/ram_reg[155][3]
         datamem/ram_reg[155][2]
         datamem/ram_reg[155][1]
         datamem/ram_reg[155][0]
         datamem/ram_reg[154][15]
         datamem/ram_reg[154][14]
         datamem/ram_reg[154][13]
         datamem/ram_reg[154][12]
         datamem/ram_reg[154][11]
         datamem/ram_reg[154][10]
         datamem/ram_reg[154][9]
         datamem/ram_reg[154][8]
         datamem/ram_reg[154][7]
         datamem/ram_reg[154][6]
         datamem/ram_reg[154][5]
         datamem/ram_reg[154][4]
         datamem/ram_reg[154][3]
         datamem/ram_reg[154][2]
         datamem/ram_reg[154][1]
         datamem/ram_reg[154][0]
         datamem/ram_reg[153][15]
         datamem/ram_reg[153][14]
         datamem/ram_reg[153][13]
         datamem/ram_reg[153][12]
         datamem/ram_reg[153][11]
         datamem/ram_reg[153][10]
         datamem/ram_reg[153][9]
         datamem/ram_reg[153][8]
         datamem/ram_reg[153][7]
         datamem/ram_reg[153][6]
         datamem/ram_reg[153][5]
         datamem/ram_reg[153][4]
         datamem/ram_reg[153][3]
         datamem/ram_reg[153][2]
         datamem/ram_reg[153][1]
         datamem/ram_reg[153][0]
         datamem/ram_reg[152][15]
         datamem/ram_reg[152][14]
         datamem/ram_reg[152][13]
         datamem/ram_reg[152][12]
         datamem/ram_reg[152][11]
         datamem/ram_reg[152][10]
         datamem/ram_reg[152][9]
         datamem/ram_reg[152][8]
         datamem/ram_reg[152][7]
         datamem/ram_reg[152][6]
         datamem/ram_reg[152][5]
         datamem/ram_reg[152][4]
         datamem/ram_reg[152][3]
         datamem/ram_reg[152][2]
         datamem/ram_reg[152][1]
         datamem/ram_reg[152][0]
         datamem/ram_reg[151][15]
         datamem/ram_reg[151][14]
         datamem/ram_reg[151][13]
         datamem/ram_reg[151][12]
         datamem/ram_reg[151][11]
         datamem/ram_reg[151][10]
         datamem/ram_reg[151][9]
         datamem/ram_reg[151][8]
         datamem/ram_reg[151][7]
         datamem/ram_reg[151][6]
         datamem/ram_reg[151][5]
         datamem/ram_reg[151][4]
         datamem/ram_reg[151][3]
         datamem/ram_reg[151][2]
         datamem/ram_reg[151][1]
         datamem/ram_reg[151][0]
         datamem/ram_reg[150][15]
         datamem/ram_reg[150][14]
         datamem/ram_reg[150][13]
         datamem/ram_reg[150][12]
         datamem/ram_reg[150][11]
         datamem/ram_reg[150][10]
         datamem/ram_reg[150][9]
         datamem/ram_reg[150][8]
         datamem/ram_reg[150][7]
         datamem/ram_reg[150][6]
         datamem/ram_reg[150][5]
         datamem/ram_reg[150][4]
         datamem/ram_reg[150][3]
         datamem/ram_reg[150][2]
         datamem/ram_reg[150][1]
         datamem/ram_reg[150][0]
         datamem/ram_reg[149][15]
         datamem/ram_reg[149][14]
         datamem/ram_reg[149][13]
         datamem/ram_reg[149][12]
         datamem/ram_reg[149][11]
         datamem/ram_reg[149][10]
         datamem/ram_reg[149][9]
         datamem/ram_reg[149][8]
         datamem/ram_reg[149][7]
         datamem/ram_reg[149][6]
         datamem/ram_reg[149][5]
         datamem/ram_reg[149][4]
         datamem/ram_reg[149][3]
         datamem/ram_reg[149][2]
         datamem/ram_reg[149][1]
         datamem/ram_reg[149][0]
         datamem/ram_reg[148][15]
         datamem/ram_reg[148][14]
         datamem/ram_reg[148][13]
         datamem/ram_reg[148][12]
         datamem/ram_reg[148][11]
         datamem/ram_reg[148][10]
         datamem/ram_reg[148][9]
         datamem/ram_reg[148][8]
         datamem/ram_reg[148][7]
         datamem/ram_reg[148][6]
         datamem/ram_reg[148][5]
         datamem/ram_reg[148][4]
         datamem/ram_reg[148][3]
         datamem/ram_reg[148][2]
         datamem/ram_reg[148][1]
         datamem/ram_reg[148][0]
         datamem/ram_reg[147][15]
         datamem/ram_reg[147][14]
         datamem/ram_reg[147][13]
         datamem/ram_reg[147][12]
         datamem/ram_reg[147][11]
         datamem/ram_reg[147][10]
         datamem/ram_reg[147][9]
         datamem/ram_reg[147][8]
         datamem/ram_reg[147][7]
         datamem/ram_reg[147][6]
         datamem/ram_reg[147][5]
         datamem/ram_reg[147][4]
         datamem/ram_reg[147][3]
         datamem/ram_reg[147][2]
         datamem/ram_reg[147][1]
         datamem/ram_reg[147][0]
         datamem/ram_reg[146][15]
         datamem/ram_reg[146][14]
         datamem/ram_reg[146][13]
         datamem/ram_reg[146][12]
         datamem/ram_reg[146][11]
         datamem/ram_reg[146][10]
         datamem/ram_reg[146][9]
         datamem/ram_reg[146][8]
         datamem/ram_reg[146][7]
         datamem/ram_reg[146][6]
         datamem/ram_reg[146][5]
         datamem/ram_reg[146][4]
         datamem/ram_reg[146][3]
         datamem/ram_reg[146][2]
         datamem/ram_reg[146][1]
         datamem/ram_reg[146][0]
         datamem/ram_reg[145][15]
         datamem/ram_reg[145][14]
         datamem/ram_reg[145][13]
         datamem/ram_reg[145][12]
         datamem/ram_reg[145][11]
         datamem/ram_reg[145][10]
         datamem/ram_reg[145][9]
         datamem/ram_reg[145][8]
         datamem/ram_reg[145][7]
         datamem/ram_reg[145][6]
         datamem/ram_reg[145][5]
         datamem/ram_reg[145][4]
         datamem/ram_reg[145][3]
         datamem/ram_reg[145][2]
         datamem/ram_reg[145][1]
         datamem/ram_reg[145][0]
         datamem/ram_reg[144][15]
         datamem/ram_reg[144][14]
         datamem/ram_reg[144][13]
         datamem/ram_reg[144][12]
         datamem/ram_reg[144][11]
         datamem/ram_reg[144][10]
         datamem/ram_reg[144][9]
         datamem/ram_reg[144][8]
         datamem/ram_reg[144][7]
         datamem/ram_reg[144][6]
         datamem/ram_reg[144][5]
         datamem/ram_reg[144][4]
         datamem/ram_reg[144][3]
         datamem/ram_reg[144][2]
         datamem/ram_reg[144][1]
         datamem/ram_reg[144][0]
         datamem/ram_reg[143][15]
         datamem/ram_reg[143][14]
         datamem/ram_reg[143][13]
         datamem/ram_reg[143][12]
         datamem/ram_reg[143][11]
         datamem/ram_reg[143][10]
         datamem/ram_reg[143][9]
         datamem/ram_reg[143][8]
         datamem/ram_reg[143][7]
         datamem/ram_reg[143][6]
         datamem/ram_reg[143][5]
         datamem/ram_reg[143][4]
         datamem/ram_reg[143][3]
         datamem/ram_reg[143][2]
         datamem/ram_reg[143][1]
         datamem/ram_reg[143][0]
         datamem/ram_reg[142][15]
         datamem/ram_reg[142][14]
         datamem/ram_reg[142][13]
         datamem/ram_reg[142][12]
         datamem/ram_reg[142][11]
         datamem/ram_reg[142][10]
         datamem/ram_reg[142][9]
         datamem/ram_reg[142][8]
         datamem/ram_reg[142][7]
         datamem/ram_reg[142][6]
         datamem/ram_reg[142][5]
         datamem/ram_reg[142][4]
         datamem/ram_reg[142][3]
         datamem/ram_reg[142][2]
         datamem/ram_reg[142][1]
         datamem/ram_reg[142][0]
         datamem/ram_reg[141][15]
         datamem/ram_reg[141][14]
         datamem/ram_reg[141][13]
         datamem/ram_reg[141][12]
         datamem/ram_reg[141][11]
         datamem/ram_reg[141][10]
         datamem/ram_reg[141][9]
         datamem/ram_reg[141][8]
         datamem/ram_reg[141][7]
         datamem/ram_reg[141][6]
         datamem/ram_reg[141][5]
         datamem/ram_reg[141][4]
         datamem/ram_reg[141][3]
         datamem/ram_reg[141][2]
         datamem/ram_reg[141][1]
         datamem/ram_reg[141][0]
         datamem/ram_reg[140][15]
         datamem/ram_reg[140][14]
         datamem/ram_reg[140][13]
         datamem/ram_reg[140][12]
         datamem/ram_reg[140][11]
         datamem/ram_reg[140][10]
         datamem/ram_reg[140][9]
         datamem/ram_reg[140][8]
         datamem/ram_reg[140][7]
         datamem/ram_reg[140][6]
         datamem/ram_reg[140][5]
         datamem/ram_reg[140][4]
         datamem/ram_reg[140][3]
         datamem/ram_reg[140][2]
         datamem/ram_reg[140][1]
         datamem/ram_reg[140][0]
         datamem/ram_reg[139][15]
         datamem/ram_reg[139][14]
         datamem/ram_reg[139][13]
         datamem/ram_reg[139][12]
         datamem/ram_reg[139][11]
         datamem/ram_reg[139][10]
         datamem/ram_reg[139][9]
         datamem/ram_reg[139][8]
         datamem/ram_reg[139][7]
         datamem/ram_reg[139][6]
         datamem/ram_reg[139][5]
         datamem/ram_reg[139][4]
         datamem/ram_reg[139][3]
         datamem/ram_reg[139][2]
         datamem/ram_reg[139][1]
         datamem/ram_reg[139][0]
         datamem/ram_reg[138][15]
         datamem/ram_reg[138][14]
         datamem/ram_reg[138][13]
         datamem/ram_reg[138][12]
         datamem/ram_reg[138][11]
         datamem/ram_reg[138][10]
         datamem/ram_reg[138][9]
         datamem/ram_reg[138][8]
         datamem/ram_reg[138][7]
         datamem/ram_reg[138][6]
         datamem/ram_reg[138][5]
         datamem/ram_reg[138][4]
         datamem/ram_reg[138][3]
         datamem/ram_reg[138][2]
         datamem/ram_reg[138][1]
         datamem/ram_reg[138][0]
         datamem/ram_reg[137][15]
         datamem/ram_reg[137][14]
         datamem/ram_reg[137][13]
         datamem/ram_reg[137][12]
         datamem/ram_reg[137][11]
         datamem/ram_reg[137][10]
         datamem/ram_reg[137][9]
         datamem/ram_reg[137][8]
         datamem/ram_reg[137][7]
         datamem/ram_reg[137][6]
         datamem/ram_reg[137][5]
         datamem/ram_reg[137][4]
         datamem/ram_reg[137][3]
         datamem/ram_reg[137][2]
         datamem/ram_reg[137][1]
         datamem/ram_reg[137][0]
         datamem/ram_reg[136][15]
         datamem/ram_reg[136][14]
         datamem/ram_reg[136][13]
         datamem/ram_reg[136][12]
         datamem/ram_reg[136][11]
         datamem/ram_reg[136][10]
         datamem/ram_reg[136][9]
         datamem/ram_reg[136][8]
         datamem/ram_reg[136][7]
         datamem/ram_reg[136][6]
         datamem/ram_reg[136][5]
         datamem/ram_reg[136][4]
         datamem/ram_reg[136][3]
         datamem/ram_reg[136][2]
         datamem/ram_reg[136][1]
         datamem/ram_reg[136][0]
         datamem/ram_reg[135][15]
         datamem/ram_reg[135][14]
         datamem/ram_reg[135][13]
         datamem/ram_reg[135][12]
         datamem/ram_reg[135][11]
         datamem/ram_reg[135][10]
         datamem/ram_reg[135][9]
         datamem/ram_reg[135][8]
         datamem/ram_reg[135][7]
         datamem/ram_reg[135][6]
         datamem/ram_reg[135][5]
         datamem/ram_reg[135][4]
         datamem/ram_reg[135][3]
         datamem/ram_reg[135][2]
         datamem/ram_reg[135][1]
         datamem/ram_reg[135][0]
         datamem/ram_reg[134][15]
         datamem/ram_reg[134][14]
         datamem/ram_reg[134][13]
         datamem/ram_reg[134][12]
         datamem/ram_reg[134][11]
         datamem/ram_reg[134][10]
         datamem/ram_reg[134][9]
         datamem/ram_reg[134][8]
         datamem/ram_reg[134][7]
         datamem/ram_reg[134][6]
         datamem/ram_reg[134][5]
         datamem/ram_reg[134][4]
         datamem/ram_reg[134][3]
         datamem/ram_reg[134][2]
         datamem/ram_reg[134][1]
         datamem/ram_reg[134][0]
         datamem/ram_reg[133][15]
         datamem/ram_reg[133][14]
         datamem/ram_reg[133][13]
         datamem/ram_reg[133][12]
         datamem/ram_reg[133][11]
         datamem/ram_reg[133][10]
         datamem/ram_reg[133][9]
         datamem/ram_reg[133][8]
         datamem/ram_reg[133][7]
         datamem/ram_reg[133][6]
         datamem/ram_reg[133][5]
         datamem/ram_reg[133][4]
         datamem/ram_reg[133][3]
         datamem/ram_reg[133][2]
         datamem/ram_reg[133][1]
         datamem/ram_reg[133][0]
         datamem/ram_reg[132][15]
         datamem/ram_reg[132][14]
         datamem/ram_reg[132][13]
         datamem/ram_reg[132][12]
         datamem/ram_reg[132][11]
         datamem/ram_reg[132][10]
         datamem/ram_reg[132][9]
         datamem/ram_reg[132][8]
         datamem/ram_reg[132][7]
         datamem/ram_reg[132][6]
         datamem/ram_reg[132][5]
         datamem/ram_reg[132][4]
         datamem/ram_reg[132][3]
         datamem/ram_reg[132][2]
         datamem/ram_reg[132][1]
         datamem/ram_reg[132][0]
         datamem/ram_reg[131][15]
         datamem/ram_reg[131][14]
         datamem/ram_reg[131][13]
         datamem/ram_reg[131][12]
         datamem/ram_reg[131][11]
         datamem/ram_reg[131][10]
         datamem/ram_reg[131][9]
         datamem/ram_reg[131][8]
         datamem/ram_reg[131][7]
         datamem/ram_reg[131][6]
         datamem/ram_reg[131][5]
         datamem/ram_reg[131][4]
         datamem/ram_reg[131][3]
         datamem/ram_reg[131][2]
         datamem/ram_reg[131][1]
         datamem/ram_reg[131][0]
         datamem/ram_reg[130][15]
         datamem/ram_reg[130][14]
         datamem/ram_reg[130][13]
         datamem/ram_reg[130][12]
         datamem/ram_reg[130][11]
         datamem/ram_reg[130][10]
         datamem/ram_reg[130][9]
         datamem/ram_reg[130][8]
         datamem/ram_reg[130][7]
         datamem/ram_reg[130][6]
         datamem/ram_reg[130][5]
         datamem/ram_reg[130][4]
         datamem/ram_reg[130][3]
         datamem/ram_reg[130][2]
         datamem/ram_reg[130][1]
         datamem/ram_reg[130][0]
         datamem/ram_reg[129][15]
         datamem/ram_reg[129][14]
         datamem/ram_reg[129][13]
         datamem/ram_reg[129][12]
         datamem/ram_reg[129][11]
         datamem/ram_reg[129][10]
         datamem/ram_reg[129][9]
         datamem/ram_reg[129][8]
         datamem/ram_reg[129][7]
         datamem/ram_reg[129][6]
         datamem/ram_reg[129][5]
         datamem/ram_reg[129][4]
         datamem/ram_reg[129][3]
         datamem/ram_reg[129][2]
         datamem/ram_reg[129][1]
         datamem/ram_reg[129][0]
         datamem/ram_reg[128][15]
         datamem/ram_reg[128][14]
         datamem/ram_reg[128][13]
         datamem/ram_reg[128][12]
         datamem/ram_reg[128][11]
         datamem/ram_reg[128][10]
         datamem/ram_reg[128][9]
         datamem/ram_reg[128][8]
         datamem/ram_reg[128][7]
         datamem/ram_reg[128][6]
         datamem/ram_reg[128][5]
         datamem/ram_reg[128][4]
         datamem/ram_reg[128][3]
         datamem/ram_reg[128][2]
         datamem/ram_reg[128][1]
         datamem/ram_reg[128][0]
         datamem/ram_reg[127][15]
         datamem/ram_reg[127][14]
         datamem/ram_reg[127][13]
         datamem/ram_reg[127][12]
         datamem/ram_reg[127][11]
         datamem/ram_reg[127][10]
         datamem/ram_reg[127][9]
         datamem/ram_reg[127][8]
         datamem/ram_reg[127][7]
         datamem/ram_reg[127][6]
         datamem/ram_reg[127][5]
         datamem/ram_reg[127][4]
         datamem/ram_reg[127][3]
         datamem/ram_reg[127][2]
         datamem/ram_reg[127][1]
         datamem/ram_reg[127][0]
         datamem/ram_reg[126][15]
         datamem/ram_reg[126][14]
         datamem/ram_reg[126][13]
         datamem/ram_reg[126][12]
         datamem/ram_reg[126][11]
         datamem/ram_reg[126][10]
         datamem/ram_reg[126][9]
         datamem/ram_reg[126][8]
         datamem/ram_reg[126][7]
         datamem/ram_reg[126][6]
         datamem/ram_reg[126][5]
         datamem/ram_reg[126][4]
         datamem/ram_reg[126][3]
         datamem/ram_reg[126][2]
         datamem/ram_reg[126][1]
         datamem/ram_reg[126][0]
         datamem/ram_reg[125][15]
         datamem/ram_reg[125][14]
         datamem/ram_reg[125][13]
         datamem/ram_reg[125][12]
         datamem/ram_reg[125][11]
         datamem/ram_reg[125][10]
         datamem/ram_reg[125][9]
         datamem/ram_reg[125][8]
         datamem/ram_reg[125][7]
         datamem/ram_reg[125][6]
         datamem/ram_reg[125][5]
         datamem/ram_reg[125][4]
         datamem/ram_reg[125][3]
         datamem/ram_reg[125][2]
         datamem/ram_reg[125][1]
         datamem/ram_reg[125][0]
         datamem/ram_reg[124][15]
         datamem/ram_reg[124][14]
         datamem/ram_reg[124][13]
         datamem/ram_reg[124][12]
         datamem/ram_reg[124][11]
         datamem/ram_reg[124][10]
         datamem/ram_reg[124][9]
         datamem/ram_reg[124][8]
         datamem/ram_reg[124][7]
         datamem/ram_reg[124][6]
         datamem/ram_reg[124][5]
         datamem/ram_reg[124][4]
         datamem/ram_reg[124][3]
         datamem/ram_reg[124][2]
         datamem/ram_reg[124][1]
         datamem/ram_reg[124][0]
         datamem/ram_reg[123][15]
         datamem/ram_reg[123][14]
         datamem/ram_reg[123][13]
         datamem/ram_reg[123][12]
         datamem/ram_reg[123][11]
         datamem/ram_reg[123][10]
         datamem/ram_reg[123][9]
         datamem/ram_reg[123][8]
         datamem/ram_reg[123][7]
         datamem/ram_reg[123][6]
         datamem/ram_reg[123][5]
         datamem/ram_reg[123][4]
         datamem/ram_reg[123][3]
         datamem/ram_reg[123][2]
         datamem/ram_reg[123][1]
         datamem/ram_reg[123][0]
         datamem/ram_reg[122][15]
         datamem/ram_reg[122][14]
         datamem/ram_reg[122][13]
         datamem/ram_reg[122][12]
         datamem/ram_reg[122][11]
         datamem/ram_reg[122][10]
         datamem/ram_reg[122][9]
         datamem/ram_reg[122][8]
         datamem/ram_reg[122][7]
         datamem/ram_reg[122][6]
         datamem/ram_reg[122][5]
         datamem/ram_reg[122][4]
         datamem/ram_reg[122][3]
         datamem/ram_reg[122][2]
         datamem/ram_reg[122][1]
         datamem/ram_reg[122][0]
         datamem/ram_reg[121][15]
         datamem/ram_reg[121][14]
         datamem/ram_reg[121][13]
         datamem/ram_reg[121][12]
         datamem/ram_reg[121][11]
         datamem/ram_reg[121][10]
         datamem/ram_reg[121][9]
         datamem/ram_reg[121][8]
         datamem/ram_reg[121][7]
         datamem/ram_reg[121][6]
         datamem/ram_reg[121][5]
         datamem/ram_reg[121][4]
         datamem/ram_reg[121][3]
         datamem/ram_reg[121][2]
         datamem/ram_reg[121][1]
         datamem/ram_reg[121][0]
         datamem/ram_reg[120][15]
         datamem/ram_reg[120][14]
         datamem/ram_reg[120][13]
         datamem/ram_reg[120][12]
         datamem/ram_reg[120][11]
         datamem/ram_reg[120][10]
         datamem/ram_reg[120][9]
         datamem/ram_reg[120][8]
         datamem/ram_reg[120][7]
         datamem/ram_reg[120][6]
         datamem/ram_reg[120][5]
         datamem/ram_reg[120][4]
         datamem/ram_reg[120][3]
         datamem/ram_reg[120][2]
         datamem/ram_reg[120][1]
         datamem/ram_reg[120][0]
         datamem/ram_reg[119][15]
         datamem/ram_reg[119][14]
         datamem/ram_reg[119][13]
         datamem/ram_reg[119][12]
         datamem/ram_reg[119][11]
         datamem/ram_reg[119][10]
         datamem/ram_reg[119][9]
         datamem/ram_reg[119][8]
         datamem/ram_reg[119][7]
         datamem/ram_reg[119][6]
         datamem/ram_reg[119][5]
         datamem/ram_reg[119][4]
         datamem/ram_reg[119][3]
         datamem/ram_reg[119][2]
         datamem/ram_reg[119][1]
         datamem/ram_reg[119][0]
         datamem/ram_reg[118][15]
         datamem/ram_reg[118][14]
         datamem/ram_reg[118][13]
         datamem/ram_reg[118][12]
         datamem/ram_reg[118][11]
         datamem/ram_reg[118][10]
         datamem/ram_reg[118][9]
         datamem/ram_reg[118][8]
         datamem/ram_reg[118][7]
         datamem/ram_reg[118][6]
         datamem/ram_reg[118][5]
         datamem/ram_reg[118][4]
         datamem/ram_reg[118][3]
         datamem/ram_reg[118][2]
         datamem/ram_reg[118][1]
         datamem/ram_reg[118][0]
         datamem/ram_reg[117][15]
         datamem/ram_reg[117][14]
         datamem/ram_reg[117][13]
         datamem/ram_reg[117][12]
         datamem/ram_reg[117][11]
         datamem/ram_reg[117][10]
         datamem/ram_reg[117][9]
         datamem/ram_reg[117][8]
         datamem/ram_reg[117][7]
         datamem/ram_reg[117][6]
         datamem/ram_reg[117][5]
         datamem/ram_reg[117][4]
         datamem/ram_reg[117][3]
         datamem/ram_reg[117][2]
         datamem/ram_reg[117][1]
         datamem/ram_reg[117][0]
         datamem/ram_reg[116][15]
         datamem/ram_reg[116][14]
         datamem/ram_reg[116][13]
         datamem/ram_reg[116][12]
         datamem/ram_reg[116][11]
         datamem/ram_reg[116][10]
         datamem/ram_reg[116][9]
         datamem/ram_reg[116][8]
         datamem/ram_reg[116][7]
         datamem/ram_reg[116][6]
         datamem/ram_reg[116][5]
         datamem/ram_reg[116][4]
         datamem/ram_reg[116][3]
         datamem/ram_reg[116][2]
         datamem/ram_reg[116][1]
         datamem/ram_reg[116][0]
         datamem/ram_reg[115][15]
         datamem/ram_reg[115][14]
         datamem/ram_reg[115][13]
         datamem/ram_reg[115][12]
         datamem/ram_reg[115][11]
         datamem/ram_reg[115][10]
         datamem/ram_reg[115][9]
         datamem/ram_reg[115][8]
         datamem/ram_reg[115][7]
         datamem/ram_reg[115][6]
         datamem/ram_reg[115][5]
         datamem/ram_reg[115][4]
         datamem/ram_reg[115][3]
         datamem/ram_reg[115][2]
         datamem/ram_reg[115][1]
         datamem/ram_reg[115][0]
         datamem/ram_reg[114][15]
         datamem/ram_reg[114][14]
         datamem/ram_reg[114][13]
         datamem/ram_reg[114][12]
         datamem/ram_reg[114][11]
         datamem/ram_reg[114][10]
         datamem/ram_reg[114][9]
         datamem/ram_reg[114][8]
         datamem/ram_reg[114][7]
         datamem/ram_reg[114][6]
         datamem/ram_reg[114][5]
         datamem/ram_reg[114][4]
         datamem/ram_reg[114][3]
         datamem/ram_reg[114][2]
         datamem/ram_reg[114][1]
         datamem/ram_reg[114][0]
         datamem/ram_reg[113][15]
         datamem/ram_reg[113][14]
         datamem/ram_reg[113][13]
         datamem/ram_reg[113][12]
         datamem/ram_reg[113][11]
         datamem/ram_reg[113][10]
         datamem/ram_reg[113][9]
         datamem/ram_reg[113][8]
         datamem/ram_reg[113][7]
         datamem/ram_reg[113][6]
         datamem/ram_reg[113][5]
         datamem/ram_reg[113][4]
         datamem/ram_reg[113][3]
         datamem/ram_reg[113][2]
         datamem/ram_reg[113][1]
         datamem/ram_reg[113][0]
         datamem/ram_reg[112][15]
         datamem/ram_reg[112][14]
         datamem/ram_reg[112][13]
         datamem/ram_reg[112][12]
         datamem/ram_reg[112][11]
         datamem/ram_reg[112][10]
         datamem/ram_reg[112][9]
         datamem/ram_reg[112][8]
         datamem/ram_reg[112][7]
         datamem/ram_reg[112][6]
         datamem/ram_reg[112][5]
         datamem/ram_reg[112][4]
         datamem/ram_reg[112][3]
         datamem/ram_reg[112][2]
         datamem/ram_reg[112][1]
         datamem/ram_reg[112][0]
         datamem/ram_reg[111][15]
         datamem/ram_reg[111][14]
         datamem/ram_reg[111][13]
         datamem/ram_reg[111][12]
         datamem/ram_reg[111][11]
         datamem/ram_reg[111][10]
         datamem/ram_reg[111][9]
         datamem/ram_reg[111][8]
         datamem/ram_reg[111][7]
         datamem/ram_reg[111][6]
         datamem/ram_reg[111][5]
         datamem/ram_reg[111][4]
         datamem/ram_reg[111][3]
         datamem/ram_reg[111][2]
         datamem/ram_reg[111][1]
         datamem/ram_reg[111][0]
         datamem/ram_reg[110][15]
         datamem/ram_reg[110][14]
         datamem/ram_reg[110][13]
         datamem/ram_reg[110][12]
         datamem/ram_reg[110][11]
         datamem/ram_reg[110][10]
         datamem/ram_reg[110][9]
         datamem/ram_reg[110][8]
         datamem/ram_reg[110][7]
         datamem/ram_reg[110][6]
         datamem/ram_reg[110][5]
         datamem/ram_reg[110][4]
         datamem/ram_reg[110][3]
         datamem/ram_reg[110][2]
         datamem/ram_reg[110][1]
         datamem/ram_reg[110][0]
         datamem/ram_reg[109][15]
         datamem/ram_reg[109][14]
         datamem/ram_reg[109][13]
         datamem/ram_reg[109][12]
         datamem/ram_reg[109][11]
         datamem/ram_reg[109][10]
         datamem/ram_reg[109][9]
         datamem/ram_reg[109][8]
         datamem/ram_reg[109][7]
         datamem/ram_reg[109][6]
         datamem/ram_reg[109][5]
         datamem/ram_reg[109][4]
         datamem/ram_reg[109][3]
         datamem/ram_reg[109][2]
         datamem/ram_reg[109][1]
         datamem/ram_reg[109][0]
         datamem/ram_reg[108][15]
         datamem/ram_reg[108][14]
         datamem/ram_reg[108][13]
         datamem/ram_reg[108][12]
         datamem/ram_reg[108][11]
         datamem/ram_reg[108][10]
         datamem/ram_reg[108][9]
         datamem/ram_reg[108][8]
         datamem/ram_reg[108][7]
         datamem/ram_reg[108][6]
         datamem/ram_reg[108][5]
         datamem/ram_reg[108][4]
         datamem/ram_reg[108][3]
         datamem/ram_reg[108][2]
         datamem/ram_reg[108][1]
         datamem/ram_reg[108][0]
         datamem/ram_reg[107][15]
         datamem/ram_reg[107][14]
         datamem/ram_reg[107][13]
         datamem/ram_reg[107][12]
         datamem/ram_reg[107][11]
         datamem/ram_reg[107][10]
         datamem/ram_reg[107][9]
         datamem/ram_reg[107][8]
         datamem/ram_reg[107][7]
         datamem/ram_reg[107][6]
         datamem/ram_reg[107][5]
         datamem/ram_reg[107][4]
         datamem/ram_reg[107][3]
         datamem/ram_reg[107][2]
         datamem/ram_reg[107][1]
         datamem/ram_reg[107][0]
         datamem/ram_reg[106][15]
         datamem/ram_reg[106][14]
         datamem/ram_reg[106][13]
         datamem/ram_reg[106][12]
         datamem/ram_reg[106][11]
         datamem/ram_reg[106][10]
         datamem/ram_reg[106][9]
         datamem/ram_reg[106][8]
         datamem/ram_reg[106][7]
         datamem/ram_reg[106][6]
         datamem/ram_reg[106][5]
         datamem/ram_reg[106][4]
         datamem/ram_reg[106][3]
         datamem/ram_reg[106][2]
         datamem/ram_reg[106][1]
         datamem/ram_reg[106][0]
         datamem/ram_reg[105][15]
         datamem/ram_reg[105][14]
         datamem/ram_reg[105][13]
         datamem/ram_reg[105][12]
         datamem/ram_reg[105][11]
         datamem/ram_reg[105][10]
         datamem/ram_reg[105][9]
         datamem/ram_reg[105][8]
         datamem/ram_reg[105][7]
         datamem/ram_reg[105][6]
         datamem/ram_reg[105][5]
         datamem/ram_reg[105][4]
         datamem/ram_reg[105][3]
         datamem/ram_reg[105][2]
         datamem/ram_reg[105][1]
         datamem/ram_reg[105][0]
         datamem/ram_reg[104][15]
         datamem/ram_reg[104][14]
         datamem/ram_reg[104][13]
         datamem/ram_reg[104][12]
         datamem/ram_reg[104][11]
         datamem/ram_reg[104][10]
         datamem/ram_reg[104][9]
         datamem/ram_reg[104][8]
         datamem/ram_reg[104][7]
         datamem/ram_reg[104][6]
         datamem/ram_reg[104][5]
         datamem/ram_reg[104][4]
         datamem/ram_reg[104][3]
         datamem/ram_reg[104][2]
         datamem/ram_reg[104][1]
         datamem/ram_reg[104][0]
         datamem/ram_reg[103][15]
         datamem/ram_reg[103][14]
         datamem/ram_reg[103][13]
         datamem/ram_reg[103][12]
         datamem/ram_reg[103][11]
         datamem/ram_reg[103][10]
         datamem/ram_reg[103][9]
         datamem/ram_reg[103][8]
         datamem/ram_reg[103][7]
         datamem/ram_reg[103][6]
         datamem/ram_reg[103][5]
         datamem/ram_reg[103][4]
         datamem/ram_reg[103][3]
         datamem/ram_reg[103][2]
         datamem/ram_reg[103][1]
         datamem/ram_reg[103][0]
         datamem/ram_reg[102][15]
         datamem/ram_reg[102][14]
         datamem/ram_reg[102][13]
         datamem/ram_reg[102][12]
         datamem/ram_reg[102][11]
         datamem/ram_reg[102][10]
         datamem/ram_reg[102][9]
         datamem/ram_reg[102][8]
         datamem/ram_reg[102][7]
         datamem/ram_reg[102][6]
         datamem/ram_reg[102][5]
         datamem/ram_reg[102][4]
         datamem/ram_reg[102][3]
         datamem/ram_reg[102][2]
         datamem/ram_reg[102][1]
         datamem/ram_reg[102][0]
         datamem/ram_reg[101][15]
         datamem/ram_reg[101][14]
         datamem/ram_reg[101][13]
         datamem/ram_reg[101][12]
         datamem/ram_reg[101][11]
         datamem/ram_reg[101][10]
         datamem/ram_reg[101][9]
         datamem/ram_reg[101][8]
         datamem/ram_reg[101][7]
         datamem/ram_reg[101][6]
         datamem/ram_reg[101][5]
         datamem/ram_reg[101][4]
         datamem/ram_reg[101][3]
         datamem/ram_reg[101][2]
         datamem/ram_reg[101][1]
         datamem/ram_reg[101][0]
         datamem/ram_reg[100][15]
         datamem/ram_reg[100][14]
         datamem/ram_reg[100][13]
         datamem/ram_reg[100][12]
         datamem/ram_reg[100][11]
         datamem/ram_reg[100][10]
         datamem/ram_reg[100][9]
         datamem/ram_reg[100][8]
         datamem/ram_reg[100][7]
         datamem/ram_reg[100][6]
         datamem/ram_reg[100][5]
         datamem/ram_reg[100][4]
         datamem/ram_reg[100][3]
         datamem/ram_reg[100][2]
         datamem/ram_reg[100][1]
         datamem/ram_reg[100][0]
         datamem/ram_reg[99][15]
         datamem/ram_reg[99][14]
         datamem/ram_reg[99][13]
         datamem/ram_reg[99][12]
         datamem/ram_reg[99][11]
         datamem/ram_reg[99][10]
         datamem/ram_reg[99][9]
         datamem/ram_reg[99][8]
         datamem/ram_reg[99][7]
         datamem/ram_reg[99][6]
         datamem/ram_reg[99][5]
         datamem/ram_reg[99][4]
         datamem/ram_reg[99][3]
         datamem/ram_reg[99][2]
         datamem/ram_reg[99][1]
         datamem/ram_reg[99][0]
         datamem/ram_reg[98][15]
         datamem/ram_reg[98][14]
         datamem/ram_reg[98][13]
         datamem/ram_reg[98][12]
         datamem/ram_reg[98][11]
         datamem/ram_reg[98][10]
         datamem/ram_reg[98][9]
         datamem/ram_reg[98][8]
         datamem/ram_reg[98][7]
         datamem/ram_reg[98][6]
         datamem/ram_reg[98][5]
         datamem/ram_reg[98][4]
         datamem/ram_reg[98][3]
         datamem/ram_reg[98][2]
         datamem/ram_reg[98][1]
         datamem/ram_reg[98][0]
         datamem/ram_reg[97][15]
         datamem/ram_reg[97][14]
         datamem/ram_reg[97][13]
         datamem/ram_reg[97][12]
         datamem/ram_reg[97][11]
         datamem/ram_reg[97][10]
         datamem/ram_reg[97][9]
         datamem/ram_reg[97][8]
         datamem/ram_reg[97][7]
         datamem/ram_reg[97][6]
         datamem/ram_reg[97][5]
         datamem/ram_reg[97][4]
         datamem/ram_reg[97][3]
         datamem/ram_reg[97][2]
         datamem/ram_reg[97][1]
         datamem/ram_reg[97][0]
         datamem/ram_reg[96][15]
         datamem/ram_reg[96][14]
         datamem/ram_reg[96][13]
         datamem/ram_reg[96][12]
         datamem/ram_reg[96][11]
         datamem/ram_reg[96][10]
         datamem/ram_reg[96][9]
         datamem/ram_reg[96][8]
         datamem/ram_reg[96][7]
         datamem/ram_reg[96][6]
         datamem/ram_reg[96][5]
         datamem/ram_reg[96][4]
         datamem/ram_reg[96][3]
         datamem/ram_reg[96][2]
         datamem/ram_reg[96][1]
         datamem/ram_reg[96][0]
         datamem/ram_reg[95][15]
         datamem/ram_reg[95][14]
         datamem/ram_reg[95][13]
         datamem/ram_reg[95][12]
         datamem/ram_reg[95][11]
         datamem/ram_reg[95][10]
         datamem/ram_reg[95][9]
         datamem/ram_reg[95][8]
         datamem/ram_reg[95][7]
         datamem/ram_reg[95][6]
         datamem/ram_reg[95][5]
         datamem/ram_reg[95][4]
         datamem/ram_reg[95][3]
         datamem/ram_reg[95][2]
         datamem/ram_reg[95][1]
         datamem/ram_reg[95][0]
         datamem/ram_reg[94][15]
         datamem/ram_reg[94][14]
         datamem/ram_reg[94][13]
         datamem/ram_reg[94][12]
         datamem/ram_reg[94][11]
         datamem/ram_reg[94][10]
         datamem/ram_reg[94][9]
         datamem/ram_reg[94][8]
         datamem/ram_reg[94][7]
         datamem/ram_reg[94][6]
         datamem/ram_reg[94][5]
         datamem/ram_reg[94][4]
         datamem/ram_reg[94][3]
         datamem/ram_reg[94][2]
         datamem/ram_reg[94][1]
         datamem/ram_reg[94][0]
         datamem/ram_reg[93][15]
         datamem/ram_reg[93][14]
         datamem/ram_reg[93][13]
         datamem/ram_reg[93][12]
         datamem/ram_reg[93][11]
         datamem/ram_reg[93][10]
         datamem/ram_reg[93][9]
         datamem/ram_reg[93][8]
         datamem/ram_reg[93][7]
         datamem/ram_reg[93][6]
         datamem/ram_reg[93][5]
         datamem/ram_reg[93][4]
         datamem/ram_reg[93][3]
         datamem/ram_reg[93][2]
         datamem/ram_reg[93][1]
         datamem/ram_reg[93][0]
         datamem/ram_reg[92][15]
         datamem/ram_reg[92][14]
         datamem/ram_reg[92][13]
         datamem/ram_reg[92][12]
         datamem/ram_reg[92][11]
         datamem/ram_reg[92][10]
         datamem/ram_reg[92][9]
         datamem/ram_reg[92][8]
         datamem/ram_reg[92][7]
         datamem/ram_reg[92][6]
         datamem/ram_reg[92][5]
         datamem/ram_reg[92][4]
         datamem/ram_reg[92][3]
         datamem/ram_reg[92][2]
         datamem/ram_reg[92][1]
         datamem/ram_reg[92][0]
         datamem/ram_reg[91][15]
         datamem/ram_reg[91][14]
         datamem/ram_reg[91][13]
         datamem/ram_reg[91][12]
         datamem/ram_reg[91][11]
         datamem/ram_reg[91][10]
         datamem/ram_reg[91][9]
         datamem/ram_reg[91][8]
         datamem/ram_reg[91][7]
         datamem/ram_reg[91][6]
         datamem/ram_reg[91][5]
         datamem/ram_reg[91][4]
         datamem/ram_reg[91][3]
         datamem/ram_reg[91][2]
         datamem/ram_reg[91][1]
         datamem/ram_reg[91][0]
         datamem/ram_reg[90][15]
         datamem/ram_reg[90][14]
         datamem/ram_reg[90][13]
         datamem/ram_reg[90][12]
         datamem/ram_reg[90][11]
         datamem/ram_reg[90][10]
         datamem/ram_reg[90][9]
         datamem/ram_reg[90][8]
         datamem/ram_reg[90][7]
         datamem/ram_reg[90][6]
         datamem/ram_reg[90][5]
         datamem/ram_reg[90][4]
         datamem/ram_reg[90][3]
         datamem/ram_reg[90][2]
         datamem/ram_reg[90][1]
         datamem/ram_reg[90][0]
         datamem/ram_reg[89][15]
         datamem/ram_reg[89][14]
         datamem/ram_reg[89][13]
         datamem/ram_reg[89][12]
         datamem/ram_reg[89][11]
         datamem/ram_reg[89][10]
         datamem/ram_reg[89][9]
         datamem/ram_reg[89][8]
         datamem/ram_reg[89][7]
         datamem/ram_reg[89][6]
         datamem/ram_reg[89][5]
         datamem/ram_reg[89][4]
         datamem/ram_reg[89][3]
         datamem/ram_reg[89][2]
         datamem/ram_reg[89][1]
         datamem/ram_reg[89][0]
         datamem/ram_reg[88][15]
         datamem/ram_reg[88][14]
         datamem/ram_reg[88][13]
         datamem/ram_reg[88][12]
         datamem/ram_reg[88][11]
         datamem/ram_reg[88][10]
         datamem/ram_reg[88][9]
         datamem/ram_reg[88][8]
         datamem/ram_reg[88][7]
         datamem/ram_reg[88][6]
         datamem/ram_reg[88][5]
         datamem/ram_reg[88][4]
         datamem/ram_reg[88][3]
         datamem/ram_reg[88][2]
         datamem/ram_reg[88][1]
         datamem/ram_reg[88][0]
         datamem/ram_reg[87][15]
         datamem/ram_reg[87][14]
         datamem/ram_reg[87][13]
         datamem/ram_reg[87][12]
         datamem/ram_reg[87][11]
         datamem/ram_reg[87][10]
         datamem/ram_reg[87][9]
         datamem/ram_reg[87][8]
         datamem/ram_reg[87][7]
         datamem/ram_reg[87][6]
         datamem/ram_reg[87][5]
         datamem/ram_reg[87][4]
         datamem/ram_reg[87][3]
         datamem/ram_reg[87][2]
         datamem/ram_reg[87][1]
         datamem/ram_reg[87][0]
         datamem/ram_reg[86][15]
         datamem/ram_reg[86][14]
         datamem/ram_reg[86][13]
         datamem/ram_reg[86][12]
         datamem/ram_reg[86][11]
         datamem/ram_reg[86][10]
         datamem/ram_reg[86][9]
         datamem/ram_reg[86][8]
         datamem/ram_reg[86][7]
         datamem/ram_reg[86][6]
         datamem/ram_reg[86][5]
         datamem/ram_reg[86][4]
         datamem/ram_reg[86][3]
         datamem/ram_reg[86][2]
         datamem/ram_reg[86][1]
         datamem/ram_reg[86][0]
         datamem/ram_reg[85][15]
         datamem/ram_reg[85][14]
         datamem/ram_reg[85][13]
         datamem/ram_reg[85][12]
         datamem/ram_reg[85][11]
         datamem/ram_reg[85][10]
         datamem/ram_reg[85][9]
         datamem/ram_reg[85][8]
         datamem/ram_reg[85][7]
         datamem/ram_reg[85][6]
         datamem/ram_reg[85][5]
         datamem/ram_reg[85][4]
         datamem/ram_reg[85][3]
         datamem/ram_reg[85][2]
         datamem/ram_reg[85][1]
         datamem/ram_reg[85][0]
         datamem/ram_reg[84][15]
         datamem/ram_reg[84][14]
         datamem/ram_reg[84][13]
         datamem/ram_reg[84][12]
         datamem/ram_reg[84][11]
         datamem/ram_reg[84][10]
         datamem/ram_reg[84][9]
         datamem/ram_reg[84][8]
         datamem/ram_reg[84][7]
         datamem/ram_reg[84][6]
         datamem/ram_reg[84][5]
         datamem/ram_reg[84][4]
         datamem/ram_reg[84][3]
         datamem/ram_reg[84][2]
         datamem/ram_reg[84][1]
         datamem/ram_reg[84][0]
         datamem/ram_reg[83][15]
         datamem/ram_reg[83][14]
         datamem/ram_reg[83][13]
         datamem/ram_reg[83][12]
         datamem/ram_reg[83][11]
         datamem/ram_reg[83][10]
         datamem/ram_reg[83][9]
         datamem/ram_reg[83][8]
         datamem/ram_reg[83][7]
         datamem/ram_reg[83][6]
         datamem/ram_reg[83][5]
         datamem/ram_reg[83][4]
         datamem/ram_reg[83][3]
         datamem/ram_reg[83][2]
         datamem/ram_reg[83][1]
         datamem/ram_reg[83][0]
         datamem/ram_reg[82][15]
         datamem/ram_reg[82][14]
         datamem/ram_reg[82][13]
         datamem/ram_reg[82][12]
         datamem/ram_reg[82][11]
         datamem/ram_reg[82][10]
         datamem/ram_reg[82][9]
         datamem/ram_reg[82][8]
         datamem/ram_reg[82][7]
         datamem/ram_reg[82][6]
         datamem/ram_reg[82][5]
         datamem/ram_reg[82][4]
         datamem/ram_reg[82][3]
         datamem/ram_reg[82][2]
         datamem/ram_reg[82][1]
         datamem/ram_reg[82][0]
         datamem/ram_reg[81][15]
         datamem/ram_reg[81][14]
         datamem/ram_reg[81][13]
         datamem/ram_reg[81][12]
         datamem/ram_reg[81][11]
         datamem/ram_reg[81][10]
         datamem/ram_reg[81][9]
         datamem/ram_reg[81][8]
         datamem/ram_reg[81][7]
         datamem/ram_reg[81][6]
         datamem/ram_reg[81][5]
         datamem/ram_reg[81][4]
         datamem/ram_reg[81][3]
         datamem/ram_reg[81][2]
         datamem/ram_reg[81][1]
         datamem/ram_reg[81][0]
         datamem/ram_reg[80][15]
         datamem/ram_reg[80][14]
         datamem/ram_reg[80][13]
         datamem/ram_reg[80][12]
         datamem/ram_reg[80][11]
         datamem/ram_reg[80][10]
         datamem/ram_reg[80][9]
         datamem/ram_reg[80][8]
         datamem/ram_reg[80][7]
         datamem/ram_reg[80][6]
         datamem/ram_reg[80][5]
         datamem/ram_reg[80][4]
         datamem/ram_reg[80][3]
         datamem/ram_reg[80][2]
         datamem/ram_reg[80][1]
         datamem/ram_reg[80][0]
         datamem/ram_reg[79][15]
         datamem/ram_reg[79][14]
         datamem/ram_reg[79][13]
         datamem/ram_reg[79][12]
         datamem/ram_reg[79][11]
         datamem/ram_reg[79][10]
         datamem/ram_reg[79][9]
         datamem/ram_reg[79][8]
         datamem/ram_reg[79][7]
         datamem/ram_reg[79][6]
         datamem/ram_reg[79][5]
         datamem/ram_reg[79][4]
         datamem/ram_reg[79][3]
         datamem/ram_reg[79][2]
         datamem/ram_reg[79][1]
         datamem/ram_reg[79][0]
         datamem/ram_reg[78][15]
         datamem/ram_reg[78][14]
         datamem/ram_reg[78][13]
         datamem/ram_reg[78][12]
         datamem/ram_reg[78][11]
         datamem/ram_reg[78][10]
         datamem/ram_reg[78][9]
         datamem/ram_reg[78][8]
         datamem/ram_reg[78][7]
         datamem/ram_reg[78][6]
         datamem/ram_reg[78][5]
         datamem/ram_reg[78][4]
         datamem/ram_reg[78][3]
         datamem/ram_reg[78][2]
         datamem/ram_reg[78][1]
         datamem/ram_reg[78][0]
         datamem/ram_reg[77][15]
         datamem/ram_reg[77][14]
         datamem/ram_reg[77][13]
         datamem/ram_reg[77][12]
         datamem/ram_reg[77][11]
         datamem/ram_reg[77][10]
         datamem/ram_reg[77][9]
         datamem/ram_reg[77][8]
         datamem/ram_reg[77][7]
         datamem/ram_reg[77][6]
         datamem/ram_reg[77][5]
         datamem/ram_reg[77][4]
         datamem/ram_reg[77][3]
         datamem/ram_reg[77][2]
         datamem/ram_reg[77][1]
         datamem/ram_reg[77][0]
         datamem/ram_reg[76][15]
         datamem/ram_reg[76][14]
         datamem/ram_reg[76][13]
         datamem/ram_reg[76][12]
         datamem/ram_reg[76][11]
         datamem/ram_reg[76][10]
         datamem/ram_reg[76][9]
         datamem/ram_reg[76][8]
         datamem/ram_reg[76][7]
         datamem/ram_reg[76][6]
         datamem/ram_reg[76][5]
         datamem/ram_reg[76][4]
         datamem/ram_reg[76][3]
         datamem/ram_reg[76][2]
         datamem/ram_reg[76][1]
         datamem/ram_reg[76][0]
         datamem/ram_reg[75][15]
         datamem/ram_reg[75][14]
         datamem/ram_reg[75][13]
         datamem/ram_reg[75][12]
         datamem/ram_reg[75][11]
         datamem/ram_reg[75][10]
         datamem/ram_reg[75][9]
         datamem/ram_reg[75][8]
         datamem/ram_reg[75][7]
         datamem/ram_reg[75][6]
         datamem/ram_reg[75][5]
         datamem/ram_reg[75][4]
         datamem/ram_reg[75][3]
         datamem/ram_reg[75][2]
         datamem/ram_reg[75][1]
         datamem/ram_reg[75][0]
         datamem/ram_reg[74][15]
         datamem/ram_reg[74][14]
         datamem/ram_reg[74][13]
         datamem/ram_reg[74][12]
         datamem/ram_reg[74][11]
         datamem/ram_reg[74][10]
         datamem/ram_reg[74][9]
         datamem/ram_reg[74][8]
         datamem/ram_reg[74][7]
         datamem/ram_reg[74][6]
         datamem/ram_reg[74][5]
         datamem/ram_reg[74][4]
         datamem/ram_reg[74][3]
         datamem/ram_reg[74][2]
         datamem/ram_reg[74][1]
         datamem/ram_reg[74][0]
         datamem/ram_reg[73][15]
         datamem/ram_reg[73][14]
         datamem/ram_reg[73][13]
         datamem/ram_reg[73][12]
         datamem/ram_reg[73][11]
         datamem/ram_reg[73][10]
         datamem/ram_reg[73][9]
         datamem/ram_reg[73][8]
         datamem/ram_reg[73][7]
         datamem/ram_reg[73][6]
         datamem/ram_reg[73][5]
         datamem/ram_reg[73][4]
         datamem/ram_reg[73][3]
         datamem/ram_reg[73][2]
         datamem/ram_reg[73][1]
         datamem/ram_reg[73][0]
         datamem/ram_reg[72][15]
         datamem/ram_reg[72][14]
         datamem/ram_reg[72][13]
         datamem/ram_reg[72][12]
         datamem/ram_reg[72][11]
         datamem/ram_reg[72][10]
         datamem/ram_reg[72][9]
         datamem/ram_reg[72][8]
         datamem/ram_reg[72][7]
         datamem/ram_reg[72][6]
         datamem/ram_reg[72][5]
         datamem/ram_reg[72][4]
         datamem/ram_reg[72][3]
         datamem/ram_reg[72][2]
         datamem/ram_reg[72][1]
         datamem/ram_reg[72][0]
         datamem/ram_reg[71][15]
         datamem/ram_reg[71][14]
         datamem/ram_reg[71][13]
         datamem/ram_reg[71][12]
         datamem/ram_reg[71][11]
         datamem/ram_reg[71][10]
         datamem/ram_reg[71][9]
         datamem/ram_reg[71][8]
         datamem/ram_reg[71][7]
         datamem/ram_reg[71][6]
         datamem/ram_reg[71][5]
         datamem/ram_reg[71][4]
         datamem/ram_reg[71][3]
         datamem/ram_reg[71][2]
         datamem/ram_reg[71][1]
         datamem/ram_reg[71][0]
         datamem/ram_reg[70][15]
         datamem/ram_reg[70][14]
         datamem/ram_reg[70][13]
         datamem/ram_reg[70][12]
         datamem/ram_reg[70][11]
         datamem/ram_reg[70][10]
         datamem/ram_reg[70][9]
         datamem/ram_reg[70][8]
         datamem/ram_reg[70][7]
         datamem/ram_reg[70][6]
         datamem/ram_reg[70][5]
         datamem/ram_reg[70][4]
         datamem/ram_reg[70][3]
         datamem/ram_reg[70][2]
         datamem/ram_reg[70][1]
         datamem/ram_reg[70][0]
         datamem/ram_reg[69][15]
         datamem/ram_reg[69][14]
         datamem/ram_reg[69][13]
         datamem/ram_reg[69][12]
         datamem/ram_reg[69][11]
         datamem/ram_reg[69][10]
         datamem/ram_reg[69][9]
         datamem/ram_reg[69][8]
         datamem/ram_reg[69][7]
         datamem/ram_reg[69][6]
         datamem/ram_reg[69][5]
         datamem/ram_reg[69][4]
         datamem/ram_reg[69][3]
         datamem/ram_reg[69][2]
         datamem/ram_reg[69][1]
         datamem/ram_reg[69][0]
         datamem/ram_reg[68][15]
         datamem/ram_reg[68][14]
         datamem/ram_reg[68][13]
         datamem/ram_reg[68][12]
         datamem/ram_reg[68][11]
         datamem/ram_reg[68][10]
         datamem/ram_reg[68][9]
         datamem/ram_reg[68][8]
         datamem/ram_reg[68][7]
         datamem/ram_reg[68][6]
         datamem/ram_reg[68][5]
         datamem/ram_reg[68][4]
         datamem/ram_reg[68][3]
         datamem/ram_reg[68][2]
         datamem/ram_reg[68][1]
         datamem/ram_reg[68][0]
         datamem/ram_reg[67][15]
         datamem/ram_reg[67][14]
         datamem/ram_reg[67][13]
         datamem/ram_reg[67][12]
         datamem/ram_reg[67][11]
         datamem/ram_reg[67][10]
         datamem/ram_reg[67][9]
         datamem/ram_reg[67][8]
         datamem/ram_reg[67][7]
         datamem/ram_reg[67][6]
         datamem/ram_reg[67][5]
         datamem/ram_reg[67][4]
         datamem/ram_reg[67][3]
         datamem/ram_reg[67][2]
         datamem/ram_reg[67][1]
         datamem/ram_reg[67][0]
         datamem/ram_reg[66][15]
         datamem/ram_reg[66][14]
         datamem/ram_reg[66][13]
         datamem/ram_reg[66][12]
         datamem/ram_reg[66][11]
         datamem/ram_reg[66][10]
         datamem/ram_reg[66][9]
         datamem/ram_reg[66][8]
         datamem/ram_reg[66][7]
         datamem/ram_reg[66][6]
         datamem/ram_reg[66][5]
         datamem/ram_reg[66][4]
         datamem/ram_reg[66][3]
         datamem/ram_reg[66][2]
         datamem/ram_reg[66][1]
         datamem/ram_reg[66][0]
         datamem/ram_reg[65][15]
         datamem/ram_reg[65][14]
         datamem/ram_reg[65][13]
         datamem/ram_reg[65][12]
         datamem/ram_reg[65][11]
         datamem/ram_reg[65][10]
         datamem/ram_reg[65][9]
         datamem/ram_reg[65][8]
         datamem/ram_reg[65][7]
         datamem/ram_reg[65][6]
         datamem/ram_reg[65][5]
         datamem/ram_reg[65][4]
         datamem/ram_reg[65][3]
         datamem/ram_reg[65][2]
         datamem/ram_reg[65][1]
         datamem/ram_reg[65][0]
         datamem/ram_reg[64][15]
         datamem/ram_reg[64][14]
         datamem/ram_reg[64][13]
         datamem/ram_reg[64][12]
         datamem/ram_reg[64][11]
         datamem/ram_reg[64][10]
         datamem/ram_reg[64][9]
         datamem/ram_reg[64][8]
         datamem/ram_reg[64][7]
         datamem/ram_reg[64][6]
         datamem/ram_reg[64][5]
         datamem/ram_reg[64][4]
         datamem/ram_reg[64][3]
         datamem/ram_reg[64][2]
         datamem/ram_reg[64][1]
         datamem/ram_reg[64][0]
         datamem/ram_reg[63][15]
         datamem/ram_reg[63][14]
         datamem/ram_reg[63][13]
         datamem/ram_reg[63][12]
         datamem/ram_reg[63][11]
         datamem/ram_reg[63][10]
         datamem/ram_reg[63][9]
         datamem/ram_reg[63][8]
         datamem/ram_reg[63][7]
         datamem/ram_reg[63][6]
         datamem/ram_reg[63][5]
         datamem/ram_reg[63][4]
         datamem/ram_reg[63][3]
         datamem/ram_reg[63][2]
         datamem/ram_reg[63][1]
         datamem/ram_reg[63][0]
         datamem/ram_reg[62][15]
         datamem/ram_reg[62][14]
         datamem/ram_reg[62][13]
         datamem/ram_reg[62][12]
         datamem/ram_reg[62][11]
         datamem/ram_reg[62][10]
         datamem/ram_reg[62][9]
         datamem/ram_reg[62][8]
         datamem/ram_reg[62][7]
         datamem/ram_reg[62][6]
         datamem/ram_reg[62][5]
         datamem/ram_reg[62][4]
         datamem/ram_reg[62][3]
         datamem/ram_reg[62][2]
         datamem/ram_reg[62][1]
         datamem/ram_reg[62][0]
         datamem/ram_reg[61][15]
         datamem/ram_reg[61][14]
         datamem/ram_reg[61][13]
         datamem/ram_reg[61][12]
         datamem/ram_reg[61][11]
         datamem/ram_reg[61][10]
         datamem/ram_reg[61][9]
         datamem/ram_reg[61][8]
         datamem/ram_reg[61][7]
         datamem/ram_reg[61][6]
         datamem/ram_reg[61][5]
         datamem/ram_reg[61][4]
         datamem/ram_reg[61][3]
         datamem/ram_reg[61][2]
         datamem/ram_reg[61][1]
         datamem/ram_reg[61][0]
         datamem/ram_reg[60][15]
         datamem/ram_reg[60][14]
         datamem/ram_reg[60][13]
         datamem/ram_reg[60][12]
         datamem/ram_reg[60][11]
         datamem/ram_reg[60][10]
         datamem/ram_reg[60][9]
         datamem/ram_reg[60][8]
         datamem/ram_reg[60][7]
         datamem/ram_reg[60][6]
         datamem/ram_reg[60][5]
         datamem/ram_reg[60][4]
         datamem/ram_reg[60][3]
         datamem/ram_reg[60][2]
         datamem/ram_reg[60][1]
         datamem/ram_reg[60][0]
         datamem/ram_reg[59][15]
         datamem/ram_reg[59][14]
         datamem/ram_reg[59][13]
         datamem/ram_reg[59][12]
         datamem/ram_reg[59][11]
         datamem/ram_reg[59][10]
         datamem/ram_reg[59][9]
         datamem/ram_reg[59][8]
         datamem/ram_reg[59][7]
         datamem/ram_reg[59][6]
         datamem/ram_reg[59][5]
         datamem/ram_reg[59][4]
         datamem/ram_reg[59][3]
         datamem/ram_reg[59][2]
         datamem/ram_reg[59][1]
         datamem/ram_reg[59][0]
         datamem/ram_reg[58][15]
         datamem/ram_reg[58][14]
         datamem/ram_reg[58][13]
         datamem/ram_reg[58][12]
         datamem/ram_reg[58][11]
         datamem/ram_reg[58][10]
         datamem/ram_reg[58][9]
         datamem/ram_reg[58][8]
         datamem/ram_reg[58][7]
         datamem/ram_reg[58][6]
         datamem/ram_reg[58][5]
         datamem/ram_reg[58][4]
         datamem/ram_reg[58][3]
         datamem/ram_reg[58][2]
         datamem/ram_reg[58][1]
         datamem/ram_reg[58][0]
         datamem/ram_reg[57][15]
         datamem/ram_reg[57][14]
         datamem/ram_reg[57][13]
         datamem/ram_reg[57][12]
         datamem/ram_reg[57][11]
         datamem/ram_reg[57][10]
         datamem/ram_reg[57][9]
         datamem/ram_reg[57][8]
         datamem/ram_reg[57][7]
         datamem/ram_reg[57][6]
         datamem/ram_reg[57][5]
         datamem/ram_reg[57][4]
         datamem/ram_reg[57][3]
         datamem/ram_reg[57][2]
         datamem/ram_reg[57][1]
         datamem/ram_reg[57][0]
         datamem/ram_reg[56][15]
         datamem/ram_reg[56][14]
         datamem/ram_reg[56][13]
         datamem/ram_reg[56][12]
         datamem/ram_reg[56][11]
         datamem/ram_reg[56][10]
         datamem/ram_reg[56][9]
         datamem/ram_reg[56][8]
         datamem/ram_reg[56][7]
         datamem/ram_reg[56][6]
         datamem/ram_reg[56][5]
         datamem/ram_reg[56][4]
         datamem/ram_reg[56][3]
         datamem/ram_reg[56][2]
         datamem/ram_reg[56][1]
         datamem/ram_reg[56][0]
         datamem/ram_reg[55][15]
         datamem/ram_reg[55][14]
         datamem/ram_reg[55][13]
         datamem/ram_reg[55][12]
         datamem/ram_reg[55][11]
         datamem/ram_reg[55][10]
         datamem/ram_reg[55][9]
         datamem/ram_reg[55][8]
         datamem/ram_reg[55][7]
         datamem/ram_reg[55][6]
         datamem/ram_reg[55][5]
         datamem/ram_reg[55][4]
         datamem/ram_reg[55][3]
         datamem/ram_reg[55][2]
         datamem/ram_reg[55][1]
         datamem/ram_reg[55][0]
         datamem/ram_reg[54][15]
         datamem/ram_reg[54][14]
         datamem/ram_reg[54][13]
         datamem/ram_reg[54][12]
         datamem/ram_reg[54][11]
         datamem/ram_reg[54][10]
         datamem/ram_reg[54][9]
         datamem/ram_reg[54][8]
         datamem/ram_reg[54][7]
         datamem/ram_reg[54][6]
         datamem/ram_reg[54][5]
         datamem/ram_reg[54][4]
         datamem/ram_reg[54][3]
         datamem/ram_reg[54][2]
         datamem/ram_reg[54][1]
         datamem/ram_reg[54][0]
         datamem/ram_reg[53][15]
         datamem/ram_reg[53][14]
         datamem/ram_reg[53][13]
         datamem/ram_reg[53][12]
         datamem/ram_reg[53][11]
         datamem/ram_reg[53][10]
         datamem/ram_reg[53][9]
         datamem/ram_reg[53][8]
         datamem/ram_reg[53][7]
         datamem/ram_reg[53][6]
         datamem/ram_reg[53][5]
         datamem/ram_reg[53][4]
         datamem/ram_reg[53][3]
         datamem/ram_reg[53][2]
         datamem/ram_reg[53][1]
         datamem/ram_reg[53][0]
         datamem/ram_reg[52][15]
         datamem/ram_reg[52][14]
         datamem/ram_reg[52][13]
         datamem/ram_reg[52][12]
         datamem/ram_reg[52][11]
         datamem/ram_reg[52][10]
         datamem/ram_reg[52][9]
         datamem/ram_reg[52][8]
         datamem/ram_reg[52][7]
         datamem/ram_reg[52][6]
         datamem/ram_reg[52][5]
         datamem/ram_reg[52][4]
         datamem/ram_reg[52][3]
         datamem/ram_reg[52][2]
         datamem/ram_reg[52][1]
         datamem/ram_reg[52][0]
         datamem/ram_reg[51][15]
         datamem/ram_reg[51][14]
         datamem/ram_reg[51][13]
         datamem/ram_reg[51][12]
         datamem/ram_reg[51][11]
         datamem/ram_reg[51][10]
         datamem/ram_reg[51][9]
         datamem/ram_reg[51][8]
         datamem/ram_reg[51][7]
         datamem/ram_reg[51][6]
         datamem/ram_reg[51][5]
         datamem/ram_reg[51][4]
         datamem/ram_reg[51][3]
         datamem/ram_reg[51][2]
         datamem/ram_reg[51][1]
         datamem/ram_reg[51][0]
         datamem/ram_reg[50][15]
         datamem/ram_reg[50][14]
         datamem/ram_reg[50][13]
         datamem/ram_reg[50][12]
         datamem/ram_reg[50][11]
         datamem/ram_reg[50][10]
         datamem/ram_reg[50][9]
         datamem/ram_reg[50][8]
         datamem/ram_reg[50][7]
         datamem/ram_reg[50][6]
         datamem/ram_reg[50][5]
         datamem/ram_reg[50][4]
         datamem/ram_reg[50][3]
         datamem/ram_reg[50][2]
         datamem/ram_reg[50][1]
         datamem/ram_reg[50][0]
         datamem/ram_reg[49][15]
         datamem/ram_reg[49][14]
         datamem/ram_reg[49][13]
         datamem/ram_reg[49][12]
         datamem/ram_reg[49][11]
         datamem/ram_reg[49][10]
         datamem/ram_reg[49][9]
         datamem/ram_reg[49][8]
         datamem/ram_reg[49][7]
         datamem/ram_reg[49][6]
         datamem/ram_reg[49][5]
         datamem/ram_reg[49][4]
         datamem/ram_reg[49][3]
         datamem/ram_reg[49][2]
         datamem/ram_reg[49][1]
         datamem/ram_reg[49][0]
         datamem/ram_reg[48][15]
         datamem/ram_reg[48][14]
         datamem/ram_reg[48][13]
         datamem/ram_reg[48][12]
         datamem/ram_reg[48][11]
         datamem/ram_reg[48][10]
         datamem/ram_reg[48][9]
         datamem/ram_reg[48][8]
         datamem/ram_reg[48][7]
         datamem/ram_reg[48][6]
         datamem/ram_reg[48][5]
         datamem/ram_reg[48][4]
         datamem/ram_reg[48][3]
         datamem/ram_reg[48][2]
         datamem/ram_reg[48][1]
         datamem/ram_reg[48][0]
         datamem/ram_reg[47][15]
         datamem/ram_reg[47][14]
         datamem/ram_reg[47][13]
         datamem/ram_reg[47][12]
         datamem/ram_reg[47][11]
         datamem/ram_reg[47][10]
         datamem/ram_reg[47][9]
         datamem/ram_reg[47][8]
         datamem/ram_reg[47][7]
         datamem/ram_reg[47][6]
         datamem/ram_reg[47][5]
         datamem/ram_reg[47][4]
         datamem/ram_reg[47][3]
         datamem/ram_reg[47][2]
         datamem/ram_reg[47][1]
         datamem/ram_reg[47][0]
         datamem/ram_reg[46][15]
         datamem/ram_reg[46][14]
         datamem/ram_reg[46][13]
         datamem/ram_reg[46][12]
         datamem/ram_reg[46][11]
         datamem/ram_reg[46][10]
         datamem/ram_reg[46][9]
         datamem/ram_reg[46][8]
         datamem/ram_reg[46][7]
         datamem/ram_reg[46][6]
         datamem/ram_reg[46][5]
         datamem/ram_reg[46][4]
         datamem/ram_reg[46][3]
         datamem/ram_reg[46][2]
         datamem/ram_reg[46][1]
         datamem/ram_reg[46][0]
         datamem/ram_reg[45][15]
         datamem/ram_reg[45][14]
         datamem/ram_reg[45][13]
         datamem/ram_reg[45][12]
         datamem/ram_reg[45][11]
         datamem/ram_reg[45][10]
         datamem/ram_reg[45][9]
         datamem/ram_reg[45][8]
         datamem/ram_reg[45][7]
         datamem/ram_reg[45][6]
         datamem/ram_reg[45][5]
         datamem/ram_reg[45][4]
         datamem/ram_reg[45][3]
         datamem/ram_reg[45][2]
         datamem/ram_reg[45][1]
         datamem/ram_reg[45][0]
         datamem/ram_reg[44][15]
         datamem/ram_reg[44][14]
         datamem/ram_reg[44][13]
         datamem/ram_reg[44][12]
         datamem/ram_reg[44][11]
         datamem/ram_reg[44][10]
         datamem/ram_reg[44][9]
         datamem/ram_reg[44][8]
         datamem/ram_reg[44][7]
         datamem/ram_reg[44][6]
         datamem/ram_reg[44][5]
         datamem/ram_reg[44][4]
         datamem/ram_reg[44][3]
         datamem/ram_reg[44][2]
         datamem/ram_reg[44][1]
         datamem/ram_reg[44][0]
         datamem/ram_reg[43][15]
         datamem/ram_reg[43][14]
         datamem/ram_reg[43][13]
         datamem/ram_reg[43][12]
         datamem/ram_reg[43][11]
         datamem/ram_reg[43][10]
         datamem/ram_reg[43][9]
         datamem/ram_reg[43][8]
         datamem/ram_reg[43][7]
         datamem/ram_reg[43][6]
         datamem/ram_reg[43][5]
         datamem/ram_reg[43][4]
         datamem/ram_reg[43][3]
         datamem/ram_reg[43][2]
         datamem/ram_reg[43][1]
         datamem/ram_reg[43][0]
         datamem/ram_reg[42][15]
         datamem/ram_reg[42][14]
         datamem/ram_reg[42][13]
         datamem/ram_reg[42][12]
         datamem/ram_reg[42][11]
         datamem/ram_reg[42][10]
         datamem/ram_reg[42][9]
         datamem/ram_reg[42][8]
         datamem/ram_reg[42][7]
         datamem/ram_reg[42][6]
         datamem/ram_reg[42][5]
         datamem/ram_reg[42][4]
         datamem/ram_reg[42][3]
         datamem/ram_reg[42][2]
         datamem/ram_reg[42][1]
         datamem/ram_reg[42][0]
         datamem/ram_reg[41][15]
         datamem/ram_reg[41][14]
         datamem/ram_reg[41][13]
         datamem/ram_reg[41][12]
         datamem/ram_reg[41][11]
         datamem/ram_reg[41][10]
         datamem/ram_reg[41][9]
         datamem/ram_reg[41][8]
         datamem/ram_reg[41][7]
         datamem/ram_reg[41][6]
         datamem/ram_reg[41][5]
         datamem/ram_reg[41][4]
         datamem/ram_reg[41][3]
         datamem/ram_reg[41][2]
         datamem/ram_reg[41][1]
         datamem/ram_reg[41][0]
         datamem/ram_reg[40][15]
         datamem/ram_reg[40][14]
         datamem/ram_reg[40][13]
         datamem/ram_reg[40][12]
         datamem/ram_reg[40][11]
         datamem/ram_reg[40][10]
         datamem/ram_reg[40][9]
         datamem/ram_reg[40][8]
         datamem/ram_reg[40][7]
         datamem/ram_reg[40][6]
         datamem/ram_reg[40][5]
         datamem/ram_reg[40][4]
         datamem/ram_reg[40][3]
         datamem/ram_reg[40][2]
         datamem/ram_reg[40][1]
         datamem/ram_reg[40][0]
         datamem/ram_reg[39][15]
         datamem/ram_reg[39][14]
         datamem/ram_reg[39][13]
         datamem/ram_reg[39][12]
         datamem/ram_reg[39][11]
         datamem/ram_reg[39][10]
         datamem/ram_reg[39][9]
         datamem/ram_reg[39][8]
         datamem/ram_reg[39][7]
         datamem/ram_reg[39][6]
         datamem/ram_reg[39][5]
         datamem/ram_reg[39][4]
         datamem/ram_reg[39][3]
         datamem/ram_reg[39][2]
         datamem/ram_reg[39][1]
         datamem/ram_reg[39][0]
         datamem/ram_reg[38][15]
         datamem/ram_reg[38][14]
         datamem/ram_reg[38][13]
         datamem/ram_reg[38][12]
         datamem/ram_reg[38][11]
         datamem/ram_reg[38][10]
         datamem/ram_reg[38][9]
         datamem/ram_reg[38][8]
         datamem/ram_reg[38][7]
         datamem/ram_reg[38][6]
         datamem/ram_reg[38][5]
         datamem/ram_reg[38][4]
         datamem/ram_reg[38][3]
         datamem/ram_reg[38][2]
         datamem/ram_reg[38][1]
         datamem/ram_reg[38][0]
         datamem/ram_reg[37][15]
         datamem/ram_reg[37][14]
         datamem/ram_reg[37][13]
         datamem/ram_reg[37][12]
         datamem/ram_reg[37][11]
         datamem/ram_reg[37][10]
         datamem/ram_reg[37][9]
         datamem/ram_reg[37][8]
         datamem/ram_reg[37][7]
         datamem/ram_reg[37][6]
         datamem/ram_reg[37][5]
         datamem/ram_reg[37][4]
         datamem/ram_reg[37][3]
         datamem/ram_reg[37][2]
         datamem/ram_reg[37][1]
         datamem/ram_reg[37][0]
         datamem/ram_reg[36][15]
         datamem/ram_reg[36][14]
         datamem/ram_reg[36][13]
         datamem/ram_reg[36][12]
         datamem/ram_reg[36][11]
         datamem/ram_reg[36][10]
         datamem/ram_reg[36][9]
         datamem/ram_reg[36][8]
         datamem/ram_reg[36][7]
         datamem/ram_reg[36][6]
         datamem/ram_reg[36][5]
         datamem/ram_reg[36][4]
         datamem/ram_reg[36][3]
         datamem/ram_reg[36][2]
         datamem/ram_reg[36][1]
         datamem/ram_reg[36][0]
         datamem/ram_reg[35][15]
         datamem/ram_reg[35][14]
         datamem/ram_reg[35][13]
         datamem/ram_reg[35][12]
         datamem/ram_reg[35][11]
         datamem/ram_reg[35][10]
         datamem/ram_reg[35][9]
         datamem/ram_reg[35][8]
         datamem/ram_reg[35][7]
         datamem/ram_reg[35][6]
         datamem/ram_reg[35][5]
         datamem/ram_reg[35][4]
         datamem/ram_reg[35][3]
         datamem/ram_reg[35][2]
         datamem/ram_reg[35][1]
         datamem/ram_reg[35][0]
         datamem/ram_reg[34][15]
         datamem/ram_reg[34][14]
         datamem/ram_reg[34][13]
         datamem/ram_reg[34][12]
         datamem/ram_reg[34][11]
         datamem/ram_reg[34][10]
         datamem/ram_reg[34][9]
         datamem/ram_reg[34][8]
         datamem/ram_reg[34][7]
         datamem/ram_reg[34][6]
         datamem/ram_reg[34][5]
         datamem/ram_reg[34][4]
         datamem/ram_reg[34][3]
         datamem/ram_reg[34][2]
         datamem/ram_reg[34][1]
         datamem/ram_reg[34][0]
         datamem/ram_reg[33][15]
         datamem/ram_reg[33][14]
         datamem/ram_reg[33][13]
         datamem/ram_reg[33][12]
         datamem/ram_reg[33][11]
         datamem/ram_reg[33][10]
         datamem/ram_reg[33][9]
         datamem/ram_reg[33][8]
         datamem/ram_reg[33][7]
         datamem/ram_reg[33][6]
         datamem/ram_reg[33][5]
         datamem/ram_reg[33][4]
         datamem/ram_reg[33][3]
         datamem/ram_reg[33][2]
         datamem/ram_reg[33][1]
         datamem/ram_reg[33][0]
         datamem/ram_reg[32][15]
         datamem/ram_reg[32][14]
         datamem/ram_reg[32][13]
         datamem/ram_reg[32][12]
         datamem/ram_reg[32][11]
         datamem/ram_reg[32][10]
         datamem/ram_reg[32][9]
         datamem/ram_reg[32][8]
         datamem/ram_reg[32][7]
         datamem/ram_reg[32][6]
         datamem/ram_reg[32][5]
         datamem/ram_reg[32][4]
         datamem/ram_reg[32][3]
         datamem/ram_reg[32][2]
         datamem/ram_reg[32][1]
         datamem/ram_reg[32][0]
         datamem/ram_reg[31][15]
         datamem/ram_reg[31][14]
         datamem/ram_reg[31][13]
         datamem/ram_reg[31][12]
         datamem/ram_reg[31][11]
         datamem/ram_reg[31][10]
         datamem/ram_reg[31][9]
         datamem/ram_reg[31][8]
         datamem/ram_reg[31][7]
         datamem/ram_reg[31][6]
         datamem/ram_reg[31][5]
         datamem/ram_reg[31][4]
         datamem/ram_reg[31][3]
         datamem/ram_reg[31][2]
         datamem/ram_reg[31][1]
         datamem/ram_reg[31][0]
         datamem/ram_reg[30][15]
         datamem/ram_reg[30][14]
         datamem/ram_reg[30][13]
         datamem/ram_reg[30][12]
         datamem/ram_reg[30][11]
         datamem/ram_reg[30][10]
         datamem/ram_reg[30][9]
         datamem/ram_reg[30][8]
         datamem/ram_reg[30][7]
         datamem/ram_reg[30][6]
         datamem/ram_reg[30][5]
         datamem/ram_reg[30][4]
         datamem/ram_reg[30][3]
         datamem/ram_reg[30][2]
         datamem/ram_reg[30][1]
         datamem/ram_reg[30][0]
         datamem/ram_reg[29][15]
         datamem/ram_reg[29][14]
         datamem/ram_reg[29][13]
         datamem/ram_reg[29][12]
         datamem/ram_reg[29][11]
         datamem/ram_reg[29][10]
         datamem/ram_reg[29][9]
         datamem/ram_reg[29][8]
         datamem/ram_reg[29][7]
         datamem/ram_reg[29][6]
         datamem/ram_reg[29][5]
         datamem/ram_reg[29][4]
         datamem/ram_reg[29][3]
         datamem/ram_reg[29][2]
         datamem/ram_reg[29][1]
         datamem/ram_reg[29][0]
         datamem/ram_reg[28][15]
         datamem/ram_reg[28][14]
         datamem/ram_reg[28][13]
         datamem/ram_reg[28][12]
         datamem/ram_reg[28][11]
         datamem/ram_reg[28][10]
         datamem/ram_reg[28][9]
         datamem/ram_reg[28][8]
         datamem/ram_reg[28][7]
         datamem/ram_reg[28][6]
         datamem/ram_reg[28][5]
         datamem/ram_reg[28][4]
         datamem/ram_reg[28][3]
         datamem/ram_reg[28][2]
         datamem/ram_reg[28][1]
         datamem/ram_reg[28][0]
         datamem/ram_reg[27][15]
         datamem/ram_reg[27][14]
         datamem/ram_reg[27][13]
         datamem/ram_reg[27][12]
         datamem/ram_reg[27][11]
         datamem/ram_reg[27][10]
         datamem/ram_reg[27][9]
         datamem/ram_reg[27][8]
         datamem/ram_reg[27][7]
         datamem/ram_reg[27][6]
         datamem/ram_reg[27][5]
         datamem/ram_reg[27][4]
         datamem/ram_reg[27][3]
         datamem/ram_reg[27][2]
         datamem/ram_reg[27][1]
         datamem/ram_reg[27][0]
         datamem/ram_reg[26][15]
         datamem/ram_reg[26][14]
         datamem/ram_reg[26][13]
         datamem/ram_reg[26][12]
         datamem/ram_reg[26][11]
         datamem/ram_reg[26][10]
         datamem/ram_reg[26][9]
         datamem/ram_reg[26][8]
         datamem/ram_reg[26][7]
         datamem/ram_reg[26][6]
         datamem/ram_reg[26][5]
         datamem/ram_reg[26][4]
         datamem/ram_reg[26][3]
         datamem/ram_reg[26][2]
         datamem/ram_reg[26][1]
         datamem/ram_reg[26][0]
         datamem/ram_reg[25][15]
         datamem/ram_reg[25][14]
         datamem/ram_reg[25][13]
         datamem/ram_reg[25][12]
         datamem/ram_reg[25][11]
         datamem/ram_reg[25][10]
         datamem/ram_reg[25][9]
         datamem/ram_reg[25][8]
         datamem/ram_reg[25][7]
         datamem/ram_reg[25][6]
         datamem/ram_reg[25][5]
         datamem/ram_reg[25][4]
         datamem/ram_reg[25][3]
         datamem/ram_reg[25][2]
         datamem/ram_reg[25][1]
         datamem/ram_reg[25][0]
         datamem/ram_reg[24][15]
         datamem/ram_reg[24][14]
         datamem/ram_reg[24][13]
         datamem/ram_reg[24][12]
         datamem/ram_reg[24][11]
         datamem/ram_reg[24][10]
         datamem/ram_reg[24][9]
         datamem/ram_reg[24][8]
         datamem/ram_reg[24][7]
         datamem/ram_reg[24][6]
         datamem/ram_reg[24][5]
         datamem/ram_reg[24][4]
         datamem/ram_reg[24][3]
         datamem/ram_reg[24][2]
         datamem/ram_reg[24][1]
         datamem/ram_reg[24][0]
         datamem/ram_reg[23][15]
         datamem/ram_reg[23][14]
         datamem/ram_reg[23][13]
         datamem/ram_reg[23][12]
         datamem/ram_reg[23][11]
         datamem/ram_reg[23][10]
         datamem/ram_reg[23][9]
         datamem/ram_reg[23][8]
         datamem/ram_reg[23][7]
         datamem/ram_reg[23][6]
         datamem/ram_reg[23][5]
         datamem/ram_reg[23][4]
         datamem/ram_reg[23][3]
         datamem/ram_reg[23][2]
         datamem/ram_reg[23][1]
         datamem/ram_reg[23][0]
         datamem/ram_reg[22][15]
         datamem/ram_reg[22][14]
         datamem/ram_reg[22][13]
         datamem/ram_reg[22][12]
         datamem/ram_reg[22][11]
         datamem/ram_reg[22][10]
         datamem/ram_reg[22][9]
         datamem/ram_reg[22][8]
         datamem/ram_reg[22][7]
         datamem/ram_reg[22][6]
         datamem/ram_reg[22][5]
         datamem/ram_reg[22][4]
         datamem/ram_reg[22][3]
         datamem/ram_reg[22][2]
         datamem/ram_reg[22][1]
         datamem/ram_reg[22][0]
         datamem/ram_reg[21][15]
         datamem/ram_reg[21][14]
         datamem/ram_reg[21][13]
         datamem/ram_reg[21][12]
         datamem/ram_reg[21][11]
         datamem/ram_reg[21][10]
         datamem/ram_reg[21][9]
         datamem/ram_reg[21][8]
         datamem/ram_reg[21][7]
         datamem/ram_reg[21][6]
         datamem/ram_reg[21][5]
         datamem/ram_reg[21][4]
         datamem/ram_reg[21][3]
         datamem/ram_reg[21][2]
         datamem/ram_reg[21][1]
         datamem/ram_reg[21][0]
         datamem/ram_reg[20][15]
         datamem/ram_reg[20][14]
         datamem/ram_reg[20][13]
         datamem/ram_reg[20][12]
         datamem/ram_reg[20][11]
         datamem/ram_reg[20][10]
         datamem/ram_reg[20][9]
         datamem/ram_reg[20][8]
         datamem/ram_reg[20][7]
         datamem/ram_reg[20][6]
         datamem/ram_reg[20][5]
         datamem/ram_reg[20][4]
         datamem/ram_reg[20][3]
         datamem/ram_reg[20][2]
         datamem/ram_reg[20][1]
         datamem/ram_reg[20][0]
         datamem/ram_reg[19][15]
         datamem/ram_reg[19][14]
         datamem/ram_reg[19][13]
         datamem/ram_reg[19][12]
         datamem/ram_reg[19][11]
         datamem/ram_reg[19][10]
         datamem/ram_reg[19][9]
         datamem/ram_reg[19][8]
         datamem/ram_reg[19][7]
         datamem/ram_reg[19][6]
         datamem/ram_reg[19][5]
         datamem/ram_reg[19][4]
         datamem/ram_reg[19][3]
         datamem/ram_reg[19][2]
         datamem/ram_reg[19][1]
         datamem/ram_reg[19][0]
         datamem/ram_reg[18][15]
         datamem/ram_reg[18][14]
         datamem/ram_reg[18][13]
         datamem/ram_reg[18][12]
         datamem/ram_reg[18][11]
         datamem/ram_reg[18][10]
         datamem/ram_reg[18][9]
         datamem/ram_reg[18][8]
         datamem/ram_reg[18][7]
         datamem/ram_reg[18][6]
         datamem/ram_reg[18][5]
         datamem/ram_reg[18][4]
         datamem/ram_reg[18][3]
         datamem/ram_reg[18][2]
         datamem/ram_reg[18][1]
         datamem/ram_reg[18][0]
         datamem/ram_reg[17][15]
         datamem/ram_reg[17][14]
         datamem/ram_reg[17][13]
         datamem/ram_reg[17][12]
         datamem/ram_reg[17][11]
         datamem/ram_reg[17][10]
         datamem/ram_reg[17][9]
         datamem/ram_reg[17][8]
         datamem/ram_reg[17][7]
         datamem/ram_reg[17][6]
         datamem/ram_reg[17][5]
         datamem/ram_reg[17][4]
         datamem/ram_reg[17][3]
         datamem/ram_reg[17][2]
         datamem/ram_reg[17][1]
         datamem/ram_reg[17][0]
         datamem/ram_reg[16][15]
         datamem/ram_reg[16][14]
         datamem/ram_reg[16][13]
         datamem/ram_reg[16][12]
         datamem/ram_reg[16][11]
         datamem/ram_reg[16][10]
         datamem/ram_reg[16][9]
         datamem/ram_reg[16][8]
         datamem/ram_reg[16][7]
         datamem/ram_reg[16][6]
         datamem/ram_reg[16][5]
         datamem/ram_reg[16][4]
         datamem/ram_reg[16][3]
         datamem/ram_reg[16][2]
         datamem/ram_reg[16][1]
         datamem/ram_reg[16][0]
         datamem/ram_reg[15][15]
         datamem/ram_reg[15][14]
         datamem/ram_reg[15][13]
         datamem/ram_reg[15][12]
         datamem/ram_reg[15][11]
         datamem/ram_reg[15][10]
         datamem/ram_reg[15][9]
         datamem/ram_reg[15][8]
         datamem/ram_reg[15][7]
         datamem/ram_reg[15][6]
         datamem/ram_reg[15][5]
         datamem/ram_reg[15][4]
         datamem/ram_reg[15][3]
         datamem/ram_reg[15][2]
         datamem/ram_reg[15][1]
         datamem/ram_reg[15][0]
         datamem/ram_reg[14][15]
         datamem/ram_reg[14][14]
         datamem/ram_reg[14][13]
         datamem/ram_reg[14][12]
         datamem/ram_reg[14][11]
         datamem/ram_reg[14][10]
         datamem/ram_reg[14][9]
         datamem/ram_reg[14][8]
         datamem/ram_reg[14][7]
         datamem/ram_reg[14][6]
         datamem/ram_reg[14][5]
         datamem/ram_reg[14][4]
         datamem/ram_reg[14][3]
         datamem/ram_reg[14][2]
         datamem/ram_reg[14][1]
         datamem/ram_reg[14][0]
         datamem/ram_reg[13][15]
         datamem/ram_reg[13][14]
         datamem/ram_reg[13][13]
         datamem/ram_reg[13][12]
         datamem/ram_reg[13][11]
         datamem/ram_reg[13][10]
         datamem/ram_reg[13][9]
         datamem/ram_reg[13][8]
         datamem/ram_reg[13][7]
         datamem/ram_reg[13][6]
         datamem/ram_reg[13][5]
         datamem/ram_reg[13][4]
         datamem/ram_reg[13][3]
         datamem/ram_reg[13][2]
         datamem/ram_reg[13][1]
         datamem/ram_reg[13][0]
         datamem/ram_reg[12][15]
         datamem/ram_reg[12][14]
         datamem/ram_reg[12][13]
         datamem/ram_reg[12][12]
         datamem/ram_reg[12][11]
         datamem/ram_reg[12][10]
         datamem/ram_reg[12][9]
         datamem/ram_reg[12][8]
         datamem/ram_reg[12][7]
         datamem/ram_reg[12][6]
         datamem/ram_reg[12][5]
         datamem/ram_reg[12][4]
         datamem/ram_reg[12][3]
         datamem/ram_reg[12][2]
         datamem/ram_reg[12][1]
         datamem/ram_reg[12][0]
         datamem/ram_reg[11][15]
         datamem/ram_reg[11][14]
         datamem/ram_reg[11][13]
         datamem/ram_reg[11][12]
         datamem/ram_reg[11][11]
         datamem/ram_reg[11][10]
         datamem/ram_reg[11][9]
         datamem/ram_reg[11][8]
         datamem/ram_reg[11][7]
         datamem/ram_reg[11][6]
         datamem/ram_reg[11][5]
         datamem/ram_reg[11][4]
         datamem/ram_reg[11][3]
         datamem/ram_reg[11][2]
         datamem/ram_reg[11][1]
         datamem/ram_reg[11][0]
         datamem/ram_reg[10][15]
         datamem/ram_reg[10][14]
         datamem/ram_reg[10][13]
         datamem/ram_reg[10][12]
         datamem/ram_reg[10][11]
         datamem/ram_reg[10][10]
         datamem/ram_reg[10][9]
         datamem/ram_reg[10][8]
         datamem/ram_reg[10][7]
         datamem/ram_reg[10][6]
         datamem/ram_reg[10][5]
         datamem/ram_reg[10][4]
         datamem/ram_reg[10][3]
         datamem/ram_reg[10][2]
         datamem/ram_reg[10][1]
         datamem/ram_reg[10][0]
         datamem/ram_reg[9][15]
         datamem/ram_reg[9][14]
         datamem/ram_reg[9][13]
         datamem/ram_reg[9][12]
         datamem/ram_reg[9][11]
         datamem/ram_reg[9][10]
         datamem/ram_reg[9][9]
         datamem/ram_reg[9][8]
         datamem/ram_reg[9][7]
         datamem/ram_reg[9][6]
         datamem/ram_reg[9][5]
         datamem/ram_reg[9][4]
         datamem/ram_reg[9][3]
         datamem/ram_reg[9][2]
         datamem/ram_reg[9][1]
         datamem/ram_reg[9][0]
         datamem/ram_reg[8][15]
         datamem/ram_reg[8][14]
         datamem/ram_reg[8][13]
         datamem/ram_reg[8][12]
         datamem/ram_reg[8][11]
         datamem/ram_reg[8][10]
         datamem/ram_reg[8][9]
         datamem/ram_reg[8][8]
         datamem/ram_reg[8][7]
         datamem/ram_reg[8][6]
         datamem/ram_reg[8][5]
         datamem/ram_reg[8][4]
         datamem/ram_reg[8][3]
         datamem/ram_reg[8][2]
         datamem/ram_reg[8][1]
         datamem/ram_reg[8][0]
         datamem/ram_reg[7][15]
         datamem/ram_reg[7][14]
         datamem/ram_reg[7][13]
         datamem/ram_reg[7][12]
         datamem/ram_reg[7][11]
         datamem/ram_reg[7][10]
         datamem/ram_reg[7][9]
         datamem/ram_reg[7][8]
         datamem/ram_reg[7][7]
         datamem/ram_reg[7][6]
         datamem/ram_reg[7][5]
         datamem/ram_reg[7][4]
         datamem/ram_reg[7][3]
         datamem/ram_reg[7][2]
         datamem/ram_reg[7][1]
         datamem/ram_reg[7][0]
         datamem/ram_reg[6][15]
         datamem/ram_reg[6][14]
         datamem/ram_reg[6][13]
         datamem/ram_reg[6][12]
         datamem/ram_reg[6][11]
         datamem/ram_reg[6][10]
         datamem/ram_reg[6][9]
         datamem/ram_reg[6][8]
         datamem/ram_reg[6][7]
         datamem/ram_reg[6][6]
         datamem/ram_reg[6][5]
         datamem/ram_reg[6][4]
         datamem/ram_reg[6][3]
         datamem/ram_reg[6][2]
         datamem/ram_reg[6][1]
         datamem/ram_reg[6][0]
         datamem/ram_reg[5][15]
         datamem/ram_reg[5][14]
         datamem/ram_reg[5][13]
         datamem/ram_reg[5][12]
         datamem/ram_reg[5][11]
         datamem/ram_reg[5][10]
         datamem/ram_reg[5][9]
         datamem/ram_reg[5][8]
         datamem/ram_reg[5][7]
         datamem/ram_reg[5][6]
         datamem/ram_reg[5][5]
         datamem/ram_reg[5][4]
         datamem/ram_reg[5][3]
         datamem/ram_reg[5][2]
         datamem/ram_reg[5][1]
         datamem/ram_reg[5][0]
         datamem/ram_reg[4][15]
         datamem/ram_reg[4][14]
         datamem/ram_reg[4][13]
         datamem/ram_reg[4][12]
         datamem/ram_reg[4][11]
         datamem/ram_reg[4][10]
         datamem/ram_reg[4][9]
         datamem/ram_reg[4][8]
         datamem/ram_reg[4][7]
         datamem/ram_reg[4][6]
         datamem/ram_reg[4][5]
         datamem/ram_reg[4][4]
         datamem/ram_reg[4][3]
         datamem/ram_reg[4][2]
         datamem/ram_reg[4][1]
         datamem/ram_reg[4][0]
         datamem/ram_reg[3][15]
         datamem/ram_reg[3][14]
         datamem/ram_reg[3][13]
         datamem/ram_reg[3][12]
         datamem/ram_reg[3][11]
         datamem/ram_reg[3][10]
         datamem/ram_reg[3][9]
         datamem/ram_reg[3][8]
         datamem/ram_reg[3][7]
         datamem/ram_reg[3][6]
         datamem/ram_reg[3][5]
         datamem/ram_reg[3][4]
         datamem/ram_reg[3][3]
         datamem/ram_reg[3][2]
         datamem/ram_reg[3][1]
         datamem/ram_reg[3][0]
         datamem/ram_reg[2][15]
         datamem/ram_reg[2][14]
         datamem/ram_reg[2][13]
         datamem/ram_reg[2][12]
         datamem/ram_reg[2][11]
         datamem/ram_reg[2][10]
         datamem/ram_reg[2][9]
         datamem/ram_reg[2][8]
         datamem/ram_reg[2][7]
         datamem/ram_reg[2][6]
         datamem/ram_reg[2][5]
         datamem/ram_reg[2][4]
         datamem/ram_reg[2][3]
         datamem/ram_reg[2][2]
         datamem/ram_reg[2][1]
         datamem/ram_reg[2][0]
         datamem/ram_reg[1][15]
         datamem/ram_reg[1][14]
         datamem/ram_reg[1][13]
         datamem/ram_reg[1][12]
         datamem/ram_reg[1][11]
         datamem/ram_reg[1][10]
         datamem/ram_reg[1][9]
         datamem/ram_reg[1][8]
         datamem/ram_reg[1][7]
         datamem/ram_reg[1][6]
         datamem/ram_reg[1][5]
         datamem/ram_reg[1][4]
         datamem/ram_reg[1][3]
         datamem/ram_reg[1][2]
         datamem/ram_reg[1][1]
         datamem/ram_reg[1][0]
         datamem/ram_reg[0][15]
         datamem/ram_reg[0][14]
         datamem/ram_reg[0][13]
         datamem/ram_reg[0][12]
         datamem/ram_reg[0][11]
         datamem/ram_reg[0][10]
         datamem/ram_reg[0][9]
         datamem/ram_reg[0][8]
         datamem/ram_reg[0][7]
         datamem/ram_reg[0][6]
         datamem/ram_reg[0][5]
         datamem/ram_reg[0][4]
         datamem/ram_reg[0][3]
         datamem/ram_reg[0][2]
         datamem/ram_reg[0][1]
         datamem/ram_reg[0][0]

....Inferring feed-through connections....
Information: Test design rule checking completed. (TEST-123)
1
