Waste_Version	1.0
Num_X_Squares	52
Num_Y_Squares	52
Square_Width	115200
Square_Height	115200
Grid_Boundary	0	0	5923200	5904000
Start_Grid
   0   0   0   0   0   0   0   0   0   0   0   0   0   0   0   0   0   0   0   0   0   0   0   0   0   0   0   0   0   0   0   0   0   0   0   0   0   0   0   0   0   0   0   0   0   0   0   0   0   0   0   0
   0   0   0   0   0   0   0   0   0   0   0   0   0   0   0   0   0   0   0   0   0   0   0   0   0   0   0   0   0   0   0   0   0   0   0   0   0   0   0   0   0   0   0   0   0   0   0   0   0   0   0   0
   0   0   0   0   0   0   0   0   0   0   0   0   0   0   0   0   0   0   0   0   0   0   0   0   0   0   0   0   0   0   0   0   0   0   0   0   0   0   0   0   0   0   0   0   0   0   0   0   0   0   0   0
   0   0   0   0   0   0   0   0   0   0   0   0   0   0   0   0   0   0   0   0   0   0   0   0   0   0   0   0   0   0   0   0   0   0   0   0   0   0   0   0   0   0   0   0   0   0   0   0   0   0   0   0
   0   0   0   0   4   0   0   0   0   0   0   0   0   0   0   0   0   0   0   0   0   0   0   0   0   0   0   0   0   0   0   0   0   0   0   0   0   0   0   0   0   0   0   0   0   0   0   0   0   0   0   0
   0   0   0   0   0   0   0   0   0   0   0   0   0   0   0   0   0   0   0   0   0   0   0   0   0   0   0   0   0   0   0   0   0   0   0   0   0   0   0   0   0   0   0   0   0   0   0   0   0   0   0   0
   0   0   0   0   0   0   0   0   0   0   0   0   0   0   0   0   0   0   0   0   0   0   0   0   0   0   0   0   0   0   0   0   0   0   0   0   0   0   0   0   0   0   0   0   0   0   0   0   0   0   0   0
   0   0   0   0   0   0   0   0   0   0   0   0   0   0   0   0   0   0   0   0   0   0   0   0   0   0   0   0   0   0   0   0   0   0   0   0   0   0   0   0   0   0   0   0   0   0   0   0   0   0   0   0
   0   0   0   0   0   0   0   0   0   0   0   0   0   0   0   0   0   0   0   0   0   0   0   0   0   0   0   0   0   0   0   0   0   0   0   0   0   0   0   0   0   0   0   0   0   0   0   0   0   0   0   0
   0   0   0   0   0   0   0   0   0   0   0   0   0   0   0   0   0   0   0   0   0   0   0   0   0   0   0   0   0   0   0   0   0   0   0   0   0   0   0   0   0   0   0   0   0   0   0   0   0   0   0   0
   0   0   0   0   0   0   0   0   0   0   0   0   0   0   0   0   0   0   0   0   0   0   0   0   0   0   0   0   0   0   0   0   0   0   0   0   0   0   0   0   0   0   0   0   0   0   0   0   0   0   0   0
   0   0   0   0   0   0   0   0   0   0   0   0   0   0   0   0   0   0   0   0   0   0   0   0   0   0   0   0   0   0   0   0   0   0   0   0   0   0   0   0   0   0   0   0   0   0   0   0   0   0   0   0
   0   0   0   0   0   0   0   0   0   0   0   0   0   0   0   0   0   0   0   0   0   0   0   0   0   0   0   0   0   0   0   0   0   0   0   0   0   0   0   0   0   0   0   0   0   0   0   0   0   0   0   0
   0   0   0   0   0   0   0   0   0   0   0   0   0   0   0   0   0   0   0   0   0   0   0   0   0   0   0   0   0   0   0   0   0   0   0   0   0   0   0   0   0   0   0   0   0   0   0   0   0   0   0   0
   0   0   0   0   0   0   0   0   0   0   0   0   0   0   0   0   0   0   0   0   0   0   0   0   0   0   0   0   0   0   0   0   0   0   0   0   0   0   0   0   0   0   0   0   0   0   0   0   0   0   0   0
   0   0   0   0   0   0   0   0   0   0   0   0   0   0   0   0   0   0   0   0   0   0   0   0   0   0   0   0   0   0   0   0   0   0   0   0   0   0   0   0   0   0   0   0   0   0   0   0   0   0   0   0
   0   0   0   0   0   0   0   0   0   0   0   0   0   0   0   0   0   0   0   0   0   0   0   0   0   0   0   0   0   0   0   0   0   0   0   0   0   0   0   0   0   0   0   0   0   0   0   0   0   0   0   0
   0   0   0   0   0   0   0   0   0   0   0   0   0   0   0   0   0   0   0   0   0   0   0   0   0   0   0   0   0   0   0   0   0   0   0   0   0   0   0   0   0   0   0   0   0   0   0   0   0   0   0   0
   0   0   0   0   0   0   0   0   0   0   0   0   0   0   0   0   0   0   0   0   0   0   0   0   0   0   0   0   0   0   0   0   0   0   0   0   0   0   0   0   0   0   0   0   0   0   0   0   0   0   0   0
   0   0   0   0   0   0   0   0   0   0   0   0   0   0   0   0   0   0   0   0   0   0   0   0   0   0   0   0   0   0   0   0   0   0   0   0   0   0   0   0   0   0   0   0   0   0   0   0   0   0   0   0
   0   0   0   0   0   0   0   0   0   0   0   0   0   0   0   0   0   0   0   0   0   0   0   0   0   0   0   0   0   0   0   0   0   0   0   0   0   0   0   0   0   0   0   0   0   0   0   0   0   0   0   0
   0   0   0   0   0   0   0   0   0   0   0   0   0   0   0   0   0   0   0   0   0   0   0   0   0   0   0   0   0   0   0   0   0   0   0   0   0   0   0   0   0   0   0   0   0   0   0   0   0   0   0   0
   0   0   0   0   0   0   0   0   0   0   0   0   0   0   0   0   0   0   0   0   0   0   0   0   0   0   0   0   0   0   0   0   0   0   0   0   0   0   0   0   0   0   0   0   0   0   0   0   0   0   0   0
   0   0   0   0   0   0   0   0   0   0   0   0   0   0   0   0   0   0   0   0   0   0   0   0   0   0   0   0   0   0   0   0   0   0   0   0   0   0   0   0   0   0   0   0   0   0   0   0   0   0   0   0
   0   0   0   0   0   0   0   0   0   0   0   0   0   0   0   0   0   0   0   0   0   0   0   0   0   0   0   0   0   0   0   0   0   0   0   0   0   0   0   0   0   0   0   0   0   0   0   0   0   0   0   0
   0   0   0   0   0   0   0   0   0   0   0   0   0   0   0   0   0   0   0   0   0   0   0   0   0   0   0   0   0   0   0   0   0   0   0   0   0   0   0   0   0   0   0   0   0   0   0   0   0   0   0   0
   0   0   0   0   0   0   0   0   0   0   0   0   0   0   0   0   0   0   0   0   0   0   0   0   0   0   0   0   0   0   0   0   0   0   0   0   0   0   0   0   0   0   0   0   0   0   0   0   0   0   0   0
   0   0   0   0   0   0   0   0   0   0   0   0   0   0   0   0   0   0   0   0   0   0   0   0   0   0   0   0   0   0   0   0   0   0   0   0   0   0   0   0   0   0   0   0   0   0   0   0   0   0   0   0
   0   0   0   0   0   0   0   0   0   0   0   0   0   0   0   0   0   0   0   0   0   0   0   0   0   0   0   0   0   0   0   0   0   0   0   0   0   0   0   0   0   0   0   0   0   0   0   0   0   0   0   0
   0   0   0   0   0   0   0   0   0   0   0   0   0   0   0   0   0   0   0   0   0   0   0   0   0   0   0   0   0   0   0   0   0   0   0   0   0   0   0   0   0   0   0   0   0   0   0   0   0   0   0   0
   0   0   0   0   0   0   0   0   0   0   0   0   0   0   0   0   0   0   0   0   0   0   0   0   0   0   0   0   0   0   0   0   0   0   0   0   0   0   0   0   0   0   0   0   0   0   0   0   0   0   0   0
   0   0   0   0   0   0   0   0   0   0   0   0   0   0   0   0   0   0   0   0   0   0   0   0   0   0   0   0   0   0   0   0   0   0   0   0   0   0   0   0   0   0   0   0   0   0   0   0   0   0   0   0
   0   0   0   0   0   0   0   0   0   0   0   0   0   0   0   0   0   0   0   0   0   0   0   0   0   0   0   0   0   0   0   0   0   0   0   0   0   0   0   0   0   0   0   0   0   0   0   0   0   0   0   0
   0   0   0   0   0   0   0   0   0   0   0   0   0   0   0   0   0   0   0   0   0   0   0   0   0   0   0   0   0   0   0   0   0   0   0   0   0   0   0   0   0   0   0   0   0   0   0   0   0   0   0   0
   0   0   0   0   0   0   0   0   0   0   0   0   0   0   0   0   0   0   0   0   0   0   0   0   0   0   0   0   0   0   0   0   0   0   0   0   0   0   0   0   0   0   0   0   0   0   0   0   0   0   0   0
   0   0   0   0   0   0   0   0   0   0   0   0   0   0   0   0   0   0   0   0   0   0   0   0   0   0   0   0   0   0   0   0   0   0   0   0   0   0   0   0   0   0   0   0   0   0   0   0   0   0   0   0
   0   0   0   0   0   0   0   0   0   0   0   0   0   0   0   0   0   0   0   0   0   0   0   0   0   0   0   0   0   0   0   0   0   0   0   0   0   0   0   0   0   0   0   0   0   0   0   0   0   0   0   0
   0   0   0   0   0   0   0   0   0   0   0   0   0   0   0   0   0   0   0   0   0   0   0   0   0   0   0   0   0   0   0   0   0   0   0   0   0   0   0   0   0   0   0   0   0   0   0   0   0   0   0   0
   0   0   0   0   0   0   0   0   0   0   0   0   0   0   0   0   0   0   0   0   0   0   0   0   0   0   0   0   0   0   0   0   0   0   0   0   0   0   0   0   0   0   0   0   0   0   0   0   0   0   0   0
   0   0   0   0   0   0   0   0   0   0   0   0   0   0   0   0   0   0   0   0   0   0   0   0   0   0   0   0   0   0   0   0   0   0   0   0   0   0   0   0   0   0   0   0   0   0   0   0   0   0   0   0
   0   0   0   0   0   0   0   0   0   0   0   0   0   0   0   0   0   0   0   0   0   0   0   0   0   0   0   0   0   0   0   0   0   0   0   0   0   0   0   0   0   0   0   0   0   0   0   0   0   0   0   0
   0   0   0   0   0   0   0   0   0   0   0   0   0   0   0   0   0   0   0   0   0   0   0   0   0   0   0   0   0   0   0   0   0   0   0   0   0   0   0   0   0   0   0   0   0   0   0   0   0   0   0   0
   0   0   0   0   0   0   0   0   0   0   0   0   0   0   0   0   0   0   0   0   0   0   0   0   0   0   0   0   0   0   0   0   0   0   0   0   0   0   0   0   0   0   0   0   0   0   0   0   0   0   0   0
   0   0   0   0   0   0   0   0   0   0   0   0   0   0   0   0   0   0   0   0   0   0   0   0   0   0   0   0   0   0   0   0   0   0   0   0   0   0   0   0   0   0   0   0   0   0   0   0   0   0   0   0
   0   0   0   0   0   0   0   0   0   0   0   0   0   0   0   0   0   0   0   0   0   0   0   0   0   0   0   0   0   0   0   0   0   0   0   0   0   0   0   0   0   0   0   0   0   0   0   0   0   0   0   0
   0   0   0   0   0   0   0   0   0   0   0   0   0   0   0   0   0   0   0   0   0   0   0   0   0   0   0   0   0   0   0   0   0   0   0   0   0   0   0   0   0   0   0   0   0   0   0   0   0   0   0   0
   0   0   0   0   0   0   0   0   0   0   0   0   0   0   0   0   0   0   0   0   0   0   0   0   0   0   0   0   0   0   0   0   0   0   0   0   0   0   0   0   0   0   0   0   0   0   0   0   0   0   0   0
   0   0   0   0   0   0   0   0   0   0   0   0   0   0   0   0   0   0   0   0   0   0   0   0   0   0   0   0   0   0   0   0   0   0   0   0   0   0   0   0   0   0   0   0   0   0   0   0   0   0   0   0
   0   0   0   0   0   0   0   0   0   0   0   0   0   0   0   0   0   0   0   0   0   0   0   0   0   0   0   0   0   0   0   0   0   0   0   0   0   0   0   0   0   0   0   0   0   0   0   0   0   0   0   0
   0   0   0   0   0   0   0   0   0   0   0   0   0   0   0   0   0   0   0   0   0   0   0   0   0   0   0   0   0   0   0   0   0   0   0   0   0   0   0   0   0   0   0   0   0   0   0   0   0   0   0   0
   0   0   0   0   0   0   0   0   0   0   0   0   0   0   0   0   0   0   0   0   0   0   0   0   0   0   0   0   0   0   0   0   0   0   0   0   0   0   0   0   0   0   0   0   0   0   0   0   0   0   0   0
   0   0   0   0   0   0   0   0   0   0   0   0   0   0   0   0   0   0   0   0   0   0   0   0   0   0   0   0   0   0   0   0   0   0   0   0   0   0   0   0   0   0   0   0   0   0   0   0   0   0   0   0
End_Grid
Total_Grid_Waste	4
Start_Cell_Waste	21472
datamem/U2505	0	0.173723
datamem/U1135	0	0.0522377
datamem/U2230	0	0.241709
alu_unit/U58	0	0.0762693
datamem/U2433	0	0.455536
datamem/U1377	0	0.428974
datamem/U2745	0	0.169101
datamem/ram_reg[190][2]	0	0.127762
datamem/ram_reg[37][9]	0	0.444182
datamem/U4426	0	0.148924
datamem/U473	0	2.07192
datamem/U4541	0	1.67037
datamem/U2596	0	0.341435
datamem/ram_reg[142][12]	0	0.093912
datamem/U85	0	0.192002
datamem/U1116	0	0.0197029
datamem/U3984	0	0.189475
datamem/ram_reg[44][6]	0	1.99517
datamem/ram_reg[222][10]	0	0.171397
datamem/U1028	0	0.394074
datamem/ram_reg[98][3]	0	0.69762
datamem/U852	0	0.129402
datamem/ram_reg[76][2]	0	0.476038
datamem/ram_reg[178][13]	0	2.28238
datamem/ram_reg[172][8]	0	0.0352083
datamem/ram_reg[102][2]	0	0.364205
datamem/U1677	0	0.339479
datamem/ram_reg[94][0]	0	0.723877
datamem/ram_reg[65][14]	0	1.33027
datamem/ram_reg[71][8]	0	2.86403
datamem/U1509	0	0.220876
datamem/ram_reg[151][13]	0	0.408715
datamem/ram_reg[138][8]	0	0.449012
datamem/U1491	0	0.182975
datamem/ram_reg[61][11]	0	0.934144
datamem/ram_reg[82][7]	0	0.33755
datamem/ram_reg[18][4]	0	1.32334
datamem/ram_reg[62][14]	0	2.39437
datamem/ram_reg[66][0]	0	0.462014
datamem/ram_reg[58][13]	0	1.65866
datamem/ram_reg[225][5]	0	1.96537
datamem/ram_reg[157][1]	0	2.26669
datamem/ram_reg[229][12]	0	1.86622
datamem/ram_reg[117][5]	0	2.54852
datamem/ram_reg[250][2]	0	2.26268
datamem/ram_reg[14][14]	0	0.765316
datamem/ram_reg[47][2]	0	0.672535
datamem/ram_reg[184][2]	0	1.47676
datamem/ram_reg[122][9]	0	0.502087
datamem/ram_reg[237][4]	0	1.7088
datamem/ram_reg[56][15]	0	0.936983
datamem/ram_reg[211][2]	0	1.91097
datamem/ram_reg[253][1]	0	0.0608333
datamem/ram_reg[134][8]	0	0.110764
datamem/ram_reg[92][13]	0	2.14343
datamem/ram_reg[71][3]	0	2.01293
datamem/ram_reg[215][13]	0	0.439668
datamem/ram_reg[225][7]	0	0.164911
datamem/ram_reg[43][2]	0	2.07877
datamem/ram_reg[143][9]	0	0.189209
datamem/U2943	0	0.982407
datamem/ram_reg[102][0]	0	0.4562
datamem/ram_reg[4][11]	0	0.394757
datamem/ram_reg[145][10]	0	2.41207
datamem/ram_reg[188][10]	0	0.0861073
datamem/ram_reg[216][2]	0	0.0921258
datamem/ram_reg[11][8]	0	0.556269
datamem/ram_reg[9][6]	0	1.02431
datamem/ram_reg[16][5]	0	0.597843
datamem/ram_reg[182][1]	0	1.6131
datamem/ram_reg[85][4]	0	0.112492
datamem/ram_reg[66][5]	0	0.483395
datamem/ram_reg[16][15]	0	1.05508
datamem/ram_reg[33][2]	0	0.419707
datamem/ram_reg[208][8]	0	0.638229
datamem/ram_reg[83][7]	0	0.998461
datamem/ram_reg[57][12]	0	1.15308
datamem/ram_reg[62][11]	0	2.10524
datamem/ram_reg[114][5]	0	1.47594
datamem/ram_reg[244][2]	0	0.425428
datamem/ram_reg[92][7]	0	0.993495
datamem/ram_reg[211][0]	0	1.74948
datamem/ram_reg[51][8]	0	2.41782
datamem/ram_reg[60][2]	0	0.700741
datamem/ram_reg[226][7]	0	0.303198
datamem/ram_reg[61][15]	0	0.121582
datamem/ram_reg[82][13]	0	2.81676
datamem/ram_reg[67][5]	0	1.96056
datamem/ram_reg[78][9]	0	0.428584
datamem/ram_reg[61][13]	0	0.50907
datamem/ram_reg[117][3]	0	2.22003
datamem/ram_reg[135][14]	0	0.660818
datamem/ram_reg[239][9]	0	0.972886
datamem/ram_reg[106][12]	0	0.943206
datamem/ram_reg[115][7]	0	1.64775
datamem/U3819	0	1.78802
datamem/ram_reg[26][2]	0	0.527639
datamem/U1062	0	2.24914
PLACE_optlc_30790	0	2.07407
datamem/U4600	0	0.524491
datamem/U1132	0	0.466848
datamem/U4294	0	0.89488
datamem/U2634	0	0.151154
datamem/U296	0	1.01374
datamem/U1497	0	0.434151
PLACE_optlc_38105	0	1.08642
PLACE_optlc_37065	0	0.0864198
PLACE_optlc_37871	0	1.08642
PLACE_optlc_35180	0	1.08642
PLACE_optlc_36424	0	0.0864198
PLACE_optlc_34534	0	1.08642
PLACE_optlc_36254	0	0.0864198
PLACE_optlc_38042	0	1.08642
PLACE_optlc_36634	0	0.0864198
PLACE_optlc_37414	0	1.08642
PLACE_optlc_37408	0	1.08642
PLACE_optlc_34994	0	0.0864198
PLACE_optlc_36298	0	0.0864198
PLACE_optlc_34807	0	1.08642
PLACE_optlc_34856	0	0.0740741
PLACE_optlc_35080	0	0.0864198
PLACE_optlc_34788	0	0.0864198
PLACE_optlc_35631	0	0.0740741
datamem/ram_reg[173][6]	0	1.28291
datamem/U2119	0	1.46095
PLACE_optlc_35735	0	1.09877
PLACE_optlc_25628	0	2.09877
datamem/U306	0	0.79098
datamem/ram_reg[162][12]	0	0.584888
PLACE_optlc_31545	0	3.12346
PLACE_optlc_27885	0	1.12346
PLACE_optlc_30807	0	1.1358
PLACE_optlc_32795	0	1.1358
PLACE_optlc_31369	0	2.1358
PLACE_optlc_27362	0	1.02469
PLACE_optlc_30794	0	1.1358
PLACE_optlc_31413	0	1.03704
PLACE_optlc_33333	0	1.02469
PLACE_optlc_25880	0	2.1358
PLACE_optlc_32226	0	2.1358
PLACE_optlc_33509	0	2.1358
PLACE_optlc_31348	0	1.1358
PLACE_optlc_31818	0	1.1358
PLACE_optlc_30881	0	2.1358
PLACE_optlc_33829	0	1.1358
PLACE_optlc_26038	0	1.1358
PLACE_optlc_25735	0	1.1358
PLACE_optlc_29905	0	1.07407
PLACE_optlc_26190	0	0.135802
PLACE_optlc_26489	0	0.0864198
datamem/U802	0	0.601354
datamem/U208	0	1.1486
datamem/U4099	0	0.927627
datamem/U2841	0	0.380012
datamem/U679	0	0.152743
datamem/U3233	0	1.44735
PLACE_optlc_34024	0	2.14815
PLACE_optlc_28433	0	2.14815
PLACE_optlc_34366	0	2.14815
PLACE_optlc_33124	0	3.14815
PLACE_optlc_33337	0	1.08642
PLACE_optlc_26109	0	3.14815
PLACE_optlc_27309	0	2.14815
PLACE_optlc_33308	0	0.0864198
PLACE_optlc_27296	0	2.14815
PLACE_optlc_28585	0	2.14815
PLACE_optlc_26304	0	2.14815
PLACE_optlc_25917	0	3.14815
PLACE_optlc_34058	0	1.14815
PLACE_optlc_30988	0	2.14815
PLACE_optlc_26724	0	2.14815
datamem/ram_reg[220][3]	0	1.87014
datamem/U1420	0	1.01928
datamem/U1043	0	1.79625
PLACE_optlc_37196	0	1.16049
PLACE_optlc_33762	0	1.03704
PLACE_optlc_27543	0	2.16049
PLACE_optlc_31966	0	1.09877
PLACE_optlc_35565	0	2.16049
PLACE_optlc_26607	0	2.16049
PLACE_optlc_34114	0	0.160494
PLACE_optlc_34229	0	1.16049
PLACE_optlc_37595	0	1.16049
PLACE_optlc_36009	0	2.16049
PLACE_optlc_35045	0	2.16049
PLACE_optlc_28670	0	0.0617284
PLACE_optlc_26280	0	2.16049
datamem/U1776	0	1.31781
datamem/U4335	0	2.73162
datamem/U3330	0	2.10405
PLACE_optlc_37591	0	1.17284
datamem/ram_reg[64][2]	0	0.780455
datamem/ram_reg[93][0]	0	0.984923
datamem/ram_reg[167][13]	0	1.64024
datamem/ram_reg[161][14]	0	2.11801
datamem/ram_reg[82][11]	0	2.70144
datamem/ram_reg[90][2]	0	2.32739
PLACE_optlc_37964	0	0.185185
datamem/ram_reg[202][6]	0	0.517137
datamem/U3951	0	1.5799
datamem/ram_reg[123][6]	0	0.843611
datamem/ram_reg[29][12]	0	2.85462
PLACE_optlc_33391	0	2.1358
PLACE_optlc_31189	0	0.197531
PLACE_optlc_32293	0	2.19753
PLACE_optlc_26741	0	2.14815
PLACE_optlc_33685	0	1.20988
PLACE_optlc_25973	0	2.14815
PLACE_optlc_31333	0	3.20988
PLACE_optlc_26115	0	2.20988
datamem/U4278	0	0.791111
datamem/U3784	0	0.724711
datamem/ram_reg[12][5]	0	2.11772
datamem/U4158	0	0.848206
PLACE_optlc_31466	0	3.22222
PLACE_optlc_26224	0	1.22222
PLACE_optlc_35560	0	2.16049
PLACE_optlc_31275	0	1.06173
PLACE_optlc_27518	0	1.16049
PLACE_optlc_27600	0	1.16049
PLACE_optlc_25774	0	1.06173
PLACE_optlc_35423	0	0.160494
PLACE_optlc_29263	0	2.16049
PLACE_optlc_35087	0	1.22222
PLACE_optlc_34689	0	2.16049
PLACE_optlc_37603	0	1.22222
PLACE_optlc_27111	0	2.23457
PLACE_optlc_37596	0	0.17284
PLACE_optlc_33945	0	2.07407
PLACE_optlc_37616	0	2.17284
PLACE_optlc_26353	0	1.23457
PLACE_optlc_35428	0	3.23457
PLACE_optlc_28338	0	1.07407
datamem/U537	0	3.36326
datamem/U3404	0	0.472523
PLACE_optlc_38169	0	3.18519
PLACE_optlc_31743	0	2.24691
PLACE_optlc_36976	0	1.18519
PLACE_optlc_36912	0	0.185185
datamem/U1288	0	0.529711
datamem/U2430	0	1.77429
datamem/U1161	0	1.9794
datamem/ram_reg[163][8]	0	1.27166
datamem/ram_reg[63][3]	0	0.850251
PLACE_optlc_33946	0	2.14815
PLACE_optlc_29872	0	1.11111
PLACE_optlc_28901	0	4.2716
PLACE_optlc_32098	0	2.20988
PLACE_optlc_36618	0	0.148148
PLACE_optlc_25888	0	2.20988
PLACE_optlc_32834	0	1.20988
datamem/ram_reg[56][13]	0	0.679522
PLACE_optlc_33178	0	2.12346
PLACE_optlc_31371	0	0.0617284
PLACE_optlc_33825	0	0.222222
PLACE_optlc_27882	0	3.22222
datamem/U2927	0	0.712103
datamem/ram_reg[155][6]	0	2.85206
datamem/U1847	0	1.03029
datamem/U1682	0	1.73836
PLACE_optlc_38096	0	1.1358
PLACE_optlc_33860	0	0.0617284
PLACE_optlc_29015	0	0.17284
PLACE_optlc_33466	0	3.23457
PLACE_optlc_32195	0	1.23457
PLACE_optlc_28666	0	3.23457
PLACE_optlc_26864	0	1.17284
PLACE_optlc_36632	0	1.2963
PLACE_optlc_36060	0	1.23457
PLACE_optlc_27503	0	3.23457
datamem/ram_reg[60][12]	0	1.99456
PLACE_optlc_29581	0	0.185185
PLACE_optlc_28310	0	1.08642
PLACE_optlc_32015	0	1.12346
datamem/U4027	0	2.27846
datamem/ram_reg[103][9]	0	1.48478
datamem/U1191	0	0.987438
PLACE_optlc_29063	0	1.16049
PLACE_optlc_35272	0	0.259259
PLACE_optlc_28987	0	3.19753
PLACE_optlc_29084	0	1.19753
datamem/U40	0	0.302867
datamem/ram_reg[205][11]	0	1.48916
datamem/ram_reg[76][12]	0	4.21334
datamem/ram_reg[207][9]	0	0.372882
datamem/U2066	0	3.64277
PLACE_optlc_35398	0	1.2716
PLACE_optlc_33351	0	0.148148
datamem/ram_reg[36][5]	0	0.44439
datamem/U2581	0	1.73459
datamem/ram_reg[214][11]	0	2.30594
datamem/ram_reg[92][6]	0	0.457137
datamem/ram_reg[77][14]	0	0.642485
datamem/U1122	0	2.7084
datamem/U4045	0	0.351196
datamem/U3438	0	1.43059
datamem/U1118	0	2.70951
PLACE_optlc_34203	0	1.28395
PLACE_optlc_36350	0	0.283951
PLACE_optlc_33870	0	1.22222
PLACE_optlc_37588	0	1.16049
PLACE_optlc_31086	0	1.28395
PLACE_optlc_31637	0	2.34568
datamem/U1700	0	1.99255
datamem/U1293	0	1.36457
datamem/U3661	0	0.261327
datamem/U3119	0	2.19208
datamem/ram_reg[217][13]	0	0.413746
datamem/U1114	0	1.77443
datamem/U2121	0	0.425367
datamem/U1845	0	1.72772
datamem/U3410	0	2.81923
datamem/U1195	0	2.98409
datamem/U4081	0	1.35472
datamem/U4079	0	3.08917
datamem/U2215	0	0.598596
datamem/ram_reg[138][3]	0	1.39106
datamem/U331	0	1.44688
datamem/U3821	0	1.67992
datamem/U3904	0	3.33936
PLACE_optlc_27048	0	2.2963
datamem/U1200	0	0.816435
datamem/U3911	0	2.74976
datamem/U2067	0	1.81373
datamem/U3773	0	0.259579
datamem/ram_reg[197][2]	0	0.514529
datamem/U1929	0	1.61688
datamem/U2457	0	0.90338
datamem/U1218	0	1.25264
datamem/U1542	0	2.07167
datamem/ram_reg[223][10]	0	4.44706
datamem/U2972	0	1.22238
datamem/U268	0	1.28072
datamem/U2087	0	0.928823
datamem/ram_reg[218][6]	0	0.75647
datamem/ram_reg[209][1]	0	1.20876
datamem/U170	0	0.280401
datamem/ram_reg[3][3]	0	2.04598
datamem/U1087	0	1.62919
datamem/ram_reg[1][10]	0	0.272832
datamem/ram_reg[113][7]	0	1.62419
PLACE_optlc_30566	0	0.148148
PLACE_optlc_38153	0	1.04938
PLACE_optlc_27225	0	3.20988
PLACE_optlc_31705	0	1.30864
PLACE_optlc_28590	0	1.24691
PLACE_optlc_35950	0	0.148148
datamem/U931	0	0.340521
datamem/U600	0	2.78365
datamem/U1077	0	2.35041
datamem/ram_reg[201][10]	0	0.479124
datamem/U780	0	0.227535
PLACE_optlc_27287	0	2.32099
PLACE_optlc_38060	0	0.160494
datamem/ram_reg[148][11]	0	1.24653
datamem/U2500	0	0.918769
datamem/ram_reg[236][6]	0	1.79673
datamem/U1671	0	1.20198
PLACE_optlc_28219	0	0.271605
PLACE_optlc_30519	0	0.111111
PLACE_optlc_35686	0	0.271605
PLACE_optlc_32367	0	1.20988
PLACE_optlc_27734	0	2.23457
datamem/U3034	0	3.23179
PLACE_optlc_38229	0	1.28395
PLACE_optlc_33968	0	0.222222
PLACE_optlc_30068	0	2.11111
PLACE_optlc_37718	0	1.18519
PLACE_optlc_33642	0	1.22222
datamem/U1670	0	0.778573
datamem/ram_reg[4][15]	0	0.936566
datamem/U2158	0	0.342222
datamem/ram_reg[188][4]	0	2.17083
PLACE_optlc_30031	0	4.25926
PLACE_optlc_25873	0	2.2963
PLACE_optlc_37490	0	2.19753
PLACE_optlc_37166	0	2.17284
PLACE_optlc_32724	0	0.135802
PLACE_optlc_37187	0	0.135802
PLACE_optlc_34701	0	3.25926
PLACE_optlc_36130	0	2.25926
datamem/ram_reg[38][1]	0	3.62307
datamem/U474	0	2.14981
datamem/ram_reg[197][9]	0	1.33913
datamem/U30	0	3.79442
PLACE_optlc_37276	0	4.20988
PLACE_optlc_34165	0	1.08642
PLACE_optlc_37926	0	0.0987654
PLACE_optlc_38362	0	2.2716
PLACE_optlc_36894	0	2.2716
PLACE_optlc_36579	0	1.2716
PLACE_optlc_36319	0	1.14815
PLACE_optlc_33748	0	2.20988
PLACE_optlc_37334	0	3.18519
PLACE_optlc_34367	0	4.30864
PLACE_optlc_34928	0	1.11111
PLACE_optlc_36084	0	3.2716
PLACE_optlc_37794	0	2.20988
PLACE_optlc_34987	0	1.20988
PLACE_optlc_36075	0	2.20988
PLACE_optlc_37754	0	1.08642
datamem/ram_reg[0][1]	0	0.734649
PLACE_optlc_37257	0	0.160494
PLACE_optlc_36822	0	0.222222
PLACE_optlc_36830	0	2.22222
PLACE_optlc_34404	0	1.16049
PLACE_optlc_38371	0	3.22222
PLACE_optlc_31176	0	1.22222
PLACE_optlc_30184	0	1.16049
PLACE_optlc_36316	0	1.16049
PLACE_optlc_36124	0	2.32099
PLACE_optlc_38277	0	2.22222
PLACE_optlc_34183	0	3.11111
PLACE_optlc_35892	0	2.12346
PLACE_optlc_35443	0	0.320988
PLACE_optlc_35016	0	2.09877
PLACE_optlc_37642	0	2.22222
PLACE_optlc_28020	0	0.111111
PLACE_optlc_31632	0	0.111111
datamem/ram_reg[12][0]	0	0.674144
PLACE_optlc_27319	0	2.23457
PLACE_optlc_31477	0	1.2716
PLACE_optlc_33034	0	1.12346
PLACE_optlc_35165	0	1.23457
PLACE_optlc_35615	0	3.17284
PLACE_optlc_36652	0	4.2963
PLACE_optlc_35517	0	0.123457
datamem/ram_reg[19][0]	0	0.354136
datamem/U206	0	0.596535
datamem/ram_reg[134][5]	0	1.14198
datamem/U1630	0	1.60671
PLACE_optlc_36818	0	3.24691
PLACE_optlc_27610	0	1.30864
PLACE_optlc_27875	0	1.1358
PLACE_optlc_29430	0	1.1358
PLACE_optlc_32068	0	2.16049
PLACE_optlc_36105	0	0.246914
PLACE_optlc_29602	0	1.22222
PLACE_optlc_25897	0	0.135802
PLACE_optlc_38331	0	0.345679
PLACE_optlc_26915	0	2.12346
datamem/ram_reg[3][9]	0	0.325386
datamem/ram_reg[147][14]	0	0.819738
PLACE_optlc_33204	0	1.16049
PLACE_optlc_33154	0	3.19753
PLACE_optlc_32495	0	3.25926
PLACE_optlc_28234	0	0.148148
PLACE_optlc_25716	0	2.25926
PLACE_optlc_29549	0	1.19753
PLACE_optlc_33836	0	1.14815
PLACE_optlc_28564	0	2.14815
PLACE_optlc_29406	0	0.148148
PLACE_optlc_30291	0	0.197531
PLACE_optlc_36148	0	3.25926
PLACE_optlc_32496	0	1.14815
PLACE_optlc_31476	0	2.19753
PLACE_optlc_31469	0	2.19753
PLACE_optlc_28821	0	3.17284
PLACE_optlc_31438	0	4.23457
PLACE_optlc_30850	0	2.14815
PLACE_optlc_28792	0	3.25926
datamem/ram_reg[119][6]	0	0.72191
datamem/U3940	0	0.951929
datamem/U1387	0	2.8337
PLACE_optlc_26352	0	1.2716
PLACE_optlc_32887	0	1.14815
PLACE_optlc_28410	0	1.17284
PLACE_optlc_30503	0	0.160494
PLACE_optlc_34864	0	3.17284
PLACE_optlc_31456	0	1.2716
PLACE_optlc_26338	0	0.17284
PLACE_optlc_30585	0	1.16049
PLACE_optlc_30464	0	2.16049
PLACE_optlc_29902	0	3.2716
PLACE_optlc_32265	0	2.20988
PLACE_optlc_31898	0	0.160494
PLACE_optlc_28584	0	1.16049
PLACE_optlc_31299	0	0.148148
PLACE_optlc_33095	0	2.16049
PLACE_optlc_37052	0	0.148148
PLACE_optlc_27406	0	1.14815
PLACE_optlc_31935	0	0.160494
PLACE_optlc_30308	0	1.20988
PLACE_optlc_26420	0	1.16049
PLACE_optlc_32822	0	1.16049
PLACE_optlc_26560	0	1.17284
PLACE_optlc_29024	0	1.08642
PLACE_optlc_32811	0	0.308642
PLACE_optlc_30062	0	1.17284
PLACE_optlc_32303	0	2.20988
PLACE_optlc_30684	0	1.16049
PLACE_optlc_33279	0	1.16049
datamem/U3754	0	0.75782
datamem/U2455	0	2.7713
datamem/U3135	0	2.77968
datamem/ram_reg[164][5]	0	0.752319
PLACE_optlc_32731	0	0.222222
PLACE_optlc_27468	0	0.17284
PLACE_optlc_30515	0	0.17284
PLACE_optlc_30873	0	1.17284
PLACE_optlc_28689	0	2.18519
PLACE_optlc_27208	0	1.17284
PLACE_optlc_30254	0	3.28395
PLACE_optlc_33083	0	1.17284
PLACE_optlc_29803	0	0.17284
PLACE_optlc_31870	0	1.17284
PLACE_optlc_27681	0	0.17284
PLACE_optlc_30784	0	2.22222
PLACE_optlc_25635	0	2.25926
PLACE_optlc_33495	0	0.17284
PLACE_optlc_27249	0	1.16049
PLACE_optlc_31747	0	0.111111
PLACE_optlc_25883	0	0.17284
PLACE_optlc_29292	0	0.0987654
datamem/U1872	0	2.36197
datamem/ram_reg[2][2]	0	2.10334
datamem/ram_reg[235][10]	0	1.49383
datamem/ram_reg[114][4]	0	3.28729
datamem/U2579	0	1.16423
datamem/ram_reg[165][4]	0	3.57543
datamem/ram_reg[62][1]	0	0.184487
PLACE_optlc_27550	0	1.23457
PLACE_optlc_30108	0	2.18519
PLACE_optlc_27940	0	0.234568
PLACE_optlc_30118	0	0.185185
PLACE_optlc_37095	0	0.17284
PLACE_optlc_28887	0	1.18519
PLACE_optlc_29016	0	1.23457
PLACE_optlc_38271	0	1.18519
PLACE_optlc_30711	0	3.23457
PLACE_optlc_29454	0	1.23457
PLACE_optlc_33043	0	2.18519
datamem/U1495	0	3.7484
datamem/ram_reg[128][12]	0	0.115301
datamem/U657	0	0.552755
datamem/U65	0	2.84314
datamem/U1097	0	1.05771
datamem/ram_reg[173][1]	0	2.92755
datamem/U3	0	1.15973
datamem/U2329	0	3.14643
datamem/ram_reg[135][12]	0	0.205278
datamem/ram_reg[208][12]	0	0.597793
datamem/ram_reg[106][3]	0	0.744371
datamem/ram_reg[176][14]	0	0.688584
PLACE_optlc_28258	0	0.197531
PLACE_optlc_34032	0	0.185185
PLACE_optlc_31919	0	0.185185
PLACE_optlc_30437	0	0.135802
datamem/U2689	0	0.789232
datamem/ram_reg[70][13]	0	0.373873
datamem/ram_reg[186][2]	0	3.71867
datamem/ram_reg[240][2]	0	0.738823
datamem/ram_reg[66][11]	0	3.12645
datamem/ram_reg[210][3]	0	0.705309
datamem/ram_reg[148][13]	0	1.06218
datamem/ram_reg[17][7]	0	0.379904
PLACE_optlc_33388	0	3.20988
PLACE_optlc_29228	0	0.135802
PLACE_optlc_37108	0	0.148148
PLACE_optlc_33775	0	2.25926
PLACE_optlc_31355	0	1.14815
PLACE_optlc_37431	0	1.19753
datamem/ram_reg[183][9]	0	1.08658
datamem/ram_reg[233][6]	0	0.579765
datamem/ram_reg[210][14]	0	1.93844
datamem/ram_reg[11][6]	0	0.906238
datamem/U1280	0	0.553619
PLACE_optlc_33231	0	2.20988
PLACE_optlc_32522	0	1.17284
PLACE_optlc_31872	0	1.22222
PLACE_optlc_29095	0	1.16049
datamem/U2957	0	1.46441
datamem/ram_reg[163][12]	0	3.17243
datamem/ram_reg[59][10]	0	2.35163
datamem/U3293	0	2.05077
datamem/U3647	0	0.733052
PLACE_optlc_34445	0	0.407407
PLACE_optlc_38346	0	2.28395
datamem/U59	0	1.30038
PLACE_optlc_26538	0	1.19753
PLACE_optlc_36503	0	1.2963
PLACE_optlc_35078	0	1.25926
PLACE_optlc_27037	0	2.18519
PLACE_optlc_34182	0	3.2963
datamem/ram_reg[44][13]	0	1.55579
datamem/U223	0	0.888935
PLACE_optlc_31526	0	1.18519
PLACE_optlc_33767	0	1.19753
PLACE_optlc_35354	0	0.209877
PLACE_optlc_34147	0	1.19753
datamem/ram_reg[172][6]	0	0.373731
datamem/ram_reg[103][0]	0	0.284244
datamem/ram_reg[222][8]	0	0.223387
PLACE_optlc_34659	0	1.25926
PLACE_optlc_38325	0	0.271605
PLACE_optlc_34227	0	1.25926
PLACE_optlc_34474	0	3.38272
PLACE_optlc_36361	0	0.271605
PLACE_optlc_34442	0	1.2716
PLACE_optlc_27466	0	2.11111
datamem/ram_reg[248][2]	0	1.83194
datamem/U3652	0	0.742643
datamem/U2810	0	0.33125
datamem/U1142	0	2.03035
datamem/U2051	0	1.20643
datamem/U3567	0	2.619
PLACE_optlc_27419	0	0.333333
PLACE_optlc_26578	0	1.14815
PLACE_optlc_29001	0	1.28395
PLACE_optlc_34735	0	2.28395
datamem/ram_reg[242][11]	0	1.1031
PLACE_optlc_27873	0	0.296296
PLACE_optlc_27477	0	1.2963
PLACE_optlc_33755	0	0.283951
PLACE_optlc_38255	0	1.12346
datamem/U1026	0	3.21704
datamem/U3574	0	0.740922
datamem/ram_reg[142][10]	0	0.389479
datamem/ram_reg[225][6]	0	1.92791
datamem/ram_reg[67][6]	0	1.00208
datamem/U316	0	0.695791
datamem/ram_reg[26][3]	0	1.36771
PLACE_optlc_32666	0	0.296296
PLACE_optlc_28813	0	1.18519
PLACE_optlc_38094	0	0.296296
PLACE_optlc_37763	0	2.32099
PLACE_optlc_34863	0	0.308642
PLACE_optlc_28160	0	1.24691
PLACE_optlc_30336	0	0.308642
datamem/ram_reg[32][15]	0	1.59645
datamem/ram_reg[51][3]	0	1.0436
datamem/U1920	0	1.39476
datamem/ram_reg[217][14]	0	0.615108
PLACE_optlc_32829	0	1.32099
PLACE_optlc_33471	0	2.25926
PLACE_optlc_28236	0	1.25926
PLACE_optlc_37416	0	1.32099
PLACE_optlc_34034	0	0.320988
PLACE_optlc_29000	0	1.19753
PLACE_optlc_26153	0	1.30864
PLACE_optlc_30174	0	1.30864
PLACE_optlc_32171	0	2.25926
PLACE_optlc_29634	0	0.320988
PLACE_optlc_30486	0	1.24691
PLACE_optlc_31013	0	0.259259
datamem/ram_reg[37][14]	0	1.70509
datamem/U112	0	1.74992
PLACE_optlc_26092	0	0.271605
PLACE_optlc_32641	0	0.17284
PLACE_optlc_28448	0	2.33333
PLACE_optlc_27845	0	1.19753
PLACE_optlc_32718	0	1.33333
PLACE_optlc_28946	0	1.25926
PLACE_optlc_32058	0	1.22222
datamem/U3948	0	1.03415
datamem/U809	0	2.1038
datamem/U3720	0	1.00683
datamem/ram_reg[5][8]	0	0.720938
PLACE_optlc_26880	0	1.2963
PLACE_optlc_26801	0	0.283951
PLACE_optlc_36891	0	1.34568
datamem/U3010	0	2.50442
datamem/ram_reg[117][6]	0	0.780046
datamem/U1407	0	0.459703
datamem/U3884	0	0.464433
datamem/ram_reg[55][2]	0	1.67855
datamem/ram_reg[118][13]	0	0.591466
PLACE_optlc_29573	0	1.2963
PLACE_optlc_37203	0	1.23457
PLACE_optlc_36154	0	2.46914
PLACE_optlc_36326	0	0.296296
PLACE_optlc_34626	0	1.2963
PLACE_optlc_30687	0	1.34568
PLACE_optlc_27251	0	1.35802
PLACE_optlc_35852	0	2.35802
datamem/U2674	0	1.35573
datamem/ram_reg[163][6]	0	1.07914
datamem/ram_reg[99][15]	0	2.34946
datamem/U2485	0	0.417222
datamem/ram_reg[152][9]	0	3.32152
datamem/ram_reg[236][8]	0	2.80731
datamem/ram_reg[61][7]	0	0.859252
datamem/ram_reg[141][1]	0	0.292994
datamem/ram_reg[218][3]	0	0.567492
PLACE_optlc_31764	0	0.308642
PLACE_optlc_33252	0	2.30864
PLACE_optlc_33198	0	2.37037
datamem/ram_reg[0][8]	0	0.780768
datamem/U3366	0	2.29699
datamem/ram_reg[94][11]	0	0.457647
datamem/U3198	0	1.44137
PLACE_optlc_34551	0	0.222222
PLACE_optlc_30262	0	1.32099
PLACE_optlc_26215	0	1.32099
PLACE_optlc_38263	0	2.25926
PLACE_optlc_31429	0	0.320988
PLACE_optlc_34220	0	1.38272
datamem/ram_reg[49][3]	0	1.18119
datamem/ram_reg[101][6]	0	0.460154
datamem/U1243	0	2.68789
datamem/ram_reg[115][5]	0	0.530583
datamem/ram_reg[90][15]	0	1.73753
datamem/ram_reg[137][6]	0	2.6535
datamem/ram_reg[96][4]	0	2.70745
PLACE_optlc_28159	0	0.283951
PLACE_optlc_37681	0	0.333333
datamem/U2074	0	1.34688
datamem/ram_reg[159][3]	0	0.782693
datamem/U3815	0	1.3439
datamem/ram_reg[166][7]	0	2.10117
PLACE_optlc_26956	0	2.34568
PLACE_optlc_29112	0	1.24691
PLACE_optlc_27295	0	2.33333
PLACE_optlc_36458	0	1.34568
PLACE_optlc_33798	0	0.345679
PLACE_optlc_33538	0	1.34568
PLACE_optlc_29574	0	2.33333
datamem/ram_reg[3][10]	0	0.556555
PLACE_optlc_34301	0	0.345679
PLACE_optlc_34461	0	1.35802
PLACE_optlc_26752	0	2.35802
PLACE_optlc_37354	0	2.34568
datamem/ram_reg[163][15]	0	1.44478
datamem/U100	0	1.33532
datamem/ram_reg[2][11]	0	0.6426
datamem/ram_reg[173][4]	0	1.28361
datamem/ram_reg[66][8]	0	1.57564
datamem/ram_reg[247][3]	0	1.34409
PLACE_optlc_36414	0	2.4321
PLACE_optlc_33980	0	1.30864
PLACE_optlc_30326	0	1.2716
PLACE_optlc_33491	0	2.38272
PLACE_optlc_28240	0	2.48148
PLACE_optlc_33601	0	1.37037
PLACE_optlc_32838	0	0.246914
PLACE_optlc_35942	0	1.38272
PLACE_optlc_34573	0	1.2963
PLACE_optlc_33673	0	1.24691
datamem/U689	0	0.804525
datamem/ram_reg[194][6]	0	2.12805
PLACE_optlc_26011	0	0.234568
PLACE_optlc_37255	0	1.24691
PLACE_optlc_35487	0	0.308642
PLACE_optlc_33400	0	1.38272
datamem/ram_reg[213][15]	0	1.39895
datamem/ram_reg[140][5]	0	1.99251
datamem/U89	0	0.509437
datamem/U3870	0	0.876933
datamem/U1806	0	0.711512
datamem/ram_reg[238][4]	0	0.419425
PLACE_optlc_35324	0	1.40741
PLACE_optlc_36126	0	0.407407
PLACE_optlc_27987	0	1.39506
PLACE_optlc_31209	0	1.33333
PLACE_optlc_26490	0	0.234568
datamem/ram_reg[201][15]	0	0.819471
datamem/U4349	0	0.534163
datamem/U3517	0	1.12513
datamem/ram_reg[19][14]	0	0.829564
datamem/U218	0	1.81667
datamem/ram_reg[189][15]	0	0.740262
PLACE_optlc_25806	0	0.345679
PLACE_optlc_38074	0	0.395062
PLACE_optlc_33734	0	1.34568
PLACE_optlc_28796	0	0.308642
PLACE_optlc_33653	0	0.333333
datamem/ram_reg[185][15]	0	2.67347
datamem/ram_reg[166][5]	0	0.659205
PLACE_optlc_31508	0	1.37037
PLACE_optlc_26833	0	1.30864
PLACE_optlc_30322	0	1.40741
PLACE_optlc_37369	0	0.37037
PLACE_optlc_29821	0	1.41975
PLACE_optlc_32370	0	1.28395
PLACE_optlc_25823	0	1.25926
datamem/U2691	0	1.67356
datamem/U345	0	1.22484
datamem/U4080	0	1.47809
datamem/ram_reg[142][4]	0	2.45713
PLACE_optlc_32044	0	1.2716
PLACE_optlc_32913	0	1.33333
PLACE_optlc_34880	0	2.32099
PLACE_optlc_25930	0	1.37037
PLACE_optlc_31428	0	1.38272
datamem/ram_reg[190][14]	0	3.30771
datamem/U3941	0	1.141
datamem/U2955	0	2.20738
PLACE_optlc_26926	0	0.283951
PLACE_optlc_31902	0	1.38272
PLACE_optlc_36552	0	2.37037
PLACE_optlc_33895	0	0.444444
PLACE_optlc_31319	0	0.395062
PLACE_optlc_27087	0	0.308642
PLACE_optlc_30078	0	0.283951
datamem/U4025	0	0.751609
datamem/ram_reg[247][5]	0	3.4409
datamem/ram_reg[242][14]	0	3.37226
datamem/ram_reg[6][2]	0	1.66516
datamem/U3319	0	0.971003
datamem/ram_reg[189][13]	0	0.616034
datamem/U3117	0	0.797816
alu_unit/r58/U1_1	0	2.25703
datamem/U997	0	1.42718
PLACE_optlc_27387	0	1.45679
PLACE_optlc_37438	0	1.45679
PLACE_optlc_29337	0	1.44444
datamem/U2122	0	1.40844
datamem/ram_reg[153][15]	0	2.25298
datamem/U4264	0	0.926265
datamem/U595	0	0.537523
datamem/ram_reg[233][3]	0	1.42671
datamem/U4399	0	2.47448
datamem/ram_reg[168][14]	0	1.53359
PLACE_optlc_36492	0	1.48148
PLACE_optlc_25958	0	1.46914
PLACE_optlc_32713	0	2.45679
PLACE_optlc_37466	0	1.1358
PLACE_optlc_27381	0	0.283951
PLACE_optlc_36297	0	1.39506
PLACE_optlc_29524	0	2.46914
datamem/ram_reg[202][15]	0	2.83489
datamem/U2961	0	0.588214
datamem/U2989	0	0.578627
datamem/U359	0	1.4021
datamem/U4224	0	0.996373
datamem/U1206	0	0.749792
PLACE_optlc_35096	0	2.41975
PLACE_optlc_35478	0	1.25926
PLACE_optlc_36106	0	1.41975
datamem/U3777	0	2.73049
datamem/U2085	0	1.1311
datamem/U1833	0	2.98847
datamem/U1643	0	0.42392
datamem/ram_reg[39][10]	0	0.726512
datamem/U3804	0	0.358646
datamem/ram_reg[239][11]	0	0.723025
datamem/U890	0	0.696111
PLACE_optlc_27606	0	0.382716
PLACE_optlc_33009	0	1.33333
PLACE_optlc_33168	0	0.320988
datamem/ram_reg[91][10]	0	2.21654
datamem/U3130	0	1.82388
datamem/ram_reg[229][4]	0	1.17033
datamem/U4484	0	1.05764
PLACE_optlc_28545	0	1.34568
PLACE_optlc_30622	0	1.44444
PLACE_optlc_35371	0	1.44444
PLACE_optlc_35702	0	1.40741
PLACE_optlc_36693	0	0.345679
datamem/ram_reg[238][14]	0	0.459919
datamem/U49	0	1.20509
datamem/ram_reg[114][12]	0	2.39206
datamem/U1203	0	1.16122
datamem/U3008	0	0.643835
PLACE_optlc_26907	0	1.30864
PLACE_optlc_37888	0	2.40741
PLACE_optlc_36617	0	1.37037
PLACE_optlc_33403	0	1.35802
PLACE_optlc_27973	0	1.38272
datamem/ram_reg[68][12]	0	0.873395
PLACE_optlc_36794	0	1.32099
PLACE_optlc_31306	0	2.37037
PLACE_optlc_38372	0	3.37037
PLACE_optlc_29555	0	1.48148
PLACE_optlc_30675	0	1.35802
PLACE_optlc_30395	0	2.35802
PLACE_optlc_28250	0	0.37037
PLACE_optlc_35294	0	0.469136
PLACE_optlc_28617	0	1.40741
datamem/U4221	0	1.02353
datamem/ram_reg[167][11]	0	0.814113
datamem/U4312	0	0.708823
PLACE_optlc_34916	0	1.38272
PLACE_optlc_37607	0	0.481481
PLACE_optlc_34753	0	0.419753
PLACE_optlc_32245	0	0.469136
PLACE_optlc_34313	0	1.38272
PLACE_optlc_27909	0	1.32099
PLACE_optlc_34717	0	1.34568
PLACE_optlc_28967	0	2.41975
PLACE_optlc_30406	0	2.41975
PLACE_optlc_32342	0	2.41975
datamem/U926	0	1.30933
datamem/U1656	0	2.12213
PLACE_optlc_36997	0	0.407407
PLACE_optlc_36718	0	2.49383
PLACE_optlc_26730	0	0.333333
PLACE_optlc_36542	0	1.33333
PLACE_optlc_30348	0	1.4321
datamem/U1863	0	1.27746
datamem/ram_reg[172][5]	0	1.75464
datamem/U4503	0	1.77684
datamem/ram_reg[13][14]	0	1.7635
PLACE_optlc_38223	0	1.41975
PLACE_optlc_30443	0	0.283951
PLACE_optlc_36181	0	2.34568
PLACE_optlc_34400	0	1.2963
PLACE_optlc_28735	0	1.35802
PLACE_optlc_26710	0	0.432099
PLACE_optlc_37355	0	2.44444
PLACE_optlc_34198	0	2.55556
PLACE_optlc_28004	0	1.40741
PLACE_optlc_35940	0	1.49383
PLACE_optlc_37377	0	1.39506
PLACE_optlc_28879	0	0.345679
datamem/ram_reg[52][1]	0	1.57043
datamem/U4396	0	1.00337
PLACE_optlc_30577	0	0.45679
PLACE_optlc_37532	0	2.55556
PLACE_optlc_29089	0	0.358025
PLACE_optlc_32318	0	2.35802
PLACE_optlc_34254	0	0.419753
PLACE_optlc_30706	0	0.358025
PLACE_optlc_33714	0	1.30864
datamem/ram_reg[83][15]	0	0.715382
PLACE_optlc_37660	0	1.53086
PLACE_optlc_30587	0	1.4321
PLACE_optlc_27318	0	1.46914
PLACE_optlc_26195	0	0.469136
PLACE_optlc_35638	0	0.530864
PLACE_optlc_36314	0	1.37037
PLACE_optlc_31808	0	1.37037
PLACE_optlc_32423	0	1.35802
PLACE_optlc_33686	0	0.358025
PLACE_optlc_31792	0	1.37037
datamem/U3361	0	1.53396
datamem/U1219	0	2.40766
datamem/U4150	0	0.740035
datamem/ram_reg[122][15]	0	2.21948
datamem/U3053	0	2.17731
PLACE_optlc_29987	0	1.32099
PLACE_optlc_25816	0	1.46914
PLACE_optlc_33938	0	2.48148
PLACE_optlc_34249	0	0.493827
PLACE_optlc_31385	0	0.382716
PLACE_optlc_30148	0	0.320988
PLACE_optlc_26917	0	1.38272
PLACE_optlc_29191	0	1.45679
PLACE_optlc_28476	0	1.33333
PLACE_optlc_29473	0	1.44444
PLACE_optlc_26166	0	1.33333
datamem/ram_reg[28][0]	0	2.17697
datamem/ram_reg[150][11]	0	1.045
datamem/U684	0	0.978422
PLACE_optlc_31290	0	2.53086
PLACE_optlc_30093	0	2.37037
PLACE_optlc_26716	0	2.4321
PLACE_optlc_30344	0	2.4321
PLACE_optlc_33437	0	1.38272
PLACE_optlc_35304	0	1.49383
PLACE_optlc_30584	0	0.432099
PLACE_optlc_25710	0	1.45679
PLACE_optlc_33713	0	0.345679
PLACE_optlc_30862	0	0.407407
datamem/U10	0	0.54064
datamem/U4337	0	0.889178
datamem/U2879	0	2.62424
datamem/ram_reg[1][1]	0	0.603426
datamem/ram_reg[32][13]	0	1.35702
datamem/ram_reg[6][13]	0	2.66888
PLACE_optlc_35251	0	1.35802
PLACE_optlc_28238	0	1.44444
PLACE_optlc_31207	0	1.49383
PLACE_optlc_36051	0	0.407407
PLACE_optlc_31511	0	0.469136
PLACE_optlc_34912	0	2.44444
PLACE_optlc_27841	0	1.40741
PLACE_optlc_30971	0	0.345679
PLACE_optlc_27213	0	1.41975
PLACE_optlc_25732	0	1.30864
PLACE_optlc_31654	0	0.407407
datamem/U4486	0	2.82481
datamem/ram_reg[134][3]	0	3.01311
datamem/U3116	0	0.550841
datamem/ram_reg[26][4]	0	1.21322
PLACE_optlc_33029	0	2.37037
PLACE_optlc_29412	0	1.37037
PLACE_optlc_27697	0	1.35802
PLACE_optlc_31054	0	2.55556
PLACE_optlc_34931	0	1.37037
PLACE_optlc_28840	0	2.49383
PLACE_optlc_35809	0	0.395062
PLACE_optlc_32982	0	0.518519
PLACE_optlc_32855	0	0.308642
PLACE_optlc_26652	0	0.469136
datamem/U1711	0	2.48108
datamem/ram_reg[130][4]	0	1.12257
datamem/ram_reg[159][1]	0	0.779564
datamem/ram_reg[199][1]	0	2.70126
datamem/ram_reg[128][8]	0	1.76821
datamem/U2147	0	2.17629
datamem/U2759	0	0.542944
datamem/U3433	0	0.655374
PLACE_optlc_35825	0	1.44444
PLACE_optlc_27844	0	1.53086
PLACE_optlc_27007	0	1.39506
PLACE_optlc_29481	0	1.45679
PLACE_optlc_26247	0	1.37037
datamem/U3133	0	1.90042
datamem/ram_reg[159][8]	0	2.83966
datamem/ram_reg[0][10]	0	0.444464
PLACE_optlc_33111	0	0.432099
PLACE_optlc_28045	0	1.44444
PLACE_optlc_30397	0	1.28395
datamem/U4322	0	1.10024
datamem/U1110	0	0.811073
datamem/U2552	0	1.74338
PLACE_optlc_27360	0	1.23457
PLACE_optlc_34503	0	0.45679
PLACE_optlc_34052	0	1.35802
PLACE_optlc_36750	0	0.518519
PLACE_optlc_28461	0	1.40741
PLACE_optlc_38208	0	2.40741
datamem/ram_reg[83][6]	0	1.13427
datamem/ram_reg[233][4]	0	3.01527
datamem/ram_reg[229][15]	0	1.0746
datamem/U3450	0	1.84095
datamem/ram_reg[5][9]	0	2.46257
datamem/ram_reg[226][6]	0	0.608742
datamem/U4280	0	1.03157
datamem/ram_reg[216][9]	0	1.62021
datamem/ram_reg[178][11]	0	0.954043
datamem/U2699	0	0.597184
datamem/U66	0	1.03141
PLACE_optlc_33445	0	1.4321
PLACE_optlc_31671	0	1.35802
PLACE_optlc_29937	0	0.407407
PLACE_optlc_33341	0	1.35802
PLACE_optlc_34010	0	0.407407
PLACE_optlc_37360	0	0.530864
PLACE_optlc_34908	0	1.46914
datamem/ram_reg[52][3]	0	0.567018
datamem/ram_reg[90][10]	0	0.677087
datamem/ram_reg[14][0]	0	1.02887
datamem/ram_reg[71][6]	0	2.4316
PLACE_optlc_37581	0	1.38272
PLACE_optlc_34527	0	0.419753
PLACE_optlc_34209	0	1.37037
PLACE_optlc_30621	0	1.41975
PLACE_optlc_27488	0	2.45679
PLACE_optlc_33075	0	1.37037
datamem/U1741	0	1.92761
datamem/U2964	0	1.32412
datamem/U716	0	0.693661
datamem/ram_reg[14][3]	0	1.1228
PLACE_optlc_38334	0	1.4321
PLACE_optlc_27199	0	0.407407
PLACE_optlc_35636	0	1.44444
datamem/ram_reg[59][14]	0	0.59375
datamem/ram_reg[51][7]	0	0.589367
datamem/ram_reg[199][7]	0	2.06527
datamem/ram_reg[106][6]	0	1.05508
datamem/ram_reg[78][8]	0	0.733086
datamem/U2268	0	1.62392
datamem/ram_reg[110][12]	0	1.20154
datamem/U1419	0	0.706728
PLACE_optlc_35495	0	0.444444
PLACE_optlc_38112	0	1.50617
PLACE_optlc_29877	0	0.506173
PLACE_optlc_37963	0	0.493827
PLACE_optlc_27529	0	0.395062
PLACE_optlc_28060	0	0.444444
PLACE_optlc_36375	0	1.4321
PLACE_optlc_32357	0	2.40741
PLACE_optlc_31857	0	0.506173
datamem/U2538	0	0.725567
datamem/U944	0	1.01526
datamem/ram_reg[26][12]	0	0.813164
PLACE_optlc_26383	0	1.51852
PLACE_optlc_30484	0	1.35802
PLACE_optlc_35657	0	1.48148
PLACE_optlc_31912	0	0.493827
PLACE_optlc_33528	0	0.395062
datamem/ram_reg[139][4]	0	1.37628
datamem/U507	0	1.67095
datamem/U1927	0	0.511358
datamem/ram_reg[149][7]	0	1.20002
datamem/U2221	0	2.26696
PLACE_optlc_33723	0	1.49383
PLACE_optlc_26713	0	1.46914
PLACE_optlc_37467	0	0.444444
PLACE_optlc_31118	0	0.407407
PLACE_optlc_38211	0	0.481481
PLACE_optlc_26156	0	1.37037
PLACE_optlc_27463	0	1.53086
PLACE_optlc_36560	0	1.35802
datamem/ram_reg[2][7]	0	2.22349
datamem/ram_reg[4][1]	0	0.567824
datamem/U3670	0	0.639985
datamem/U2428	0	0.518144
datamem/U2573	0	1.13391
PLACE_optlc_30449	0	2.48148
PLACE_optlc_34110	0	0.555556
PLACE_optlc_37677	0	1.38272
PLACE_optlc_29977	0	0.358025
PLACE_optlc_29441	0	1.49383
PLACE_optlc_26398	0	2.48148
PLACE_optlc_35301	0	0.432099
PLACE_optlc_37535	0	1.37037
PLACE_optlc_32023	0	0.469136
PLACE_optlc_32601	0	0.320988
datamem/ram_reg[248][8]	0	1.25803
datamem/U942	0	1.2186
datamem/U2877	0	1.30068
datamem/ram_reg[1][5]	0	2.43025
datamem/ram_reg[97][12]	0	0.886389
datamem/ram_reg[44][7]	0	1.08277
PLACE_optlc_27699	0	1.44444
PLACE_optlc_32231	0	1.41975
PLACE_optlc_28550	0	1.44444
PLACE_optlc_33097	0	0.481481
datamem/ram_reg[16][11]	0	0.568549
datamem/ram_reg[229][7]	0	2.46939
datamem/U483	0	1.29501
datamem/U3431	0	1.02522
datamem/ram_reg[78][0]	0	1.02486
PLACE_optlc_38320	0	0.469136
PLACE_optlc_37782	0	0.382716
PLACE_optlc_37003	0	1.32099
PLACE_optlc_27122	0	0.444444
PLACE_optlc_30778	0	1.45679
PLACE_optlc_25996	0	0.45679
alu_unit/U37	0	1.34305
datamem/U2783	0	0.946782
datamem/U254	0	1.52256
datamem/U21	0	1.83871
alu_unit/r58/U1_2	0	0.490478
datamem/U666	0	1.48577
datamem/ram_reg[149][3]	0	0.845185
PLACE_optlc_26676	0	0.358025
PLACE_optlc_33180	0	1.40741
PLACE_optlc_36243	0	1.45679
PLACE_optlc_28704	0	1.48148
PLACE_optlc_28964	0	1.40741
PLACE_optlc_30355	0	0.469136
PLACE_optlc_31517	0	1.48148
PLACE_optlc_26993	0	1.41975
datamem/U1517	0	0.889329
datamem/U12	0	1.01403
datamem/ram_reg[106][10]	0	0.792242
datamem/ram_reg[236][12]	0	1.66445
datamem/ram_reg[70][14]	0	1.46316
datamem/ram_reg[78][6]	0	1.41787
PLACE_optlc_26454	0	1.48148
PLACE_optlc_36800	0	0.444444
PLACE_optlc_31991	0	0.308642
PLACE_optlc_29107	0	0.419753
PLACE_optlc_37810	0	0.419753
PLACE_optlc_33890	0	0.444444
PLACE_optlc_35937	0	1.46914
PLACE_optlc_32213	0	0.419753
PLACE_optlc_27694	0	0.54321
PLACE_optlc_29312	0	1.35802
datamem/ram_reg[19][5]	0	1.32244
datamem/U2792	0	1.84005
datamem/ram_reg[36][14]	0	1.09899
datamem/ram_reg[25][12]	0	0.994298
datamem/U3957	0	1.22225
PLACE_optlc_34056	0	1.55556
PLACE_optlc_37041	0	0.54321
PLACE_optlc_25925	0	1.44444
PLACE_optlc_35315	0	0.45679
datamem/ram_reg[203][14]	0	1.48704
datamem/U1508	0	0.676725
datamem/U1638	0	0.83265
PLACE_optlc_35635	0	0.444444
PLACE_optlc_27622	0	0.320988
PLACE_optlc_37600	0	1.50617
PLACE_optlc_33864	0	2.4321
PLACE_optlc_32115	0	0.444444
PLACE_optlc_34779	0	1.49383
PLACE_optlc_34450	0	0.493827
PLACE_optlc_28150	0	0.45679
PLACE_optlc_32645	0	0.37037
datamem/ram_reg[96][10]	0	1.63552
datamem/ram_reg[232][3]	0	0.673318
datamem/ram_reg[86][10]	0	0.633445
PLACE_optlc_33362	0	1.32099
PLACE_optlc_37251	0	0.506173
PLACE_optlc_28567	0	1.38272
PLACE_optlc_35264	0	0.469136
PLACE_optlc_31810	0	1.45679
PLACE_optlc_26837	0	1.44444
datamem/U4098	0	0.842647
datamem/U25	0	2.01881
datamem/U2725	0	1.63882
datamem/U1747	0	1.12304
datamem/ram_reg[182][6]	0	0.568997
datamem/U1923	0	0.592643
datamem/ram_reg[236][15]	0	1.21035
U131	0	0.505922
PLACE_optlc_37199	0	0.407407
PLACE_optlc_32765	0	0.407407
PLACE_optlc_36525	0	0.530864
PLACE_optlc_25987	0	1.37037
PLACE_optlc_32604	0	1.45679
PLACE_optlc_27516	0	0.518519
datamem/U3174	0	1.73596
PLACE_optlc_29715	0	1.53086
PLACE_optlc_30959	0	0.37037
PLACE_optlc_37260	0	1.55556
PLACE_optlc_36946	0	0.555556
PLACE_optlc_35585	0	0.419753
PLACE_optlc_32432	0	1.53086
PLACE_optlc_27394	0	0.530864
PLACE_optlc_28526	0	0.530864
PLACE_optlc_37244	0	0.469136
datamem/U4284	0	1.23209
datamem/U2884	0	0.694394
datamem/ram_reg[92][0]	0	1.35544
datamem/U930	0	0.910347
datamem/U3032	0	1.29746
datamem/ram_reg[125][8]	0	1.93096
datamem/U3608	0	1.71737
PLACE_optlc_34481	0	0.530864
PLACE_optlc_26001	0	0.45679
PLACE_optlc_36737	0	0.481481
PLACE_optlc_34448	0	1.39506
PLACE_optlc_30656	0	1.48148
PLACE_optlc_28672	0	1.4321
PLACE_optlc_33459	0	1.48148
PLACE_optlc_29580	0	1.49383
datamem/U2357	0	0.898318
datamem/U75	0	1.25343
datamem/ram_reg[0][13]	0	0.646319
PLACE_optlc_26032	0	1.55556
PLACE_optlc_35364	0	0.493827
PLACE_optlc_31152	0	1.44444
PLACE_optlc_33861	0	0.469136
PLACE_optlc_28994	0	0.493827
PLACE_optlc_32138	0	1.51852
PLACE_optlc_30974	0	0.493827
PLACE_optlc_25669	0	0.45679
PLACE_optlc_26080	0	1.4321
datamem/ram_reg[31][2]	0	0.89245
datamem/ram_reg[142][6]	0	0.594757
datamem/U250	0	1.12896
PLACE_optlc_30171	0	0.395062
PLACE_optlc_32227	0	1.46914
PLACE_optlc_31768	0	0.506173
PLACE_optlc_28961	0	0.518519
PLACE_optlc_35311	0	1.4321
PLACE_optlc_34903	0	1.49383
PLACE_optlc_35897	0	0.469136
datamem/U2519	0	1.05877
datamem/ram_reg[19][3]	0	1.67914
datamem/U2703	0	1.79354
PLACE_optlc_27274	0	0.54321
PLACE_optlc_31111	0	0.555556
PLACE_optlc_32859	0	1.48148
PLACE_optlc_28756	0	1.51852
PLACE_optlc_37905	0	0.345679
PLACE_optlc_30948	0	1.55556
datamem/U475	0	1.80779
datamem/U3602	0	1.6685
datamem/ram_reg[175][9]	0	0.859614
PLACE_optlc_28059	0	0.518519
PLACE_optlc_38179	0	1.50617
PLACE_optlc_31500	0	1.50617
PLACE_optlc_31564	0	1.55556
PLACE_optlc_25793	0	1.54321
PLACE_optlc_35098	0	0.493827
PLACE_optlc_37499	0	0.530864
PLACE_optlc_35823	0	0.555556
PLACE_optlc_27368	0	1.55556
PLACE_optlc_35233	0	0.54321
PLACE_optlc_26654	0	1.4321
datamem/ram_reg[218][12]	0	1.22998
datamem/ram_reg[154][6]	0	1.51228
datamem/U2575	0	0.71939
PLACE_optlc_33477	0	1.49383
PLACE_optlc_28691	0	1.39506
PLACE_optlc_25619	0	0.432099
PLACE_optlc_32479	0	1.53086
PLACE_optlc_30783	0	1.48148
PLACE_optlc_30011	0	1.55556
PLACE_optlc_35363	0	0.395062
PLACE_optlc_26407	0	1.46914
datamem/ram_reg[146][10]	0	1.2353
datamem/ram_reg[165][7]	0	1.01194
datamem/ram_reg[209][5]	0	0.531516
datamem/U1081	0	1.05684
datamem/U803	0	1.67431
datamem/ram_reg[98][11]	0	0.829109
datamem/ram_reg[244][4]	0	0.665737
PLACE_optlc_36763	0	1.53086
PLACE_optlc_27698	0	1.55556
PLACE_optlc_37717	0	0.469136
PLACE_optlc_37393	0	0.555556
PLACE_optlc_30926	0	0.493827
PLACE_optlc_34799	0	1.55556
PLACE_optlc_27921	0	0.469136
datamem/U535	0	0.856181
datamem/U123	0	1.31068
PLACE_optlc_35134	0	0.530864
PLACE_optlc_36620	0	0.555556
PLACE_optlc_35934	0	0.506173
PLACE_optlc_29755	0	1.45679
datamem/ram_reg[131][11]	0	1.36846
datamem/ram_reg[3][6]	0	0.57039
datamem/ram_reg[231][13]	0	2.46161
datamem/ram_reg[251][6]	0	1.17769
datamem/ram_reg[67][0]	0	1.00177
PLACE_optlc_34774	0	1.51852
PLACE_optlc_32278	0	0.481481
PLACE_optlc_32452	0	0.493827
PLACE_optlc_31819	0	1.55556
PLACE_optlc_33629	0	1.50617
PLACE_optlc_33876	0	0.54321
PLACE_optlc_29125	0	1.34568
PLACE_optlc_29960	0	0.518519
PLACE_optlc_32334	0	1.51852
datamem/U45	0	1.3016
datamem/U1417	0	1.10328
datamem/ram_reg[202][10]	0	1.68615
datamem/U2325	0	1.20683
datamem/U2992	0	1.42903
PLACE_optlc_29214	0	1.50617
PLACE_optlc_32273	0	0.382716
PLACE_optlc_35986	0	1.53086
PLACE_optlc_28622	0	1.53086
PLACE_optlc_26169	0	1.49383
PLACE_optlc_35724	0	0.54321
PLACE_optlc_28930	0	0.54321
datamem/ram_reg[69][0]	0	0.845694
datamem/ram_reg[70][12]	0	1.76865
datamem/U3298	0	1.034
datamem/U593	0	0.719468
PLACE_optlc_27559	0	0.333333
PLACE_optlc_35479	0	1.51852
PLACE_optlc_33896	0	0.506173
PLACE_optlc_27250	0	1.55556
PLACE_optlc_28779	0	0.518519
PLACE_optlc_37923	0	1.46914
PLACE_optlc_32467	0	0.54321
PLACE_optlc_29756	0	1.54321
PLACE_optlc_27787	0	1.54321
PLACE_optlc_28369	0	0.481481
datamem/ram_reg[1][11]	0	2.23433
datamem/ram_reg[8][12]	0	1.5824
datamem/U15	0	1.30815
PLACE_optlc_31840	0	0.530864
PLACE_optlc_30834	0	0.530864
PLACE_optlc_34390	0	1.46914
PLACE_optlc_31236	0	1.53086
PLACE_optlc_30351	0	1.53086
datamem/ram_reg[53][7]	0	0.810775
datamem/U4161	0	1.26925
datamem/U101	0	0.556111
datamem/U4222	0	1.04159
SpareCell_1_2	0	0.662809
datamem/ram_reg[216][13]	0	0.718391
datamem/U3231	0	1.27586
datamem/U3918	0	0.594742
PLACE_optlc_27634	0	1.55556
PLACE_optlc_28411	0	0.333333
PLACE_optlc_27053	0	0.481481
PLACE_optlc_37513	0	0.555556
PLACE_optlc_32484	0	1.49383
PLACE_optlc_33874	0	1.53086
PLACE_optlc_36083	0	0.530864
datamem/ram_reg[169][15]	0	1.29081
datamem/ram_reg[200][10]	0	1.24704
datamem/ram_reg[33][6]	0	0.582782
PLACE_optlc_34385	0	1.55556
PLACE_optlc_30183	0	0.530864
PLACE_optlc_36208	0	1.51852
PLACE_optlc_26890	0	0.493827
PLACE_optlc_29645	0	1.55556
datamem/ram_reg[52][6]	0	1.72632
datamem/ram_reg[61][5]	0	1.17873
datamem/U2001	0	1.19725
datamem/ram_reg[196][10]	0	1.66978
PLACE_optlc_29158	0	0.45679
PLACE_optlc_25852	0	0.530864
PLACE_optlc_27181	0	1.45679
PLACE_optlc_32658	0	1.53086
datamem/U563	0	0.620829
datamem/ram_reg[203][12]	0	2.34436
datamem/ram_reg[162][10]	0	1.80314
datamem/U1291	0	0.946393
datamem/U257	0	0.617068
datamem/ram_reg[90][11]	0	0.560714
PLACE_optlc_27638	0	1.46914
PLACE_optlc_37200	0	1.55556
PLACE_optlc_33026	0	1.55556
PLACE_optlc_37117	0	1.55556
PLACE_optlc_26687	0	0.432099
PLACE_optlc_33608	0	1.50617
datamem/ram_reg[174][15]	0	0.871555
datamem/ram_reg[114][1]	0	0.620448
datamem/U4063	0	1.44634
datamem/ram_reg[104][14]	0	0.666983
PLACE_optlc_30165	0	0.518519
PLACE_optlc_38146	0	0.530864
PLACE_optlc_38316	0	1.40741
PLACE_optlc_36663	0	0.518519
PLACE_optlc_31512	0	0.54321
PLACE_optlc_28259	0	0.518519
PLACE_optlc_35737	0	1.55556
datamem/ram_reg[94][10]	0	0.602755
datamem/U4509	0	1.28801
datamem/U2941	0	0.682296
datamem/ram_reg[3][4]	0	0.732936
datamem/U129	0	1.15658
datamem/ram_reg[7][1]	0	1.41182
PLACE_optlc_26945	0	1.54321
PLACE_optlc_29221	0	1.48148
PLACE_optlc_31550	0	0.518519
PLACE_optlc_34714	0	0.555556
PLACE_optlc_31609	0	1.53086
datamem/ram_reg[46][11]	0	0.889186
datamem/ram_reg[232][12]	0	1.34517
datamem/U4195	0	1.05205
datamem/U4029	0	1.07463
PLACE_optlc_36871	0	1.55556
PLACE_optlc_27772	0	1.4321
PLACE_optlc_30402	0	1.54321
PLACE_optlc_34741	0	0.555556
PLACE_optlc_34622	0	1.4321
PLACE_optlc_36214	0	0.518519
PLACE_optlc_28120	0	1.55556
datamem/ram_reg[29][15]	0	0.848441
datamem/U2652	0	1.70682
datamem/ram_reg[61][8]	0	0.948966
alu_unit/U34	0	1.73642
datamem/ram_reg[94][7]	0	0.778326
datamem/U141	0	1.24009
datamem/U4153	0	0.597662
PLACE_optlc_26323	0	1.54321
PLACE_optlc_36006	0	0.493827
PLACE_optlc_27090	0	1.53086
PLACE_optlc_32312	0	0.419753
PLACE_optlc_28233	0	0.518519
PLACE_optlc_26042	0	0.518519
PLACE_optlc_32970	0	1.55556
datamem/ram_reg[88][8]	0	1.43161
datamem/ram_reg[204][2]	0	1.8412
datamem/U1411	0	0.931242
datamem/U3422	0	0.86216
datamem/U3687	0	0.904853
datamem/ram_reg[28][14]	0	0.616327
datamem/U302	0	0.80485
PLACE_optlc_30195	0	0.469136
PLACE_optlc_33854	0	1.53086
PLACE_optlc_29195	0	1.39506
PLACE_optlc_31921	0	0.518519
datamem/ram_reg[29][10]	0	0.951184
datamem/ram_reg[110][3]	0	0.619923
datamem/U4287	0	0.889097
PLACE_optlc_35650	0	0.530864
PLACE_optlc_28772	0	0.518519
PLACE_optlc_34334	0	1.53086
PLACE_optlc_36472	0	2.4321
PLACE_optlc_34330	0	0.555556
PLACE_optlc_29632	0	0.54321
PLACE_optlc_33021	0	0.506173
datamem/U4564	0	0.70983
datamem/U1178	0	0.765737
datamem/U1767	0	1.80172
datamem/U60	0	1.46702
datamem/U1281	0	0.62294
datamem/U354	0	0.956686
alu_unit/r58/U1_3	0	1.63924
PLACE_optlc_29781	0	0.54321
PLACE_optlc_27521	0	0.444444
PLACE_optlc_25933	0	0.469136
PLACE_optlc_29856	0	1.54321
PLACE_optlc_32753	0	2.49383
PLACE_optlc_26918	0	1.54321
PLACE_optlc_34687	0	1.55556
PLACE_optlc_32009	0	0.506173
datamem/U3123	0	0.965895
datamem/U31	0	0.791165
datamem/U4428	0	1.24909
datamem/ram_reg[141][15]	0	1.32603
datamem/U465	0	0.959688
datamem/U350	0	1.12389
PLACE_optlc_30440	0	1.51852
PLACE_optlc_30719	0	1.4321
PLACE_optlc_30963	0	0.530864
PLACE_optlc_35853	0	1.53086
PLACE_optlc_34842	0	0.493827
PLACE_optlc_29982	0	1.51852
datamem/ram_reg[189][4]	0	0.829807
datamem/ram_reg[20][9]	0	1.11156
datamem/ram_reg[6][8]	0	1.29857
PLACE_optlc_32075	0	1.55556
PLACE_optlc_30727	0	1.44444
PLACE_optlc_34692	0	1.45679
PLACE_optlc_27124	0	0.530864
PLACE_optlc_34465	0	0.555556
PLACE_optlc_38200	0	1.55556
PLACE_optlc_30900	0	1.48148
datamem/U1111	0	1.44791
datamem/ram_reg[218][14]	0	0.804529
PLACE_optlc_36268	0	0.530864
PLACE_optlc_38082	0	1.53086
PLACE_optlc_35599	0	0.530864
PLACE_optlc_31652	0	1.55556
PLACE_optlc_31893	0	1.45679
PLACE_optlc_31265	0	1.55556
datamem/U4203	0	0.737944
datamem/U1566	0	0.675039
datamem/U2063	0	0.832824
datamem/ram_reg[211][13]	0	0.826802
datamem/ram_reg[82][5]	0	0.668299
PLACE_optlc_35647	0	1.55556
PLACE_optlc_34388	0	0.555556
PLACE_optlc_27552	0	0.444444
PLACE_optlc_29259	0	1.54321
PLACE_optlc_34865	0	1.53086
PLACE_optlc_30768	0	1.55556
PLACE_optlc_34681	0	0.530864
datamem/U3922	0	1.1416
datamem/U1279	0	0.711146
PLACE_optlc_32758	0	0.530864
PLACE_optlc_27615	0	0.481481
PLACE_optlc_30530	0	1.55556
PLACE_optlc_30063	0	0.54321
PLACE_optlc_34614	0	0.555556
PLACE_optlc_35339	0	1.53086
PLACE_optlc_31268	0	0.506173
PLACE_optlc_28149	0	0.54321
datamem/U947	0	0.722191
datamem/ram_reg[36][11]	0	1.59993
datamem/U3629	0	0.800336
datamem/ram_reg[218][10]	0	1.13847
datamem/ram_reg[116][8]	0	0.742639
datamem/ram_reg[19][9]	0	1.4514
datamem/U1664	0	0.763368
datamem/ram_reg[119][1]	0	0.77211
PLACE_optlc_34480	0	1.50617
PLACE_optlc_36729	0	0.555556
PLACE_optlc_30972	0	1.55556
PLACE_optlc_32751	0	1.45679
PLACE_optlc_35533	0	0.530864
PLACE_optlc_29749	0	1.46914
PLACE_optlc_35049	0	0.469136
PLACE_optlc_35494	0	0.555556
PLACE_optlc_38352	0	0.555556
datamem/ram_reg[65][1]	0	0.781937
datamem/ram_reg[75][9]	0	0.628866
datamem/ram_reg[157][8]	0	1.95704
PLACE_optlc_38041	0	1.54321
PLACE_optlc_35157	0	1.49383
PLACE_optlc_28474	0	1.53086
PLACE_optlc_28206	0	1.55556
PLACE_optlc_37145	0	1.53086
PLACE_optlc_27821	0	0.54321
PLACE_optlc_35862	0	1.51852
PLACE_optlc_26377	0	1.51852
PLACE_optlc_36085	0	1.55556
PLACE_optlc_26149	0	0.518519
datamem/ram_reg[224][7]	0	1.22486
datamem/ram_reg[222][12]	0	1.66318
datamem/ram_reg[153][4]	0	1.31757
PLACE_optlc_29997	0	0.54321
PLACE_optlc_30227	0	1.46914
PLACE_optlc_27540	0	0.54321
PLACE_optlc_25618	0	1.54321
PLACE_optlc_33674	0	0.518519
PLACE_optlc_30748	0	0.518519
PLACE_optlc_28966	0	0.530864
PLACE_optlc_30701	0	0.530864
datamem/U604	0	2.11032
datamem/U348	0	0.934911
datamem/U118	0	1.29251
datamem/U1895	0	0.901979
datamem/ram_reg[94][5]	0	0.824699
PLACE_optlc_28619	0	1.53086
PLACE_optlc_28635	0	0.530864
PLACE_optlc_35915	0	0.555556
PLACE_optlc_30894	0	1.54321
PLACE_optlc_33780	0	0.54321
PLACE_optlc_26282	0	0.518519
PLACE_optlc_30700	0	1.55556
PLACE_optlc_29309	0	0.469136
datamem/U1707	0	0.845085
U135	0	1.55951
datamem/ram_reg[38][14]	0	0.904228
datamem/ram_reg[96][11]	0	2.21684
PLACE_optlc_33442	0	0.493827
PLACE_optlc_36199	0	0.555556
PLACE_optlc_38304	0	0.518519
PLACE_optlc_27471	0	0.54321
PLACE_optlc_34959	0	0.432099
PLACE_optlc_29461	0	0.54321
PLACE_optlc_28036	0	0.481481
PLACE_optlc_33676	0	1.50617
PLACE_optlc_28287	0	0.45679
PLACE_optlc_25734	0	1.51852
datamem/ram_reg[185][7]	0	1.27693
datamem/ram_reg[99][12]	0	0.76615
datamem/U3557	0	0.773472
PLACE_optlc_29811	0	0.518519
PLACE_optlc_36189	0	1.51852
PLACE_optlc_31354	0	1.55556
PLACE_optlc_26351	0	0.518519
PLACE_optlc_31524	0	0.518519
PLACE_optlc_25652	0	1.53086
PLACE_optlc_34801	0	1.48148
PLACE_optlc_31983	0	1.55556
PLACE_optlc_31651	0	1.53086
PLACE_optlc_31976	0	1.55556
PLACE_optlc_34924	0	1.55556
PLACE_optlc_33498	0	1.53086
PLACE_optlc_33586	0	1.55556
PLACE_optlc_33574	0	1.54321
PLACE_optlc_30766	0	1.50617
datamem/U3788	0	0.595799
datamem/ram_reg[139][7]	0	0.942029
datamem/U1108	0	1.70046
datamem/U1784	0	0.601898
datamem/ram_reg[7][13]	0	0.850008
datamem/U4212	0	1.66711
PLACE_optlc_33710	0	1.49383
PLACE_optlc_34416	0	1.4321
PLACE_optlc_31430	0	1.53086
PLACE_optlc_34538	0	0.530864
PLACE_optlc_38056	0	1.55556
PLACE_optlc_28127	0	1.48148
datamem/ram_reg[119][8]	0	1.58672
datamem/ram_reg[49][7]	0	1.39068
datamem/ram_reg[39][4]	0	1.26696
datamem/ram_reg[80][14]	0	1.09968
PLACE_optlc_31732	0	1.53086
PLACE_optlc_25624	0	0.54321
PLACE_optlc_28093	0	1.54321
datamem/U2382	0	0.769753
datamem/U1213	0	0.891161
datamem/ram_reg[196][14]	0	1.34885
datamem/ram_reg[90][13]	0	0.765891
datamem/ram_reg[166][12]	0	1.12453
datamem/U702	0	0.706806
datamem/U62	0	1.3203
PLACE_optlc_29927	0	1.55556
PLACE_optlc_26134	0	0.54321
PLACE_optlc_33503	0	1.55556
PLACE_optlc_31204	0	0.419753
PLACE_optlc_32420	0	1.55556
datamem/ram_reg[68][4]	0	0.689965
datamem/U3427	0	1.5733
datamem/U3665	0	0.660748
U233	0	1.21965
datamem/U1249	0	0.655112
datamem/ram_reg[144][14]	0	1.14432
datamem/ram_reg[172][12]	0	1.68323
PLACE_optlc_33856	0	1.55556
PLACE_optlc_28797	0	0.518519
PLACE_optlc_38028	0	0.54321
PLACE_optlc_34234	0	0.469136
PLACE_optlc_37451	0	0.45679
PLACE_optlc_30458	0	0.493827
PLACE_optlc_29046	0	0.54321
PLACE_optlc_26764	0	1.46914
PLACE_optlc_36283	0	1.53086
datamem/U3959	0	0.736786
datamem/U150	0	1.26971
alu_unit/r58/U1_4	0	1.42373
datamem/U158	0	1.87275
datamem/U521	0	1.19069
datamem/U2160	0	1.00898
datamem/ram_reg[34][2]	0	1.07266
PLACE_optlc_29122	0	0.493827
PLACE_optlc_32117	0	0.444444
PLACE_optlc_37138	0	0.530864
PLACE_optlc_28789	0	0.518519
PLACE_optlc_33925	0	0.45679
datamem/U1275	0	0.571856
datamem/U3832	0	1.34613
datamem/U372	0	1.67604
PLACE_optlc_37182	0	1.55556
PLACE_optlc_30213	0	0.54321
PLACE_optlc_26467	0	1.55556
PLACE_optlc_26737	0	2.55556
datamem/U966	0	0.819063
datamem/U1710	0	1.37454
datamem/U843	0	0.698553
datamem/ram_reg[170][14]	0	1.91884
datamem/U2772	0	1.77744
PLACE_optlc_35032	0	1.54321
PLACE_optlc_35917	0	0.530864
PLACE_optlc_36983	0	1.46914
PLACE_optlc_32426	0	1.54321
PLACE_optlc_25991	0	0.518519
datamem/U663	0	1.03017
datamem/ram_reg[136][13]	0	0.776755
datamem/ram_reg[37][1]	0	0.801404
datamem/ram_reg[59][12]	0	1.22061
datamem/U906	0	2.50022
datamem/U3015	0	0.542211
datamem/U1606	0	0.873989
PLACE_optlc_38171	0	0.555556
PLACE_optlc_29695	0	1.55556
PLACE_optlc_30389	0	1.49383
PLACE_optlc_34012	0	1.50617
PLACE_optlc_32504	0	0.45679
datamem/ram_reg[220][7]	0	0.834147
PLACE_optlc_36269	0	1.53086
PLACE_optlc_37724	0	0.555556
PLACE_optlc_31685	0	0.518519
PLACE_optlc_30694	0	1.54321
PLACE_optlc_32013	0	0.530864
PLACE_optlc_35430	0	1.53086
PLACE_optlc_34187	0	0.555556
PLACE_optlc_28339	0	1.55556
datamem/ram_reg[133][5]	0	0.576026
datamem/U3072	0	1.36512
datamem/ram_reg[101][3]	0	1.92986
datamem/U1639	0	0.639248
PLACE_optlc_28390	0	1.53086
PLACE_optlc_38013	0	0.555556
PLACE_optlc_35985	0	1.55556
PLACE_optlc_34754	0	1.48148
PLACE_optlc_25783	0	1.51852
PLACE_optlc_27605	0	1.55556
datamem/ram_reg[166][4]	0	0.63515
datamem/U1650	0	0.798002
datamem/ram_reg[242][0]	0	0.959209
datamem/U3955	0	0.661273
PLACE_optlc_34210	0	1.55556
PLACE_optlc_34029	0	1.53086
PLACE_optlc_36786	0	0.530864
PLACE_optlc_28955	0	1.45679
PLACE_optlc_38051	0	0.555556
PLACE_optlc_28762	0	0.518519
PLACE_optlc_37275	0	1.54321
PLACE_optlc_36809	0	0.530864
PLACE_optlc_30353	0	0.530864
datamem/ram_reg[91][4]	0	1.26157
datamem/U1992	0	1.09986
datamem/U3162	0	0.704838
datamem/U2848	0	1.61609
datamem/ram_reg[8][4]	0	0.833603
PLACE_optlc_31303	0	1.40741
PLACE_optlc_27263	0	1.53086
PLACE_optlc_37445	0	0.555556
PLACE_optlc_34976	0	0.555556
PLACE_optlc_33704	0	0.54321
PLACE_optlc_28129	0	1.53086
datamem/ram_reg[184][4]	0	0.565822
datamem/ram_reg[34][10]	0	0.64169
datamem/U618	0	1.52074
datamem/ram_reg[231][2]	0	0.918681
datamem/U3353	0	0.88304
datamem/ram_reg[93][15]	0	1.09458
PLACE_optlc_36804	0	0.555556
PLACE_optlc_30663	0	1.51852
PLACE_optlc_28908	0	0.493827
PLACE_optlc_32116	0	0.54321
PLACE_optlc_36761	0	1.49383
PLACE_optlc_36164	0	0.555556
PLACE_optlc_26597	0	0.45679
PLACE_optlc_34483	0	0.555556
PLACE_optlc_32339	0	0.54321
datamem/U540	0	0.940548
datamem/ram_reg[187][2]	0	1.75135
datamem/U1080	0	1.71663
datamem/U2486	0	1.55981
datamem/ram_reg[169][8]	0	1.06167
datamem/U3685	0	0.651296
PLACE_optlc_37572	0	0.530864
PLACE_optlc_36340	0	0.54321
PLACE_optlc_26786	0	1.55556
PLACE_optlc_26632	0	0.54321
PLACE_optlc_25964	0	0.530864
PLACE_optlc_29615	0	0.493827
PLACE_optlc_36689	0	1.53086
PLACE_optlc_37184	0	0.555556
datamem/ram_reg[41][0]	0	1.28801
datamem/U1641	0	0.802716
datamem/ram_reg[70][8]	0	0.639155
datamem/U3693	0	0.587095
datamem/ram_reg[50][1]	0	0.973696
PLACE_optlc_27389	0	0.54321
PLACE_optlc_38375	0	1.55556
PLACE_optlc_33421	0	0.530864
PLACE_optlc_26425	0	1.54321
PLACE_optlc_25637	0	0.518519
PLACE_optlc_33802	0	0.493827
PLACE_optlc_26120	0	0.54321
PLACE_optlc_29513	0	0.469136
PLACE_optlc_28829	0	0.518519
PLACE_optlc_31106	0	1.48148
PLACE_optlc_27102	0	0.506173
datamem/ram_reg[137][7]	0	0.980023
datamem/ram_reg[10][14]	0	0.737527
datamem/ram_reg[250][9]	0	0.574124
datamem/ram_reg[1][13]	0	1.54653
datamem/U4385	0	0.694811
datamem/U4548	0	1.01372
PLACE_optlc_38336	0	1.49383
PLACE_optlc_33092	0	0.493827
PLACE_optlc_30757	0	0.54321
PLACE_optlc_33998	0	1.53086
PLACE_optlc_34207	0	1.55556
PLACE_optlc_33185	0	0.530864
PLACE_optlc_28398	0	0.54321
PLACE_optlc_28849	0	0.530864
PLACE_optlc_30869	0	1.54321
datamem/ram_reg[83][5]	0	0.624344
datamem/U710	0	1.31949
datamem/ram_reg[125][11]	0	0.54113
PLACE_optlc_37848	0	0.469136
PLACE_optlc_36408	0	1.55556
PLACE_optlc_32398	0	1.55556
PLACE_optlc_29620	0	0.54321
PLACE_optlc_26421	0	0.506173
PLACE_optlc_33004	0	1.54321
PLACE_optlc_25805	0	1.55556
PLACE_optlc_32132	0	0.530864
PLACE_optlc_30263	0	0.54321
datamem/U1600	0	0.982481
PLACE_optlc_37804	0	1.55556
PLACE_optlc_31120	0	0.530864
PLACE_optlc_35659	0	0.555556
PLACE_optlc_26671	0	1.55556
PLACE_optlc_29597	0	0.493827
PLACE_optlc_30614	0	1.55556
PLACE_optlc_27192	0	0.493827
PLACE_optlc_37518	0	0.555556
PLACE_optlc_28761	0	1.55556
PLACE_optlc_27409	0	1.55556
datamem/U2566	0	0.777631
datamem/ram_reg[15][9]	0	1.98219
datamem/ram_reg[40][11]	0	0.633468
PLACE_optlc_35310	0	1.53086
PLACE_optlc_27021	0	1.50617
PLACE_optlc_29087	0	1.54321
PLACE_optlc_33832	0	1.54321
PLACE_optlc_36383	0	0.555556
PLACE_optlc_27305	0	1.53086
datamem/ram_reg[228][4]	0	0.739329
datamem/ram_reg[170][9]	0	1.45791
datamem/ram_reg[13][15]	0	1.16989
datamem/ram_reg[14][12]	0	1.45796
datamem/U1235	0	0.868202
datamem/U281	0	0.601454
datamem/U4417	0	0.663349
PLACE_optlc_36300	0	2.46914
PLACE_optlc_36584	0	1.55556
PLACE_optlc_37937	0	0.555556
PLACE_optlc_32343	0	1.55556
PLACE_optlc_28941	0	0.54321
PLACE_optlc_33960	0	0.506173
PLACE_optlc_36510	0	1.55556
PLACE_optlc_25610	0	1.54321
PLACE_optlc_28508	0	0.555556
PLACE_optlc_26870	0	1.55556
datamem/ram_reg[234][7]	0	1.29841
datamem/U1489	0	1.05502
datamem/U35	0	0.850579
datamem/ram_reg[11][1]	0	1.19017
alu_unit/U31	0	0.850104
datamem/ram_reg[28][8]	0	1.38274
PLACE_optlc_31820	0	0.45679
PLACE_optlc_34177	0	0.555556
PLACE_optlc_36653	0	0.555556
PLACE_optlc_31416	0	1.54321
datamem/ram_reg[241][4]	0	0.957126
datamem/ram_reg[205][5]	0	0.744699
datamem/ram_reg[157][12]	0	1.20432
datamem/U1366	0	0.782041
datamem/U3242	0	1.72272
PLACE_optlc_27500	0	0.407407
PLACE_optlc_29267	0	1.50617
PLACE_optlc_34004	0	0.54321
PLACE_optlc_35002	0	0.555556
PLACE_optlc_31551	0	1.55556
PLACE_optlc_33797	0	0.54321
PLACE_optlc_33011	0	0.518519
datamem/ram_reg[157][3]	0	0.614603
datamem/ram_reg[150][7]	0	0.641103
datamem/U671	0	0.80289
datamem/U2106	0	0.757033
datamem/ram_reg[88][14]	0	1.17476
datamem/U3007	0	1.03211
PLACE_optlc_26413	0	0.530864
PLACE_optlc_30797	0	0.555556
PLACE_optlc_37759	0	0.555556
PLACE_optlc_30922	0	0.54321
PLACE_optlc_33416	0	1.51852
PLACE_optlc_28265	0	0.530864
PLACE_optlc_35021	0	1.55556
datamem/U2153	0	1.35067
datamem/ram_reg[142][8]	0	1.37007
datamem/U742	0	1.7997
datamem/ram_reg[1][15]	0	0.602785
PLACE_optlc_27556	0	1.49383
PLACE_optlc_28891	0	1.55556
PLACE_optlc_26171	0	1.54321
PLACE_optlc_28377	0	1.55556
PLACE_optlc_30208	0	0.54321
PLACE_optlc_26932	0	1.55556
PLACE_optlc_35240	0	1.55556
PLACE_optlc_27462	0	0.518519
datamem/U2852	0	1.20968
datamem/ram_reg[143][2]	0	0.630529
PLACE_optlc_28122	0	1.53086
PLACE_optlc_32675	0	0.530864
PLACE_optlc_30020	0	0.481481
PLACE_optlc_26320	0	0.54321
PLACE_optlc_26455	0	0.54321
PLACE_optlc_26155	0	0.54321
PLACE_optlc_37657	0	1.53086
datamem/U389	0	1.50198
datamem/ram_reg[27][4]	0	0.93936
datamem/U3561	0	1.08285
datamem/ram_reg[252][3]	0	0.766744
datamem/U1705	0	0.583927
datamem/ram_reg[131][0]	0	1.51573
datamem/U4132	0	0.916825
datamem/U1262	0	0.710212
datamem/ram_reg[237][15]	0	0.705394
PLACE_optlc_32405	0	0.530864
PLACE_optlc_31670	0	0.481481
PLACE_optlc_35254	0	1.55556
PLACE_optlc_26472	0	0.54321
PLACE_optlc_29848	0	1.55556
datamem/U2271	0	1.07349
datamem/U4184	0	1.50277
datamem/U1462	0	1.31873
datamem/U1079	0	0.712812
datamem/ram_reg[59][13]	0	1.2086
PLACE_optlc_36306	0	1.55556
PLACE_optlc_31605	0	1.55556
PLACE_optlc_32993	0	0.506173
PLACE_optlc_35955	0	0.518519
PLACE_optlc_26954	0	0.518519
PLACE_optlc_37774	0	1.55556
PLACE_optlc_34841	0	1.53086
datamem/ram_reg[86][14]	0	1.1971
datamem/U2342	0	0.871073
datamem/ram_reg[116][10]	0	1.83145
datamem/U1803	0	0.868025
datamem/ram_reg[189][9]	0	0.775822
PLACE_optlc_37454	0	1.55556
PLACE_optlc_32481	0	1.55556
PLACE_optlc_38257	0	1.51852
PLACE_optlc_37708	0	0.555556
PLACE_optlc_25689	0	1.53086
PLACE_optlc_26151	0	0.518519
datamem/U2522	0	0.998866
alu_unit/r58/U1_5	0	0.670783
datamem/ram_reg[157][5]	0	1.29542
PLACE_optlc_36589	0	0.555556
PLACE_optlc_30194	0	1.55556
PLACE_optlc_32139	0	1.55556
PLACE_optlc_35072	0	0.518519
PLACE_optlc_35750	0	0.555556
datamem/ram_reg[108][1]	0	0.734244
datamem/ram_reg[24][4]	0	0.826181
datamem/ram_reg[59][8]	0	0.765548
PLACE_optlc_30410	0	1.55556
PLACE_optlc_35867	0	1.55556
PLACE_optlc_29096	0	1.55556
PLACE_optlc_29170	0	0.530864
PLACE_optlc_33058	0	1.54321
PLACE_optlc_28513	0	1.55556
datamem/U894	0	0.779124
datamem/U515	0	0.879298
PLACE_optlc_36058	0	0.469136
PLACE_optlc_33941	0	1.55556
PLACE_optlc_26193	0	0.518519
PLACE_optlc_34466	0	0.555556
U291	0	0.731111
datamem/U1570	0	1.73191
datamem/U1748	0	0.799282
PLACE_optlc_37650	0	0.469136
PLACE_optlc_37757	0	0.518519
PLACE_optlc_31631	0	1.53086
PLACE_optlc_37706	0	1.55556
PLACE_optlc_34643	0	0.469136
PLACE_optlc_32837	0	1.55556
PLACE_optlc_26364	0	0.54321
PLACE_optlc_35959	0	0.555556
PLACE_optlc_29348	0	0.54321
PLACE_optlc_27172	0	1.50617
PLACE_optlc_26557	0	1.51852
PLACE_optlc_32939	0	1.55556
datamem/U4582	0	0.787222
datamem/ram_reg[161][13]	0	0.885343
datamem/U2620	0	0.825293
datamem/ram_reg[81][12]	0	0.867106
datamem/U4248	0	1.01352
PLACE_optlc_36441	0	1.55556
PLACE_optlc_37881	0	0.555556
PLACE_optlc_31387	0	1.54321
PLACE_optlc_26669	0	0.54321
PLACE_optlc_35801	0	0.530864
PLACE_optlc_32747	0	0.54321
PLACE_optlc_27351	0	0.506173
PLACE_optlc_34893	0	0.469136
datamem/ram_reg[172][9]	0	0.668036
datamem/U2412	0	1.20327
datamem/ram_reg[243][13]	0	0.720536
datamem/ram_reg[179][4]	0	1.10373
PLACE_optlc_32567	0	0.518519
PLACE_optlc_30578	0	0.506173
PLACE_optlc_38226	0	1.51852
PLACE_optlc_31156	0	1.53086
PLACE_optlc_32284	0	0.530864
PLACE_optlc_38037	0	0.54321
PLACE_optlc_25818	0	0.54321
PLACE_optlc_30296	0	1.54321
datamem/ram_reg[38][0]	0	0.564425
datamem/ram_reg[130][5]	0	1.25973
datamem/ram_reg[26][10]	0	1.06023
datamem/ram_reg[138][10]	0	0.605795
datamem/ram_reg[130][8]	0	0.695046
datamem/U3089	0	0.709537
datamem/U3084	0	1.07301
PLACE_optlc_27677	0	1.55556
PLACE_optlc_29233	0	0.530864
PLACE_optlc_37268	0	1.53086
PLACE_optlc_29110	0	0.45679
PLACE_optlc_32973	0	0.506173
datamem/ram_reg[142][1]	0	1.11361
U134	0	1.4284
datamem/U196	0	0.96637
datamem/U2474	0	0.786998
datamem/U3988	0	0.952496
datamem/ram_reg[143][13]	0	0.913773
PLACE_optlc_26312	0	1.55556
PLACE_optlc_33916	0	0.45679
PLACE_optlc_32036	0	0.506173
PLACE_optlc_25620	0	0.54321
PLACE_optlc_29677	0	1.54321
PLACE_optlc_25982	0	1.55556
PLACE_optlc_28177	0	1.54321
U288	0	0.714707
datamem/U1478	0	1.36958
PLACE_optlc_37611	0	0.555556
PLACE_optlc_32424	0	1.55556
PLACE_optlc_32803	0	1.51852
PLACE_optlc_31083	0	0.506173
PLACE_optlc_31727	0	0.54321
PLACE_optlc_35787	0	0.555556
PLACE_optlc_33487	0	1.55556
PLACE_optlc_27469	0	1.55556
datamem/ram_reg[102][15]	0	0.558144
datamem/ram_reg[152][14]	0	0.612137
alu_unit/U28	0	1.00569
datamem/U1697	0	0.802948
PLACE_optlc_31672	0	0.530864
PLACE_optlc_29693	0	1.53086
PLACE_optlc_31445	0	1.55556
PLACE_optlc_29907	0	1.53086
PLACE_optlc_35043	0	0.555556
PLACE_optlc_25665	0	0.530864
PLACE_optlc_31742	0	1.55556
PLACE_optlc_35945	0	1.55556
PLACE_optlc_31767	0	0.481481
PLACE_optlc_29919	0	0.469136
datamem/U1830	0	1.91931
datamem/U3332	0	0.791551
U128	0	0.737631
U278	0	1.06193
datamem/U735	0	1.1604
PLACE_optlc_35849	0	1.53086
PLACE_optlc_34541	0	1.55556
PLACE_optlc_37768	0	0.555556
PLACE_optlc_26361	0	0.54321
PLACE_optlc_28603	0	1.51852
PLACE_optlc_26924	0	0.481481
datamem/ram_reg[69][13]	0	0.814684
datamem/ram_reg[57][4]	0	0.530791
datamem/ram_reg[33][9]	0	0.555463
PLACE_optlc_30533	0	0.530864
PLACE_optlc_36539	0	0.555556
PLACE_optlc_37277	0	0.555556
datamem/U3281	0	0.837782
datamem/ram_reg[83][13]	0	1.53367
datamem/ram_reg[81][4]	0	0.830725
PLACE_optlc_36102	0	0.555556
PLACE_optlc_30422	0	0.54321
PLACE_optlc_30956	0	0.54321
PLACE_optlc_37707	0	1.55556
PLACE_optlc_32153	0	0.54321
datamem/ram_reg[177][11]	0	0.760069
datamem/U2371	0	1.56405
datamem/ram_reg[142][7]	0	0.979356
datamem/U1470	0	1.29582
datamem/U3384	0	0.746258
datamem/ram_reg[207][11]	0	0.825779
datamem/U2361	0	1.15134
datamem/ram_reg[22][6]	0	0.608573
datamem/ram_reg[129][7]	0	0.797392
PLACE_optlc_27317	0	1.55556
PLACE_optlc_34757	0	0.555556
PLACE_optlc_35949	0	1.55556
PLACE_optlc_28832	0	1.55556
PLACE_optlc_31008	0	1.54321
PLACE_optlc_35047	0	0.530864
PLACE_optlc_29025	0	0.54321
datamem/ram_reg[19][8]	0	0.994035
datamem/U201	0	0.573407
datamem/U1507	0	1.0574
datamem/U251	0	0.625918
datamem/ram_reg[96][12]	0	0.761204
datamem/U3065	0	1.22168
PLACE_optlc_28639	0	1.55556
PLACE_optlc_29745	0	1.54321
PLACE_optlc_32149	0	0.54321
PLACE_optlc_33193	0	1.55556
PLACE_optlc_26511	0	0.493827
PLACE_optlc_37465	0	0.555556
PLACE_optlc_29129	0	1.55556
PLACE_optlc_29866	0	1.55556
PLACE_optlc_28201	0	1.55556
PLACE_optlc_34039	0	0.54321
PLACE_optlc_32185	0	0.530864
PLACE_optlc_32238	0	0.481481
PLACE_optlc_34693	0	0.469136
PLACE_optlc_34702	0	1.55556
PLACE_optlc_28488	0	1.55556
datamem/ram_reg[61][3]	0	0.70265
datamem/ram_reg[93][7]	0	1.49964
datamem/U626	0	0.567778
datamem/ram_reg[65][13]	0	1.08129
datamem/ram_reg[224][15]	0	0.889765
PLACE_optlc_27041	0	0.518519
PLACE_optlc_26814	0	0.54321
PLACE_optlc_35644	0	0.469136
PLACE_optlc_35150	0	1.55556
PLACE_optlc_35385	0	0.555556
datamem/ram_reg[157][14]	0	0.901304
datamem/U439	0	0.781181
datamem/ram_reg[201][8]	0	0.726385
datamem/ram_reg[49][1]	0	0.65988
datamem/U33	0	1.44054
datamem/U1106	0	0.925671
datamem/U2926	0	1.40641
PLACE_optlc_27575	0	0.54321
PLACE_optlc_34398	0	0.555556
PLACE_optlc_32428	0	1.55556
PLACE_optlc_27933	0	0.518519
PLACE_optlc_27860	0	1.54321
datamem/ram_reg[21][8]	0	0.792867
PLACE_optlc_30650	0	0.493827
PLACE_optlc_31703	0	1.55556
PLACE_optlc_31814	0	0.54321
PLACE_optlc_33221	0	0.481481
PLACE_optlc_29511	0	0.530864
PLACE_optlc_38238	0	0.54321
datamem/U353	0	0.705864
datamem/ram_reg[234][12]	0	0.612554
datamem/ram_reg[139][1]	0	1.0694
datamem/ram_reg[203][13]	0	0.895424
datamem/U2721	0	1.01724
datamem/ram_reg[242][13]	0	1.05939
datamem/U3120	0	1.18659
datamem/U266	0	0.619923
PLACE_optlc_35326	0	1.54321
PLACE_optlc_26274	0	1.55556
PLACE_optlc_37906	0	0.555556
PLACE_optlc_32191	0	0.481481
PLACE_optlc_36745	0	0.555556
PLACE_optlc_29941	0	0.54321
PLACE_optlc_36485	0	0.530864
datamem/ram_reg[26][1]	0	0.789263
datamem/U4243	0	0.924904
datamem/U4370	0	1.3534
datamem/ram_reg[232][8]	0	1.53069
datamem/ram_reg[138][4]	0	1.17807
datamem/U481	0	1.69437
PLACE_optlc_31117	0	0.518519
PLACE_optlc_35462	0	0.555556
PLACE_optlc_30456	0	1.55556
PLACE_optlc_35249	0	0.493827
PLACE_optlc_33136	0	0.493827
PLACE_optlc_30441	0	1.54321
PLACE_optlc_37524	0	0.54321
PLACE_optlc_28612	0	0.54321
datamem/ram_reg[108][14]	0	0.806381
datamem/ram_reg[121][2]	0	1.19248
datamem/ram_reg[212][11]	0	0.897766
datamem/U3714	0	0.751968
datamem/U2843	0	0.561385
U290	0	0.560513
datamem/U2358	0	0.770231
PLACE_optlc_33320	0	1.51852
PLACE_optlc_35217	0	0.555556
PLACE_optlc_32380	0	1.55556
datamem/ram_reg[44][9]	0	1.13382
datamem/U695	0	0.683989
datamem/U3794	0	1.04344
PLACE_optlc_26688	0	1.54321
PLACE_optlc_28378	0	0.530864
PLACE_optlc_37225	0	0.506173
PLACE_optlc_29871	0	0.45679
PLACE_optlc_30644	0	0.481481
datamem/U2108	0	0.7201
datamem/ram_reg[199][3]	0	1.00552
datamem/U2577	0	0.592662
datamem/ram_reg[215][11]	0	0.694468
PLACE_optlc_30371	0	1.54321
PLACE_optlc_35449	0	1.55556
PLACE_optlc_26633	0	0.54321
PLACE_optlc_32571	0	1.53086
PLACE_optlc_36848	0	1.55556
PLACE_optlc_34320	0	0.469136
PLACE_optlc_30545	0	0.54321
PLACE_optlc_25606	0	0.518519
PLACE_optlc_34476	0	1.53086
datamem/ram_reg[172][7]	0	0.776053
U229	0	1.10069
datamem/ram_reg[123][5]	0	1.02532
datamem/ram_reg[154][3]	0	1.27261
datamem/ram_reg[222][6]	0	1.28125
PLACE_optlc_33622	0	1.55556
PLACE_optlc_27262	0	0.481481
PLACE_optlc_31480	0	0.54321
PLACE_optlc_26678	0	0.530864
PLACE_optlc_31063	0	1.53086
PLACE_optlc_33003	0	0.530864
datamem/ram_reg[92][5]	0	0.636578
datamem/ram_reg[8][7]	0	0.625316
datamem/U2589	0	1.47685
datamem/ram_reg[201][3]	0	0.719603
PLACE_optlc_28464	0	0.54321
PLACE_optlc_26540	0	1.55556
PLACE_optlc_35480	0	1.50617
PLACE_optlc_35851	0	0.555556
PLACE_optlc_36677	0	0.555556
datamem/U493	0	1.06466
datamem/U1749	0	1.24194
datamem/ram_reg[181][7]	0	0.952747
datamem/ram_reg[66][15]	0	1.47914
datamem/U1689	0	1.08125
datamem/U1515	0	0.915945
datamem/U688	0	1.02706
datamem/U1075	0	0.634907
PLACE_optlc_30750	0	1.55556
PLACE_optlc_32289	0	1.49383
PLACE_optlc_35779	0	1.55556
PLACE_optlc_37227	0	0.555556
PLACE_optlc_38057	0	1.48148
PLACE_optlc_27157	0	1.55556
PLACE_optlc_27447	0	1.55556
PLACE_optlc_29579	0	1.55556
datamem/U2576	0	1.45442
datamem/ram_reg[75][8]	0	0.964664
datamem/U4305	0	1.02893
PLACE_optlc_34101	0	0.555556
PLACE_optlc_37968	0	0.555556
PLACE_optlc_28408	0	0.518519
PLACE_optlc_28633	0	0.555556
PLACE_optlc_33808	0	0.518519
PLACE_optlc_29198	0	0.518519
PLACE_optlc_27665	0	1.55556
PLACE_optlc_35231	0	1.55556
datamem/U1593	0	0.850648
datamem/U2570	0	1.24046
datamem/U2845	0	1.41804
datamem/ram_reg[36][15]	0	0.853306
PLACE_optlc_34174	0	0.555556
PLACE_optlc_37989	0	0.54321
PLACE_optlc_29420	0	1.55556
PLACE_optlc_31536	0	1.51852
PLACE_optlc_37646	0	0.54321
datamem/U1865	0	0.619174
datamem/ram_reg[200][1]	0	1.02286
datamem/U4071	0	1.4238
datamem/U1954	0	0.747666
datamem/U2507	0	1.2288
datamem/U1210	0	1.04742
datamem/ram_reg[119][4]	0	1.22902
PLACE_optlc_25612	0	1.55556
PLACE_optlc_30065	0	1.55556
PLACE_optlc_32258	0	1.53086
PLACE_optlc_27977	0	0.54321
PLACE_optlc_33701	0	0.481481
PLACE_optlc_32921	0	1.54321
PLACE_optlc_28495	0	0.54321
PLACE_optlc_34784	0	0.555556
PLACE_optlc_34308	0	0.555556
datamem/ram_reg[88][1]	0	1.0842
datamem/ram_reg[227][2]	0	0.905309
PLACE_optlc_28715	0	1.54321
PLACE_optlc_26026	0	1.55556
PLACE_optlc_30231	0	0.54321
PLACE_optlc_30677	0	1.53086
datamem/ram_reg[74][13]	0	0.789483
alu_unit/U25	0	0.828175
datamem/ram_reg[104][0]	0	0.558812
PLACE_optlc_33598	0	1.51852
PLACE_optlc_31196	0	0.530864
PLACE_optlc_33119	0	0.54321
PLACE_optlc_31470	0	1.51852
PLACE_optlc_30916	0	1.55556
PLACE_optlc_28607	0	0.518519
PLACE_optlc_35336	0	0.469136
PLACE_optlc_30018	0	1.54321
alu_unit/r58/U1_6	0	0.915818
datamem/ram_reg[180][0]	0	0.767365
datamem/U2190	0	0.668746
datamem/U2516	0	1.54404
datamem/U3756	0	0.71407
PLACE_optlc_32577	0	0.555556
PLACE_optlc_30653	0	1.55556
PLACE_optlc_37792	0	0.555556
PLACE_optlc_37298	0	0.555556
PLACE_optlc_31381	0	1.54321
PLACE_optlc_28682	0	0.54321
PLACE_optlc_34985	0	0.555556
PLACE_optlc_37209	0	0.555556
PLACE_optlc_36427	0	0.469136
PLACE_optlc_37190	0	1.55556
datamem/ram_reg[61][6]	0	0.77777
datamem/ram_reg[250][0]	0	0.80353
PLACE_optlc_27350	0	0.54321
PLACE_optlc_30075	0	0.54321
PLACE_optlc_32570	0	0.481481
PLACE_optlc_33262	0	1.55556
PLACE_optlc_26674	0	0.54321
PLACE_optlc_34194	0	1.55556
PLACE_optlc_36930	0	1.55556
PLACE_optlc_27962	0	0.506173
datamem/U888	0	1.1507
datamem/ram_reg[247][4]	0	0.58679
datamem/ram_reg[66][13]	0	0.896914
datamem/ram_reg[98][9]	0	1.44514
datamem/ram_reg[255][11]	0	0.862485
PLACE_optlc_36688	0	0.555556
PLACE_optlc_26950	0	0.555556
PLACE_optlc_38326	0	1.55556
PLACE_optlc_35218	0	0.469136
PLACE_optlc_33267	0	0.493827
datamem/ram_reg[129][15]	0	0.788125
datamem/U2600	0	1.14288
datamem/ram_reg[97][4]	0	1.31022
datamem/ram_reg[132][11]	0	1.02238
datamem/U3213	0	1.15598
datamem/ram_reg[90][7]	0	0.572222
datamem/ram_reg[160][14]	0	0.826416
datamem/U4651	0	1.34526
datamem/ram_reg[36][7]	0	0.559799
datamem/ram_reg[121][13]	0	1.154
datamem/U3953	0	0.931655
datamem/ram_reg[218][8]	0	0.631181
datamem/ram_reg[209][11]	0	0.875536
PLACE_optlc_35860	0	0.469136
PLACE_optlc_32632	0	1.55556
PLACE_optlc_35263	0	0.530864
PLACE_optlc_36351	0	0.555556
PLACE_optlc_26443	0	0.45679
PLACE_optlc_37033	0	0.555556
PLACE_optlc_35189	0	1.53086
datamem/ram_reg[140][12]	0	0.794753
U277	0	0.589464
datamem/ram_reg[193][15]	0	0.569136
datamem/ram_reg[38][7]	0	1.42096
datamem/ram_reg[63][14]	0	0.963881
PLACE_optlc_27548	0	0.54321
PLACE_optlc_27448	0	0.54321
PLACE_optlc_26794	0	0.555556
PLACE_optlc_31015	0	0.54321
PLACE_optlc_30523	0	0.45679
PLACE_optlc_28459	0	0.54321
PLACE_optlc_28210	0	0.518519
datamem/U2229	0	1.51073
datamem/ram_reg[140][15]	0	0.651204
datamem/U2764	0	1.65064
datamem/U1860	0	0.644205
datamem/U1352	0	0.650752
datamem/U472	0	1.30204
PLACE_optlc_30447	0	0.518519
PLACE_optlc_34030	0	1.55556
PLACE_optlc_28671	0	1.55556
PLACE_optlc_29378	0	1.55556
PLACE_optlc_32682	0	0.518519
PLACE_optlc_31648	0	1.55556
datamem/U2501	0	0.703156
datamem/U2789	0	1.83987
datamem/U1669	0	1.19456
PLACE_optlc_28782	0	0.469136
PLACE_optlc_29472	0	0.45679
PLACE_optlc_26435	0	1.55556
PLACE_optlc_29143	0	0.530864
PLACE_optlc_28400	0	0.506173
PLACE_optlc_25717	0	1.55556
PLACE_optlc_36759	0	0.518519
PLACE_optlc_25664	0	0.518519
PLACE_optlc_35593	0	1.46914
PLACE_optlc_37281	0	0.530864
PLACE_optlc_33732	0	1.54321
PLACE_optlc_37959	0	1.55556
PLACE_optlc_28869	0	0.54321
datamem/U1035	0	0.738025
U129	0	0.703507
datamem/ram_reg[122][11]	0	0.831096
PLACE_optlc_28471	0	0.54321
PLACE_optlc_29832	0	0.518519
PLACE_optlc_31530	0	1.51852
PLACE_optlc_27230	0	0.518519
PLACE_optlc_31577	0	1.51852
datamem/U3195	0	0.907056
datamem/ram_reg[251][4]	0	1.25922
datamem/ram_reg[180][2]	0	0.794101
datamem/U2217	0	0.847828
datamem/U3848	0	0.692917
datamem/U3489	0	1.14712
datamem/ram_reg[84][11]	0	1.298
PLACE_optlc_32521	0	1.55556
PLACE_optlc_29782	0	1.55556
PLACE_optlc_36042	0	0.555556
PLACE_optlc_31865	0	1.55556
PLACE_optlc_30167	0	0.481481
PLACE_optlc_33343	0	0.419753
datamem/ram_reg[238][9]	0	0.857427
datamem/U1881	0	1.02976
datamem/U405	0	0.858468
datamem/ram_reg[44][14]	0	0.885856
PLACE_optlc_27836	0	1.48148
PLACE_optlc_35695	0	0.555556
PLACE_optlc_37310	0	1.55556
PLACE_optlc_33866	0	0.481481
PLACE_optlc_37752	0	1.53086
PLACE_optlc_29356	0	0.54321
PLACE_optlc_35558	0	1.53086
datamem/ram_reg[127][6]	0	2.44051
datamem/U607	0	0.551478
datamem/U3640	0	0.9451
datamem/ram_reg[192][8]	0	0.765012
datamem/U2548	0	1.39951
datamem/ram_reg[92][11]	0	1.57718
datamem/U4485	0	1.07482
datamem/ram_reg[37][8]	0	1.18663
PLACE_optlc_28963	0	0.506173
PLACE_optlc_28601	0	1.45679
PLACE_optlc_27218	0	1.54321
PLACE_optlc_29097	0	0.518519
datamem/ram_reg[103][2]	0	0.817843
PLACE_optlc_37107	0	0.555556
PLACE_optlc_36945	0	0.493827
PLACE_optlc_31010	0	1.53086
PLACE_optlc_36344	0	0.555556
datamem/ram_reg[43][10]	0	0.866123
datamem/U810	0	1.32109
datamem/U1109	0	1.29395
PLACE_optlc_33781	0	1.50617
PLACE_optlc_31597	0	1.48148
PLACE_optlc_34651	0	0.555556
PLACE_optlc_32124	0	0.54321
PLACE_optlc_31212	0	0.54321
PLACE_optlc_35056	0	0.555556
PLACE_optlc_37986	0	1.51852
PLACE_optlc_35097	0	0.555556
PLACE_optlc_35581	0	1.55556
datamem/U3620	0	1.54883
U227	0	1.33716
datamem/U3118	0	1.20086
datamem/U1190	0	1.00576
datamem/U2545	0	0.741995
datamem/ram_reg[225][4]	0	0.956219
PLACE_optlc_35287	0	1.55556
PLACE_optlc_29893	0	0.493827
PLACE_optlc_33130	0	0.54321
PLACE_optlc_30199	0	1.51852
PLACE_optlc_27132	0	0.518519
PLACE_optlc_38019	0	0.555556
PLACE_optlc_33817	0	1.55556
PLACE_optlc_36056	0	0.54321
datamem/U3645	0	0.832951
datamem/ram_reg[130][6]	0	1.3087
datamem/ram_reg[66][7]	0	0.880386
datamem/ram_reg[88][9]	0	1.35182
PLACE_optlc_36719	0	0.555556
PLACE_optlc_38044	0	0.555556
PLACE_optlc_38193	0	0.555556
PLACE_optlc_30274	0	1.55556
PLACE_optlc_33502	0	0.530864
PLACE_optlc_33359	0	0.469136
PLACE_optlc_36295	0	1.50617
PLACE_optlc_28376	0	1.55556
datamem/U4023	0	1.38453
datamem/ram_reg[23][12]	0	0.860328
datamem/U3686	0	0.822662
datamem/U2854	0	1.02819
datamem/ram_reg[247][1]	0	1.02417
PLACE_optlc_38075	0	0.555556
PLACE_optlc_37326	0	0.555556
PLACE_optlc_30664	0	0.54321
PLACE_optlc_26658	0	1.55556
PLACE_optlc_28701	0	0.54321
PLACE_optlc_29102	0	0.54321
PLACE_optlc_27950	0	1.55556
PLACE_optlc_28877	0	1.50617
datamem/ram_reg[89][9]	0	0.796346
PLACE_optlc_32537	0	0.518519
PLACE_optlc_37264	0	0.555556
PLACE_optlc_31148	0	0.518519
PLACE_optlc_32163	0	0.54321
PLACE_optlc_37550	0	0.469136
PLACE_optlc_36875	0	0.469136
PLACE_optlc_37621	0	0.45679
PLACE_optlc_34069	0	1.55556
datamem/U4208	0	0.582323
datamem/U4398	0	1.07829
datamem/U4112	0	0.687809
datamem/ram_reg[169][4]	0	1.35657
datamem/U1967	0	0.711181
datamem/ram_reg[179][15]	0	0.978619
PLACE_optlc_31036	0	0.555556
PLACE_optlc_31217	0	0.555556
PLACE_optlc_26629	0	1.55556
PLACE_optlc_27905	0	0.506173
PLACE_optlc_30052	0	1.54321
PLACE_optlc_27149	0	0.506173
datamem/U429	0	0.654352
datamem/ram_reg[7][15]	0	0.980698
datamem/ram_reg[33][11]	0	1.33776
datamem/ram_reg[91][12]	0	0.568264
datamem/ram_reg[16][7]	0	0.894178
datamem/U3902	0	0.797226
PLACE_optlc_30357	0	0.493827
PLACE_optlc_29248	0	0.54321
PLACE_optlc_35963	0	0.555556
PLACE_optlc_26650	0	1.55556
PLACE_optlc_31447	0	0.54321
PLACE_optlc_36827	0	0.530864
PLACE_optlc_33835	0	0.54321
PLACE_optlc_28179	0	0.481481
PLACE_optlc_31227	0	0.54321
alu_unit/r58/U1_7	0	2.71318
datamem/U1365	0	0.828302
datamem/U3604	0	1.80643
PLACE_optlc_37860	0	0.555556
PLACE_optlc_28503	0	1.50617
PLACE_optlc_37078	0	0.555556
PLACE_optlc_33800	0	0.54321
PLACE_optlc_33065	0	0.54321
PLACE_optlc_37537	0	0.555556
PLACE_optlc_27347	0	0.493827
PLACE_optlc_37632	0	1.55556
PLACE_optlc_30513	0	0.493827
PLACE_optlc_29190	0	1.55556
PLACE_optlc_31667	0	1.53086
datamem/U143	0	0.560629
datamem/ram_reg[53][6]	0	0.547523
datamem/U3258	0	1.02334
datamem/U1635	0	1.0877
datamem/ram_reg[50][12]	0	0.855181
PLACE_optlc_35783	0	0.530864
PLACE_optlc_29245	0	0.54321
PLACE_optlc_27414	0	1.51852
PLACE_optlc_27091	0	0.45679
PLACE_optlc_31142	0	1.55556
datamem/ram_reg[140][6]	0	0.713156
PLACE_optlc_28479	0	1.54321
PLACE_optlc_33202	0	1.55556
PLACE_optlc_36696	0	0.469136
PLACE_optlc_38021	0	1.55556
PLACE_optlc_27327	0	1.54321
PLACE_optlc_31728	0	1.46914
PLACE_optlc_36401	0	0.555556
datamem/U153	0	1.85762
datamem/ram_reg[182][7]	0	1.06696
datamem/ram_reg[185][11]	0	0.793657
datamem/U805	0	1.10257
datamem/ram_reg[176][11]	0	0.869892
datamem/U659	0	1.05169
datamem/U3256	0	1.16588
PLACE_optlc_32865	0	1.48148
PLACE_optlc_32600	0	0.530864
PLACE_optlc_28405	0	1.51852
PLACE_optlc_29952	0	0.54321
PLACE_optlc_27632	0	0.518519
datamem/ram_reg[243][6]	0	1.44819
datamem/ram_reg[233][1]	0	0.992222
datamem/U4539	0	1.1214
datamem/ram_reg[90][3]	0	0.936856
datamem/ram_reg[69][3]	0	1.06384
datamem/ram_reg[192][14]	0	1.02579
PLACE_optlc_36377	0	0.555556
PLACE_optlc_31035	0	0.518519
PLACE_optlc_37666	0	0.555556
PLACE_optlc_36799	0	0.469136
PLACE_optlc_34022	0	0.54321
PLACE_optlc_36701	0	1.49383
PLACE_optlc_28176	0	0.54321
datamem/U514	0	0.810891
datamem/U1153	0	0.666011
PLACE_optlc_34040	0	1.54321
PLACE_optlc_34088	0	1.46914
PLACE_optlc_34434	0	1.55556
PLACE_optlc_28580	0	1.55556
PLACE_optlc_29963	0	0.493827
PLACE_optlc_27310	0	1.55556
PLACE_optlc_27899	0	0.493827
PLACE_optlc_32355	0	1.54321
PLACE_optlc_32105	0	0.518519
datamem/ram_reg[62][15]	0	0.790922
datamem/U667	0	1.01298
datamem/U3357	0	1.27749
datamem/U4317	0	1.35343
datamem/U1675	0	0.944012
datamem/U2156	0	1.46344
datamem/ram_reg[241][6]	0	0.648387
PLACE_optlc_34016	0	0.54321
PLACE_optlc_26278	0	1.53086
PLACE_optlc_34547	0	1.55556
PLACE_optlc_33300	0	0.518519
PLACE_optlc_31182	0	1.50617
datamem/U3508	0	1.12043
datamem/U4078	0	0.651165
PLACE_optlc_38220	0	0.555556
PLACE_optlc_28302	0	0.469136
PLACE_optlc_34831	0	0.555556
PLACE_optlc_35219	0	1.55556
PLACE_optlc_36675	0	0.555556
PLACE_optlc_28878	0	0.493827
PLACE_optlc_26884	0	1.55556
datamem/ram_reg[27][9]	0	1.11508
datamem/ram_reg[128][7]	0	1.20432
datamem/U4562	0	1.33113
datamem/U1252	0	0.594954
datamem/U4356	0	1.1593
datamem/ram_reg[28][7]	0	1.31068
datamem/U678	0	0.616848
datamem/ram_reg[50][4]	0	1.67183
PLACE_optlc_26967	0	1.55556
PLACE_optlc_29816	0	0.518519
PLACE_optlc_28140	0	0.54321
PLACE_optlc_30341	0	0.45679
datamem/ram_reg[151][0]	0	0.725297
datamem/U1601	0	1.86186
datamem/ram_reg[120][0]	0	1.18983
alu_unit/U22	0	0.79027
datamem/ram_reg[230][7]	0	1.34415
PLACE_optlc_30877	0	1.53086
PLACE_optlc_31627	0	0.493827
PLACE_optlc_33266	0	1.53086
PLACE_optlc_33365	0	0.506173
PLACE_optlc_27929	0	1.55556
PLACE_optlc_36076	0	0.555556
PLACE_optlc_37037	0	1.55556
PLACE_optlc_38338	0	0.555556
PLACE_optlc_36812	0	0.555556
datamem/ram_reg[70][6]	0	2.21172
reg_file/U55	0	0.638881
PLACE_optlc_29272	0	0.419753
PLACE_optlc_33988	0	1.46914
PLACE_optlc_28066	0	1.55556
PLACE_optlc_27618	0	1.55556
PLACE_optlc_35736	0	0.555556
datamem/U2350	0	0.74495
datamem/ram_reg[4][6]	0	1.88443
datamem/U80	0	0.658765
PLACE_optlc_29784	0	1.53086
PLACE_optlc_28667	0	0.54321
PLACE_optlc_26848	0	0.469136
PLACE_optlc_30342	0	0.54321
datamem/U2400	0	1.05071
datamem/U1782	0	1.4761
datamem/U322	0	1.04694
datamem/U1208	0	1.99457
datamem/U87	0	1.0077
datamem/U2201	0	1.25764
PLACE_optlc_31695	0	0.555556
PLACE_optlc_32931	0	0.54321
PLACE_optlc_29139	0	1.55556
PLACE_optlc_37461	0	1.55556
PLACE_optlc_36423	0	0.555556
PLACE_optlc_36687	0	0.555556
PLACE_optlc_35664	0	1.55556
PLACE_optlc_36928	0	0.555556
datamem/U2909	0	0.641601
datamem/U4482	0	1.43767
datamem/U2732	0	1.24934
datamem/ram_reg[133][4]	0	0.955544
datamem/ram_reg[4][13]	0	0.583881
datamem/ram_reg[77][11]	0	0.655224
datamem/U1202	0	1.30841
datamem/U2359	0	0.864718
PLACE_optlc_29542	0	1.55556
PLACE_optlc_35561	0	0.469136
PLACE_optlc_29619	0	0.54321
PLACE_optlc_34780	0	0.555556
PLACE_optlc_36022	0	1.54321
PLACE_optlc_28490	0	0.54321
PLACE_optlc_25935	0	0.54321
PLACE_optlc_37488	0	1.53086
PLACE_optlc_30730	0	0.54321
PLACE_optlc_30717	0	0.54321
datamem/U788	0	0.896169
datamem/ram_reg[210][9]	0	1.22598
U261	0	0.696196
PLACE_optlc_34765	0	0.444444
PLACE_optlc_30094	0	1.53086
PLACE_optlc_33222	0	0.54321
PLACE_optlc_38330	0	1.55556
PLACE_optlc_34181	0	0.555556
PLACE_optlc_28239	0	0.555556
PLACE_optlc_26147	0	0.555556
SpareCell_2_2	0	1.66975
PLACE_optlc_4600	0	0.919753
SpareCell_0_2	0	0.87037
datamem/ram_reg[118][14]	0	0.647778
datamem/U1759	0	0.55647
datamem/U609	0	0.838557
datamem/U2170	0	1.50789
PLACE_optlc_30830	0	0.506173
PLACE_optlc_27379	0	1.55556
PLACE_optlc_28431	0	1.55556
PLACE_optlc_30931	0	1.55556
PLACE_optlc_34468	0	1.55556
PLACE_optlc_32835	0	0.530864
PLACE_optlc_35738	0	0.555556
PLACE_optlc_29002	0	1.54321
alu_unit/r58/U1_8	0.125	0.681728
datamem/ram_reg[123][13]	0	1.06466
datamem/ram_reg[172][1]	0	0.633758
U276	0	1.0461
PLACE_optlc_26743	0	1.54321
PLACE_optlc_32772	0	0.518519
PLACE_optlc_34748	0	0.555556
PLACE_optlc_26405	0	1.54321
PLACE_optlc_29578	0	0.530864
PLACE_optlc_33643	0	0.54321
PLACE_optlc_35347	0	0.518519
PLACE_optlc_30747	0	2.50617
datamem/U1531	0	0.585031
datamem/ram_reg[225][15]	0	0.564769
datamem/ram_reg[240][9]	0	1.4779
reg_file/U92	0	0.574448
datamem/ram_reg[239][14]	0	0.843133
U139	0	0.544946
reg_file/U112	0	1.23928
datamem/U3483	0	1.58336
reg_file/U166	0	1.20603
PLACE_optlc_33792	0	0.555556
PLACE_optlc_31368	0	0.530864
PLACE_optlc_27629	0	1.55556
PLACE_optlc_26139	0	0.518519
PLACE_optlc_26104	0	1.54321
PLACE_optlc_35061	0	1.55556
PLACE_optlc_31698	0	0.530864
datamem/ram_reg[209][3]	0	1.41507
datamem/ram_reg[94][15]	0	0.868684
datamem/U2148	0	0.880691
PLACE_optlc_32667	0	1.54321
PLACE_optlc_37441	0	1.55556
PLACE_optlc_37638	0	1.46914
PLACE_optlc_30685	0	1.53086
PLACE_optlc_27423	0	1.55556
PLACE_optlc_27183	0	0.54321
PLACE_optlc_34730	0	0.555556
PLACE_optlc_35084	0	0.469136
PLACE_optlc_32332	0	1.55556
PLACE_optlc_36070	0	0.555556
PLACE_optlc_31917	0	1.45679
PLACE_optlc_29113	0	0.54321
PLACE_optlc_32989	0	0.54321
PLACE_optlc_36508	0	0.530864
PLACE_optlc_37259	0	0.555556
PLACE_optlc_25809	0	0.506173
PLACE_optlc_30418	0	0.518519
PLACE_optlc_29888	0	0.481481
datamem/U2302	0	0.697442
datamem/U4410	0	0.565775
datamem/U4372	0	0.905802
datamem/ram_reg[20][6]	0	0.967581
datamem/U1136	0	1.36954
datamem/U1273	0	0.96961
datamem/U4340	0	1.29421
PLACE_optlc_37755	0	0.555556
PLACE_optlc_35473	0	0.530864
PLACE_optlc_35110	0	0.555556
PLACE_optlc_30788	0	0.555556
PLACE_optlc_32346	0	0.54321
PLACE_optlc_34543	0	1.55556
PLACE_optlc_34910	0	0.54321
PLACE_optlc_27496	0	0.518519
PLACE_optlc_36692	0	1.51852
PLACE_optlc_36497	0	0.506173
datamem/ram_reg[252][13]	0	0.733086
datamem/ram_reg[78][5]	0	0.891312
datamem/ram_reg[115][6]	0	2.11425
U260	0	0.925367
PLACE_optlc_31029	0	1.55556
PLACE_optlc_25974	0	1.55556
PLACE_optlc_30249	0	1.55556
PLACE_optlc_31881	0	0.54321
PLACE_optlc_30679	0	0.45679
PLACE_optlc_31059	0	1.55556
PLACE_optlc_35865	0	1.51852
PLACE_optlc_26446	0	1.55556
datamem/ram_reg[232][10]	0	0.631563
PLACE_optlc_27233	0	1.55556
PLACE_optlc_38065	0	0.493827
PLACE_optlc_34379	0	0.469136
PLACE_optlc_36805	0	0.54321
PLACE_optlc_28185	0	1.55556
PLACE_optlc_37562	0	0.555556
datamem/ram_reg[162][15]	0	1.46313
datamem/U3846	0	0.779819
datamem/U1619	0	0.951408
datamem/ram_reg[177][14]	0	0.890197
PLACE_optlc_25962	0	1.55556
PLACE_optlc_26476	0	0.518519
PLACE_optlc_33779	0	0.45679
PLACE_optlc_30140	0	0.530864
PLACE_optlc_32510	0	1.55556
PLACE_optlc_26571	0	0.518519
PLACE_optlc_31337	0	0.54321
PLACE_optlc_30560	0	0.54321
PLACE_optlc_29723	0	0.530864
datamem/U1678	0	0.766705
datamem/ram_reg[163][1]	0	1.21319
datamem/ram_reg[147][5]	0	0.588164
datamem/U1276	0	1.03317
PLACE_optlc_33855	0	0.555556
PLACE_optlc_33691	0	1.55556
PLACE_optlc_38343	0	1.55556
PLACE_optlc_33274	0	0.54321
PLACE_optlc_31713	0	1.53086
PLACE_optlc_33430	0	1.51852
PLACE_optlc_37201	0	1.55556
PLACE_optlc_27604	0	1.55556
PLACE_optlc_35437	0	0.54321
PLACE_optlc_36547	0	0.555556
PLACE_optlc_26534	0	0.518519
PLACE_optlc_30511	0	0.54321
PLACE_optlc_38373	0	1.49383
PLACE_optlc_29556	0	1.53086
datamem/U4210	0	1.10736
reg_file/reg_array_reg[1][0]	0	1.02044
datamem/U3299	0	0.559846
reg_file/reg_array_reg[2][3]	0	0.614313
PLACE_optlc_29359	0	1.55556
PLACE_optlc_25869	0	1.53086
PLACE_optlc_26314	0	1.55556
PLACE_optlc_33120	0	0.506173
PLACE_optlc_32249	0	1.53086
PLACE_optlc_35720	0	0.555556
PLACE_optlc_29188	0	0.530864
PLACE_optlc_28933	0	1.55556
datamem/ram_reg[212][9]	0	1.20951
datamem/U498	0	0.629981
PLACE_optlc_28651	0	1.54321
PLACE_optlc_31714	0	1.55556
PLACE_optlc_34224	0	1.55556
PLACE_optlc_28518	0	1.51852
PLACE_optlc_37654	0	0.530864
PLACE_optlc_31657	0	0.54321
PLACE_optlc_36348	0	1.55556
PLACE_optlc_35796	0	0.555556
PLACE_optlc_33398	0	1.54321
PLACE_optlc_29335	0	0.518519
PLACE_optlc_35158	0	0.530864
datamem/ram_reg[122][14]	0	0.795502
datamem/ram_reg[134][4]	0	1.40083
datamem/ram_reg[187][0]	0	0.615197
PLACE_optlc_38039	0	0.555556
U284	0	0.659954
datamem/U3253	0	0.941215
datamem/ram_reg[17][13]	0	0.850814
datamem/U1658	0	0.693214
datamem/ram_reg[107][7]	0	0.692504
datamem/U3061	0	0.718681
datamem/U2220	0	0.75402
datamem/U965	0	0.757461
PLACE_optlc_30269	0	1.54321
PLACE_optlc_25812	0	1.50617
PLACE_optlc_25839	0	0.506173
PLACE_optlc_27640	0	0.555556
PLACE_optlc_29618	0	0.518519
PLACE_optlc_30565	0	1.50617
PLACE_optlc_25691	0	0.481481
PLACE_optlc_26588	0	0.530864
datamem/U1463	0	1.24588
reg_file/reg_array_reg[6][1]	0	0.939676
datamem/U4219	0	0.741794
datamem/ram_reg[84][14]	0	0.976971
alu_unit/r58/U1_9	0	1.47533
datamem/U3382	0	1.116
PLACE_optlc_34125	0	0.555556
PLACE_optlc_36630	0	1.51852
PLACE_optlc_30601	0	0.54321
PLACE_optlc_30433	0	1.55556
datamem/ram_reg[139][15]	0	0.750818
reg_file/U76	0	1.11839
datamem/ram_reg[143][6]	0	1.7596
datamem/ram_reg[105][13]	0	0.8275
PLACE_optlc_27514	0	0.54321
PLACE_optlc_26891	0	1.54321
PLACE_optlc_27690	0	1.55556
PLACE_optlc_33149	0	0.530864
PLACE_optlc_33942	0	0.518519
PLACE_optlc_38102	0	1.55556
PLACE_optlc_27054	0	0.54321
PLACE_optlc_27179	0	1.54321
PLACE_optlc_31925	0	0.518519
reg_file/reg_array_reg[3][1]	0	1.53257
datamem/ram_reg[51][11]	0	1.0159
reg_file/reg_array_reg[4][1]	0	2.22418
reg_file/reg_array_reg[7][1]	0	1.94652
PLACE_optlc_37669	0	0.555556
PLACE_optlc_35060	0	1.54321
PLACE_optlc_25647	0	1.53086
PLACE_optlc_27051	0	1.53086
PLACE_optlc_31735	0	1.53086
PLACE_optlc_35401	0	0.555556
datamem/ram_reg[52][9]	0	0.638125
datamem/U2117	0	0.59228
datamem/U2665	0	1.00642
datamem/U2324	0	0.762975
datamem/ram_reg[11][7]	0	1.04912
datamem/ram_reg[11][15]	0	0.783121
PLACE_optlc_32081	0	0.54321
PLACE_optlc_29075	0	1.54321
PLACE_optlc_31593	0	1.54321
PLACE_optlc_25680	0	1.49383
datamem/U2429	0	0.890552
datamem/U4592	0	1.33687
datamem/U1912	0	0.793654
datamem/ram_reg[136][14]	0	1.68251
datamem/ram_reg[63][11]	0	0.572427
datamem/U3771	0	1.20072
datamem/ram_reg[184][9]	0	0.826462
datamem/ram_reg[85][9]	0	1.12529
PLACE_optlc_36334	0	1.55556
PLACE_optlc_31624	0	1.55556
PLACE_optlc_33088	0	1.55556
PLACE_optlc_33553	0	0.481481
PLACE_optlc_27277	0	0.54321
datamem/U1631	0	1.60251
datamem/ram_reg[214][2]	0	0.629545
alu_unit/U19	0	0.999541
datamem/ram_reg[16][6]	0	0.783966
datamem/U2068	0	1.13022
U286	0	0.586605
datamem/U3875	0	1.12071
datamem/ram_reg[200][6]	0	0.801435
datamem/U2539	0	0.646385
PLACE_optlc_29183	0	0.518519
PLACE_optlc_37177	0	1.55556
PLACE_optlc_34661	0	0.555556
PLACE_optlc_34698	0	0.555556
PLACE_optlc_29824	0	1.51852
PLACE_optlc_35355	0	0.530864
datamem/ram_reg[225][12]	0	1.05867
datamem/ram_reg[208][6]	0	0.569124
datamem/ram_reg[188][12]	0	1.79537
reg_file/reg_array_reg[5][1]	0	0.747959
datamem/ram_reg[181][8]	0	0.872743
datamem/U773	0	0.95353
datamem/ram_reg[121][9]	0	0.974749
datamem/U917	0	1.29573
PLACE_optlc_29894	0	0.469136
PLACE_optlc_26572	0	1.51852
PLACE_optlc_34869	0	0.481481
PLACE_optlc_37143	0	0.469136
PLACE_optlc_37786	0	1.55556
PLACE_optlc_26121	0	0.54321
PLACE_optlc_29798	0	0.54321
PLACE_optlc_37760	0	1.53086
PLACE_optlc_29101	0	0.530864
PLACE_optlc_31296	0	1.50617
datamem/U369	0	0.612789
datamem/ram_reg[191][2]	0	0.78358
PLACE_optlc_37946	0	1.53086
PLACE_optlc_27349	0	1.55556
PLACE_optlc_32966	0	1.54321
PLACE_optlc_33115	0	1.53086
datamem/ram_reg[207][0]	0	1.51012
datamem/U3786	0	0.885822
datamem/ram_reg[112][7]	0	1.55445
datamem/ram_reg[13][7]	0	0.823233
datamem/ram_reg[17][11]	0	1.40201
datamem/ram_reg[55][13]	0	0.7525
PLACE_optlc_28947	0	0.506173
datamem/U2530	0	0.798515
datamem/ram_reg[92][14]	0	1.28434
datamem/ram_reg[103][14]	0	0.583507
datamem/U3112	0	1.02509
datamem/U909	0	0.933557
datamem/U950	0	1.15734
datamem/U4171	0	0.623133
datamem/U3810	0	0.740837
PLACE_optlc_28375	0	0.54321
PLACE_optlc_32932	0	0.54321
PLACE_optlc_34664	0	1.49383
PLACE_optlc_36161	0	0.555556
PLACE_optlc_28384	0	0.45679
PLACE_optlc_36624	0	0.530864
PLACE_optlc_34280	0	0.481481
PLACE_optlc_29775	0	0.518519
PLACE_optlc_33934	0	0.54321
PLACE_optlc_29334	0	1.54321
datamem/U298	0	1.3164
datamem/U2086	0	1.47167
datamem/U243	0	1.41033
datamem/ram_reg[94][1]	0	0.77539
PLACE_optlc_33764	0	0.45679
PLACE_optlc_36792	0	0.555556
PLACE_optlc_37311	0	0.555556
PLACE_optlc_26254	0	0.518519
PLACE_optlc_30925	0	0.506173
PLACE_optlc_32499	0	1.55556
PLACE_optlc_32700	0	0.518519
PLACE_optlc_38118	0	0.555556
PLACE_optlc_27131	0	0.518519
datamem/ram_reg[173][8]	0	1.05321
datamem/ram_reg[64][4]	0	1.16488
PLACE_optlc_36574	0	0.555556
PLACE_optlc_34902	0	0.469136
PLACE_optlc_31406	0	1.54321
PLACE_optlc_30995	0	1.53086
PLACE_optlc_29585	0	1.55556
PLACE_optlc_35163	0	0.469136
PLACE_optlc_36960	0	0.530864
PLACE_optlc_27342	0	1.55556
PLACE_optlc_28897	0	0.518519
PLACE_optlc_33952	0	0.419753
datamem/ram_reg[53][9]	0	1.33196
datamem/ram_reg[117][1]	0	0.932986
PLACE_optlc_35709	0	0.555556
PLACE_optlc_30241	0	1.55556
PLACE_optlc_35337	0	0.469136
datamem/U2237	0	0.723221
datamem/ram_reg[165][12]	0	1.59417
datamem/U1404	0	0.609637
datamem/U2411	0	2.0486
PLACE_optlc_34756	0	1.54321
PLACE_optlc_35895	0	1.55556
PLACE_optlc_31001	0	0.54321
PLACE_optlc_29083	0	0.518519
PLACE_optlc_30658	0	1.49383
datamem/U3787	0	0.697126
datamem/ram_reg[219][4]	0	1.0972
reg_file/reg_array_reg[3][3]	0	1.33334
datamem/ram_reg[251][1]	0	0.686875
datamem/ram_reg[80][15]	0	0.72652
datamem/ram_reg[17][14]	0	1.19639
datamem/U1715	0	1.15431
datamem/U2950	0	0.813283
PLACE_optlc_27314	0	1.55556
PLACE_optlc_33910	0	1.53086
PLACE_optlc_37619	0	0.530864
PLACE_optlc_29290	0	0.54321
PLACE_optlc_26318	0	0.54321
PLACE_optlc_27311	0	0.54321
PLACE_optlc_29005	0	1.53086
datamem/U1877	0	1.14154
PLACE_optlc_34727	0	0.469136
PLACE_optlc_32954	0	0.555556
PLACE_optlc_31138	0	1.55556
PLACE_optlc_37335	0	0.469136
PLACE_optlc_32391	0	0.54321
PLACE_optlc_37736	0	0.555556
PLACE_optlc_34733	0	0.555556
PLACE_optlc_30125	0	0.518519
PLACE_optlc_25775	0	0.45679
PLACE_optlc_37064	0	0.555556
PLACE_optlc_30489	0	0.555556
PLACE_optlc_33760	0	1.55556
datamem/U1150	0	1.08624
datamem/U1416	0	1.58458
PLACE_optlc_28247	0	0.518519
PLACE_optlc_36296	0	0.518519
PLACE_optlc_31231	0	0.45679
PLACE_optlc_33295	0	0.506173
PLACE_optlc_36029	0	1.51852
PLACE_optlc_34023	0	0.54321
PLACE_optlc_29425	0	0.506173
PLACE_optlc_36825	0	0.469136
PLACE_optlc_34522	0	0.469136
datamem/U4089	0	0.622211
datamem/U1534	0	1.29932
datamem/U3282	0	0.608468
datamem/U297	0	1.27691
datamem/ram_reg[141][12]	0	0.610741
PLACE_optlc_27799	0	0.506173
PLACE_optlc_27270	0	1.53086
PLACE_optlc_32836	0	1.53086
PLACE_optlc_30556	0	0.481481
PLACE_optlc_31977	0	1.55556
U275	0	0.96941
datamem/ram_reg[2][9]	0	1.75078
datamem/U4559	0	0.932114
datamem/ram_reg[159][10]	0	0.760085
datamem/ram_reg[121][14]	0	0.687685
PLACE_optlc_30141	0	0.530864
PLACE_optlc_33920	0	0.518519
PLACE_optlc_33744	0	1.55556
PLACE_optlc_29294	0	1.55556
alu_unit/U13	0	1.00466
datamem/ram_reg[114][6]	0	1.06505
datamem/U2475	0	0.925336
PLACE_optlc_29314	0	0.555556
PLACE_optlc_27866	0	1.53086
PLACE_optlc_33839	0	1.51852
PLACE_optlc_32419	0	0.54321
PLACE_optlc_26107	0	0.54321
PLACE_optlc_32792	0	0.54321
PLACE_optlc_26041	0	1.51852
PLACE_optlc_36317	0	0.469136
PLACE_optlc_35038	0	0.555556
PLACE_optlc_26064	0	1.55556
datamem/ram_reg[24][2]	0	0.749221
datamem/ram_reg[177][8]	0	1.74384
alu_unit/U16	0	1.56009
PLACE_optlc_31431	0	0.469136
PLACE_optlc_31344	0	0.469136
PLACE_optlc_29209	0	1.55556
PLACE_optlc_28925	0	1.55556
PLACE_optlc_34232	0	1.50617
PLACE_optlc_37615	0	0.530864
PLACE_optlc_32359	0	0.45679
PLACE_optlc_35951	0	1.53086
PLACE_optlc_36212	0	0.518519
PLACE_optlc_26276	0	0.506173
datamem/ram_reg[11][12]	0	0.718908
datamem/ram_reg[179][1]	0	1.1076
datamem/ram_reg[70][9]	0	0.737407
datamem/U4086	0	0.560305
PLACE_optlc_28357	0	1.55556
PLACE_optlc_25894	0	0.518519
PLACE_optlc_29547	0	1.55556
PLACE_optlc_30942	0	1.55556
PLACE_optlc_26507	0	0.555556
PLACE_optlc_31143	0	1.50617
PLACE_optlc_34001	0	1.51852
datamem/U3337	0	1.43951
datamem/ram_reg[143][12]	0	1.29184
datamem/U320	0	0.601875
datamem/U2946	0	0.990397
datamem/ram_reg[42][13]	0	1.07867
PLACE_optlc_37788	0	0.469136
PLACE_optlc_37210	0	0.555556
PLACE_optlc_36251	0	0.555556
datamem/ram_reg[98][8]	0	2.10767
datamem/ram_reg[151][2]	0	1.03042
U136	0	0.964819
datamem/ram_reg[72][10]	0	0.702963
PLACE_optlc_36971	0	1.55556
PLACE_optlc_32122	0	1.54321
PLACE_optlc_35952	0	1.55556
PLACE_optlc_34482	0	1.55556
PLACE_optlc_38253	0	0.530864
PLACE_optlc_25802	0	1.55556
PLACE_optlc_27003	0	1.51852
datamem/U934	0	0.596177
datamem/U3216	0	0.942797
U274	0	1.19222
PLACE_optlc_29003	0	1.51852
PLACE_optlc_29686	0	0.518519
PLACE_optlc_36626	0	0.555556
PLACE_optlc_29571	0	1.55556
PLACE_optlc_30928	0	0.518519
PLACE_optlc_34437	0	1.53086
datamem/U3456	0	0.833684
PLACE_optlc_29529	0	0.518519
PLACE_optlc_31211	0	0.481481
PLACE_optlc_26641	0	0.54321
PLACE_optlc_28134	0	1.54321
PLACE_optlc_33662	0	0.530864
datamem/U2886	0	0.838395
datamem/ram_reg[71][14]	0	0.734498
datamem/U323	0	1.62875
PLACE_optlc_29270	0	1.55556
PLACE_optlc_26234	0	0.555556
PLACE_optlc_33176	0	1.54321
PLACE_optlc_31940	0	0.54321
PLACE_optlc_36603	0	1.55556
PLACE_optlc_37892	0	1.55556
PLACE_optlc_31687	0	0.54321
reg_file/U148	0	0.934784
PLACE_optlc_26296	0	0.518519
PLACE_optlc_29098	0	1.55556
PLACE_optlc_29311	0	0.555556
PLACE_optlc_31457	0	0.518519
PLACE_optlc_37128	0	0.555556
PLACE_optlc_28080	0	1.54321
PLACE_optlc_25856	0	1.44444
PLACE_optlc_32526	0	0.518519
datamem/U968	0	0.831574
datamem/U3745	0	1.0706
datamem/ram_reg[140][8]	0	0.779263
datamem/ram_reg[240][0]	0	1.5138
datamem/U2202	0	0.9125
datamem/U3967	0	1.56275
PLACE_optlc_26969	0	1.53086
PLACE_optlc_36259	0	0.555556
PLACE_optlc_31133	0	1.51852
PLACE_optlc_35187	0	0.555556
PLACE_optlc_26934	0	1.51852
PLACE_optlc_31221	0	0.469136
PLACE_optlc_37320	0	1.54321
PLACE_optlc_27458	0	1.55556
PLACE_optlc_37715	0	1.51852
PLACE_optlc_30088	0	2.55556
datamem/ram_reg[56][7]	0	0.693924
datamem/ram_reg[71][13]	0	0.810478
datamem/ram_reg[21][13]	0	0.563835
datamem/U2593	0	0.583032
datamem/U13	0	1.69476
datamem/ram_reg[12][13]	0	1.39821
datamem/U4292	0	0.889792
datamem/U4520	0	0.927272
datamem/ram_reg[123][9]	0	1.47047
datamem/U2197	0	1.24891
datamem/ram_reg[190][15]	0	1.04063
datamem/ram_reg[209][4]	0	0.843985
PLACE_optlc_28415	0	0.518519
PLACE_optlc_29851	0	1.55556
datamem/ram_reg[90][0]	0	1.06317
datamem/ram_reg[237][2]	0	0.697635
datamem/ram_reg[67][3]	0	0.968437
datamem/ram_reg[158][13]	0	0.824433
PLACE_optlc_29972	0	0.54321
PLACE_optlc_38111	0	0.555556
PLACE_optlc_34773	0	0.555556
datamem/U3295	0	0.668665
datamem/U215	0	1.19932
datamem/ram_reg[57][9]	0	1.65635
reg_file/reg_array_reg[5][3]	0	1.50915
datamem/U2233	0	0.908438
datamem/U207	0	1.27861
PLACE_optlc_26842	0	0.54321
PLACE_optlc_27807	0	0.530864
PLACE_optlc_29654	0	0.518519
PLACE_optlc_32385	0	1.55556
PLACE_optlc_37777	0	1.51852
reg_file/reg_array_reg[7][6]	0	1.14979
datamem/ram_reg[223][3]	0	1.39391
reg_file/U94	0	0.554985
datamem/ram_reg[108][12]	0	0.846065
PLACE_optlc_33113	0	1.53086
PLACE_optlc_34572	0	1.53086
PLACE_optlc_37744	0	0.555556
PLACE_optlc_33230	0	0.54321
PLACE_optlc_32594	0	0.54321
datamem/U437	0	1.28662
datamem/U1547	0	1.19924
U265	0	1.00322
PLACE_optlc_36776	0	1.53086
PLACE_optlc_33537	0	0.506173
PLACE_optlc_25928	0	1.55556
PLACE_optlc_32450	0	0.481481
datamem/ram_reg[17][3]	0	1.38655
datamem/U3412	0	0.757319
datamem/U3625	0	0.601424
datamem/ram_reg[128][15]	0	0.940965
datamem/ram_reg[251][5]	0	0.944857
datamem/ram_reg[195][11]	0	0.730745
datamem/ram_reg[89][8]	0	0.848341
datamem/U1008	0	1.09625
datamem/ram_reg[248][14]	0	0.681578
PLACE_optlc_36513	0	0.555556
PLACE_optlc_38358	0	0.555556
PLACE_optlc_35015	0	0.555556
PLACE_optlc_30597	0	0.54321
PLACE_optlc_26363	0	1.55556
PLACE_optlc_38059	0	1.55556
PLACE_optlc_31863	0	0.54321
PLACE_optlc_26161	0	1.54321
reg_file/U91	0	1.61888
datamem/U1965	0	0.769568
datamem/U2563	0	1.17445
U344	0	0.855872
datamem/U1942	0	1.16091
U262	0	0.762793
datamem/U3137	0	0.656748
datamem/U4038	0	0.858839
datamem/ram_reg[57][10]	0	0.699279
PLACE_optlc_37297	0	0.555556
PLACE_optlc_37233	0	1.46914
PLACE_optlc_34403	0	0.530864
PLACE_optlc_35059	0	1.55556
PLACE_optlc_30259	0	1.55556
PLACE_optlc_27786	0	1.55556
PLACE_optlc_35633	0	0.493827
PLACE_optlc_28975	0	0.493827
datamem/U3239	0	0.576107
datamem/U4515	0	1.16236
datamem/U952	0	0.744861
datamem/U2033	0	0.558322
PLACE_optlc_29488	0	0.54321
PLACE_optlc_27452	0	0.518519
datamem/ram_reg[218][4]	0	1.61803
datamem/ram_reg[84][13]	0	1.27451
datamem/U1701	0	1.04743
reg_file/U38	0	1.22363
reg_file/U74	0	1.18796
reg_file/reg_array_reg[1][1]	0	2.1547
datamem/ram_reg[114][3]	0	1.59312
datamem/ram_reg[249][11]	0	1.6278
PLACE_optlc_37398	0	0.469136
PLACE_optlc_29694	0	0.54321
PLACE_optlc_38339	0	1.53086
PLACE_optlc_34674	0	1.46914
PLACE_optlc_34237	0	0.530864
PLACE_optlc_28412	0	1.50617
PLACE_optlc_30811	0	1.53086
datamem/U1216	0	1.45309
PLACE_optlc_26805	0	1.55556
PLACE_optlc_33167	0	0.54321
PLACE_optlc_28559	0	0.54321
PLACE_optlc_31959	0	1.55556
PLACE_optlc_26647	0	0.54321
PLACE_optlc_36222	0	0.54321
PLACE_optlc_38029	0	1.55556
datamem/ram_reg[130][3]	0	0.860949
reg_file/U56	0	1.33815
datamem/U3949	0	0.940837
datamem/U2997	0	1.1901
datamem/U1820	0	0.841177
reg_file/reg_array_reg[2][1]	0	0.653912
datamem/ram_reg[223][8]	0	0.844317
PLACE_optlc_29462	0	0.481481
PLACE_optlc_37745	0	0.530864
PLACE_optlc_28511	0	0.518519
PLACE_optlc_32031	0	1.55556
PLACE_optlc_37962	0	1.55556
PLACE_optlc_28997	0	0.54321
PLACE_optlc_27599	0	1.54321
PLACE_optlc_25828	0	1.45679
PLACE_optlc_30113	0	0.530864
datamem/U394	0	1.04921
datamem/ram_reg[11][11]	0	0.76787
datamem/U1163	0	1.19004
PLACE_optlc_37428	0	0.555556
PLACE_optlc_32097	0	1.55556
PLACE_optlc_33985	0	0.493827
PLACE_optlc_31462	0	1.40741
PLACE_optlc_35382	0	0.555556
PLACE_optlc_30343	0	0.469136
PLACE_optlc_28438	0	1.55556
PLACE_optlc_36728	0	1.55556
PLACE_optlc_36762	0	0.555556
datamem/U3515	0	0.667971
reg_file/U171	0	1.63344
reg_file/U130	0	1.2556
datamem/ram_reg[140][0]	0	0.783102
reg_file/PLACE_HFSBUF_855_25595	0	1.2343
PLACE_optlc_30292	0	0.518519
PLACE_optlc_28138	0	1.41975
PLACE_optlc_30331	0	1.49383
PLACE_optlc_25953	0	0.45679
PLACE_optlc_37189	0	0.469136
PLACE_optlc_35418	0	0.469136
PLACE_optlc_32071	0	1.51852
PLACE_optlc_28131	0	1.45679
PLACE_optlc_34354	0	0.555556
PLACE_optlc_33639	0	0.506173
PLACE_optlc_36614	0	0.555556
PLACE_optlc_35328	0	0.530864
PLACE_optlc_34265	0	0.555556
datamem/U4454	0	1.16934
datamem/U1299	0	0.8536
datamem/U212	0	1.32227
PLACE_optlc_35361	0	0.555556
PLACE_optlc_37018	0	0.555556
PLACE_optlc_37661	0	0.506173
PLACE_optlc_27066	0	0.530864
PLACE_optlc_32750	0	1.55556
PLACE_optlc_29639	0	1.54321
datamem/ram_reg[252][0]	0	2.1845
datamem/ram_reg[17][15]	0	0.949776
datamem/ram_reg[21][15]	0	1.15138
datamem/U1298	0	0.762658
datamem/ram_reg[15][11]	0	0.938175
datamem/ram_reg[50][2]	0	1.68171
datamem/ram_reg[52][5]	0	0.657033
PLACE_optlc_36315	0	0.469136
PLACE_optlc_33272	0	0.419753
PLACE_optlc_37022	0	0.469136
PLACE_optlc_33030	0	0.518519
PLACE_optlc_29854	0	1.54321
PLACE_optlc_35678	0	0.555556
PLACE_optlc_26830	0	0.530864
PLACE_optlc_31830	0	0.518519
datamem/U1618	0	1.29711
datamem/U1313	0	0.830359
datamem/U324	0	0.66657
datamem/ram_reg[249][0]	0	1.3514
PLACE_optlc_26414	0	0.469136
PLACE_optlc_30477	0	0.54321
PLACE_optlc_27495	0	0.54321
PLACE_optlc_31815	0	0.54321
PLACE_optlc_36990	0	0.555556
datamem/ram_reg[182][3]	0	0.867442
reg_file/reg_array_reg[7][5]	0	1.31127
datamem/ram_reg[128][4]	0	1.25105
datamem/U1040	0	1.20217
PLACE_optlc_30485	0	0.54321
PLACE_optlc_34680	0	1.55556
PLACE_optlc_25968	0	1.55556
PLACE_optlc_33016	0	0.518519
PLACE_optlc_34592	0	1.40741
PLACE_optlc_26205	0	1.50617
PLACE_optlc_33892	0	0.45679
PLACE_optlc_34145	0	0.555556
PLACE_optlc_35970	0	1.55556
PLACE_optlc_30591	0	0.54321
PLACE_optlc_28330	0	0.54321
datamem/U4563	0	0.654537
reg_file/PLACE_HFSBUF_1411_25593	0	2.14118
alu_unit/r58/U1_10	0	0.814225
datamem/ram_reg[148][9]	0	1.24995
PLACE_optlc_27364	0	0.54321
PLACE_optlc_30087	0	1.55556
PLACE_optlc_27815	0	1.53086
PLACE_optlc_27029	0	1.55556
PLACE_optlc_35817	0	1.55556
PLACE_optlc_29181	0	0.54321
PLACE_optlc_26860	0	0.506173
PLACE_optlc_33101	0	1.55556
PLACE_optlc_34364	0	1.55556
PLACE_optlc_29656	0	0.506173
PLACE_optlc_30854	0	1.55556
PLACE_optlc_31773	0	0.530864
datamem/U47	0	1.32498
datamem/ram_reg[245][11]	0	0.760208
datamem/ram_reg[56][8]	0	1.44689
datamem/U907	0	0.820721
datamem/U2871	0	0.775154
PLACE_optlc_37529	0	0.555556
PLACE_optlc_29672	0	1.54321
PLACE_optlc_30155	0	1.55556
PLACE_optlc_30003	0	1.46914
PLACE_optlc_30645	0	1.55556
PLACE_optlc_29812	0	0.419753
PLACE_optlc_37605	0	1.55556
PLACE_optlc_26349	0	1.50617
PLACE_optlc_36403	0	1.53086
datamem/U946	0	0.936671
datamem/U3451	0	0.631755
datamem/U312	0	1.20498
datamem/U2332	0	0.597014
datamem/ram_reg[140][4]	0	0.594834
datamem/ram_reg[78][14]	0	1.82233
datamem/U1533	0	1.7868
datamem/ram_reg[0][11]	0	2.34816
PLACE_optlc_26252	0	0.54321
PLACE_optlc_35580	0	1.55556
PLACE_optlc_32991	0	1.54321
PLACE_optlc_26288	0	1.50617
PLACE_optlc_28793	0	1.55556
PLACE_optlc_34128	0	1.50617
PLACE_optlc_37533	0	0.530864
PLACE_optlc_31446	0	1.54321
PLACE_optlc_35785	0	1.49383
datamem/U231	0	1.00742
datamem/U2599	0	0.866566
reg_file/reg_array_reg[3][0]	0	2.06382
reg_file/reg_array_reg[0][6]	0	0.978889
datamem/U3210	0	0.713557
datamem/ram_reg[137][8]	0	0.647153
datamem/ram_reg[156][8]	0	0.712894
datamem/U2172	0	1.00037
PLACE_optlc_29210	0	0.54321
PLACE_optlc_34809	0	1.46914
PLACE_optlc_29446	0	1.54321
PLACE_optlc_27995	0	1.54321
PLACE_optlc_28610	0	1.53086
datamem/U562	0	0.601671
datamem/ram_reg[120][2]	0	0.71314
reg_file/reg_array_reg[5][6]	0	1.13426
datamem/ram_reg[52][11]	0	0.698175
datamem/U2130	0	1.5174
datamem/U2487	0	1.08611
U138	0	1.38708
PLACE_optlc_35610	0	0.530864
PLACE_optlc_37842	0	0.530864
PLACE_optlc_29150	0	0.518519
PLACE_optlc_38073	0	1.46914
PLACE_optlc_30340	0	0.530864
PLACE_optlc_32871	0	1.55556
datamem/ram_reg[239][10]	0	0.864171
reg_file/reg_array_reg[0][1]	0	1.35054
datamem/U1781	0	1.02414
datamem/U4347	0	0.94299
datamem/ram_reg[156][15]	0	0.77034
PLACE_optlc_29896	0	1.49383
PLACE_optlc_28450	0	1.55556
PLACE_optlc_32494	0	1.55556
PLACE_optlc_29604	0	0.54321
PLACE_optlc_26037	0	0.518519
PLACE_optlc_32022	0	1.55556
PLACE_optlc_33530	0	0.54321
datamem/U2426	0	0.828546
datamem/U2533	0	1.32664
reg_file/reg_array_reg[6][6]	0	2.32853
datamem/ram_reg[49][6]	0	0.965648
datamem/U2734	0	0.739371
datamem/ram_reg[14][2]	0	0.562002
PLACE_optlc_25673	0	0.530864
PLACE_optlc_27816	0	0.518519
PLACE_optlc_26541	0	1.55556
PLACE_optlc_34896	0	0.555556
PLACE_optlc_26067	0	1.54321
PLACE_optlc_35603	0	1.53086
PLACE_optlc_37516	0	1.55556
datamem/ram_reg[134][1]	0	1.3448
datamem/U211	0	1.19336
PLACE_optlc_30359	0	1.50617
PLACE_optlc_31269	0	1.53086
PLACE_optlc_33036	0	1.55556
PLACE_optlc_32690	0	0.530864
PLACE_optlc_36929	0	1.53086
PLACE_optlc_35014	0	1.55556
PLACE_optlc_34542	0	0.555556
datamem/ram_reg[100][11]	0	1.95499
datamem/U2356	0	0.703858
datamem/U1679	0	1.04601
datamem/ram_reg[110][15]	0	1.15884
PLACE_optlc_34836	0	0.555556
PLACE_optlc_37306	0	0.555556
PLACE_optlc_38141	0	0.555556
PLACE_optlc_30983	0	0.518519
PLACE_optlc_34378	0	1.54321
PLACE_optlc_31933	0	0.518519
PLACE_optlc_33852	0	1.45679
PLACE_optlc_35661	0	0.530864
datamem/ram_reg[225][1]	0	0.835876
datamem/U256	0	1.00815
datamem/ram_reg[194][4]	0	1.49112
PLACE_optlc_34222	0	1.55556
PLACE_optlc_25690	0	1.51852
PLACE_optlc_27480	0	0.469136
PLACE_optlc_36005	0	0.555556
PLACE_optlc_27566	0	1.53086
PLACE_optlc_37434	0	1.55556
PLACE_optlc_35279	0	1.55556
PLACE_optlc_25882	0	0.518519
datamem/U2541	0	1.41575
datamem/ram_reg[83][11]	0	1.17493
datamem/U1828	0	1.68514
PLACE_optlc_37235	0	0.518519
PLACE_optlc_34580	0	1.55556
PLACE_optlc_31952	0	0.518519
PLACE_optlc_27842	0	0.493827
datamem/U1020	0	1.04382
datamem/U396	0	0.615764
datamem/ram_reg[198][13]	0	0.776493
datamem/U1628	0	0.926312
reg_file/U132	0	0.867527
datamem/U1272	0	1.16867
datamem/ram_reg[10][7]	0	0.718225
datamem/ram_reg[227][12]	0	1.49278
PLACE_optlc_28267	0	0.469136
PLACE_optlc_26226	0	0.518519
PLACE_optlc_31444	0	1.54321
PLACE_optlc_37179	0	0.555556
PLACE_optlc_28404	0	0.54321
PLACE_optlc_35744	0	1.55556
PLACE_optlc_33901	0	1.53086
PLACE_optlc_37975	0	1.53086
PLACE_optlc_27664	0	1.50617
datamem/U620	0	0.772955
datamem/U4043	0	0.557801
datamem/ram_reg[70][5]	0	0.77814
PLACE_optlc_35574	0	0.555556
PLACE_optlc_36526	0	0.469136
PLACE_optlc_33667	0	0.54321
PLACE_optlc_37188	0	1.53086
PLACE_optlc_30275	0	1.55556
PLACE_optlc_26727	0	0.530864
PLACE_optlc_31647	0	0.54321
PLACE_optlc_30310	0	0.54321
datamem/ram_reg[33][5]	0	0.820332
reg_file/U170	0	1.64864
reg_file/U168	0	1.55289
PLACE_optlc_28750	0	1.55556
PLACE_optlc_31105	0	0.54321
PLACE_optlc_33787	0	0.530864
PLACE_optlc_32903	0	1.55556
PLACE_optlc_26883	0	0.530864
PLACE_optlc_29770	0	1.55556
PLACE_optlc_33086	0	1.55556
PLACE_optlc_29994	0	0.518519
PLACE_optlc_31835	0	1.54321
PLACE_optlc_37379	0	0.506173
PLACE_optlc_31409	0	1.55556
datamem/U283	0	1.46638
PLACE_optlc_25966	0	1.55556
PLACE_optlc_26486	0	1.55556
PLACE_optlc_36850	0	0.54321
PLACE_optlc_32674	0	0.469136
PLACE_optlc_27777	0	0.530864
PLACE_optlc_27564	0	0.530864
PLACE_optlc_30163	0	0.530864
PLACE_optlc_35879	0	0.555556
PLACE_optlc_25854	0	1.55556
PLACE_optlc_27706	0	0.506173
datamem/ram_reg[116][12]	0	0.744417
datamem/ram_reg[148][7]	0	1.74529
datamem/ram_reg[6][1]	0	0.682674
datamem/ram_reg[87][2]	0	0.643198
datamem/ram_reg[51][15]	0	0.606354
PLACE_optlc_28446	0	1.55556
PLACE_optlc_37450	0	0.469136
PLACE_optlc_31839	0	1.55556
PLACE_optlc_29338	0	1.55556
PLACE_optlc_30630	0	0.45679
PLACE_optlc_33114	0	0.518519
datamem/ram_reg[235][7]	0	0.776802
datamem/ram_reg[25][10]	0	0.668515
datamem/ram_reg[182][4]	0	1.2678
datamem/U2321	0	1.30077
datamem/U3596	0	0.840849
PLACE_optlc_29072	0	1.54321
PLACE_optlc_28393	0	1.55556
PLACE_optlc_35968	0	0.555556
PLACE_optlc_28468	0	0.518519
PLACE_optlc_28807	0	0.54321
PLACE_optlc_25679	0	0.530864
PLACE_optlc_31961	0	0.54321
PLACE_optlc_35476	0	0.555556
datamem/ram_reg[45][12]	0	1.19551
datamem/ram_reg[10][10]	0	0.827442
datamem/ram_reg[92][15]	0	0.596142
alu_unit/U55	0	0.814958
datamem/U1041	0	0.791381
datamem/ram_reg[113][15]	0	0.569398
PLACE_optlc_31256	0	0.469136
PLACE_optlc_35283	0	1.54321
PLACE_optlc_37628	0	0.493827
PLACE_optlc_27533	0	1.53086
PLACE_optlc_35029	0	0.469136
PLACE_optlc_35181	0	1.44444
PLACE_optlc_34208	0	0.54321
PLACE_optlc_30022	0	0.493827
datamem/ram_reg[236][3]	0	0.827878
datamem/ram_reg[31][1]	0	0.65875
datamem/U3296	0	0.760123
datamem/ram_reg[98][1]	0	0.873974
datamem/ram_reg[166][14]	0	0.85
U267	0	1.14493
reg_file/U43	0	1.90944
datamem/ram_reg[117][14]	0	1.07323
PLACE_optlc_36087	0	1.54321
PLACE_optlc_27170	0	1.55556
PLACE_optlc_29047	0	0.530864
PLACE_optlc_30316	0	0.481481
PLACE_optlc_28102	0	1.54321
PLACE_optlc_37698	0	0.555556
datamem/ram_reg[65][0]	0	0.772338
datamem/ram_reg[5][2]	0	1.08608
datamem/ram_reg[104][2]	0	1.69466
PLACE_optlc_26979	0	1.51852
PLACE_optlc_32541	0	0.45679
datamem/U1883	0	0.878368
PLACE_optlc_36747	0	1.55556
PLACE_optlc_35018	0	0.555556
PLACE_optlc_32168	0	1.53086
PLACE_optlc_35527	0	0.555556
PLACE_optlc_32686	0	0.530864
datamem/U4075	0	1.34684
datamem/U2065	0	0.552867
reg_file/reg_array_reg[7][3]	0	1.90297
datamem/U4531	0	0.803449
datamem/ram_reg[101][1]	0	1.03085
PLACE_optlc_31164	0	0.54321
PLACE_optlc_33473	0	1.51852
PLACE_optlc_34089	0	0.518519
reg_file/reg_array_reg[3][6]	0	1.44705
reg_file/U95	0	1.16323
datamem/U1425	0	1.75028
reg_file/reg_array_reg[2][13]	0	0.830617
datamem/U2537	0	0.969977
PLACE_optlc_28076	0	0.530864
PLACE_optlc_28838	0	1.49383
PLACE_optlc_26348	0	0.481481
PLACE_optlc_26804	0	1.55556
PLACE_optlc_33565	0	0.518519
PLACE_optlc_27974	0	1.4321
PLACE_optlc_31994	0	1.51852
datamem/ram_reg[173][10]	0	1.18337
datamem/ram_reg[93][2]	0	0.556647
datamem/ram_reg[221][6]	0	1.10991
datamem/U603	0	0.775953
reg_file/U97	0	1.0063
datamem/ram_reg[103][12]	0	1.07887
datamem/ram_reg[204][6]	0	0.613958
PLACE_optlc_26328	0	0.481481
PLACE_optlc_26329	0	1.55556
PLACE_optlc_31208	0	0.54321
PLACE_optlc_36336	0	0.555556
PLACE_optlc_28046	0	0.54321
datamem/ram_reg[151][11]	0	0.950583
datamem/ram_reg[33][1]	0	0.880301
datamem/ram_reg[28][6]	0	1.32391
PLACE_optlc_33226	0	1.53086
PLACE_optlc_29540	0	0.54321
PLACE_optlc_32543	0	0.444444
PLACE_optlc_36451	0	1.55556
PLACE_optlc_30535	0	1.53086
PLACE_optlc_37700	0	0.555556
PLACE_optlc_32007	0	0.493827
PLACE_optlc_28895	0	1.55556
PLACE_optlc_26634	0	0.481481
PLACE_optlc_28260	0	0.54321
datamem/ram_reg[75][3]	0	1.84964
datamem/U3540	0	1.07689
datamem/ram_reg[82][14]	0	1.60711
datamem/ram_reg[41][5]	0	1.02899
PLACE_optlc_37779	0	0.506173
PLACE_optlc_27180	0	0.382716
PLACE_optlc_38148	0	0.419753
PLACE_optlc_30258	0	1.55556
reg_file/PLACE_HFSBUF_1007_25594	0	1.08876
reg_file/reg_array_reg[7][13]	0	1.71501
datamem/U4579	0	0.998171
datamem/ram_reg[5][6]	0	1.1312
datamem/ram_reg[157][4]	0	1.18865
U132	0	0.705841
datamem/U1033	0	0.681227
PLACE_optlc_32719	0	1.53086
datamem/ram_reg[57][2]	0	0.804213
datamem/ram_reg[34][4]	0	1.31209
datamem/U4122	0	0.98718
datamem/U2094	0	0.552604
datamem/U189	0	0.813916
PLACE_optlc_34428	0	0.493827
PLACE_optlc_25934	0	1.55556
PLACE_optlc_34488	0	1.54321
PLACE_optlc_37403	0	0.530864
PLACE_optlc_38155	0	0.555556
PLACE_optlc_25976	0	0.54321
datamem/ram_reg[38][6]	0	1.94963
datamem/U862	0	1.14606
reg_file/U96	0	1.428
PLACE_optlc_34634	0	1.53086
PLACE_optlc_35639	0	0.555556
PLACE_optlc_33408	0	0.506173
reg_file/U135	0	0.596705
datamem/ram_reg[222][3]	0	0.904842
datamem/ram_reg[115][14]	0	1.04811
datamem/U4261	0	1.27373
U333	0	1.1076
reg_file/U153	0	1.18932
PLACE_optlc_37157	0	0.555556
PLACE_optlc_35922	0	0.530864
PLACE_optlc_27537	0	1.55556
PLACE_optlc_37221	0	1.53086
PLACE_optlc_33546	0	0.555556
PLACE_optlc_33844	0	1.55556
PLACE_optlc_25753	0	1.46914
datamem/ram_reg[15][5]	0	0.809853
datamem/U2059	0	1.06481
datamem/U1360	0	0.737986
datamem/ram_reg[32][1]	0	0.81336
datamem/U192	0	1.30343
PLACE_optlc_25892	0	0.506173
PLACE_optlc_27056	0	1.55556
PLACE_optlc_26815	0	1.51852
PLACE_optlc_33501	0	0.419753
datamem/U2687	0	0.872079
datamem/U1021	0	1.48458
reg_file/reg_array_reg[3][4]	0	0.616875
reg_file/PLACE_HFSBUF_1254_25590	0	0.930436
datamem/U826	0	1.71665
datamem/U277	0	0.918461
datamem/ram_reg[136][11]	0	1.68668
PLACE_optlc_32652	0	1.51852
PLACE_optlc_31804	0	1.51852
PLACE_optlc_27614	0	0.506173
PLACE_optlc_35526	0	1.4321
PLACE_optlc_32091	0	0.54321
PLACE_optlc_37693	0	0.54321
PLACE_optlc_37489	0	0.555556
reg_file/reg_array_reg[3][5]	0	0.573831
datamem/ram_reg[164][4]	0	1.31544
U342	0	0.538391
datamem/ram_reg[253][4]	0	1.52739
datamem/ram_reg[216][7]	0	0.567245
datamem/U1774	0	0.783044
datamem/ram_reg[40][8]	0	1.45097
PLACE_optlc_29230	0	1.53086
PLACE_optlc_29957	0	0.54321
PLACE_optlc_32544	0	0.530864
PLACE_optlc_29330	0	0.493827
PLACE_optlc_34705	0	0.530864
PLACE_optlc_29650	0	0.54321
datamem/U2830	0	0.760255
datamem/ram_reg[33][0]	0	0.760401
datamem/ram_reg[69][15]	0	1.6102
PLACE_optlc_30539	0	0.54321
PLACE_optlc_36470	0	0.469136
PLACE_optlc_36881	0	0.555556
PLACE_optlc_30040	0	1.50617
PLACE_optlc_35643	0	1.49383
PLACE_optlc_33881	0	1.51852
PLACE_optlc_27781	0	1.55556
PLACE_optlc_26170	0	1.53086
datamem/U4275	0	0.812928
datamem/U4020	0	1.43397
datamem/U4336	0	0.830089
datamem/U2837	0	0.927188
datamem/ram_reg[47][12]	0	0.544568
datamem/U4005	0	1.687
PLACE_optlc_29532	0	1.55556
PLACE_optlc_37077	0	1.54321
PLACE_optlc_37840	0	0.555556
datamem/U1875	0	0.632809
datamem/U1540	0	1.32627
U358	0	1.02686
reg_file/reg_array_reg[0][5]	0	0.829564
datamem/U1513	0	0.550957
PLACE_optlc_36260	0	1.53086
PLACE_optlc_26440	0	0.54321
PLACE_optlc_37256	0	0.518519
PLACE_optlc_33867	0	0.54321
PLACE_optlc_35397	0	0.45679
datamem/U893	0	0.966748
datamem/U94	0	1.72728
PLACE_optlc_35869	0	0.555556
PLACE_optlc_27956	0	0.518519
PLACE_optlc_38098	0	0.555556
PLACE_optlc_31988	0	1.55556
PLACE_optlc_36661	0	0.530864
PLACE_optlc_28074	0	1.53086
reg_file/reg_array_reg[5][7]	0	0.930436
datamem/ram_reg[219][2]	0	0.919228
reg_file/reg_array_reg[5][13]	0	1.00539
PLACE_optlc_31339	0	1.53086
PLACE_optlc_31570	0	1.53086
PLACE_optlc_27079	0	0.54321
PLACE_optlc_30056	0	0.518519
PLACE_optlc_36242	0	0.555556
PLACE_optlc_36494	0	0.54321
PLACE_optlc_35440	0	0.555556
PLACE_optlc_34797	0	0.555556
PLACE_optlc_35568	0	0.469136
datamem/U2004	0	1.06553
datamem/U1400	0	1.02492
datamem/ram_reg[108][10]	0	1.1122
PLACE_optlc_32999	0	0.54321
PLACE_optlc_29066	0	1.49383
PLACE_optlc_27142	0	1.51852
PLACE_optlc_27723	0	0.469136
reg_file/reg_array_reg[1][5]	0	1.73559
reg_file/reg_array_reg[4][6]	0	1.19489
datamem/ram_reg[150][12]	0	0.792639
reg_file/reg_array_reg[7][4]	0	1.84301
PLACE_optlc_35507	0	0.54321
PLACE_optlc_30500	0	1.51852
PLACE_optlc_28203	0	1.55556
PLACE_optlc_33801	0	0.518519
PLACE_optlc_31298	0	1.54321
PLACE_optlc_38234	0	0.555556
PLACE_optlc_27133	0	1.50617
PLACE_optlc_30077	0	1.53086
datamem/ram_reg[67][15]	0	1.24493
datamem/ram_reg[10][2]	0	1.11249
datamem/ram_reg[101][10]	0	1.09287
datamem/ram_reg[33][15]	0	0.981671
datamem/U3916	0	1.07191
datamem/U3017	0	1.39595
reg_file/reg_array_reg[1][6]	0	1.75796
PLACE_optlc_34635	0	0.555556
PLACE_optlc_28574	0	0.518519
PLACE_optlc_35319	0	1.55556
PLACE_optlc_30770	0	0.530864
PLACE_optlc_37062	0	1.51852
PLACE_optlc_34560	0	1.55556
PLACE_optlc_27532	0	0.54321
PLACE_optlc_33614	0	0.518519
U321	0	0.571277
datamem/ram_reg[192][11]	0	0.634078
reg_file/reg_array_reg[7][7]	0	2.72003
PLACE_optlc_36240	0	0.469136
PLACE_optlc_32784	0	0.54321
PLACE_optlc_33623	0	1.53086
PLACE_optlc_35206	0	0.444444
PLACE_optlc_33446	0	0.555556
PLACE_optlc_33285	0	0.45679
PLACE_optlc_36715	0	1.55556
PLACE_optlc_29269	0	1.54321
PLACE_optlc_36446	0	1.54321
datamem/U513	0	0.86784
U332	0	0.726775
reg_file/reg_array_reg[2][6]	0	1.85289
datamem/U2844	0	1.6864
datamem/U2743	0	0.66561
reg_file/reg_array_reg[1][7]	0	0.71784
PLACE_optlc_35996	0	1.55556
PLACE_optlc_36598	0	0.555556
PLACE_optlc_26947	0	1.55556
PLACE_optlc_26800	0	1.55556
PLACE_optlc_32528	0	1.49383
PLACE_optlc_26558	0	0.530864
PLACE_optlc_25922	0	1.54321
PLACE_optlc_34857	0	0.555556
datamem/ram_reg[0][15]	0	1.25439
reg_file/reg_array_reg[4][7]	0	0.887307
datamem/U4309	0	1.02904
datamem/U111	0	0.733137
PLACE_optlc_28447	0	1.55556
PLACE_optlc_26728	0	1.55556
PLACE_optlc_26333	0	0.530864
datamem/U2110	0	1.51948
datamem/U3139	0	0.596717
datamem/U599	0	1.42236
datamem/U694	0	1.60216
datamem/U1576	0	0.56897
PLACE_optlc_31436	0	1.55556
PLACE_optlc_31785	0	1.55556
PLACE_optlc_31755	0	1.54321
PLACE_optlc_33749	0	1.55556
PLACE_optlc_34669	0	0.530864
PLACE_optlc_27141	0	2.51852
PLACE_optlc_36743	0	0.469136
PLACE_optlc_25910	0	0.54321
PLACE_optlc_32651	0	1.53086
datamem/U3106	0	0.782087
datamem/U2685	0	0.966319
reg_file/U142	0	0.666385
datamem/U938	0	1.61236
datamem/ram_reg[13][1]	0	1.33402
datamem/ram_reg[126][0]	0	1.48389
datamem/ram_reg[137][4]	0	1.76657
datamem/U1186	0	1.42068
PLACE_optlc_28373	0	0.506173
PLACE_optlc_26549	0	0.530864
PLACE_optlc_33161	0	1.48148
PLACE_optlc_28343	0	1.54321
PLACE_optlc_31633	0	1.55556
datamem/U732	0	0.970914
datamem/ram_reg[241][7]	0	0.940486
datamem/U463	0	1.0002
datamem/U1177	0	1.81987
datamem/ram_reg[179][6]	0	1.61784
datamem/U581	0	0.807809
datamem/ram_reg[95][14]	0	0.817793
PLACE_optlc_30859	0	0.54321
PLACE_optlc_30867	0	1.55556
PLACE_optlc_31372	0	1.48148
PLACE_optlc_28272	0	0.530864
PLACE_optlc_27130	0	0.54321
PLACE_optlc_30012	0	0.54321
PLACE_optlc_35417	0	0.469136
PLACE_optlc_37469	0	0.555556
PLACE_optlc_30674	0	1.54321
PLACE_optlc_29607	0	1.50617
datamem/U3626	0	0.944012
reg_file/U86	0	0.736563
datamem/ram_reg[233][12]	0	2.14412
datamem/ram_reg[200][7]	0	0.690783
datamem/ram_reg[57][6]	0	0.901015
datamem/ram_reg[77][15]	0	0.769263
PLACE_optlc_29009	0	1.44444
PLACE_optlc_29067	0	1.55556
PLACE_optlc_32369	0	0.493827
datamem/ram_reg[74][7]	0	1.35481
datamem/U2726	0	1.30299
datamem/ram_reg[157][6]	0	1.26914
PLACE_optlc_35598	0	0.555556
PLACE_optlc_32489	0	1.55556
PLACE_optlc_37035	0	0.469136
PLACE_optlc_34061	0	0.518519
PLACE_optlc_34647	0	0.555556
datamem/ram_reg[85][2]	0	1.01046
datamem/ram_reg[117][15]	0	0.806887
datamem/ram_reg[207][2]	0	0.899325
U322	0	0.919352
reg_file/U63	0	0.827299
PLACE_optlc_36158	0	1.55556
PLACE_optlc_29487	0	0.469136
PLACE_optlc_26766	0	1.53086
PLACE_optlc_34484	0	0.530864
datamem/ram_reg[118][2]	0	0.562639
datamem/ram_reg[65][9]	0	1.22475
PLACE_optlc_29697	0	1.55556
PLACE_optlc_36920	0	0.555556
PLACE_optlc_38347	0	0.555556
PLACE_optlc_37618	0	0.555556
PLACE_optlc_28673	0	0.54321
PLACE_optlc_37839	0	1.55556
PLACE_optlc_36338	0	0.469136
PLACE_optlc_36032	0	1.49383
datamem/ram_reg[123][2]	0	1.79542
datamem/U1684	0	0.586964
PLACE_optlc_36564	0	1.55556
PLACE_optlc_37988	0	0.469136
PLACE_optlc_35132	0	1.55556
PLACE_optlc_36337	0	1.55556
datamem/U2472	0	1.11726
datamem/ram_reg[33][7]	0	0.74456
datamem/U1408	0	0.817674
PLACE_optlc_30272	0	0.45679
PLACE_optlc_37577	0	1.55556
PLACE_optlc_36953	0	0.555556
PLACE_optlc_35911	0	0.555556
PLACE_optlc_29392	0	1.54321
PLACE_optlc_33793	0	1.51852
PLACE_optlc_25701	0	0.54321
PLACE_optlc_37105	0	0.555556
PLACE_optlc_29711	0	0.54321
PLACE_optlc_37761	0	0.506173
datamem/U3697	0	0.83733
datamem/U2131	0	1.32131
datamem/U747	0	1.12702
datamem/U1498	0	0.848117
datamem/U1346	0	1.19037
PLACE_optlc_31382	0	1.55556
PLACE_optlc_31644	0	1.55556
PLACE_optlc_32099	0	0.518519
PLACE_optlc_34475	0	1.53086
PLACE_optlc_28315	0	1.55556
PLACE_optlc_35723	0	0.530864
datamem/ram_reg[35][12]	0	0.603912
datamem/ram_reg[220][10]	0	0.798592
datamem/U2971	0	0.716053
datamem/U3965	0	0.71635
PLACE_optlc_26796	0	0.54321
PLACE_optlc_27146	0	0.518519
PLACE_optlc_34512	0	0.555556
PLACE_optlc_31537	0	0.506173
PLACE_optlc_32711	0	0.54321
PLACE_optlc_26090	0	0.54321
PLACE_optlc_26581	0	1.55556
datamem/ram_reg[255][2]	0	0.910193
reg_file/U60	0	1.04692
datamem/ram_reg[159][5]	0	1.71868
datamem/U98	0	1.39549
PLACE_optlc_32739	0	0.54321
PLACE_optlc_33618	0	0.530864
PLACE_optlc_26105	0	0.45679
PLACE_optlc_29506	0	0.481481
PLACE_optlc_33107	0	1.55556
PLACE_optlc_30133	0	0.54321
PLACE_optlc_29342	0	1.55556
PLACE_optlc_25746	0	1.55556
PLACE_optlc_32721	0	0.518519
PLACE_optlc_27070	0	0.518519
PLACE_optlc_29167	0	1.51852
datamem/ram_reg[137][13]	0	1.02848
U338	0	0.654734
reg_file/U46	0	0.600791
datamem/ram_reg[171][13]	0	1.1261
datamem/U1264	0	1.06294
datamem/U3486	0	0.997365
reg_file/U178	0	1.28682
datamem/U613	0	1.44834
datamem/ram_reg[243][14]	0	0.728657
PLACE_optlc_26863	0	0.469136
PLACE_optlc_30831	0	0.469136
PLACE_optlc_25860	0	1.55556
PLACE_optlc_37856	0	0.555556
PLACE_optlc_33689	0	0.493827
PLACE_optlc_32178	0	0.54321
PLACE_optlc_32810	0	1.55556
PLACE_optlc_33275	0	0.54321
PLACE_optlc_27235	0	0.506173
PLACE_optlc_32221	0	0.481481
reg_file/reg_array_reg[6][7]	0	1.51476
reg_file/U61	0	1.47301
datamem/U3244	0	2.18912
reg_file/reg_array_reg[4][8]	0	0.639356
datamem/ram_reg[238][1]	0	1.61552
datamem/ram_reg[1][8]	0	0.976188
reg_file/reg_array_reg[6][13]	0	1.32773
datamem/U1732	0	0.838233
reg_file/reg_array_reg[0][9]	0	1.01191
PLACE_optlc_27580	0	1.55556
PLACE_optlc_28519	0	0.493827
PLACE_optlc_26908	0	1.55556
PLACE_optlc_32142	0	0.54321
PLACE_optlc_26044	0	0.444444
PLACE_optlc_29786	0	1.55556
reg_file/reg_array_reg[4][4]	0	1.72547
datamem/U646	0	1.11275
reg_file/reg_array_reg[5][4]	0	1.38916
datamem/U237	0	0.933063
datamem/ram_reg[101][12]	0	0.993445
datamem/U4603	0	1.17055
PLACE_optlc_32188	0	1.53086
PLACE_optlc_35923	0	1.53086
PLACE_optlc_37483	0	1.55556
PLACE_optlc_33833	0	0.54321
PLACE_optlc_35442	0	0.555556
datamem/ram_reg[74][0]	0	0.563418
datamem/ram_reg[226][3]	0	1.60706
datamem/U17	0	1.41978
datamem/U605	0	0.888592
datamem/U3747	0	0.681698
PLACE_optlc_35918	0	0.469136
PLACE_optlc_30423	0	0.493827
PLACE_optlc_36373	0	0.555556
PLACE_optlc_26418	0	0.530864
PLACE_optlc_30383	0	1.55556
reg_file/U117	0	1.21671
datamem/ram_reg[142][15]	0	0.748256
reg_file/U156	0	1.0031
datamem/ram_reg[165][2]	0	1.30108
datamem/ram_reg[251][12]	0	0.830062
datamem/ram_reg[185][12]	0	0.960382
datamem/ram_reg[38][3]	0	0.78912
PLACE_optlc_36486	0	1.55556
PLACE_optlc_35881	0	1.55556
PLACE_optlc_37487	0	0.555556
PLACE_optlc_36926	0	1.46914
PLACE_optlc_37148	0	1.55556
datamem/U2584	0	1.26247
datamem/U4176	0	1.14927
reg_file/reg_array_reg[4][13]	0	0.800312
datamem/U1037	0	1.45627
datamem/ram_reg[67][11]	0	0.870463
PLACE_optlc_37307	0	1.55556
PLACE_optlc_28475	0	0.493827
PLACE_optlc_37542	0	0.555556
datamem/ram_reg[76][10]	0	1.46387
reg_file/reg_array_reg[3][9]	0	0.811015
datamem/ram_reg[144][0]	0	0.712944
datamem/ram_reg[155][10]	0	1.47888
datamem/U598	0	0.91272
PLACE_optlc_25870	0	1.53086
PLACE_optlc_35800	0	0.555556
PLACE_optlc_31274	0	0.444444
PLACE_optlc_32059	0	0.54321
PLACE_optlc_30951	0	1.54321
datamem/ram_reg[153][12]	0	0.791138
reg_file/reg_array_reg[1][8]	0	1.11671
PLACE_optlc_36205	0	1.46914
PLACE_optlc_28163	0	1.55556
PLACE_optlc_30592	0	1.53086
PLACE_optlc_27897	0	0.54321
PLACE_optlc_37058	0	1.53086
PLACE_optlc_28365	0	0.530864
PLACE_optlc_29384	0	0.518519
PLACE_optlc_34849	0	0.555556
PLACE_optlc_27209	0	1.53086
PLACE_optlc_37985	0	0.530864
PLACE_optlc_34685	0	0.555556
PLACE_optlc_36382	0	0.555556
datamem/ram_reg[115][4]	0	0.788048
datamem/ram_reg[77][7]	0	0.653256
datamem/ram_reg[12][7]	0	0.817909
PLACE_optlc_27431	0	1.50617
PLACE_optlc_36257	0	0.555556
PLACE_optlc_27680	0	1.55556
PLACE_optlc_33648	0	0.419753
PLACE_optlc_31828	0	1.54321
PLACE_optlc_36417	0	0.555556
reg_file/reg_array_reg[6][9]	0	1.59149
datamem/U2780	0	1.32678
reg_file/reg_array_reg[3][10]	0	1.41343
datamem/U1963	0	0.858947
PLACE_optlc_29364	0	0.54321
PLACE_optlc_35711	0	0.555556
PLACE_optlc_30902	0	1.54321
PLACE_optlc_36642	0	1.55556
PLACE_optlc_32728	0	0.493827
PLACE_optlc_33209	0	1.55556
PLACE_optlc_33533	0	0.493827
PLACE_optlc_36874	0	1.48148
PLACE_optlc_30688	0	0.506173
datamem/ram_reg[192][13]	0	1.31128
PLACE_optlc_33022	0	0.54321
PLACE_optlc_31982	0	0.530864
PLACE_optlc_34521	0	0.469136
PLACE_optlc_38237	0	0.469136
PLACE_optlc_34093	0	0.555556
PLACE_optlc_26822	0	1.54321
PLACE_optlc_28775	0	0.530864
PLACE_optlc_32893	0	0.530864
PLACE_optlc_27313	0	1.48148
datamem/U28	0	1.47581
reg_file/reg_array_reg[3][13]	0	1.1124
datamem/U184	0	1.50473
PLACE_optlc_32805	0	0.518519
PLACE_optlc_29483	0	0.518519
PLACE_optlc_36808	0	0.555556
PLACE_optlc_33771	0	0.45679
PLACE_optlc_32550	0	0.481481
PLACE_optlc_36186	0	1.54321
PLACE_optlc_34810	0	0.555556
PLACE_optlc_38204	0	1.53086
reg_file/U169	0	1.69135
reg_file/U42	0	2.43261
datamem/U2554	0	0.903144
PLACE_optlc_29060	0	1.55556
PLACE_optlc_28956	0	1.54321
PLACE_optlc_33298	0	1.45679
PLACE_optlc_36790	0	1.55556
PLACE_optlc_33060	0	0.54321
PLACE_optlc_33195	0	0.54321
PLACE_optlc_28194	0	1.55556
PLACE_optlc_29325	0	1.46914
datamem/ram_reg[126][13]	0	0.950448
reg_file/reg_array_reg[4][10]	0	2.0834
datamem/U1228	0	0.764383
reg_file/U100	0	1.30679
datamem/U1339	0	1.08405
PLACE_optlc_26164	0	1.54321
PLACE_optlc_25629	0	0.518519
PLACE_optlc_30038	0	0.530864
PLACE_optlc_27257	0	0.54321
PLACE_optlc_28700	0	1.53086
datamem/U3358	0	1.4722
datamem/U1837	0	0.557477
datamem/ram_reg[154][1]	0	0.802029
PLACE_optlc_29526	0	1.55556
PLACE_optlc_25686	0	1.41975
PLACE_optlc_26994	0	1.55556
PLACE_optlc_27236	0	1.55556
datamem/U691	0	0.861532
datamem/ram_reg[100][13]	0	1.31349
datamem/ram_reg[6][5]	0	0.663993
datamem/U4642	0	1.42893
PLACE_optlc_33458	0	0.54321
PLACE_optlc_34796	0	0.469136
PLACE_optlc_35608	0	0.555556
PLACE_optlc_31309	0	1.55556
PLACE_optlc_33288	0	1.51852
PLACE_optlc_33613	0	0.506173
PLACE_optlc_28571	0	1.55556
PLACE_optlc_27965	0	0.54321
datamem/ram_reg[238][2]	0	0.780509
reg_file/U136	0	1.23529
datamem/ram_reg[141][7]	0	0.691671
datamem/ram_reg[37][3]	0	2.50164
datamem/U2483	0	1.02032
datamem/U1839	0	0.583576
PLACE_optlc_30876	0	1.51852
PLACE_optlc_26437	0	0.530864
PLACE_optlc_29774	0	1.55556
datamem/ram_reg[8][14]	0	0.960382
datamem/ram_reg[211][9]	0	1.01113
reg_file/U50	0	0.916914
PLACE_optlc_27701	0	0.54321
PLACE_optlc_37154	0	0.555556
PLACE_optlc_34106	0	0.555556
datamem/U4373	0	0.62701
datamem/ram_reg[73][10]	0	0.648935
datamem/U4230	0	1.21914
PLACE_optlc_36815	0	0.555556
PLACE_optlc_30409	0	1.55556
PLACE_optlc_29105	0	0.518519
reg_file/U79	0	1.06455
reg_file/U133	0	1.01193
datamem/ram_reg[183][11]	0	0.76642
reg_file/PLACE_HFSBUF_1718_25592	0	0.83789
datamem/ram_reg[3][7]	0	0.816566
reg_file/PLACE_HFSBUF_2297_25596	0	1.10196
PLACE_optlc_30616	0	0.54321
PLACE_optlc_35381	0	1.53086
PLACE_optlc_35410	0	0.555556
PLACE_optlc_34446	0	0.469136
PLACE_optlc_34877	0	0.555556
PLACE_optlc_30551	0	0.45679
datamem/ram_reg[151][8]	0	0.82772
datamem/U1822	0	0.788221
datamem/ram_reg[157][7]	0	1.30573
PLACE_optlc_35769	0	0.555556
PLACE_optlc_37998	0	0.530864
reg_file/U115	0	0.758754
reg_file/reg_array_reg[0][13]	0	0.713873
reg_file/U172	0	1.17918
PLACE_optlc_26266	0	1.54321
PLACE_optlc_36365	0	0.555556
PLACE_optlc_26054	0	1.55556
PLACE_optlc_31109	0	0.54321
PLACE_optlc_28294	0	0.54321
PLACE_optlc_34600	0	1.51852
datamem/U2846	0	1.00178
datamem/ram_reg[194][10]	0	1.00208
datamem/U3321	0	0.791736
reg_file/PLACE_HFSBUF_1934_25591	0	1.42929
reg_file/U152	0	1.38268
reg_file/U62	0	0.65934
datamem/ram_reg[28][5]	0	1.8262
reg_file/U124	0	0.663746
datamem/ram_reg[196][11]	0	0.947276
datamem/U2881	0	0.875019
datamem/U2136	0	0.576312
reg_file/U118	0	1.14478
datamem/U3828	0	1.49255
PLACE_optlc_34447	0	0.555556
PLACE_optlc_35246	0	1.55556
PLACE_optlc_31711	0	1.55556
PLACE_optlc_32316	0	0.530864
PLACE_optlc_30025	0	0.54321
reg_file/U59	0	0.680004
datamem/U3488	0	1.86103
reg_file/reg_array_reg[2][0]	0	0.850482
reg_file/U78	0	0.729653
datamem/U1224	0	1.40132
datamem/U2278	0	1.26118
reg_file/U154	0	1.73694
PLACE_optlc_32974	0	1.55556
PLACE_optlc_36287	0	0.506173
PLACE_optlc_30952	0	0.54321
PLACE_optlc_27228	0	1.55556
PLACE_optlc_28506	0	0.518519
datamem/U2492	0	0.635482
datamem/U160	0	0.60108
PLACE_optlc_29135	0	1.50617
PLACE_optlc_27712	0	0.54321
PLACE_optlc_32103	0	0.54321
PLACE_optlc_29088	0	1.54321
PLACE_optlc_34121	0	0.530864
PLACE_optlc_30871	0	1.48148
PLACE_optlc_27582	0	0.518519
PLACE_optlc_34508	0	1.55556
datamem/ram_reg[51][6]	0	0.881794
reg_file/U116	0	0.922145
PLACE_optlc_26561	0	1.54321
PLACE_optlc_29523	0	1.49383
PLACE_optlc_28630	0	1.55556
PLACE_optlc_37324	0	0.45679
PLACE_optlc_33455	0	0.518519
PLACE_optlc_35891	0	0.45679
PLACE_optlc_36045	0	0.530864
PLACE_optlc_28996	0	0.54321
PLACE_optlc_33268	0	1.53086
datamem/U2226	0	0.927122
datamem/ram_reg[48][9]	0	0.626578
reg_file/U134	0	1.26014
reg_file/U104	0	1.79349
datamem/U225	0	1.10646
PLACE_optlc_28767	0	1.54321
PLACE_optlc_34027	0	1.53086
PLACE_optlc_27001	0	1.49383
PLACE_optlc_36662	0	0.469136
PLACE_optlc_26003	0	0.54321
datamem/ram_reg[141][3]	0	0.945602
datamem/U2606	0	0.725637
reg_file/U77	0	0.878978
datamem/ram_reg[173][12]	0	0.86262
datamem/ram_reg[69][14]	0	1.1472
datamem/ram_reg[204][9]	0	0.927207
PLACE_optlc_37787	0	0.555556
PLACE_optlc_31911	0	1.55556
PLACE_optlc_37411	0	1.55556
datamem/U4512	0	1.20793
datamem/U2084	0	0.810837
PLACE_optlc_37818	0	0.469136
PLACE_optlc_35760	0	0.518519
PLACE_optlc_34506	0	1.55556
PLACE_optlc_30099	0	1.55556
PLACE_optlc_34848	0	1.49383
PLACE_optlc_32924	0	1.55556
PLACE_optlc_37234	0	1.53086
PLACE_optlc_37664	0	1.46914
PLACE_optlc_27024	0	1.55556
PLACE_optlc_30426	0	0.54321
PLACE_optlc_27603	0	1.54321
PLACE_optlc_36775	0	1.54321
PLACE_optlc_34731	0	0.555556
datamem/U3991	0	1.06762
datamem/U929	0	0.765602
reg_file/reg_array_reg[6][3]	0	0.904147
datamem/U4418	0	0.819198
PLACE_optlc_38306	0	0.54321
PLACE_optlc_36668	0	1.55556
PLACE_optlc_37586	0	0.469136
PLACE_optlc_37289	0	0.555556
PLACE_optlc_37836	0	0.469136
PLACE_optlc_35468	0	0.555556
PLACE_optlc_37931	0	1.55556
PLACE_optlc_26450	0	0.518519
PLACE_optlc_29765	0	0.444444
PLACE_optlc_28254	0	0.530864
datamem/ram_reg[22][11]	0	1.84671
datamem/U1474	0	1.12419
datamem/U2787	0	1.28611
reg_file/reg_array_reg[3][15]	0	1.12706
PLACE_optlc_34219	0	0.481481
PLACE_optlc_32673	0	0.45679
PLACE_optlc_34585	0	0.469136
PLACE_optlc_36628	0	0.555556
PLACE_optlc_29447	0	1.55556
datamem/ram_reg[238][13]	0	1.41228
datamem/U2987	0	2.01174
datamem/U4095	0	0.584198
PLACE_optlc_28833	0	0.54321
PLACE_optlc_26154	0	1.54321
PLACE_optlc_37725	0	1.50617
datamem/ram_reg[230][12]	0	0.763619
reg_file/reg_array_reg[6][4]	0	1.281
datamem/ram_reg[74][11]	0	1.50485
reg_file/U150	0	0.966694
datamem/ram_reg[113][12]	0	0.673588
datamem/U4310	0	1.34911
PLACE_optlc_35549	0	0.530864
PLACE_optlc_26200	0	0.506173
PLACE_optlc_28061	0	0.481481
PLACE_optlc_28171	0	0.555556
PLACE_optlc_29077	0	0.506173
PLACE_optlc_31014	0	0.481481
PLACE_optlc_34652	0	1.54321
PLACE_optlc_28627	0	0.54321
PLACE_optlc_29593	0	0.518519
PLACE_optlc_27434	0	1.55556
PLACE_optlc_31011	0	1.51852
datamem/ram_reg[81][8]	0	0.890409
datamem/ram_reg[62][13]	0	1.01425
datamem/ram_reg[118][9]	0	1.7395
datamem/ram_reg[238][0]	0	1.31257
datamem/ram_reg[173][7]	0	0.932049
datamem/ram_reg[164][3]	0	0.719633
PLACE_optlc_30295	0	0.45679
PLACE_optlc_31816	0	1.55556
PLACE_optlc_34295	0	0.555556
PLACE_optlc_38357	0	1.55556
PLACE_optlc_29463	0	1.51852
PLACE_optlc_38185	0	0.469136
PLACE_optlc_28032	0	1.55556
PLACE_optlc_33582	0	1.55556
PLACE_optlc_35956	0	1.55556
PLACE_optlc_26962	0	1.54321
PLACE_optlc_27939	0	0.54321
datamem/U512	0	0.70838
datamem/U2740	0	0.772963
reg_file/reg_array_reg[4][11]	0	2.24231
datamem/U4570	0	1.42132
datamem/U2814	0	1.48453
PLACE_optlc_35553	0	0.555556
PLACE_optlc_34640	0	1.55556
PLACE_optlc_25919	0	1.55556
PLACE_optlc_28899	0	0.54321
PLACE_optlc_30594	0	0.54321
PLACE_optlc_30856	0	0.45679
PLACE_optlc_26483	0	1.50617
PLACE_optlc_32900	0	1.54321
datamem/ram_reg[223][1]	0	1.87389
reg_file/reg_array_reg[3][7]	0	0.753437
datamem/U1385	0	0.611157
reg_file/reg_array_reg[2][4]	0	1.11423
reg_file/reg_array_reg[2][2]	0	0.727103
PLACE_optlc_27851	0	0.407407
PLACE_optlc_26057	0	1.55556
PLACE_optlc_33578	0	0.54321
PLACE_optlc_37066	0	0.469136
PLACE_optlc_34684	0	0.555556
PLACE_optlc_31078	0	1.55556
PLACE_optlc_37784	0	0.555556
PLACE_optlc_28755	0	1.55556
reg_file/reg_array_reg[1][4]	0	2.17698
reg_file/reg_array_reg[2][15]	0	1.79313
reg_file/U145	0	0.726883
datamem/ram_reg[223][7]	0	0.803796
reg_file/reg_array_reg[6][8]	0	0.936682
datamem/ram_reg[128][6]	0	0.713935
datamem/ram_reg[139][3]	0	0.565359
datamem/U410	0	0.787296
reg_file/reg_array_reg[4][15]	0	1.39556
reg_file/reg_array_reg[6][5]	0	2.41749
datamem/U4223	0	1.41275
PLACE_optlc_27367	0	0.530864
PLACE_optlc_35406	0	0.555556
PLACE_optlc_34918	0	0.555556
PLACE_optlc_28057	0	0.518519
PLACE_optlc_28329	0	0.518519
reg_file/reg_array_reg[4][9]	0	1.36534
datamem/ram_reg[209][8]	0	0.804707
reg_file/reg_array_reg[0][4]	0	0.806833
datamem/ram_reg[5][11]	0	0.637994
datamem/U4042	0	0.783731
datamem/ram_reg[115][3]	0	1.0484
reg_file/U80	0	1.24268
PLACE_optlc_32309	0	0.469136
PLACE_optlc_30261	0	0.506173
PLACE_optlc_31978	0	1.51852
datamem/ram_reg[52][7]	0	1.09954
datamem/U2323	0	0.827612
reg_file/reg_array_reg[2][5]	0	0.602735
PLACE_optlc_37805	0	0.555556
PLACE_optlc_29304	0	1.54321
PLACE_optlc_30168	0	0.469136
PLACE_optlc_36253	0	0.493827
PLACE_optlc_33939	0	0.481481
PLACE_optlc_37907	0	0.469136
PLACE_optlc_25942	0	0.555556
PLACE_optlc_33807	0	0.54321
PLACE_optlc_35366	0	0.555556
datamem/ram_reg[104][8]	0	0.551929
reg_file/reg_array_reg[4][5]	0	1.05897
reg_file/U151	0	2.28745
PLACE_optlc_33152	0	0.54321
PLACE_optlc_33387	0	1.55556
PLACE_optlc_26841	0	1.55556
PLACE_optlc_32941	0	0.54321
reg_file/reg_array_reg[5][5]	0	1.22088
reg_file/U73	0	0.739691
datamem/ram_reg[110][5]	0	0.743762
reg_file/U121	0	1.46007
reg_file/U41	0	1.24105
datamem/U3136	0	1.52096
datamem/U1889	0	1.03535
datamem/U1994	0	1.34821
PLACE_optlc_32527	0	0.54321
PLACE_optlc_34337	0	1.55556
PLACE_optlc_35048	0	0.493827
PLACE_optlc_34937	0	0.555556
PLACE_optlc_34335	0	1.55556
PLACE_optlc_27402	0	1.55556
PLACE_optlc_27025	0	1.55556
PLACE_optlc_32462	0	0.54321
PLACE_optlc_33652	0	0.54321
reg_file/reg_array_reg[1][11]	0	1.71374
datamem/U2291	0	0.7537
reg_file/U101	0	1.08583
datamem/ram_reg[32][9]	0	0.596339
PLACE_optlc_35282	0	0.555556
PLACE_optlc_32689	0	0.530864
PLACE_optlc_30905	0	0.530864
PLACE_optlc_26319	0	1.51852
PLACE_optlc_28222	0	1.53086
datamem/U1274	0	1.16827
U324	0	1.00932
datamem/U3558	0	0.674132
datamem/U2083	0	0.568827
datamem/ram_reg[248][11]	0	0.721721
PLACE_optlc_27030	0	1.55556
PLACE_optlc_34628	0	1.55556
PLACE_optlc_35299	0	1.49383
PLACE_optlc_34290	0	0.54321
PLACE_optlc_26697	0	0.45679
PLACE_optlc_26717	0	1.49383
PLACE_optlc_29268	0	1.4321
datamem/ram_reg[242][2]	0	0.741647
datamem/U948	0	1.6475
datamem/U115	0	0.869491
datamem/U1527	0	0.769232
datamem/ram_reg[9][3]	0	1.22898
datamem/U1331	0	1.05407
PLACE_optlc_25703	0	0.493827
PLACE_optlc_35221	0	0.555556
PLACE_optlc_34889	0	1.55556
PLACE_optlc_31929	0	1.54321
datamem/U2558	0	1.30818
datamem/U2056	0	1.17508
datamem/ram_reg[63][9]	0	0.58689
datamem/ram_reg[39][1]	0	1.39847
reg_file/reg_array_reg[5][9]	0	1.70777
datamem/U2263	0	0.853611
datamem/U673	0	0.910019
datamem/U3141	0	0.758465
PLACE_optlc_33741	0	0.506173
PLACE_optlc_25864	0	1.55556
PLACE_optlc_37091	0	1.55556
PLACE_optlc_37059	0	0.530864
PLACE_optlc_29443	0	0.54321
PLACE_optlc_25648	0	0.481481
PLACE_optlc_27405	0	0.518519
datamem/U4036	0	1.7272
reg_file/U120	0	0.840255
datamem/U878	0	1.0908
datamem/ram_reg[233][5]	0	0.848426
PLACE_optlc_33687	0	1.55556
PLACE_optlc_30157	0	0.530864
PLACE_optlc_32692	0	1.53086
PLACE_optlc_36274	0	0.283951
PLACE_optlc_32386	0	0.54321
PLACE_optlc_32196	0	1.55556
PLACE_optlc_33046	0	0.469136
datamem/ram_reg[89][4]	0	0.925498
reg_file/U75	0	0.9712
PLACE_optlc_36144	0	0.469136
PLACE_optlc_36173	0	0.555556
PLACE_optlc_27651	0	0.481481
PLACE_optlc_26294	0	1.53086
PLACE_optlc_34970	0	0.555556
PLACE_optlc_32515	0	0.518519
PLACE_optlc_36948	0	0.555556
PLACE_optlc_30301	0	0.493827
PLACE_optlc_36211	0	0.555556
reg_file/reg_array_reg[4][3]	0	1.39133
datamem/U63	0	0.988229
reg_file/U66	0	0.860039
PLACE_optlc_27437	0	1.55556
PLACE_optlc_25841	0	0.54321
PLACE_optlc_38328	0	1.55556
PLACE_optlc_32069	0	0.54321
PLACE_optlc_38154	0	1.51852
datamem/ram_reg[2][15]	0	0.550035
reg_file/reg_array_reg[7][10]	0	1.24367
datamem/U1263	0	1.76253
reg_file/reg_array_reg[0][7]	0	0.937288
datamem/ram_reg[19][1]	0	0.89287
datamem/ram_reg[106][15]	0	1.01525
datamem/ram_reg[108][6]	0	0.861427
reg_file/U119	0	0.835787
datamem/ram_reg[236][5]	0	1.04353
datamem/U4387	0	1.3062
datamem/ram_reg[129][4]	0	1.28716
reg_file/U88	0	0.867793
datamem/U2970	0	1.1996
PLACE_optlc_34870	0	0.555556
PLACE_optlc_30799	0	0.54321
PLACE_optlc_37366	0	0.555556
PLACE_optlc_26221	0	1.54321
PLACE_optlc_27689	0	0.518519
PLACE_optlc_37448	0	1.46914
PLACE_optlc_38017	0	0.555556
PLACE_optlc_38160	0	0.469136
PLACE_optlc_32863	0	1.50617
PLACE_optlc_28611	0	2.55556
PLACE_optlc_27641	0	0.506173
PLACE_optlc_35704	0	1.53086
reg_file/U126	0	0.958931
datamem/U3521	0	1.02618
datamem/U2847	0	0.716296
datamem/U1134	0	0.598002
reg_file/U84	0	0.801605
PLACE_optlc_36996	0	0.481481
PLACE_optlc_29433	0	0.54321
PLACE_optlc_29572	0	0.54321
PLACE_optlc_38166	0	0.555556
PLACE_optlc_35551	0	1.55556
PLACE_optlc_28136	0	0.54321
PLACE_optlc_36895	0	1.55556
PLACE_optlc_30375	0	0.54321
datamem/ram_reg[222][14]	0	1.27751
datamem/U103	0	1.15537
datamem/ram_reg[169][0]	0	0.966127
reg_file/U44	0	0.761096
datamem/ram_reg[60][10]	0	0.631998
PLACE_optlc_35701	0	0.481481
PLACE_optlc_34161	0	0.555556
PLACE_optlc_29944	0	0.506173
PLACE_optlc_37826	0	0.530864
PLACE_optlc_34348	0	0.506173
PLACE_optlc_31362	0	0.493827
PLACE_optlc_28314	0	0.518519
PLACE_optlc_33334	0	1.55556
PLACE_optlc_37668	0	0.555556
PLACE_optlc_37993	0	0.530864
datamem/U2627	0	1.25214
datamem/U2518	0	1.07848
PLACE_optlc_28383	0	0.45679
PLACE_optlc_32866	0	1.50617
PLACE_optlc_35792	0	0.469136
PLACE_optlc_29193	0	0.54321
PLACE_optlc_28395	0	1.54321
PLACE_optlc_28157	0	1.54321
PLACE_optlc_27853	0	0.54321
datamem/U3798	0	0.952064
reg_file/U68	0	1.47995
PLACE_optlc_33871	0	1.55556
PLACE_optlc_33923	0	1.53086
PLACE_optlc_27465	0	0.54321
PLACE_optlc_35651	0	0.555556
PLACE_optlc_27388	0	1.49383
PLACE_optlc_34392	0	1.53086
PLACE_optlc_27307	0	0.518519
PLACE_optlc_32145	0	0.530864
datamem/ram_reg[250][13]	0	0.687002
reg_file/reg_array_reg[2][10]	0	1.7476
datamem/U3837	0	0.762562
datamem/ram_reg[212][0]	0	0.841848
PLACE_optlc_30559	0	0.481481
PLACE_optlc_30524	0	1.48148
PLACE_optlc_29266	0	1.48148
PLACE_optlc_37726	0	1.46914
PLACE_optlc_34519	0	0.506173
PLACE_optlc_32189	0	0.518519
PLACE_optlc_37353	0	0.555556
PLACE_optlc_33297	0	1.55556
PLACE_optlc_36273	0	1.50617
PLACE_optlc_31033	0	1.55556
datamem/U2565	0	1.23244
datamem/ram_reg[12][3]	0	0.689869
reg_file/U155	0	1.11347
datamem/ram_reg[181][10]	0	0.605779
datamem/ram_reg[220][11]	0	0.820583
datamem/U4321	0	0.864811
PLACE_optlc_31643	0	1.54321
PLACE_optlc_29538	0	1.51852
PLACE_optlc_33692	0	0.45679
PLACE_optlc_28353	0	1.55556
PLACE_optlc_25752	0	0.481481
PLACE_optlc_26006	0	1.54321
PLACE_optlc_32053	0	0.518519
PLACE_optlc_32909	0	0.54321
PLACE_optlc_38066	0	0.54321
datamem/ram_reg[93][12]	0	0.521335
datamem/U3700	0	1.17262
datamem/U1148	0	0.985386
PLACE_optlc_26074	0	1.55556
PLACE_optlc_26627	0	1.50617
PLACE_optlc_27655	0	0.555556
PLACE_optlc_34632	0	1.53086
PLACE_optlc_38003	0	1.55556
PLACE_optlc_38364	0	1.46914
PLACE_optlc_28452	0	0.45679
PLACE_optlc_36659	0	0.54321
PLACE_optlc_38218	0	1.55556
datamem/ram_reg[70][7]	0	0.864722
reg_file/U106	0	0.865019
datamem/ram_reg[84][7]	0	2.22775
datamem/U53	0	1.03536
reg_file/reg_array_reg[2][7]	0	0.625062
PLACE_optlc_29502	0	0.506173
PLACE_optlc_38182	0	0.555556
PLACE_optlc_29914	0	0.469136
PLACE_optlc_28777	0	1.55556
PLACE_optlc_27763	0	0.54321
PLACE_optlc_26952	0	1.54321
datamem/U1932	0	1.49591
reg_file/U122	0	1.39556
PLACE_optlc_37502	0	1.55556
PLACE_optlc_34071	0	0.518519
PLACE_optlc_30127	0	0.493827
PLACE_optlc_27194	0	0.54321
PLACE_optlc_34679	0	0.518519
PLACE_optlc_31869	0	1.51852
PLACE_optlc_29178	0	1.55556
datamem/U167	0	1.66805
datamem/ram_reg[125][3]	0	0.913476
datamem/ram_reg[191][9]	0	1.11483
reg_file/reg_array_reg[0][0]	0	1.2083
datamem/ram_reg[2][1]	0	0.688492
datamem/ram_reg[141][14]	0	1.13669
datamem/ram_reg[116][9]	0	1.19696
datamem/U3057	0	0.637704
PLACE_optlc_36388	0	0.530864
PLACE_optlc_35050	0	1.46914
PLACE_optlc_30487	0	0.469136
PLACE_optlc_31858	0	0.506173
datamem/U1892	0	0.945571
datamem/U221	0	0.8724
datamem/U2235	0	1.15796
datamem/U1350	0	0.614182
PLACE_optlc_26286	0	1.54321
PLACE_optlc_29061	0	0.518519
PLACE_optlc_37579	0	0.555556
PLACE_optlc_27243	0	1.51852
PLACE_optlc_29349	0	1.54321
PLACE_optlc_32910	0	1.53086
PLACE_optlc_30100	0	0.530864
PLACE_optlc_32532	0	1.51852
datamem/U4552	0	1.21342
reg_file/reg_array_reg[1][13]	0	0.758329
datamem/U4308	0	1.78116
datamem/ram_reg[130][12]	0	0.78598
PLACE_optlc_36469	0	0.432099
PLACE_optlc_35924	0	1.51852
PLACE_optlc_26701	0	0.54321
PLACE_optlc_26677	0	0.530864
PLACE_optlc_37337	0	1.55556
datamem/ram_reg[104][9]	0	1.30321
datamem/U2143	0	0.726219
PLACE_optlc_29271	0	1.54321
PLACE_optlc_26010	0	1.55556
PLACE_optlc_33163	0	0.518519
PLACE_optlc_30333	0	1.55556
PLACE_optlc_32935	0	1.55556
datamem/U1694	0	0.861512
datamem/U707	0	0.906362
datamem/ram_reg[243][4]	0	0.651848
datamem/ram_reg[117][8]	0	1.04247
datamem/ram_reg[176][13]	0	0.937755
reg_file/reg_array_reg[0][11]	0	1.00384
datamem/U1757	0	1.14053
U26	0	0.993029
PLACE_optlc_37382	0	1.54321
PLACE_optlc_29213	0	0.518519
PLACE_optlc_27106	0	0.518519
PLACE_optlc_35069	0	0.555556
PLACE_optlc_36966	0	1.55556
PLACE_optlc_36543	0	0.555556
PLACE_optlc_33047	0	0.530864
PLACE_optlc_36236	0	0.54321
datamem/ram_reg[209][15]	0	1.63913
datamem/ram_reg[166][8]	0	1.83261
datamem/U2339	0	0.696439
PLACE_optlc_26471	0	0.54321
PLACE_optlc_34721	0	0.469136
PLACE_optlc_37899	0	1.55556
datamem/U346	0	1.43419
datamem/U3791	0	0.886346
datamem/ram_reg[210][0]	0	1.10065
datamem/ram_reg[38][12]	0	1.05249
datamem/U39	0	1.28183
reg_file/reg_array_reg[2][11]	0	1.09098
PLACE_optlc_26078	0	1.48148
PLACE_optlc_30169	0	0.518519
PLACE_optlc_37004	0	0.506173
PLACE_optlc_29712	0	0.506173
PLACE_optlc_32174	0	0.481481
PLACE_optlc_37076	0	0.555556
datamem/ram_reg[214][4]	0	0.59863
datamem/ram_reg[24][15]	0	1.53679
reg_file/U83	0	1.70151
reg_file/reg_array_reg[1][2]	0	0.887423
reg_file/U158	0	1.33798
datamem/U3789	0	0.670918
datamem/ram_reg[145][3]	0	0.522878
reg_file/reg_array_reg[2][8]	0	0.88218
PLACE_optlc_26473	0	1.55556
PLACE_optlc_34972	0	1.55556
PLACE_optlc_31944	0	1.54321
PLACE_optlc_29778	0	1.55556
PLACE_optlc_36436	0	0.555556
PLACE_optlc_26316	0	0.518519
PLACE_optlc_37665	0	0.481481
datamem/U589	0	1.3513
reg_file/reg_array_reg[3][14]	0	1.0109
reg_file/PLACE_HFSBUF_681_25589	0	1.6433
datamem/ram_reg[116][15]	0	0.66262
PLACE_optlc_30782	0	0.54321
PLACE_optlc_30399	0	0.518519
PLACE_optlc_35074	0	0.555556
PLACE_optlc_31867	0	1.55556
PLACE_optlc_37013	0	0.54321
reg_file/U114	0	0.568638
datamem/ram_reg[73][1]	0	0.759514
datamem/U1959	0	1.355
PLACE_optlc_31359	0	0.45679
PLACE_optlc_37262	0	0.555556
PLACE_optlc_26515	0	0.518519
PLACE_optlc_33519	0	0.555556
PLACE_optlc_37676	0	1.53086
PLACE_optlc_29152	0	0.481481
datamem/ram_reg[225][9]	0	0.658792
datamem/U2107	0	1.65631
PLACE_optlc_28082	0	1.55556
PLACE_optlc_33396	0	0.555556
PLACE_optlc_37330	0	1.55556
PLACE_optlc_33862	0	0.54321
PLACE_optlc_32230	0	0.530864
PLACE_optlc_37389	0	0.555556
PLACE_optlc_33789	0	1.51852
PLACE_optlc_28802	0	1.55556
PLACE_optlc_26613	0	0.469136
datamem/ram_reg[110][8]	0	1.1695
datamem/U3801	0	1.67209
datamem/ram_reg[209][6]	0	0.86034
reg_file/reg_array_reg[6][12]	0	1.78708
PLACE_optlc_36724	0	0.555556
PLACE_optlc_27806	0	1.55556
PLACE_optlc_28228	0	1.55556
PLACE_optlc_28524	0	1.55556
PLACE_optlc_38076	0	1.55556
SpareCell_0_1	0	1.66852
datamem/U4277	0	1.50933
reg_file/reg_array_reg[6][11]	0	0.921883
reg_file/reg_array_reg[6][15]	0	0.51348
datamem/ram_reg[214][14]	0	1.35698
PLACE_optlc_34025	0	0.530864
PLACE_optlc_31834	0	0.54321
PLACE_optlc_31370	0	1.55556
PLACE_optlc_28747	0	1.55556
PLACE_optlc_36078	0	0.555556
PLACE_optlc_26241	0	0.518519
PLACE_optlc_35607	0	0.530864
PLACE_optlc_35392	0	0.530864
reg_file/reg_array_reg[3][2]	0	1.01888
datamem/U700	0	0.563183
datamem/U4083	0	0.664113
datamem/U2184	0	1.12024
datamem/ram_reg[123][11]	0	0.635733
PLACE_optlc_33736	0	1.54321
PLACE_optlc_33567	0	1.54321
PLACE_optlc_35983	0	1.50617
PLACE_optlc_30736	0	0.54321
PLACE_optlc_30151	0	1.48148
PLACE_optlc_35460	0	0.530864
PLACE_optlc_36153	0	0.555556
PLACE_optlc_35847	0	0.530864
reg_file/U138	0	1.6552
reg_file/reg_array_reg[3][11]	0	1.03834
PLACE_optlc_26877	0	1.54321
PLACE_optlc_29966	0	0.54321
PLACE_optlc_31191	0	1.55556
PLACE_optlc_27034	0	1.54321
PLACE_optlc_30233	0	0.530864
PLACE_optlc_26510	0	0.530864
PLACE_optlc_35270	0	1.55556
PLACE_optlc_28935	0	1.55556
datamem/ram_reg[254][0]	0	0.995999
datamem/ram_reg[104][11]	0	2.61945
datamem/ram_reg[120][9]	0	1.05361
datamem/ram_reg[122][13]	0	0.662924
datamem/U1614	0	1.02473
datamem/U3011	0	0.741092
reg_file/U57	0	0.635482
reg_file/PLACE_HFSBUF_2947_25588	0	1.28542
PLACE_optlc_29069	0	0.530864
PLACE_optlc_29973	0	0.518519
PLACE_optlc_31045	0	1.55556
PLACE_optlc_25967	0	0.530864
PLACE_optlc_35471	0	1.50617
datamem/U2556	0	1.58924
PLACE_optlc_34929	0	0.555556
PLACE_optlc_31861	0	0.518519
PLACE_optlc_35281	0	1.55556
PLACE_optlc_33707	0	0.518519
PLACE_optlc_30887	0	1.55556
datamem/ram_reg[36][9]	0	0.888792
datamem/ram_reg[226][10]	0	0.917832
datamem/U4408	0	0.887296
datamem/U1997	0	1.75686
reg_file/U98	0	1.22369
datamem/ram_reg[97][2]	0	0.612975
datamem/ram_reg[102][7]	0	1.10015
datamem/U2124	0	1.54416
datamem/U3887	0	0.911578
PLACE_optlc_26644	0	0.518519
PLACE_optlc_36103	0	0.555556
PLACE_optlc_31058	0	1.55556
PLACE_optlc_29810	0	0.54321
PLACE_optlc_28537	0	1.53086
PLACE_optlc_28989	0	0.493827
PLACE_optlc_27668	0	1.54321
datamem/U2365	0	0.875031
datamem/ram_reg[141][5]	0	0.715687
datamem/U1322	0	1.35747
PLACE_optlc_27595	0	1.54321
PLACE_optlc_35725	0	0.469136
PLACE_optlc_28192	0	0.518519
datamem/ram_reg[52][15]	0	0.673727
datamem/U2328	0	1.38543
datamem/ram_reg[177][9]	0	1.59526
reg_file/PLACE_HFSBUF_2774_25587	0	1.21802
datamem/ram_reg[253][14]	0	0.630559
reg_file/U102	0	1.75749
datamem/ram_reg[4][10]	0	0.657203
reg_file/U175	0	1.72673
datamem/U661	0	1.51188
datamem/U4031	0	1.81651
PLACE_optlc_35492	0	0.555556
PLACE_optlc_31618	0	1.55556
PLACE_optlc_26344	0	1.49383
PLACE_optlc_29637	0	0.54321
PLACE_optlc_32156	0	0.481481
PLACE_optlc_30000	0	0.518519
PLACE_optlc_34589	0	0.555556
PLACE_optlc_36049	0	0.555556
datamem/U681	0	1.16086
datamem/ram_reg[127][2]	0	1.00525
reg_file/reg_array_reg[1][9]	0	0.629132
datamem/ram_reg[100][0]	0	0.862546
PLACE_optlc_28709	0	0.54321
PLACE_optlc_37705	0	0.555556
datamem/U3284	0	0.90159
reg_file/U105	0	1.44367
datamem/ram_reg[218][7]	0	0.975806
datamem/U1095	0	0.91674
datamem/ram_reg[142][5]	0	0.947068
PLACE_optlc_36171	0	0.555556
PLACE_optlc_33756	0	1.55556
PLACE_optlc_28620	0	1.51852
PLACE_optlc_31809	0	0.54321
PLACE_optlc_36629	0	0.530864
PLACE_optlc_38247	0	0.530864
datamem/U2113	0	1.15929
reg_file/U48	0	1.29878
datamem/ram_reg[85][8]	0	1.03927
datamem/ram_reg[3][0]	0	1.16647
reg_file/reg_array_reg[2][9]	0	0.733449
datamem/U4102	0	0.69093
PLACE_optlc_35113	0	0.469136
PLACE_optlc_26559	0	1.55556
reg_file/reg_array_reg[0][3]	0	1.32942
datamem/ram_reg[179][5]	0	1.55655
datamem/U1823	0	0.659587
datamem/ram_reg[253][8]	0	0.659934
datamem/ram_reg[28][9]	0	1.76225
PLACE_optlc_37023	0	0.555556
PLACE_optlc_32027	0	0.54321
PLACE_optlc_32282	0	0.54321
PLACE_optlc_27581	0	0.506173
PLACE_optlc_36111	0	0.555556
PLACE_optlc_37292	0	0.555556
PLACE_optlc_29895	0	0.54321
PLACE_optlc_36538	0	1.55556
reg_file/U147	0	0.93983
reg_file/reg_array_reg[6][10]	0	1.60055
datamem/ram_reg[106][8]	0	1.42439
datamem/U3992	0	0.698059
datamem/ram_reg[70][3]	0	0.993225
PLACE_optlc_37336	0	0.530864
PLACE_optlc_35864	0	0.481481
PLACE_optlc_31116	0	1.51852
PLACE_optlc_27411	0	0.54321
PLACE_optlc_38001	0	0.555556
PLACE_optlc_29017	0	1.55556
datamem/ram_reg[85][12]	0	2.06639
reg_file/reg_array_reg[6][0]	0	0.929371
datamem/ram_reg[212][15]	0	0.779367
datamem/ram_reg[165][1]	0	1.12035
datamem/U3667	0	1.33527
datamem/ram_reg[230][0]	0	1.72675
PLACE_optlc_28990	0	0.518519
PLACE_optlc_34028	0	0.506173
PLACE_optlc_26535	0	1.55556
PLACE_optlc_37941	0	0.555556
PLACE_optlc_36376	0	1.53086
PLACE_optlc_38259	0	0.555556
PLACE_optlc_26919	0	0.54321
PLACE_optlc_28976	0	0.518519
PLACE_optlc_35357	0	0.555556
datamem/ram_reg[119][15]	0	0.988843
datamem/ram_reg[101][5]	0	1.19353
datamem/ram_reg[164][13]	0	0.970679
datamem/U3877	0	0.964448
PLACE_optlc_36110	0	0.555556
PLACE_optlc_37874	0	0.444444
PLACE_optlc_26664	0	0.45679
datamem/ram_reg[128][11]	0	0.889568
datamem/U2179	0	0.70892
PLACE_optlc_37671	0	0.555556
PLACE_optlc_27519	0	0.54321
PLACE_optlc_32538	0	0.45679
PLACE_optlc_35071	0	0.555556
PLACE_optlc_29564	0	0.518519
PLACE_optlc_30454	0	0.54321
PLACE_optlc_28960	0	0.54321
PLACE_optlc_37893	0	0.469136
PLACE_optlc_31310	0	1.55556
PLACE_optlc_30421	0	1.54321
PLACE_optlc_33505	0	1.55556
datamem/ram_reg[72][11]	0	1.70567
reg_file/U81	0	1.86486
datamem/U3463	0	1.24943
datamem/ram_reg[70][11]	0	1.2112
PLACE_optlc_32400	0	0.54321
PLACE_optlc_29080	0	0.518519
PLACE_optlc_25662	0	0.530864
PLACE_optlc_36746	0	0.555556
PLACE_optlc_27955	0	1.55556
PLACE_optlc_30725	0	1.55556
reg_file/reg_array_reg[4][0]	0	1.50686
reg_file/U64	0	0.555239
datamem/ram_reg[243][11]	0	0.703484
datamem/ram_reg[164][15]	0	1.17287
datamem/ram_reg[208][15]	0	0.986389
datamem/ram_reg[37][11]	0	0.601744
datamem/ram_reg[69][1]	0	0.740224
PLACE_optlc_33761	0	0.54321
PLACE_optlc_37879	0	0.555556
PLACE_optlc_28951	0	0.493827
PLACE_optlc_26518	0	0.54321
PLACE_optlc_31075	0	1.53086
PLACE_optlc_27443	0	0.419753
PLACE_optlc_32079	0	1.55556
PLACE_optlc_30751	0	0.518519
PLACE_optlc_28470	0	0.54321
PLACE_optlc_26940	0	0.530864
datamem/ram_reg[210][12]	0	1.38391
datamem/U4619	0	1.46939
datamem/ram_reg[74][14]	0	1.19961
PLACE_optlc_34312	0	0.555556
PLACE_optlc_35740	0	1.54321
PLACE_optlc_36580	0	1.55556
PLACE_optlc_28110	0	0.469136
PLACE_optlc_33576	0	1.49383
datamem/U1890	0	0.954252
reg_file/U93	0	0.765293
datamem/U1278	0	0.870687
datamem/ram_reg[23][10]	0	0.674441
datamem/ram_reg[252][15]	0	0.996358
reg_file/U40	0	1.96075
datamem/ram_reg[174][0]	0	1.72446
PLACE_optlc_28995	0	0.530864
PLACE_optlc_32653	0	1.55556
PLACE_optlc_35332	0	0.555556
PLACE_optlc_28284	0	0.506173
PLACE_optlc_29371	0	0.54321
PLACE_optlc_26290	0	0.45679
PLACE_optlc_29375	0	0.444444
PLACE_optlc_27078	0	0.555556
PLACE_optlc_28463	0	0.54321
datamem/ram_reg[197][0]	0	0.641717
reg_file/PLACE_HFSBUF_3758_25583	0	1.14574
datamem/ram_reg[20][14]	0	0.805594
datamem/ram_reg[255][13]	0	1.42557
datamem/ram_reg[243][12]	0	1.01387
reg_file/reg_array_reg[3][8]	0	0.809232
PLACE_optlc_25932	0	0.530864
PLACE_optlc_33531	0	1.55556
datamem/ram_reg[63][8]	0	1.73399
datamem/ram_reg[202][12]	0	1.50128
datamem/U1250	0	1.29427
datamem/U3197	0	0.986246
PLACE_optlc_31610	0	1.55556
PLACE_optlc_38135	0	0.530864
PLACE_optlc_34062	0	1.55556
PLACE_optlc_27284	0	1.51852
PLACE_optlc_35863	0	0.555556
PLACE_optlc_27268	0	0.493827
datamem/ram_reg[165][5]	0	1.12774
reg_file/PLACE_HFSBUF_4406_25577	0	0.838171
PLACE_optlc_32314	0	0.54321
PLACE_optlc_34084	0	0.555556
PLACE_optlc_32908	0	0.493827
PLACE_optlc_38368	0	0.555556
PLACE_optlc_30779	0	1.54321
PLACE_optlc_36897	0	0.555556
reg_file/PLACE_HFSBUF_4065_25581	0	0.677701
datamem/U4415	0	1.24726
datamem/ram_reg[120][14]	0	1.37041
datamem/ram_reg[3][5]	0	1.52283
reg_file/reg_array_reg[1][3]	0	1.094
U328	0	0.642955
datamem/U450	0	0.97385
datamem/ram_reg[126][11]	0	0.644946
PLACE_optlc_26197	0	0.493827
PLACE_optlc_31996	0	0.54321
PLACE_optlc_32281	0	0.54321
PLACE_optlc_35538	0	0.555556
reg_file/reg_array_reg[4][2]	0	0.602211
datamem/U1546	0	0.546308
datamem/ram_reg[1][12]	0	0.641134
reg_file/U146	0	1.28075
PLACE_optlc_28199	0	1.55556
PLACE_optlc_35004	0	1.55556
PLACE_optlc_26691	0	0.54321
datamem/ram_reg[231][0]	0	0.74054
datamem/ram_reg[100][14]	0	1.96364
datamem/ram_reg[206][5]	0	1.91561
datamem/U4613	0	1.09571
datamem/ram_reg[40][0]	0	0.754865
PLACE_optlc_34593	0	0.481481
PLACE_optlc_26961	0	1.55556
PLACE_optlc_37230	0	1.46914
PLACE_optlc_33133	0	1.55556
PLACE_optlc_36198	0	0.469136
PLACE_optlc_29975	0	1.49383
PLACE_HFSBUF_7503_25584	0	0.650718
datamem/ram_reg[50][15]	0	1.47137
datamem/ram_reg[123][14]	0	0.600691
datamem/U4179	0	0.758341
PLACE_optlc_30378	0	0.54321
PLACE_optlc_33031	0	0.54321
PLACE_optlc_32107	0	0.555556
datamem/U2219	0	0.96223
datamem/U32	0	0.958939
PLACE_optlc_27997	0	0.54321
PLACE_optlc_38360	0	1.55556
PLACE_optlc_27881	0	0.555556
PLACE_optlc_29336	0	1.53086
PLACE_optlc_34787	0	1.53086
PLACE_optlc_36561	0	0.555556
datamem/U377	0	1.37468
PLACE_optlc_28882	0	0.518519
reg_file/reg_array_reg[7][8]	0	1.25438
datamem/U1550	0	0.658453
datamem/U3147	0	0.903029
PLACE_optlc_31897	0	0.518519
PLACE_optlc_37141	0	0.530864
PLACE_optlc_36055	0	0.530864
PLACE_optlc_32460	0	1.55556
PLACE_optlc_31608	0	0.45679
reg_file/U123	0	1.18735
reg_file/U99	0	0.733086
reg_file/reg_array_reg[4][12]	0	0.747666
datamem/ram_reg[213][0]	0	1.06699
datamem/U4607	0	0.592218
PLACE_optlc_38081	0	1.55556
PLACE_optlc_26152	0	1.55556
PLACE_optlc_37850	0	0.555556
PLACE_optlc_25867	0	1.51852
reg_file/reg_array_reg[6][2]	0	1.23502
datamem/U1314	0	0.875069
datamem/ram_reg[32][11]	0	0.940903
datamem/U3780	0	0.624946
U337	0	1.16194
PLACE_optlc_37006	0	1.49383
PLACE_optlc_33094	0	1.51852
PLACE_optlc_37175	0	0.555556
PLACE_optlc_26565	0	0.54321
datamem/U3565	0	0.96284
reg_file/U157	0	1.32949
reg_file/U162	0	1.29931
datamem/U956	0	1.42524
datamem/ram_reg[100][12]	0	0.54265
datamem/U1821	0	1.38284
datamem/U2298	0	0.707921
datamem/U2167	0	0.617299
datamem/ram_reg[230][15]	0	0.760147
PLACE_optlc_38184	0	0.555556
PLACE_optlc_33840	0	0.518519
datamem/U3732	0	0.566651
reg_file/PLACE_HFSBUF_4636_25578	0	1.38114
datamem/U2986	0	0.746651
reg_file/U113	0	1.09649
PLACE_optlc_34517	0	0.555556
PLACE_optlc_31684	0	1.55556
PLACE_optlc_34162	0	1.53086
PLACE_optlc_30251	0	0.506173
PLACE_optlc_26763	0	0.54321
PLACE_optlc_33542	0	0.518519
PLACE_optlc_26453	0	0.518519
datamem/U4164	0	2.14009
U326	0	1.25172
PLACE_optlc_29237	0	0.481481
PLACE_optlc_26343	0	1.53086
PLACE_optlc_36622	0	0.481481
PLACE_optlc_34236	0	0.555556
PLACE_optlc_33254	0	0.518519
reg_file/U140	0	0.709985
datamem/U84	0	0.919495
reg_file/reg_array_reg[0][2]	0	1.03799
datamem/U1353	0	0.75532
datamem/U1147	0	1.20224
PLACE_optlc_29119	0	1.55556
PLACE_optlc_34515	0	0.481481
PLACE_optlc_32463	0	0.54321
PLACE_optlc_33913	0	0.481481
PLACE_optlc_29306	0	0.555556
PLACE_optlc_37601	0	1.55556
reg_file/U176	0	1.33549
datamem/U1852	0	0.816289
datamem/ram_reg[82][15]	0	0.69559
reg_file/U149	0	1.31996
reg_file/U39	0	1.08107
datamem/U4594	0	0.574529
datamem/ram_reg[172][14]	0	1.21653
datamem/U1809	0	0.845247
datamem/U1925	0	1.19042
PLACE_optlc_37583	0	1.54321
PLACE_optlc_34333	0	0.555556
PLACE_optlc_33738	0	0.54321
PLACE_optlc_35143	0	1.53086
datamem/U3211	0	0.6075
datamem/ram_reg[173][9]	0	0.779954
PLACE_optlc_34900	0	0.555556
PLACE_optlc_32613	0	0.518519
PLACE_optlc_29411	0	1.55556
PLACE_optlc_30564	0	0.54321
PLACE_optlc_36952	0	1.55556
datamem/U2574	0	1.14448
datamem/ram_reg[21][3]	0	0.611921
datamem/ram_reg[169][12]	0	1.1178
datamem/U3952	0	0.795829
PLACE_optlc_37325	0	0.555556
PLACE_optlc_35201	0	0.555556
PLACE_optlc_37446	0	0.555556
PLACE_optlc_28980	0	1.53086
PLACE_optlc_38055	0	1.55556
PLACE_optlc_28764	0	1.54321
PLACE_optlc_36959	0	0.54321
PLACE_optlc_37960	0	0.469136
PLACE_optlc_30895	0	0.555556
PLACE_optlc_26838	0	0.54321
PLACE_optlc_37410	0	1.53086
datamem/ram_reg[150][5]	0	1.07117
datamem/U1270	0	1.08862
datamem/ram_reg[109][14]	0	1.32176
PLACE_optlc_31948	0	1.55556
PLACE_optlc_34363	0	0.555556
PLACE_optlc_35933	0	0.54321
PLACE_optlc_27705	0	1.55556
PLACE_optlc_27455	0	1.51852
PLACE_optlc_38240	0	0.469136
PLACE_optlc_31441	0	1.51852
datamem/U3243	0	0.816817
reg_file/U131	0	1.03323
datamem/U516	0	1.03749
datamem/U61	0	0.876933
PLACE_optlc_31887	0	0.54321
PLACE_optlc_38285	0	0.481481
PLACE_optlc_28759	0	0.518519
reg_file/U82	0	0.649136
datamem/ram_reg[177][0]	0	1.0427
datamem/U2289	0	0.969568
datamem/U3852	0	0.946034
datamem/ram_reg[112][6]	0	1.54333
datamem/U2980	0	0.730432
PLACE_optlc_33127	0	0.518519
PLACE_optlc_31576	0	1.53086
PLACE_optlc_36577	0	1.55556
PLACE_optlc_35300	0	1.55556
PLACE_optlc_28065	0	0.54321
PLACE_optlc_35067	0	1.53086
PLACE_optlc_26065	0	0.530864
PLACE_optlc_38137	0	1.55556
PLACE_optlc_27123	0	0.54321
datamem/U56	0	1.74535
datamem/U1832	0	1.47925
datamem/U3855	0	1.54668
PLACE_optlc_35536	0	0.555556
PLACE_optlc_36872	0	0.54321
PLACE_optlc_27403	0	0.469136
PLACE_optlc_30496	0	0.54321
PLACE_optlc_26829	0	0.530864
PLACE_optlc_35125	0	1.49383
PLACE_optlc_27489	0	1.48148
PLACE_optlc_35261	0	1.55556
PLACE_optlc_37775	0	0.555556
PLACE_optlc_33379	0	1.51852
PLACE_optlc_27984	0	0.45679
PLACE_optlc_37634	0	1.55556
PLACE_optlc_31950	0	0.54321
PLACE_optlc_26539	0	1.54321
PLACE_optlc_28500	0	1.55556
reg_file/reg_array_reg[7][9]	0	1.3802
datamem/ram_reg[241][15]	0	1.10606
reg_file/U174	0	0.64429
reg_file/reg_array_reg[1][10]	0	0.714132
PLACE_optlc_35987	0	1.46914
PLACE_optlc_27081	0	0.54321
PLACE_optlc_30501	0	0.555556
PLACE_optlc_27424	0	1.54321
PLACE_optlc_32389	0	0.493827
PLACE_optlc_32688	0	1.55556
PLACE_optlc_26073	0	1.54321
PLACE_optlc_25707	0	1.53086
PLACE_optlc_26973	0	1.55556
datamem/ram_reg[189][2]	0	1.13024
datamem/ram_reg[54][12]	0	0.534302
reg_file/U58	0	1.28463
datamem/ram_reg[134][10]	0	0.686339
reg_file/reg_array_reg[0][12]	0	1.78297
PLACE_optlc_33200	0	1.49383
PLACE_optlc_27454	0	0.54321
PLACE_optlc_34786	0	0.555556
PLACE_optlc_32703	0	1.55556
PLACE_optlc_36286	0	0.555556
PLACE_optlc_31599	0	1.55556
datamem/ram_reg[227][1]	0	1.26231
reg_file/U173	0	1.42916
datamem/ram_reg[81][3]	0	1.29634
datamem/U4416	0	0.798723
PLACE_optlc_27200	0	0.518519
PLACE_optlc_29958	0	1.54321
PLACE_optlc_26529	0	1.54321
PLACE_optlc_36857	0	1.55556
PLACE_optlc_29234	0	0.481481
PLACE_optlc_33915	0	1.51852
PLACE_optlc_26955	0	1.51852
PLACE_optlc_26069	0	1.55556
datamem/U4653	0	0.992959
datamem/U4047	0	0.879606
datamem/U3125	0	1.77311
datamem/U2982	0	0.91223
datamem/ram_reg[17][6]	0	0.908395
datamem/U4273	0	0.906636
datamem/ram_reg[103][13]	0	1.63425
datamem/U989	0	1.01852
PLACE_optlc_28578	0	0.518519
PLACE_optlc_36981	0	1.53086
PLACE_optlc_36753	0	0.469136
PLACE_optlc_33456	0	0.518519
PLACE_optlc_30967	0	0.54321
PLACE_optlc_35245	0	0.555556
PLACE_optlc_35634	0	0.469136
PLACE_optlc_29627	0	0.54321
PLACE_optlc_30002	0	0.518519
datamem/U3813	0	1.1675
datamem/ram_reg[254][14]	0	0.726327
datamem/ram_reg[124][10]	0	1.17718
PLACE_HFSINV_8186_25586	0	1.75294
datamem/U2494	0	0.867631
datamem/U724	0	0.984653
datamem/ram_reg[165][9]	0	0.777623
datamem/ram_reg[70][0]	0	0.823897
datamem/U427	0	1.07576
datamem/U4633	0	1.32711
U355	0	0.9511
PLACE_optlc_33233	0	0.54321
PLACE_optlc_31225	0	1.55556
PLACE_optlc_32315	0	1.54321
PLACE_optlc_35303	0	1.51852
PLACE_optlc_37957	0	0.518519
PLACE_optlc_31467	0	0.54321
PLACE_optlc_25632	0	1.55556
PLACE_optlc_38319	0	0.481481
reg_file/reg_array_reg[5][11]	0	0.70218
PLACE_optlc_33935	0	0.481481
PLACE_optlc_31486	0	0.54321
PLACE_optlc_30201	0	1.55556
PLACE_optlc_35575	0	0.530864
PLACE_optlc_31639	0	0.54321
PLACE_optlc_37544	0	0.518519
PLACE_optlc_35199	0	0.481481
PLACE_optlc_27948	0	1.55556
PLACE_optlc_34365	0	0.555556
PLACE_optlc_31181	0	1.50617
PLACE_optlc_37162	0	1.55556
datamem/ram_reg[174][1]	0	0.66978
reg_file/U111	0	1.18875
U137	0	0.763083
datamem/ram_reg[243][1]	0	0.607515
datamem/U2990	0	0.66826
datamem/ram_reg[227][14]	0	0.632292
datamem/U2435	0	1.17966
reg_file/reg_array_reg[7][11]	0	0.897828
PLACE_optlc_26301	0	1.53086
PLACE_optlc_34278	0	0.493827
PLACE_optlc_30833	0	1.55556
reg_file/reg_array_reg[7][2]	0	0.634757
datamem/ram_reg[122][12]	0	0.638812
datamem/U2719	0	1.52973
datamem/ram_reg[193][10]	0	1.269
datamem/U3138	0	0.766235
reg_file/reg_array_reg[5][8]	0	0.742843
datamem/ram_reg[184][14]	0	0.971019
datamem/ram_reg[223][11]	0	1.95958
PLACE_optlc_29680	0	1.54321
PLACE_optlc_30300	0	0.54321
PLACE_optlc_30470	0	0.518519
PLACE_optlc_29132	0	0.530864
PLACE_optlc_34355	0	0.481481
PLACE_optlc_29464	0	0.45679
datamem/ram_reg[156][12]	0	0.833812
datamem/ram_reg[63][0]	0	0.803897
datamem/ram_reg[66][3]	0	0.72
datamem/U1112	0	0.744711
datamem/U1499	0	1.17329
PLACE_optlc_35797	0	0.555556
PLACE_optlc_32001	0	0.506173
PLACE_optlc_26723	0	1.55556
PLACE_optlc_32259	0	1.55556
PLACE_optlc_26245	0	1.50617
PLACE_optlc_35298	0	1.55556
PLACE_optlc_26497	0	1.53086
datamem/ram_reg[23][1]	0	1.10355
datamem/ram_reg[5][12]	0	0.778306
datamem/U1183	0	1.27238
reg_file/reg_array_reg[6][14]	0	1.49252
PLACE_optlc_26929	0	0.506173
PLACE_optlc_27656	0	1.55556
PLACE_optlc_37400	0	0.555556
PLACE_optlc_34840	0	1.53086
PLACE_optlc_38130	0	0.54321
PLACE_optlc_25650	0	1.55556
PLACE_optlc_27572	0	0.54321
PLACE_optlc_37028	0	0.469136
PLACE_optlc_35717	0	0.555556
reg_file/reg_array_reg[5][2]	0	1.61011
datamem/ram_reg[32][6]	0	0.961103
datamem/U3706	0	1.31402
datamem/U1985	0	1.78561
datamem/U4182	0	1.51995
PLACE_optlc_37207	0	1.55556
PLACE_optlc_27178	0	1.53086
PLACE_optlc_36007	0	0.555556
PLACE_optlc_37898	0	0.481481
PLACE_optlc_37437	0	1.55556
PLACE_optlc_33909	0	0.518519
PLACE_optlc_36481	0	1.55556
PLACE_optlc_32095	0	0.54321
PLACE_optlc_33431	0	1.51852
datamem/ram_reg[41][7]	0	1.60223
reg_file/U137	0	1.113
PLACE_optlc_34921	0	0.555556
PLACE_optlc_26811	0	1.55556
PLACE_optlc_29202	0	0.506173
PLACE_optlc_30504	0	0.54321
PLACE_optlc_38032	0	0.555556
datamem/ram_reg[13][13]	0	1.02367
datamem/ram_reg[179][10]	0	2.00302
alu_unit/r58/U1_11	0	1.23211
datamem/ram_reg[137][15]	0	0.802249
datamem/ram_reg[62][10]	0	0.684487
datamem/U1198	0	1.20015
reg_file/PLACE_HFSBUF_5603_25573	0	2.02044
PLACE_optlc_36241	0	0.555556
PLACE_optlc_27917	0	0.518519
PLACE_optlc_38156	0	0.555556
PLACE_optlc_36531	0	0.518519
PLACE_optlc_29200	0	0.54321
datamem/U920	0	0.843337
datamem/U2320	0	1.32783
datamem/U3503	0	1.81735
datamem/ram_reg[25][2]	0	0.940675
datamem/U2307	0	0.960035
datamem/U2238	0	0.642056
datamem/ram_reg[49][13]	0	0.816192
datamem/ram_reg[116][4]	0	0.932411
datamem/ram_reg[223][12]	0	0.748611
PLACE_optlc_28196	0	0.518519
PLACE_optlc_32815	0	1.55556
PLACE_optlc_28546	0	0.54321
PLACE_optlc_33304	0	1.55556
PLACE_optlc_29967	0	0.54321
PLACE_optlc_34666	0	1.53086
PLACE_optlc_28923	0	0.419753
PLACE_optlc_36098	0	0.555556
PLACE_optlc_27824	0	1.51852
PLACE_optlc_31340	0	0.45679
reg_file/U65	0	1.15016
datamem/ram_reg[234][10]	0	0.642434
datamem/ram_reg[32][14]	0	0.717566
PLACE_optlc_32193	0	1.55556
PLACE_optlc_33619	0	1.53086
PLACE_optlc_32074	0	0.54321
PLACE_optlc_30541	0	0.530864
PLACE_optlc_28416	0	1.53086
PLACE_optlc_30822	0	1.53086
PLACE_optlc_34019	0	0.469136
PLACE_optlc_37733	0	0.555556
PLACE_optlc_30808	0	0.518519
PLACE_optlc_34462	0	1.55556
datamem/U104	0	1.70443
datamem/ram_reg[89][1]	0	0.550691
datamem/U1131	0	0.939869
reg_file/reg_array_reg[2][12]	0	0.757207
PLACE_optlc_33025	0	1.55556
PLACE_optlc_26623	0	0.530864
PLACE_optlc_34909	0	0.469136
PLACE_optlc_28025	0	0.555556
PLACE_optlc_30076	0	1.49383
reg_file/U167	0	1.34919
datamem/U2546	0	0.900532
datamem/ram_reg[252][5]	0	0.879171
reg_file/U128	0	0.909622
PLACE_optlc_26046	0	0.506173
PLACE_optlc_30176	0	0.54321
PLACE_optlc_27970	0	0.555556
PLACE_optlc_30858	0	1.55556
PLACE_optlc_32422	0	1.55556
PLACE_optlc_30896	0	0.54321
PLACE_optlc_29199	0	1.54321
PLACE_optlc_25633	0	0.493827
PLACE_optlc_35193	0	0.518519
PLACE_optlc_34111	0	0.469136
PLACE_optlc_37820	0	1.55556
datamem/ram_reg[75][6]	0	0.598237
datamem/ram_reg[127][11]	0	1.44633
datamem/U4111	0	1.3396
datamem/U1085	0	0.768202
datamem/U591	0	1.71824
datamem/U4046	0	0.614317
reg_file/reg_array_reg[3][12]	0	1.23968
datamem/ram_reg[147][7]	0	0.779294
PLACE_optlc_26611	0	1.55556
PLACE_optlc_29671	0	0.54321
PLACE_optlc_35974	0	1.50617
PLACE_optlc_25848	0	1.53086
PLACE_optlc_33259	0	0.518519
datamem/U1363	0	1.01843
datamem/ram_reg[231][9]	0	0.692971
datamem/ram_reg[65][6]	0	0.686925
datamem/ram_reg[84][0]	0	0.691007
datamem/U3148	0	0.947045
reg_file/U85	0	1.30062
PLACE_optlc_29998	0	1.55556
PLACE_optlc_33930	0	0.518519
PLACE_optlc_30206	0	1.55556
PLACE_optlc_26980	0	0.54321
PLACE_optlc_37896	0	0.555556
datamem/U2252	0	1.04867
reg_file/PLACE_HFSINV_3375_25598	0	0.851316
datamem/U3069	0	0.628021
reg_file/reg_array_reg[0][8]	0	0.839846
datamem/U900	0	0.810451
datamem/ram_reg[47][13]	0	1.30945
PLACE_optlc_35370	0	0.530864
PLACE_optlc_37873	0	0.555556
PLACE_optlc_30021	0	0.481481
PLACE_optlc_37468	0	0.530864
PLACE_optlc_31579	0	0.506173
PLACE_optlc_31559	0	1.51852
PLACE_optlc_35216	0	0.555556
PLACE_optlc_37771	0	1.53086
datamem/U2032	0	0.842735
datamem/ram_reg[236][1]	0	1.22516
PLACE_optlc_37770	0	0.469136
PLACE_optlc_27639	0	0.555556
PLACE_optlc_34059	0	0.506173
PLACE_optlc_29661	0	1.55556
PLACE_optlc_28917	0	1.55556
PLACE_optlc_32361	0	0.506173
PLACE_optlc_28717	0	0.469136
PLACE_optlc_36886	0	0.45679
PLACE_optlc_36958	0	0.555556
PLACE_optlc_36797	0	0.555556
datamem/ram_reg[156][10]	0	0.713819
datamem/ram_reg[204][0]	0	0.811439
datamem/ram_reg[60][4]	0	1.17605
datamem/ram_reg[61][9]	0	0.715752
datamem/ram_reg[204][15]	0	1.02801
PLACE_optlc_34536	0	1.53086
PLACE_optlc_26129	0	1.53086
PLACE_optlc_31199	0	1.55556
PLACE_optlc_27329	0	0.54321
PLACE_optlc_34464	0	1.54321
PLACE_optlc_29746	0	1.51852
datamem/U384	0	0.552762
PLACE_optlc_31892	0	0.54321
PLACE_optlc_35230	0	0.555556
PLACE_optlc_30686	0	0.518519
PLACE_optlc_34269	0	0.469136
PLACE_optlc_34470	0	1.55556
PLACE_optlc_37265	0	0.555556
PLACE_optlc_28386	0	0.54321
PLACE_optlc_31823	0	0.518519
PLACE_optlc_32435	0	1.51852
datamem/ram_reg[122][2]	0	0.813021
datamem/ram_reg[46][2]	0	0.769796
datamem/U3342	0	0.643225
PLACE_optlc_26861	0	0.469136
PLACE_optlc_34296	0	0.555556
PLACE_optlc_33597	0	1.54321
PLACE_optlc_31404	0	1.55556
PLACE_optlc_28367	0	1.53086
PLACE_optlc_29216	0	1.55556
PLACE_optlc_37232	0	1.49383
PLACE_optlc_37866	0	0.555556
datamem/U1913	0	0.601343
datamem/ram_reg[55][10]	0	0.784981
datamem/ram_reg[232][6]	0	0.830428
reg_file/U45	0	1.33174
PLACE_optlc_30097	0	0.54321
PLACE_optlc_35291	0	1.55556
PLACE_optlc_37238	0	0.530864
PLACE_optlc_30525	0	0.54321
PLACE_optlc_26168	0	0.54321
PLACE_optlc_35185	0	0.555556
datamem/U3202	0	0.917299
reg_file/U47	0	0.843974
datamem/ram_reg[163][3]	0	1.26054
datamem/U4584	0	1.37234
datamem/ram_reg[56][3]	0	0.806215
PLACE_optlc_30947	0	0.518519
PLACE_optlc_27119	0	0.518519
PLACE_optlc_32170	0	1.55556
PLACE_optlc_35453	0	0.555556
PLACE_optlc_32990	0	0.493827
datamem/ram_reg[60][0]	0	0.698916
datamem/U586	0	1.39107
datamem/ram_reg[67][7]	0	0.581725
reg_file/reg_array_reg[0][15]	0	1.2383
PLACE_optlc_29471	0	0.54321
PLACE_optlc_29174	0	0.469136
PLACE_optlc_27127	0	0.45679
PLACE_optlc_30754	0	0.493827
PLACE_optlc_32642	0	0.54321
PLACE_optlc_26621	0	1.55556
datamem/ram_reg[128][3]	0	1.22117
datamem/U1267	0	2.16109
datamem/ram_reg[152][5]	0	0.873846
datamem/ram_reg[19][15]	0	1.00764
datamem/ram_reg[81][10]	0	1.0267
datamem/U4381	0	1.10151
datamem/ram_reg[91][1]	0	0.809491
PLACE_optlc_26845	0	1.55556
PLACE_optlc_29858	0	0.469136
PLACE_optlc_28019	0	0.54321
PLACE_optlc_30878	0	1.55556
PLACE_optlc_28436	0	0.54321
PLACE_optlc_27858	0	0.493827
datamem/U3248	0	0.951887
datamem/ram_reg[20][7]	0	1.7136
reg_file/U49	0	1.39436
PLACE_optlc_37914	0	0.555556
PLACE_optlc_30096	0	0.530864
PLACE_optlc_32547	0	0.518519
PLACE_optlc_30116	0	0.518519
PLACE_optlc_31379	0	1.53086
PLACE_optlc_25947	0	0.54321
datamem/ram_reg[152][6]	0	0.624595
datamem/U418	0	0.736161
datamem/U594	0	0.890664
datamem/ram_reg[221][13]	0	0.803974
datamem/ram_reg[140][13]	0	0.758804
datamem/U249	0	0.683947
reg_file/reg_array_reg[7][14]	0	0.743889
PLACE_optlc_30047	0	0.54321
PLACE_optlc_33415	0	1.55556
PLACE_optlc_28426	0	1.53086
PLACE_optlc_37558	0	1.55556
PLACE_optlc_33319	0	0.469136
PLACE_optlc_28871	0	1.53086
datamem/U1220	0	1.01867
datamem/U3420	0	1.31224
datamem/ram_reg[193][1]	0	0.6887
PLACE_optlc_26933	0	1.48148
PLACE_optlc_37528	0	0.530864
PLACE_optlc_30024	0	0.555556
datamem/U315	0	1.78866
datamem/U1469	0	0.695671
datamem/U2994	0	0.626566
datamem/ram_reg[6][10]	0	0.940081
datamem/U1876	0	1.57249
datamem/U4405	0	1.53861
PLACE_optlc_37205	0	1.53086
PLACE_optlc_27968	0	0.555556
PLACE_optlc_34620	0	0.555556
PLACE_optlc_31329	0	0.506173
datamem/ram_reg[120][13]	0	0.72495
reg_file/PLACE_HFSBUF_5846_25576	0	1.10198
datamem/ram_reg[136][9]	0	1.30047
datamem/ram_reg[129][5]	0	1.26069
PLACE_optlc_34148	0	0.555556
PLACE_optlc_29037	0	0.54321
datamem/ram_reg[32][7]	0	0.873202
datamem/U2762	0	0.928665
datamem/U4246	0	1.04209
datamem/ram_reg[38][11]	0	1.34453
PLACE_optlc_35454	0	1.53086
PLACE_optlc_32456	0	0.518519
PLACE_optlc_36660	0	0.555556
datamem/U4124	0	0.774363
reg_file/reg_array_reg[5][10]	0	0.723368
datamem/U2218	0	0.656443
PLACE_optlc_34743	0	1.55556
PLACE_optlc_30998	0	1.55556
PLACE_optlc_30154	0	0.469136
PLACE_optlc_28576	0	1.55556
PLACE_optlc_26624	0	1.53086
datamem/ram_reg[180][9]	0	0.721902
datamem/ram_reg[41][14]	0	0.800575
datamem/U2834	0	1.34879
datamem/ram_reg[194][5]	0	2.19531
datamem/ram_reg[9][9]	0	1.00875
datamem/ram_reg[33][8]	0	0.725748
datamem/U1139	0	1.04627
PLACE_optlc_31566	0	0.54321
PLACE_optlc_38049	0	1.46914
PLACE_optlc_32089	0	0.530864
PLACE_optlc_31638	0	0.518519
PLACE_optlc_35979	0	1.55556
datamem/ram_reg[251][3]	0	0.833499
datamem/ram_reg[229][10]	0	0.706046
datamem/U455	0	0.555552
datamem/ram_reg[161][1]	0	1.75592
PLACE_optlc_28547	0	0.54321
PLACE_optlc_25630	0	1.55556
PLACE_optlc_37304	0	0.555556
PLACE_optlc_38174	0	1.53086
PLACE_optlc_28536	0	1.53086
PLACE_optlc_34861	0	1.55556
PLACE_optlc_36378	0	0.555556
PLACE_optlc_37917	0	0.555556
datamem/U4012	0	0.7974
datamem/U863	0	1.25652
datamem/U2208	0	1.25845
datamem/ram_reg[253][6]	0	0.761231
datamem/ram_reg[173][11]	0	1.0271
PLACE_optlc_35649	0	1.53086
PLACE_optlc_33307	0	1.55556
PLACE_optlc_34819	0	1.55556
PLACE_optlc_31383	0	1.51852
PLACE_optlc_36781	0	0.469136
PLACE_optlc_32234	0	0.54321
PLACE_optlc_35947	0	1.49383
PLACE_optlc_35091	0	1.55556
reg_file/U103	0	1.0101
datamem/U749	0	0.752982
datamem/ram_reg[27][2]	0	1.21013
datamem/ram_reg[105][14]	0	0.877897
PLACE_optlc_31317	0	1.55556
PLACE_optlc_26612	0	1.53086
datamem/U1089	0	1.45516
reg_file/reg_array_reg[1][14]	0	0.574923
reg_file/U139	0	1.14155
datamem/ram_reg[247][10]	0	0.84169
PLACE_optlc_35062	0	0.469136
PLACE_optlc_32286	0	0.518519
PLACE_optlc_32084	0	1.55556
PLACE_optlc_27923	0	1.45679
PLACE_optlc_26295	0	0.530864
PLACE_optlc_35413	0	0.469136
PLACE_optlc_26545	0	0.54321
PLACE_optlc_35123	0	0.493827
reg_file/reg_array_reg[5][14]	0	0.548569
datamem/ram_reg[15][0]	0	1.23176
datamem/ram_reg[250][14]	0	0.597288
datamem/U699	0	0.867647
PLACE_optlc_26703	0	1.51852
PLACE_optlc_27375	0	0.54321
PLACE_optlc_30904	0	1.40741
PLACE_optlc_38085	0	0.555556
PLACE_optlc_36072	0	0.469136
datamem/U2102	0	1.0511
datamem/U1296	0	0.968148
reg_file/U69	0	1.14592
datamem/U1731	0	1.09706
reg_file/U125	0	1.44475
reg_file/reg_array_reg[0][10]	0	1.49996
datamem/U360	0	0.862917
PLACE_optlc_34770	0	0.555556
PLACE_optlc_28568	0	1.55556
PLACE_optlc_27288	0	0.45679
PLACE_optlc_30212	0	0.530864
PLACE_optlc_27333	0	1.55556
PLACE_optlc_27972	0	0.54321
PLACE_optlc_32063	0	0.518519
PLACE_optlc_36770	0	1.55556
PLACE_optlc_32720	0	0.518519
PLACE_optlc_33378	0	1.54321
PLACE_optlc_26442	0	1.48148
PLACE_optlc_33148	0	1.53086
datamem/U1611	0	0.806335
datamem/ram_reg[45][4]	0	0.70613
reg_file/U52	0	1.4919
datamem/ram_reg[81][2]	0	0.714132
datamem/U3494	0	0.916227
reg_file/U179	0	1.09152
datamem/U272	0	1.38605
PLACE_optlc_34549	0	1.55556
PLACE_optlc_30828	0	1.4321
datamem/ram_reg[95][13]	0	1.52323
alu_unit/U52	0	0.745224
datamem/U4438	0	0.704954
datamem/U2183	0	0.890015
reg_file/reg_array_reg[4][14]	0	1.01703
PLACE_optlc_29317	0	1.55556
PLACE_optlc_28432	0	1.50617
PLACE_optlc_27676	0	1.55556
PLACE_optlc_34965	0	0.555556
PLACE_optlc_36374	0	0.469136
PLACE_optlc_27590	0	0.45679
PLACE_optlc_32451	0	1.51852
PLACE_optlc_25742	0	1.55556
PLACE_optlc_36605	0	0.555556
PLACE_optlc_28313	0	1.49383
datamem/U1016	0	0.67076
reg_file/reg_array_reg[7][0]	0	0.798441
datamem/ram_reg[82][12]	0	0.828395
PLACE_optlc_38187	0	1.55556
PLACE_optlc_30452	0	0.54321
PLACE_optlc_37508	0	0.469136
PLACE_optlc_26384	0	1.55556
datamem/ram_reg[71][11]	0	0.581366
datamem/U4191	0	0.8125
datamem/ram_reg[145][1]	0	0.812701
PLACE_optlc_30476	0	0.506173
PLACE_optlc_34969	0	0.469136
PLACE_optlc_29841	0	1.55556
PLACE_optlc_37703	0	0.555556
PLACE_optlc_27628	0	0.54321
PLACE_optlc_32702	0	1.54321
PLACE_optlc_32279	0	1.55556
datamem/U1520	0	1.31524
datamem/U1476	0	0.608777
datamem/ram_reg[152][12]	0	0.599174
datamem/ram_reg[85][10]	0	0.862052
datamem/U2914	0	0.823472
datamem/ram_reg[90][5]	0	0.632542
PLACE_optlc_30809	0	0.481481
PLACE_optlc_32714	0	1.54321
PLACE_optlc_25830	0	1.53086
datamem/ram_reg[59][9]	0	1.32155
datamem/U2952	0	0.776312
datamem/ram_reg[41][11]	0	0.714742
datamem/U1005	0	0.831053
datamem/U4561	0	1.29868
datamem/U4622	0	0.983399
PLACE_optlc_35912	0	0.555556
PLACE_optlc_29273	0	1.51852
PLACE_optlc_36435	0	0.432099
PLACE_optlc_32439	0	0.54321
PLACE_optlc_29560	0	1.50617
PLACE_optlc_37549	0	1.48148
PLACE_optlc_26375	0	0.54321
PLACE_optlc_35824	0	1.55556
PLACE_optlc_34958	0	0.555556
PLACE_optlc_37548	0	0.530864
datamem/U1647	0	0.706593
datamem/U1633	0	1.17556
datamem/U1076	0	1.04974
PLACE_optlc_36576	0	1.53086
PLACE_optlc_34986	0	1.53086
PLACE_optlc_28866	0	0.555556
PLACE_optlc_37030	0	0.469136
PLACE_optlc_26345	0	0.555556
PLACE_optlc_37981	0	0.555556
PLACE_optlc_37746	0	0.555556
PLACE_optlc_26598	0	0.493827
PLACE_optlc_31842	0	1.55556
PLACE_optlc_32247	0	0.469136
PLACE_optlc_29772	0	1.53086
PLACE_optlc_28354	0	0.45679
PLACE_optlc_26194	0	1.55556
datamem/U2667	0	0.771906
datamem/U3691	0	0.804325
datamem/U2832	0	0.830752
PLACE_optlc_37500	0	1.53086
PLACE_optlc_27338	0	0.54321
PLACE_optlc_32583	0	0.530864
PLACE_optlc_35017	0	0.555556
datamem/ram_reg[69][5]	0	1.00456
datamem/U4206	0	0.887581
PLACE_optlc_33461	0	0.530864
PLACE_optlc_35675	0	1.55556
PLACE_optlc_37021	0	0.518519
PLACE_optlc_33668	0	1.53086
datamem/ram_reg[254][3]	0	0.627442
datamem/U834	0	0.808434
datamem/U3265	0	1.19617
datamem/ram_reg[52][13]	0	0.804738
PLACE_optlc_30373	0	0.419753
PLACE_optlc_26432	0	1.55556
PLACE_optlc_27820	0	1.55556
PLACE_optlc_31096	0	0.518519
PLACE_optlc_37977	0	1.55556
PLACE_optlc_31923	0	0.54321
datamem/U1238	0	0.799757
datamem/ram_reg[201][12]	0	1.03345
datamem/U2756	0	1.05037
PLACE_optlc_26463	0	1.51852
PLACE_optlc_38239	0	1.50617
PLACE_optlc_38254	0	1.51852
PLACE_optlc_31038	0	0.530864
PLACE_optlc_29925	0	1.55556
PLACE_optlc_34988	0	1.54321
PLACE_optlc_29109	0	0.518519
PLACE_optlc_29205	0	1.53086
PLACE_optlc_27792	0	0.45679
PLACE_optlc_28173	0	0.469136
PLACE_optlc_27191	0	0.54321
datamem/U370	0	0.995621
reg_file/U87	0	1.54504
datamem/U587	0	0.826161
datamem/U2340	0	0.708573
datamem/ram_reg[56][4]	0	1.42391
PLACE_optlc_36345	0	0.555556
PLACE_optlc_36238	0	0.555556
PLACE_optlc_38365	0	0.555556
PLACE_optlc_31262	0	0.555556
PLACE_optlc_33776	0	0.518519
PLACE_optlc_29235	0	0.54321
PLACE_optlc_35488	0	0.555556
PLACE_optlc_32118	0	0.530864
datamem/U4553	0	1.10393
reg_file/reg_array_reg[2][14]	0	0.934869
reg_file/U143	0	0.900023
datamem/ram_reg[174][8]	0	0.875162
reg_file/reg_array_reg[5][0]	0	0.934865
PLACE_optlc_32207	0	1.55556
PLACE_optlc_34117	0	0.530864
PLACE_optlc_31771	0	1.55556
PLACE_optlc_28422	0	1.55556
PLACE_optlc_31085	0	0.493827
PLACE_optlc_36169	0	1.55556
PLACE_optlc_37565	0	1.55556
PLACE_optlc_33716	0	0.506173
datamem/U606	0	0.859934
datamem/U3140	0	1.45206
datamem/U2755	0	0.625775
datamem/ram_reg[108][8]	0	0.769587
datamem/ram_reg[20][10]	0	0.756397
datamem/U4605	0	0.84392
datamem/ram_reg[247][9]	0	1.26422
datamem/ram_reg[47][6]	0	1.09502
PLACE_optlc_35961	0	1.53086
PLACE_optlc_28048	0	1.55556
PLACE_optlc_30623	0	0.518519
PLACE_optlc_36036	0	1.55556
PLACE_optlc_27784	0	1.54321
PLACE_optlc_28599	0	1.50617
PLACE_optlc_37569	0	0.555556
PLACE_optlc_28932	0	0.518519
PLACE_optlc_34825	0	1.54321
datamem/U1586	0	0.601605
datamem/ram_reg[87][12]	0	0.653241
datamem/U1468	0	0.887674
datamem/ram_reg[197][13]	0	0.801844
reg_file/reg_array_reg[1][15]	0	1.25968
PLACE_optlc_26981	0	0.518519
PLACE_optlc_33499	0	1.51852
PLACE_optlc_38110	0	1.55556
datamem/U1017	0	0.938881
datamem/U81	0	0.57985
datamem/ram_reg[96][14]	0	0.575096
datamem/ram_reg[244][14]	0	1.91562
datamem/U818	0	0.914008
datamem/ram_reg[16][0]	0	0.618214
reg_file/U70	0	0.992191
PLACE_optlc_35323	0	1.49383
PLACE_optlc_27023	0	1.50617
PLACE_optlc_29965	0	0.530864
PLACE_optlc_28261	0	0.54321
PLACE_optlc_35044	0	0.530864
PLACE_optlc_29291	0	0.54321
PLACE_optlc_32615	0	0.54321
PLACE_optlc_26475	0	1.54321
PLACE_optlc_29874	0	1.50617
datamem/ram_reg[237][13]	0	1.27463
datamem/U3649	0	0.569194
datamem/ram_reg[246][1]	0	0.627369
datamem/ram_reg[210][15]	0	1.28104
PLACE_optlc_36566	0	0.555556
PLACE_optlc_28560	0	0.493827
PLACE_optlc_37316	0	1.53086
PLACE_optlc_32849	0	1.54321
PLACE_optlc_31294	0	1.55556
PLACE_optlc_31454	0	0.493827
PLACE_optlc_29665	0	0.518519
datamem/ram_reg[114][7]	0	1.12851
datamem/U4303	0	0.829356
datamem/U1496	0	1.47391
datamem/ram_reg[223][4]	0	0.764032
datamem/ram_reg[20][11]	0	1.03139
datamem/ram_reg[134][15]	0	1.1103
datamem/ram_reg[75][15]	0	0.583113
datamem/U2470	0	1.15152
datamem/ram_reg[249][13]	0	1.08582
datamem/U1169	0	0.694136
PLACE_optlc_28814	0	0.530864
PLACE_optlc_28636	0	0.518519
PLACE_optlc_36356	0	1.55556
PLACE_optlc_34172	0	1.53086
PLACE_optlc_33048	0	0.54321
PLACE_optlc_27150	0	0.54321
PLACE_optlc_35432	0	1.55556
PLACE_optlc_30481	0	0.506173
PLACE_optlc_34904	0	1.49383
PLACE_optlc_27438	0	1.54321
datamem/U120	0	1.00317
datamem/ram_reg[138][6]	0	1.35903
datamem/U2625	0	0.765166
datamem/U4255	0	1.83784
PLACE_optlc_35564	0	1.53086
PLACE_optlc_30427	0	1.50617
PLACE_optlc_32486	0	1.54321
PLACE_optlc_37089	0	1.55556
PLACE_optlc_33627	0	0.518519
PLACE_optlc_32766	0	0.45679
PLACE_optlc_32756	0	1.53086
datamem/ram_reg[153][7]	0	0.622608
datamem/ram_reg[175][7]	0	1.10269
datamem/ram_reg[149][10]	0	0.983329
PLACE_optlc_36400	0	1.55556
PLACE_optlc_29041	0	1.54321
PLACE_optlc_28144	0	0.506173
PLACE_optlc_31945	0	0.518519
PLACE_optlc_36611	0	1.53086
PLACE_optlc_28484	0	0.518519
PLACE_optlc_34272	0	1.48148
PLACE_optlc_32858	0	1.55556
PLACE_optlc_34217	0	0.555556
datamem/ram_reg[250][1]	0	1.14972
datamem/ram_reg[116][5]	0	0.929649
datamem/U3878	0	0.529965
datamem/U3516	0	1.50159
PLACE_optlc_34113	0	1.49383
PLACE_optlc_29318	0	1.53086
PLACE_optlc_34571	0	0.555556
PLACE_optlc_28115	0	0.54321
datamem/U1415	0	0.587562
datamem/U1535	0	0.859267
datamem/U756	0	0.704275
datamem/U4156	0	0.799699
datamem/ram_reg[22][0]	0	0.678951
datamem/ram_reg[157][9]	0	0.866617
reg_file/PLACE_HFSBUF_6257_25575	0	0.649294
datamem/U173	0	1.17199
U335	0	1.70533
datamem/U3816	0	1.27275
PLACE_optlc_31499	0	1.54321
PLACE_optlc_30302	0	1.55556
PLACE_optlc_30713	0	1.54321
PLACE_optlc_27617	0	1.55556
PLACE_optlc_28223	0	1.55556
PLACE_optlc_35756	0	1.49383
PLACE_optlc_26346	0	0.481481
PLACE_optlc_33784	0	0.530864
PLACE_optlc_29754	0	0.518519
PLACE_optlc_37169	0	0.518519
PLACE_optlc_35320	0	1.46914
datamem/ram_reg[113][9]	0	0.773187
datamem/ram_reg[11][13]	0	1.0191
datamem/ram_reg[112][8]	0	0.781242
datamem/ram_reg[176][9]	0	0.67718
datamem/U4039	0	0.85892
reg_file/reg_array_reg[5][12]	0	0.801667
datamem/U2849	0	0.788808
PLACE_optlc_29405	0	0.469136
PLACE_optlc_37139	0	0.518519
PLACE_optlc_33281	0	0.530864
PLACE_optlc_25741	0	0.518519
PLACE_optlc_37102	0	0.54321
PLACE_optlc_27071	0	0.518519
datamem/ram_reg[82][3]	0	1.03079
datamem/ram_reg[79][13]	0	0.590841
datamem/U3578	0	1.34119
PLACE_optlc_27028	0	0.54321
PLACE_optlc_29752	0	1.55556
PLACE_optlc_26101	0	0.530864
PLACE_optlc_33040	0	0.54321
PLACE_optlc_31135	0	1.55556
PLACE_optlc_35457	0	1.55556
PLACE_optlc_27018	0	1.50617
PLACE_optlc_36195	0	1.55556
PLACE_optlc_34897	0	0.555556
PLACE_optlc_26056	0	0.518519
PLACE_optlc_37978	0	1.55556
datamem/U4491	0	0.84157
datamem/ram_reg[78][4]	0	0.993885
datamem/U954	0	0.823445
datamem/U753	0	0.825397
reg_file/U141	0	0.651605
datamem/ram_reg[68][7]	0	0.801937
datamem/U491	0	0.927388
PLACE_optlc_32965	0	1.44444
PLACE_optlc_35484	0	0.555556
PLACE_optlc_26953	0	0.530864
PLACE_optlc_33997	0	1.48148
PLACE_optlc_26230	0	1.54321
PLACE_optlc_38106	0	1.54321
PLACE_optlc_28572	0	1.53086
PLACE_optlc_34497	0	0.555556
datamem/ram_reg[30][2]	0	0.79561
PLACE_optlc_32860	0	1.54321
PLACE_optlc_32734	0	0.530864
PLACE_optlc_27887	0	0.518519
PLACE_optlc_33352	0	1.54321
PLACE_optlc_29048	0	0.493827
PLACE_optlc_27608	0	0.506173
datamem/U213	0	0.645529
datamem/ram_reg[192][0]	0	1.49719
datamem/ram_reg[171][0]	0	1.11807
datamem/ram_reg[97][10]	0	0.631505
datamem/ram_reg[198][11]	0	1.27203
datamem/ram_reg[51][1]	0	0.718449
PLACE_optlc_35485	0	0.555556
PLACE_optlc_29839	0	1.49383
PLACE_optlc_27321	0	1.49383
PLACE_optlc_31738	0	1.53086
PLACE_optlc_29717	0	0.493827
PLACE_optlc_25697	0	1.55556
PLACE_optlc_32876	0	0.530864
datamem/U2070	0	1.20017
reg_file/reg_array_reg[0][14]	0	0.733576
datamem/ram_reg[63][13]	0	0.705945
PLACE_optlc_37219	0	0.469136
PLACE_optlc_29030	0	1.54321
PLACE_optlc_37795	0	1.55556
PLACE_optlc_34479	0	1.55556
PLACE_optlc_36465	0	0.555556
PLACE_optlc_28774	0	0.54321
PLACE_optlc_34961	0	0.530864
PLACE_optlc_31796	0	1.51852
PLACE_optlc_37361	0	1.50617
PLACE_optlc_37773	0	1.55556
PLACE_optlc_33757	0	1.55556
PLACE_optlc_31841	0	1.54321
datamem/U373	0	1.22097
datamem/ram_reg[246][0]	0	1.9434
datamem/U545	0	0.747106
datamem/ram_reg[105][0]	0	0.955251
datamem/ram_reg[64][10]	0	0.821277
datamem/ram_reg[133][7]	0	1.01413
datamem/ram_reg[245][3]	0	1.1573
PLACE_optlc_29946	0	0.493827
PLACE_optlc_36041	0	0.555556
PLACE_optlc_34046	0	1.45679
PLACE_optlc_30242	0	0.54321
PLACE_optlc_26213	0	0.54321
PLACE_optlc_30763	0	0.518519
datamem/ram_reg[4][7]	0	1.3483
datamem/ram_reg[147][13]	0	1.31749
datamem/ram_reg[28][12]	0	1.19307
PLACE_optlc_34899	0	0.555556
PLACE_optlc_30284	0	0.530864
PLACE_optlc_25831	0	0.54321
PLACE_optlc_26643	0	1.54321
PLACE_optlc_33248	0	1.55556
PLACE_optlc_28095	0	1.55556
datamem/U3155	0	0.680042
reg_file/reg_array_reg[7][15]	0	1.40761
datamem/ram_reg[168][12]	0	0.631786
PLACE_optlc_27944	0	0.518519
PLACE_optlc_36932	0	0.555556
PLACE_optlc_37949	0	1.55556
PLACE_optlc_26693	0	1.48148
PLACE_optlc_36519	0	0.469136
PLACE_optlc_37312	0	0.530864
PLACE_optlc_38261	0	0.530864
PLACE_optlc_33235	0	0.54321
datamem/ram_reg[229][13]	0	0.800062
datamem/ram_reg[235][1]	0	1.1896
datamem/U374	0	1.57895
datamem/ram_reg[119][12]	0	0.865189
datamem/ram_reg[181][15]	0	0.720567
PLACE_optlc_36284	0	0.555556
PLACE_optlc_30424	0	0.45679
PLACE_optlc_32164	0	0.518519
PLACE_optlc_31939	0	0.518519
PLACE_optlc_27044	0	0.54321
PLACE_optlc_30394	0	1.55556
datamem/U3193	0	0.892515
datamem/U2440	0	0.625671
reg_file/U51	0	1.13704
datamem/U2034	0	0.834823
PLACE_optlc_33804	0	0.530864
PLACE_optlc_25740	0	0.469136
PLACE_optlc_33425	0	1.51852
PLACE_optlc_25795	0	1.55556
PLACE_optlc_29182	0	0.54321
PLACE_optlc_34288	0	0.530864
PLACE_optlc_33432	0	0.493827
PLACE_optlc_32975	0	1.44444
PLACE_optlc_26680	0	1.55556
reg_file/reg_array_reg[1][12]	0	2.17421
datamem/U1899	0	1.48324
reg_file/U165	0	1.46286
datamem/U4490	0	1.67923
datamem/U1548	0	1.77453
datamem/ram_reg[186][13]	0	0.701435
reg_file/U129	0	1.95228
PLACE_optlc_25997	0	1.51852
PLACE_optlc_27953	0	0.493827
PLACE_optlc_27114	0	1.55556
PLACE_optlc_29278	0	0.506173
PLACE_optlc_37929	0	0.555556
PLACE_optlc_27613	0	0.530864
reg_file/PLACE_HFSBUF_6023_25574	0	2.43653
datamem/ram_reg[199][11]	0	0.764649
reg_file/U67	0	1.33836
PLACE_optlc_31926	0	0.518519
PLACE_optlc_28907	0	0.530864
PLACE_optlc_28676	0	1.54321
PLACE_optlc_34604	0	0.555556
PLACE_optlc_34500	0	0.555556
PLACE_optlc_27971	0	1.54321
datamem/ram_reg[84][15]	0	1.14234
datamem/U2069	0	0.655158
PLACE_optlc_31084	0	0.469136
PLACE_optlc_32553	0	1.55556
datamem/ram_reg[214][5]	0	0.637438
datamem/ram_reg[255][14]	0	1.67723
datamem/U1254	0	1.29934
datamem/U3475	0	1.14444
PLACE_optlc_30041	0	0.54321
PLACE_optlc_29857	0	1.54321
PLACE_optlc_33151	0	1.54321
PLACE_optlc_34417	0	0.555556
PLACE_optlc_29065	0	0.518519
datamem/ram_reg[150][6]	0	0.754035
datamem/ram_reg[130][1]	0	1.01893
datamem/ram_reg[94][8]	0	2.41886
datamem/ram_reg[68][8]	0	0.610664
datamem/U4540	0	0.649051
PLACE_optlc_33210	0	1.53086
PLACE_optlc_35880	0	0.555556
PLACE_optlc_26689	0	0.54321
datamem/ram_reg[50][9]	0	1.65506
datamem/ram_reg[201][4]	0	1.11028
datamem/ram_reg[194][7]	0	0.606844
PLACE_optlc_27775	0	0.555556
PLACE_optlc_27670	0	0.54321
PLACE_optlc_34997	0	0.555556
PLACE_optlc_31688	0	1.55556
PLACE_optlc_31110	0	0.54321
PLACE_optlc_34516	0	1.54321
PLACE_optlc_37252	0	0.555556
datamem/ram_reg[168][13]	0	0.822296
datamem/ram_reg[144][1]	0	1.47802
datamem/ram_reg[117][7]	0	0.677049
datamem/U1372	0	1.14816
PLACE_optlc_35377	0	0.518519
PLACE_optlc_36722	0	1.46914
PLACE_optlc_34818	0	0.555556
PLACE_optlc_35578	0	0.555556
PLACE_optlc_37641	0	0.555556
PLACE_optlc_31017	0	1.55556
datamem/ram_reg[72][4]	0	0.805436
datamem/U4533	0	1.63276
datamem/U2161	0	0.556188
datamem/ram_reg[74][15]	0	0.574568
pc_current_reg_0_	0	0.726674
PLACE_optlc_27103	0	0.54321
PLACE_optlc_36641	0	0.469136
PLACE_optlc_27374	0	0.506173
datamem/ram_reg[119][9]	0	1.03255
datamem/U3556	0	0.748275
PLACE_optlc_30813	0	1.55556
PLACE_optlc_26387	0	0.54321
PLACE_optlc_37345	0	1.54321
datamem/U2706	0	0.560189
datamem/U856	0	0.630035
datamem/U1152	0	0.994927
datamem/ram_reg[114][8]	0	1.01907
datamem/ram_reg[87][10]	0	1.32388
datamem/ram_reg[40][15]	0	1.16318
datamem/U924	0	0.864495
datamem/U1961	0	0.780262
PLACE_optlc_31581	0	0.54321
PLACE_optlc_37832	0	0.555556
PLACE_optlc_37082	0	0.469136
PLACE_optlc_30607	0	0.518519
PLACE_optlc_29847	0	0.54321
datamem/U1751	0	0.563862
datamem/U3377	0	0.921435
datamem/ram_reg[229][5]	0	0.918299
datamem/U291	0	1.60255
datamem/ram_reg[196][9]	0	0.807836
PLACE_optlc_31906	0	0.506173
PLACE_optlc_31568	0	0.54321
PLACE_optlc_32569	0	1.45679
PLACE_optlc_30415	0	0.555556
PLACE_optlc_32186	0	1.55556
PLACE_optlc_30512	0	0.54321
PLACE_optlc_37288	0	1.55556
PLACE_optlc_33406	0	1.53086
datamem/U4463	0	0.855436
datamem/ram_reg[113][6]	0	0.828588
datamem/U2673	0	0.855475
PLACE_optlc_26505	0	1.55556
PLACE_optlc_29176	0	0.45679
PLACE_optlc_25656	0	1.53086
PLACE_optlc_28371	0	1.54321
PLACE_optlc_28229	0	1.55556
PLACE_optlc_35728	0	0.555556
PLACE_optlc_29658	0	1.55556
PLACE_optlc_28553	0	0.444444
PLACE_optlc_25836	0	0.45679
reg_file/U180	0	1.13309
datamem/ram_reg[36][1]	0	1.67537
datamem/ram_reg[181][3]	0	0.908542
datamem/U2720	0	0.819124
PLACE_optlc_30899	0	0.518519
PLACE_optlc_35373	0	1.55556
datamem/U1487	0	0.659151
datamem/ram_reg[59][0]	0	0.648387
datamem/U2503	0	0.650868
datamem/U4446	0	1.37773
PLACE_optlc_37368	0	0.555556
PLACE_optlc_35770	0	0.555556
PLACE_optlc_29445	0	0.45679
PLACE_optlc_26985	0	0.54321
datamem/U2775	0	0.586466
datamem/U4159	0	1.3222
datamem/ram_reg[63][7]	0	0.568561
datamem/U1367	0	0.739815
datamem/U3594	0	0.633503
datamem/U3592	0	0.55659
datamem/U2540	0	0.62505
datamem/U1354	0	1.2567
PLACE_optlc_35238	0	1.53086
PLACE_optlc_28483	0	0.481481
PLACE_optlc_30615	0	0.518519
U350	0	1.16373
U259	0	0.948742
datamem/ram_reg[104][13]	0	0.831902
datamem/ram_reg[167][14]	0	0.52924
reg_file/reg_array_reg[7][12]	0	0.770201
PLACE_optlc_29799	0	1.55556
PLACE_optlc_34322	0	0.555556
PLACE_optlc_38276	0	0.555556
PLACE_optlc_36192	0	0.530864
PLACE_optlc_37947	0	1.55556
PLACE_optlc_34277	0	0.555556
PLACE_optlc_32520	0	1.55556
datamem/ram_reg[51][14]	0	0.686343
datamem/ram_reg[27][10]	0	0.676184
datamem/U2123	0	0.845424
datamem/ram_reg[152][1]	0	0.837076
datamem/U4151	0	1.46616
datamem/U3172	0	0.639556
PLACE_optlc_36556	0	0.469136
PLACE_optlc_26749	0	0.518519
PLACE_optlc_35109	0	0.555556
PLACE_optlc_35085	0	0.555556
PLACE_optlc_28892	0	0.481481
PLACE_optlc_36917	0	1.53086
datamem/U2053	0	1.23151
datamem/U3289	0	1.33485
datamem/U3035	0	1.06136
datamem/ram_reg[75][10]	0	0.959402
datamem/ram_reg[63][5]	0	0.577373
datamem/U653	0	0.926069
datamem/U399	0	0.777755
PLACE_optlc_31474	0	0.54321
PLACE_optlc_34610	0	1.55556
PLACE_optlc_31765	0	0.54321
PLACE_optlc_35420	0	1.54321
datamem/ram_reg[88][3]	0	0.842103
datamem/ram_reg[247][12]	0	1.01917
PLACE_optlc_29522	0	1.51852
PLACE_optlc_28252	0	1.55556
PLACE_optlc_30978	0	1.54321
PLACE_optlc_27097	0	1.55556
PLACE_optlc_35000	0	1.41975
datamem/U1765	0	0.703202
datamem/ram_reg[163][4]	0	0.757319
datamem/ram_reg[199][10]	0	0.799468
PLACE_optlc_37564	0	0.555556
PLACE_optlc_35690	0	1.54321
PLACE_optlc_27348	0	0.54321
PLACE_optlc_33346	0	0.518519
PLACE_optlc_31244	0	1.54321
PLACE_optlc_31377	0	1.55556
PLACE_optlc_31373	0	0.530864
PLACE_optlc_28282	0	0.54321
PLACE_optlc_34567	0	0.530864
PLACE_optlc_37877	0	1.55556
datamem/U2103	0	0.996983
datamem/U1307	0	0.765652
datamem/U3093	0	1.24477
datamem/U1442	0	1.37099
datamem/ram_reg[66][6]	0	1.47574
datamem/ram_reg[140][7]	0	1.01172
PLACE_optlc_37480	0	1.55556
PLACE_optlc_25754	0	1.53086
PLACE_optlc_35162	0	0.54321
PLACE_optlc_35909	0	0.555556
PLACE_optlc_33770	0	0.493827
PLACE_optlc_33172	0	0.54321
PLACE_optlc_38274	0	0.555556
PLACE_optlc_27986	0	1.53086
PLACE_optlc_34656	0	0.469136
PLACE_optlc_28370	0	1.51852
PLACE_optlc_31556	0	0.45679
PLACE_optlc_35780	0	0.555556
PLACE_optlc_36048	0	1.55556
datamem/ram_reg[248][13]	0	0.790984
datamem/U3518	0	0.938897
datamem/U4462	0	1.33791
datamem/ram_reg[218][15]	0	0.592145
PLACE_optlc_33243	0	1.55556
PLACE_optlc_28301	0	0.555556
PLACE_optlc_26223	0	1.54321
PLACE_optlc_25918	0	1.55556
datamem/U1067	0	0.956574
datamem/ram_reg[124][8]	0	1.05545
PLACE_optlc_25845	0	1.55556
PLACE_optlc_29533	0	1.55556
PLACE_optlc_32605	0	0.530864
PLACE_optlc_28623	0	0.407407
PLACE_optlc_30984	0	0.518519
PLACE_optlc_34575	0	1.55556
PLACE_optlc_34228	0	0.469136
PLACE_optlc_32868	0	0.54321
PLACE_optlc_35753	0	0.469136
datamem/U1584	0	1.00422
datamem/ram_reg[0][14]	0	1.15578
datamem/ram_reg[186][4]	0	0.818287
datamem/U838	0	0.811262
PLACE_optlc_32789	0	1.54321
PLACE_optlc_36855	0	0.530864
PLACE_optlc_32472	0	0.54321
PLACE_optlc_29474	0	0.54321
PLACE_optlc_27156	0	0.530864
PLACE_optlc_32143	0	0.518519
PLACE_optlc_35596	0	1.55556
PLACE_optlc_35754	0	0.555556
datamem/ram_reg[164][1]	0	1.52624
datamem/U1209	0	0.811964
datamem/ram_reg[68][15]	0	0.561246
PLACE_optlc_28727	0	0.530864
PLACE_optlc_27011	0	1.54321
PLACE_optlc_26751	0	0.493827
PLACE_optlc_36593	0	0.555556
PLACE_optlc_32302	0	0.54321
PLACE_optlc_32656	0	0.45679
PLACE_optlc_34694	0	1.55556
PLACE_optlc_33978	0	0.518519
PLACE_optlc_31527	0	0.54321
PLACE_optlc_26075	0	0.530864
datamem/U4135	0	1.00266
datamem/U519	0	0.982658
datamem/ram_reg[95][10]	0	1.7124
datamem/U1184	0	1.02758
U436	0	1.02651
datamem/ram_reg[198][9]	0	1.25141
datamem/U3051	0	0.760073
datamem/U2414	0	0.710683
datamem/ram_reg[243][2]	0	1.24508
PLACE_optlc_30016	0	1.54321
PLACE_optlc_36550	0	1.50617
PLACE_optlc_32261	0	1.55556
PLACE_optlc_31184	0	1.54321
PLACE_optlc_27661	0	0.493827
datamem/U2968	0	1.05944
datamem/U1146	0	1.09323
datamem/ram_reg[169][11]	0	0.790814
datamem/U1246	0	1.10179
datamem/U2164	0	0.769028
PLACE_optlc_29763	0	1.55556
PLACE_optlc_34076	0	1.51852
PLACE_optlc_36918	0	1.55556
PLACE_optlc_37427	0	0.555556
PLACE_optlc_27568	0	0.506173
PLACE_optlc_25803	0	0.518519
PLACE_optlc_38327	0	0.555556
PLACE_optlc_26732	0	1.55556
PLACE_optlc_27862	0	1.49383
PLACE_optlc_32945	0	1.55556
PLACE_optlc_31655	0	0.493827
PLACE_optlc_36772	0	1.55556
datamem/ram_reg[226][4]	0	1.29336
datamem/U4096	0	0.877824
datamem/ram_reg[229][1]	0	0.727299
datamem/U1595	0	0.808005
PLACE_optlc_29916	0	1.55556
PLACE_optlc_33409	0	0.518519
PLACE_optlc_38248	0	0.555556
PLACE_optlc_35317	0	0.555556
PLACE_optlc_33570	0	0.54321
PLACE_optlc_25769	0	1.50617
PLACE_optlc_30668	0	1.55556
PLACE_optlc_31962	0	1.54321
datamem/ram_reg[217][7]	0	1.08642
reg_file/U144	0	1.16143
datamem/U499	0	1.39649
datamem/ram_reg[99][10]	0	1.24145
PLACE_optlc_29757	0	0.481481
PLACE_optlc_31617	0	1.55556
PLACE_optlc_28885	0	0.530864
PLACE_optlc_36178	0	0.555556
PLACE_optlc_29239	0	1.53086
datamem/U937	0	0.910694
datamem/U2354	0	1.04472
PLACE_optlc_31969	0	0.54321
PLACE_optlc_28251	0	0.555556
PLACE_optlc_36717	0	0.530864
PLACE_optlc_26355	0	1.55556
PLACE_optlc_28143	0	1.51852
PLACE_optlc_34612	0	0.555556
datamem/ram_reg[44][5]	0	0.618086
datamem/U914	0	1.09199
datamem/U1894	0	1.27541
datamem/U3612	0	0.79512
datamem/ram_reg[219][3]	0	1.54716
PLACE_optlc_30072	0	0.54321
PLACE_optlc_25790	0	0.54321
PLACE_optlc_32080	0	0.518519
PLACE_optlc_29950	0	0.518519
PLACE_optlc_37134	0	1.55556
PLACE_optlc_27302	0	1.50617
datamem/ram_reg[15][10]	0	0.800166
datamem/U2751	0	1.27678
reg_file/U177	0	0.769352
datamem/U4514	0	0.769448
PLACE_optlc_26661	0	1.53086
PLACE_optlc_30281	0	1.55556
PLACE_optlc_26376	0	0.54321
PLACE_optlc_35555	0	0.555556
PLACE_optlc_35210	0	1.55556
PLACE_optlc_37284	0	1.49383
PLACE_optlc_28716	0	1.55556
PLACE_optlc_25834	0	0.54321
PLACE_optlc_32140	0	0.469136
PLACE_optlc_38027	0	0.555556
datamem/U3641	0	0.908519
datamem/U3277	0	0.66179
datamem/U282	0	0.716389
datamem/ram_reg[3][14]	0	1.23508
datamem/ram_reg[14][13]	0	1.06161
reg_file/reg_array_reg[5][15]	0	1.31883
datamem/ram_reg[65][7]	0	0.716011
datamem/ram_reg[37][7]	0	1.14226
datamem/ram_reg[132][13]	0	1.29826
PLACE_optlc_38178	0	1.54321
PLACE_optlc_36031	0	0.555556
PLACE_optlc_29758	0	0.54321
PLACE_optlc_31214	0	1.55556
PLACE_optlc_37202	0	1.55556
datamem/ram_reg[154][8]	0	0.954707
datamem/U1239	0	0.536551
datamem/U1708	0	1.04095
datamem/ram_reg[20][15]	0	0.99284
datamem/U3052	0	1.30811
datamem/ram_reg[172][10]	0	0.792253
datamem/ram_reg[174][4]	0	0.937168
datamem/U811	0	0.567442
PLACE_optlc_31289	0	1.55556
PLACE_optlc_36816	0	0.518519
PLACE_optlc_38133	0	1.55556
PLACE_optlc_32113	0	0.54321
PLACE_optlc_37551	0	0.530864
PLACE_optlc_32575	0	0.506173
PLACE_optlc_28189	0	0.518519
PLACE_optlc_37122	0	0.555556
datamem/U2607	0	0.587766
datamem/U3041	0	0.575837
datamem/U2404	0	1.65324
datamem/ram_reg[66][14]	0	1.18335
datamem/U2402	0	1.9024
datamem/ram_reg[168][2]	0	1.05401
PLACE_optlc_25663	0	0.530864
PLACE_optlc_36767	0	0.493827
PLACE_optlc_32794	0	1.55556
PLACE_optlc_29886	0	0.530864
PLACE_optlc_34518	0	0.555556
datamem/U267	0	1.66605
datamem/U4654	0	0.753885
datamem/ram_reg[12][15]	0	1.73298
datamem/ram_reg[230][13]	0	1.0799
datamem/ram_reg[184][0]	0	2.59376
datamem/ram_reg[71][15]	0	0.712963
datamem/U3934	0	0.556188
PLACE_optlc_28703	0	0.518519
PLACE_optlc_32134	0	1.53086
PLACE_optlc_30761	0	0.518519
PLACE_optlc_26325	0	1.55556
PLACE_optlc_28385	0	0.481481
PLACE_optlc_35729	0	0.54321
datamem/ram_reg[185][14]	0	1.45672
datamem/ram_reg[14][11]	0	0.913762
datamem/ram_reg[72][12]	0	1.00568
datamem/U16	0	1.67757
PLACE_optlc_30152	0	1.55556
PLACE_optlc_35730	0	0.54321
PLACE_optlc_31676	0	1.55556
PLACE_optlc_35290	0	1.45679
PLACE_optlc_36248	0	0.518519
PLACE_optlc_32206	0	1.53086
PLACE_optlc_26894	0	1.55556
PLACE_optlc_29667	0	0.54321
PLACE_optlc_36434	0	0.530864
PLACE_optlc_28128	0	1.53086
PLACE_optlc_26391	0	1.54321
PLACE_optlc_31775	0	0.54321
datamem/ram_reg[102][9]	0	0.801806
datamem/ram_reg[132][15]	0	0.907504
PLACE_optlc_28721	0	0.530864
PLACE_optlc_34250	0	0.530864
PLACE_optlc_31071	0	0.518519
PLACE_optlc_28598	0	1.54321
PLACE_optlc_38353	0	0.481481
PLACE_optlc_33014	0	1.54321
PLACE_optlc_31093	0	0.54321
datamem/U739	0	0.771663
datamem/U4406	0	0.924788
datamem/ram_reg[115][9]	0	0.663137
datamem/ram_reg[55][4]	0	1.07877
PLACE_optlc_28178	0	1.55556
PLACE_optlc_35804	0	0.54321
PLACE_optlc_37034	0	0.469136
PLACE_optlc_25757	0	0.54321
PLACE_optlc_28753	0	1.55556
PLACE_optlc_30019	0	1.54321
PLACE_optlc_31423	0	1.54321
PLACE_optlc_35570	0	1.45679
PLACE_optlc_34981	0	1.55556
PLACE_optlc_29470	0	0.54321
datamem/ram_reg[228][7]	0	2.18538
datamem/ram_reg[46][6]	0	0.686042
datamem/U1728	0	0.620976
PLACE_optlc_38288	0	0.555556
PLACE_optlc_33810	0	0.518519
PLACE_optlc_29834	0	0.530864
PLACE_optlc_37738	0	1.55556
PLACE_optlc_37938	0	1.51852
PLACE_optlc_25946	0	1.54321
datamem/ram_reg[20][0]	0	1.44093
datamem/U2050	0	0.783542
datamem/U683	0	0.764518
datamem/ram_reg[183][8]	0	0.907458
datamem/U547	0	1.5562
datamem/U1315	0	0.584101
datamem/ram_reg[155][1]	0	1.07066
PLACE_optlc_34953	0	0.506173
PLACE_optlc_34261	0	0.555556
PLACE_optlc_37758	0	0.555556
PLACE_optlc_36011	0	0.530864
PLACE_optlc_27935	0	0.518519
PLACE_optlc_28424	0	1.54321
PLACE_optlc_33002	0	0.506173
PLACE_optlc_35984	0	0.555556
PLACE_optlc_33594	0	1.53086
PLACE_optlc_31947	0	1.55556
datamem/ram_reg[74][8]	0	1.93517
datamem/ram_reg[37][13]	0	1.34229
datamem/U3318	0	1.46125
datamem/ram_reg[23][14]	0	0.543534
datamem/ram_reg[83][12]	0	1.95473
datamem/U701	0	0.633256
datamem/ram_reg[28][3]	0	0.607018
PLACE_optlc_26445	0	0.469136
PLACE_optlc_37683	0	0.530864
PLACE_optlc_35112	0	1.55556
PLACE_optlc_36553	0	0.555556
PLACE_optlc_30715	0	1.48148
PLACE_optlc_32376	0	1.53086
PLACE_optlc_29353	0	1.51852
PLACE_optlc_33709	0	0.518519
PLACE_optlc_26772	0	1.54321
PLACE_optlc_31848	0	0.518519
datamem/ram_reg[236][4]	0	0.785112
datamem/ram_reg[217][11]	0	0.515968
datamem/ram_reg[242][1]	0	0.683966
PLACE_optlc_12675	0	1.84182
SpareCell_1	0	0.928241
SpareCell_3_0	0	0.678241
PLACE_optlc_26552	0	1.54321
PLACE_optlc_29154	0	1.44444
PLACE_optlc_26504	0	1.53086
PLACE_optlc_26040	0	0.45679
U91	0	0.554213
datamem/U3068	0	0.842789
datamem/U2794	0	0.679691
datamem/ram_reg[179][3]	0	0.806782
PLACE_optlc_33525	0	0.530864
PLACE_optlc_29224	0	1.51852
PLACE_optlc_30442	0	1.55556
PLACE_optlc_31080	0	1.39506
PLACE_optlc_32390	0	0.54321
PLACE_optlc_35666	0	0.555556
PLACE_optlc_27635	0	1.54321
PLACE_optlc_26906	0	0.493827
PLACE_optlc_33322	0	0.518519
PLACE_optlc_31450	0	1.50617
datamem/ram_reg[219][6]	0	0.640968
datamem/U4493	0	0.932878
datamem/ram_reg[6][11]	0	0.517438
PLACE_optlc_36346	0	0.530864
PLACE_optlc_29494	0	0.54321
PLACE_optlc_31693	0	0.54321
PLACE_optlc_30225	0	1.49383
PLACE_optlc_28665	0	0.518519
PLACE_optlc_25616	0	1.55556
PLACE_optlc_29128	0	0.54321
PLACE_optlc_31653	0	1.50617
PLACE_optlc_35477	0	1.55556
datamem/U4147	0	0.841088
datamem/ram_reg[30][4]	0	1.02524
datamem/ram_reg[78][7]	0	1.08736
datamem/ram_reg[140][3]	0	0.817049
PLACE_optlc_32160	0	1.53086
PLACE_optlc_34064	0	0.506173
PLACE_optlc_32585	0	1.53086
PLACE_optlc_29010	0	1.55556
PLACE_optlc_35676	0	0.555556
PLACE_optlc_33483	0	1.55556
PLACE_optlc_26898	0	1.54321
PLACE_optlc_29319	0	0.54321
PLACE_optlc_30480	0	0.518519
datamem/ram_reg[156][11]	0	1.39858
datamem/ram_reg[9][0]	0	1.00452
datamem/U1144	0	1.61689
datamem/ram_reg[155][8]	0	1.01354
datamem/U3151	0	1.45482
datamem/ram_reg[214][13]	0	1.13888
datamem/ram_reg[54][10]	0	1.41215
PLACE_optlc_34569	0	0.469136
PLACE_optlc_33547	0	0.493827
PLACE_optlc_28419	0	1.55556
PLACE_optlc_29296	0	1.53086
PLACE_optlc_34598	0	0.555556
PLACE_optlc_26422	0	1.55556
PLACE_optlc_34243	0	0.469136
PLACE_optlc_26322	0	0.555556
PLACE_optlc_35101	0	0.555556
datamem/ram_reg[12][1]	0	1.00134
datamem/ram_reg[149][6]	0	1.13417
datamem/U1201	0	0.643657
datamem/U2908	0	0.906015
datamem/ram_reg[44][15]	0	1.33077
PLACE_optlc_37692	0	0.518519
PLACE_optlc_31218	0	1.53086
PLACE_optlc_37730	0	0.45679
datamem/U510	0	1.15057
datamem/ram_reg[203][6]	0	1.12865
datamem/ram_reg[249][2]	0	0.516262
datamem/ram_reg[15][3]	0	0.773546
PLACE_optlc_28169	0	0.518519
PLACE_optlc_34041	0	0.555556
PLACE_optlc_31683	0	0.518519
datamem/ram_reg[165][10]	0	1.35785
datamem/ram_reg[176][5]	0	1.05832
datamem/U1801	0	0.718769
PLACE_optlc_37822	0	0.555556
PLACE_optlc_27583	0	1.53086
PLACE_optlc_28697	0	0.54321
PLACE_optlc_36823	0	1.55556
PLACE_optlc_33423	0	1.49383
PLACE_optlc_34608	0	0.555556
PLACE_optlc_30054	0	1.4321
PLACE_optlc_32108	0	1.55556
datamem/ram_reg[160][9]	0	1.16561
U329	0	1.23697
datamem/ram_reg[116][3]	0	0.798461
PLACE_optlc_33763	0	0.45679
PLACE_optlc_36852	0	0.469136
PLACE_optlc_32212	0	0.45679
PLACE_optlc_30453	0	0.54321
PLACE_optlc_25813	0	0.54321
datamem/U1300	0	0.994313
datamem/U3050	0	0.930544
datamem/ram_reg[54][6]	0	1.44851
datamem/ram_reg[193][8]	0	0.888719
datamem/ram_reg[43][9]	0	0.747689
datamem/U2953	0	1.80626
PLACE_optlc_31220	0	0.444444
PLACE_optlc_36167	0	1.55556
PLACE_optlc_33497	0	1.55556
PLACE_optlc_34387	0	0.493827
PLACE_optlc_31493	0	1.55556
PLACE_optlc_27312	0	1.55556
PLACE_optlc_33118	0	1.55556
datamem/U3368	0	0.611671
datamem/ram_reg[185][10]	0	0.942353
datamem/U2250	0	1.20269
datamem/ram_reg[166][1]	0	0.88772
datamem/U155	0	0.813534
datamem/ram_reg[142][14]	0	1.30845
datamem/ram_reg[122][0]	0	1.32828
PLACE_optlc_29930	0	0.407407
PLACE_optlc_34449	0	0.555556
PLACE_optlc_28685	0	1.54321
PLACE_optlc_28680	0	1.55556
PLACE_optlc_34662	0	0.555556
PLACE_optlc_28993	0	1.55556
datamem/ram_reg[162][1]	0	0.91152
U327	0	1.43957
datamem/ram_reg[147][8]	0	0.913962
datamem/ram_reg[118][11]	0	1.6252
datamem/ram_reg[8][9]	0	0.75684
datamem/ram_reg[200][15]	0	0.71929
PLACE_optlc_27542	0	1.54321
PLACE_optlc_29934	0	1.54321
PLACE_optlc_36125	0	0.530864
PLACE_optlc_26943	0	0.54321
PLACE_optlc_34663	0	0.555556
PLACE_optlc_33257	0	0.54321
datamem/U3960	0	0.566474
datamem/ram_reg[179][0]	0	1.30905
datamem/ram_reg[202][14]	0	1.15157
PLACE_optlc_27877	0	0.493827
PLACE_optlc_34492	0	0.555556
PLACE_optlc_29369	0	0.45679
PLACE_optlc_32955	0	1.55556
datamem/U987	0	1.9221
datamem/U1347	0	1.65313
datamem/ram_reg[38][13]	0	0.903935
datamem/ram_reg[152][13]	0	1.62014
datamem/U3241	0	0.797921
datamem/ram_reg[247][6]	0	1.75955
PLACE_optlc_35645	0	0.444444
PLACE_optlc_31192	0	0.518519
PLACE_optlc_31251	0	1.54321
datamem/U4276	0	1.28008
datamem/U2932	0	0.775177
datamem/ram_reg[40][9]	0	0.746408
datamem/U67	0	0.801613
datamem/U121	0	1.08576
PLACE_optlc_26897	0	1.53086
PLACE_optlc_30023	0	1.51852
PLACE_optlc_28913	0	0.54321
PLACE_optlc_28145	0	0.54321
datamem/U3189	0	0.560563
datamem/ram_reg[212][4]	0	1.56406
datamem/U3360	0	0.900779
datamem/ram_reg[250][4]	0	1.23658
datamem/ram_reg[3][11]	0	1.31496
datamem/U1514	0	1.64801
PLACE_optlc_28007	0	0.518519
PLACE_optlc_35962	0	0.530864
PLACE_optlc_26189	0	1.55556
PLACE_optlc_37376	0	0.555556
PLACE_optlc_36733	0	0.555556
PLACE_optlc_31407	0	0.54321
datamem/U801	0	0.557589
datamem/U70	0	0.915683
datamem/ram_reg[224][8]	0	0.561478
datamem/ram_reg[160][13]	0	1.32316
PLACE_optlc_31901	0	1.55556
PLACE_optlc_37553	0	1.55556
PLACE_optlc_34422	0	1.46914
PLACE_optlc_35256	0	0.555556
PLACE_optlc_28028	0	0.54321
PLACE_optlc_36310	0	1.53086
datamem/ram_reg[71][1]	0	1.8391
datamem/U677	0	0.691528
datamem/U3966	0	0.617068
PLACE_optlc_31708	0	1.53086
PLACE_optlc_27791	0	0.506173
PLACE_optlc_32216	0	0.481481
PLACE_optlc_31909	0	1.53086
datamem/ram_reg[251][15]	0	1.85585
datamem/ram_reg[62][9]	0	0.687975
datamem/U164	0	0.558638
PLACE_optlc_35632	0	0.555556
datamem/ram_reg[71][5]	0	0.677454
datamem/U2583	0	1.27117
datamem/ram_reg[119][3]	0	1.59987
datamem/U3886	0	0.577234
datamem/U3121	0	1.45716
datamem/U3356	0	1.49113
datamem/ram_reg[223][5]	0	1.41427
datamem/U4573	0	1.67512
PLACE_optlc_34304	0	0.555556
PLACE_optlc_36193	0	0.555556
PLACE_optlc_26130	0	0.54321
PLACE_optlc_30837	0	0.530864
PLACE_optlc_28303	0	0.45679
PLACE_optlc_32407	0	0.518519
PLACE_optlc_34802	0	0.555556
datamem/U378	0	1.09515
datamem/ram_reg[24][10]	0	1.22481
datamem/ram_reg[166][6]	0	1.22735
datamem/ram_reg[90][9]	0	1.00738
datamem/ram_reg[142][9]	0	0.764819
PLACE_optlc_36343	0	1.54321
PLACE_optlc_26321	0	0.518519
PLACE_optlc_28275	0	0.518519
PLACE_optlc_32790	0	1.55556
PLACE_optlc_28237	0	1.53086
PLACE_optlc_37473	0	0.469136
PLACE_optlc_36734	0	0.530864
PLACE_optlc_37916	0	0.530864
PLACE_optlc_33276	0	1.45679
datamem/U3611	0	0.818318
datamem/U4386	0	1.14164
datamem/ram_reg[48][12]	0	0.593283
datamem/U4522	0	1.06892
datamem/U4177	0	1.00423
PLACE_optlc_32888	0	1.53086
PLACE_optlc_34815	0	0.555556
PLACE_optlc_27912	0	0.493827
PLACE_optlc_35489	0	1.55556
datamem/U233	0	0.781705
datamem/U1854	0	0.852859
datamem/U3328	0	0.86657
PLACE_optlc_37846	0	0.555556
PLACE_optlc_37444	0	0.555556
PLACE_optlc_30962	0	1.54321
PLACE_optlc_28043	0	1.41975
PLACE_optlc_37520	0	0.555556
PLACE_optlc_32516	0	0.54321
datamem/ram_reg[244][0]	0	1.25461
datamem/ram_reg[168][11]	0	0.749568
PLACE_optlc_32292	0	0.54321
PLACE_optlc_36876	0	1.53086
PLACE_optlc_27774	0	0.493827
PLACE_optlc_27808	0	0.54321
PLACE_optlc_31540	0	0.54321
PLACE_optlc_37009	0	0.555556
datamem/U2445	0	0.776265
datamem/U2995	0	0.752581
datamem/U2089	0	0.608661
datamem/U2833	0	0.811628
PLACE_optlc_30369	0	0.518519
PLACE_optlc_30245	0	1.53086
PLACE_optlc_27936	0	0.518519
PLACE_optlc_33926	0	1.55556
PLACE_optlc_27869	0	0.518519
PLACE_optlc_26284	0	1.55556
datamem/U881	0	0.942195
datamem/U999	0	0.90152
datamem/ram_reg[99][1]	0	0.88017
datamem/U3669	0	0.649144
PLACE_optlc_28152	0	0.54321
PLACE_optlc_35082	0	0.54321
PLACE_optlc_26843	0	0.54321
PLACE_optlc_32705	0	1.53086
PLACE_optlc_36915	0	0.555556
PLACE_optlc_27136	0	1.53086
PLACE_optlc_35277	0	0.555556
PLACE_optlc_28552	0	0.530864
PLACE_optlc_37656	0	1.48148
PLACE_optlc_29184	0	1.55556
PLACE_optlc_37319	0	0.555556
datamem/U3679	0	0.628831
datamem/U733	0	1.26887
datamem/U265	0	0.861713
datamem/U363	0	1.45979
PLACE_optlc_32100	0	1.55556
PLACE_optlc_34545	0	0.481481
PLACE_optlc_30632	0	0.54321
PLACE_optlc_28861	0	0.54321
PLACE_optlc_33899	0	1.55556
PLACE_optlc_29724	0	1.51852
PLACE_optlc_34493	0	0.469136
PLACE_optlc_33521	0	0.481481
datamem/U275	0	0.806161
datamem/U4487	0	0.830193
datamem/U431	0	0.570208
datamem/U2805	0	0.546825
datamem/U3004	0	0.707079
datamem/U1637	0	0.570247
PLACE_optlc_37198	0	1.53086
PLACE_optlc_34427	0	1.53086
PLACE_optlc_26851	0	1.53086
PLACE_optlc_33705	0	1.55556
PLACE_optlc_25999	0	0.518519
PLACE_optlc_37864	0	0.518519
PLACE_optlc_32839	0	0.54321
PLACE_optlc_30103	0	1.54321
datamem/U2812	0	1.63275
datamem/U3938	0	0.681921
datamem/U2668	0	0.66294
datamem/ram_reg[230][11]	0	0.750934
datamem/U3403	0	1.81259
PLACE_optlc_35100	0	0.555556
PLACE_optlc_37762	0	1.55556
PLACE_optlc_36471	0	0.555556
PLACE_optlc_37640	0	1.55556
PLACE_optlc_25661	0	0.530864
PLACE_optlc_27812	0	0.555556
PLACE_optlc_32586	0	0.45679
PLACE_optlc_28044	0	1.54321
PLACE_optlc_30085	0	0.530864
PLACE_optlc_32870	0	0.54321
PLACE_optlc_27098	0	1.55556
PLACE_optlc_27645	0	1.54321
datamem/U3969	0	0.634306
datamem/ram_reg[41][3]	0	0.927126
datamem/U1007	0	0.766725
PLACE_optlc_35998	0	1.55556
PLACE_optlc_34732	0	1.55556
PLACE_optlc_31645	0	1.48148
PLACE_optlc_34995	0	0.506173
PLACE_optlc_32549	0	0.45679
PLACE_optlc_28924	0	0.493827
PLACE_optlc_30091	0	1.54321
datamem/ram_reg[55][12]	0	1.36682
datamem/U1418	0	1.08621
PLACE_optlc_30337	0	1.55556
PLACE_optlc_29744	0	1.51852
PLACE_optlc_31392	0	0.518519
PLACE_optlc_35167	0	1.53086
PLACE_optlc_34556	0	1.55556
PLACE_optlc_26430	0	1.55556
PLACE_optlc_30982	0	1.51852
PLACE_optlc_28655	0	1.53086
PLACE_optlc_36053	0	0.555556
PLACE_optlc_26725	0	0.419753
PLACE_optlc_32788	0	1.55556
PLACE_optlc_34824	0	0.555556
datamem/ram_reg[20][3]	0	0.562998
datamem/U2536	0	1.42525
datamem/ram_reg[35][5]	0	0.990899
datamem/ram_reg[219][15]	0	1.57506
PLACE_optlc_35350	0	1.53086
PLACE_optlc_37135	0	1.55556
PLACE_optlc_29360	0	0.530864
PLACE_optlc_31414	0	0.518519
PLACE_optlc_27687	0	0.54321
PLACE_optlc_35771	0	1.55556
PLACE_optlc_36868	0	1.55556
PLACE_optlc_26646	0	1.53086
PLACE_optlc_26077	0	0.54321
PLACE_optlc_29698	0	0.518519
datamem/ram_reg[210][1]	0	0.733426
datamem/ram_reg[174][5]	0	1.48968
datamem/U4543	0	0.730363
datamem/U219	0	0.828696
datamem/ram_reg[119][13]	0	0.805332
datamem/ram_reg[135][2]	0	1.07159
datamem/ram_reg[146][2]	0	1.0857
datamem/ram_reg[138][12]	0	0.947562
PLACE_optlc_32592	0	0.54321
PLACE_optlc_35871	0	1.54321
PLACE_optlc_35843	0	0.530864
PLACE_optlc_29028	0	1.53086
PLACE_optlc_33506	0	1.53086
PLACE_optlc_35424	0	0.555556
PLACE_optlc_35435	0	1.55556
PLACE_optlc_36602	0	0.54321
PLACE_optlc_34082	0	0.493827
datamem/ram_reg[18][2]	0	2.45085
datamem/U445	0	1.70657
datamem/ram_reg[200][8]	0	0.554572
datamem/U3627	0	1.07525
datamem/U2702	0	0.655417
PLACE_optlc_32043	0	1.55556
PLACE_optlc_34800	0	0.506173
PLACE_optlc_35762	0	0.555556
PLACE_optlc_38036	0	0.555556
PLACE_optlc_32488	0	0.530864
PLACE_optlc_33796	0	0.518519
PLACE_optlc_29300	0	0.54321
PLACE_optlc_34097	0	1.48148
datamem/ram_reg[62][5]	0	0.875679
datamem/ram_reg[90][1]	0	1.33411
datamem/ram_reg[182][15]	0	0.929429
datamem/ram_reg[41][2]	0	1.78482
PLACE_optlc_28515	0	0.518519
PLACE_optlc_26503	0	0.518519
PLACE_optlc_29500	0	0.469136
PLACE_optlc_37142	0	0.530864
PLACE_optlc_27507	0	1.50617
PLACE_optlc_26022	0	0.54321
datamem/U2904	0	0.647685
datamem/U3501	0	1.21926
datamem/ram_reg[185][3]	0	0.849923
datamem/U2101	0	1.3665
PLACE_optlc_34710	0	1.49383
PLACE_optlc_37816	0	0.469136
PLACE_optlc_30218	0	1.55556
PLACE_optlc_30755	0	1.55556
PLACE_optlc_30129	0	1.55556
PLACE_optlc_26509	0	0.518519
PLACE_optlc_32379	0	0.506173
PLACE_optlc_26116	0	0.54321
PLACE_optlc_25939	0	0.493827
PLACE_optlc_33211	0	0.518519
datamem/U787	0	1.0234
datamem/U4591	0	0.656983
datamem/U983	0	1.77675
datamem/U1130	0	1.29454
datamem/U2578	0	1.27423
PLACE_optlc_33082	0	1.53086
PLACE_optlc_26562	0	0.54321
PLACE_optlc_32608	0	0.530864
PLACE_optlc_33803	0	0.530864
PLACE_optlc_31363	0	1.55556
PLACE_optlc_29007	0	1.53086
PLACE_optlc_26556	0	0.518519
PLACE_optlc_30320	0	1.55556
PLACE_optlc_33207	0	0.530864
datamem/ram_reg[12][8]	0	0.572087
datamem/ram_reg[62][6]	0	1.24735
datamem/U1290	0	0.556319
datamem/ram_reg[230][4]	0	2.21339
datamem/ram_reg[35][10]	0	0.974799
datamem/ram_reg[58][5]	0	0.619035
datamem/ram_reg[183][3]	0	1.59417
datamem/U2145	0	1.92636
datamem/ram_reg[84][5]	0	1.22664
datamem/ram_reg[49][8]	0	1.99834
PLACE_optlc_30432	0	0.506173
PLACE_optlc_28015	0	1.51852
PLACE_optlc_27065	0	1.54321
PLACE_optlc_28918	0	0.54321
PLACE_optlc_27657	0	0.530864
PLACE_optlc_33657	0	0.506173
PLACE_optlc_37885	0	1.53086
PLACE_optlc_28862	0	0.481481
PLACE_optlc_28209	0	0.54321
PLACE_optlc_26267	0	1.53086
PLACE_optlc_38290	0	1.53086
datamem/U2509	0	1.60311
datamem/U2206	0	1.30616
datamem/U3238	0	0.926161
datamem/U872	0	0.742207
datamem/ram_reg[61][10]	0	1.28779
PLACE_optlc_33905	0	1.53086
PLACE_optlc_37098	0	1.49383
PLACE_optlc_32818	0	1.55556
PLACE_optlc_29352	0	0.493827
PLACE_optlc_32224	0	0.506173
PLACE_optlc_37459	0	0.555556
PLACE_optlc_26055	0	1.54321
datamem/ram_reg[15][6]	0	0.591204
datamem/U4175	0	1.2635
datamem/U4040	0	0.825532
datamem/ram_reg[148][2]	0	1.5777
datamem/U2680	0	0.982612
datamem/ram_reg[214][0]	0	1.23928
datamem/ram_reg[245][0]	0	0.738021
datamem/U3634	0	0.92478
datamem/U1286	0	1.62411
PLACE_optlc_32127	0	0.518519
PLACE_optlc_27444	0	0.45679
PLACE_optlc_37844	0	0.469136
PLACE_optlc_32668	0	1.48148
PLACE_optlc_29718	0	1.54321
PLACE_optlc_37266	0	0.555556
datamem/ram_reg[204][14]	0	0.881721
datamem/ram_reg[193][5]	0	0.886211
datamem/ram_reg[36][0]	0	0.643993
datamem/ram_reg[16][1]	0	0.622593
datamem/ram_reg[214][6]	0	1.02796
datamem/ram_reg[152][2]	0	0.970243
datamem/U3879	0	1.56858
PLACE_optlc_28462	0	0.481481
PLACE_optlc_38063	0	0.555556
PLACE_optlc_25659	0	0.518519
PLACE_optlc_30178	0	0.407407
PLACE_optlc_28309	0	0.518519
datamem/U2763	0	1.35906
datamem/ram_reg[204][1]	0	0.657701
datamem/U1127	0	1.34474
datamem/ram_reg[36][13]	0	1.05705
datamem/ram_reg[234][8]	0	0.950772
PLACE_optlc_37492	0	1.55556
PLACE_optlc_34204	0	1.55556
datamem/U329	0	1.04247
PLACE_optlc_37020	0	0.555556
PLACE_optlc_36702	0	0.555556
PLACE_optlc_33414	0	0.54321
PLACE_optlc_36873	0	0.555556
PLACE_optlc_31791	0	1.53086
PLACE_optlc_33606	0	1.53086
PLACE_optlc_26982	0	1.55556
PLACE_optlc_37901	0	0.54321
PLACE_optlc_34777	0	0.506173
datamem/ram_reg[30][0]	0	0.657172
U336	0	1.03995
datamem/ram_reg[15][15]	0	0.853167
datamem/U3841	0	1.22592
datamem/U3307	0	1.4671
datamem/ram_reg[216][8]	0	0.663441
datamem/ram_reg[188][3]	0	0.757515
datamem/ram_reg[20][13]	0	0.878214
PLACE_optlc_29912	0	0.54321
PLACE_optlc_27889	0	0.45679
PLACE_optlc_35624	0	0.555556
PLACE_optlc_36065	0	0.555556
PLACE_optlc_27167	0	1.53086
PLACE_optlc_36817	0	0.555556
PLACE_optlc_33106	0	0.530864
datamem/U4064	0	0.669811
datamem/U366	0	1.144
datamem/U1525	0	0.751744
datamem/U3978	0	1.14409
datamem/U2165	0	0.833835
PLACE_optlc_35518	0	0.555556
PLACE_optlc_34711	0	1.55556
PLACE_optlc_31489	0	1.50617
PLACE_optlc_36839	0	1.53086
PLACE_optlc_27626	0	1.55556
PLACE_optlc_34160	0	0.506173
datamem/ram_reg[138][9]	0	0.997188
datamem/ram_reg[252][12]	0	0.780583
datamem/ram_reg[206][2]	0	0.81125
PLACE_optlc_34798	0	0.530864
PLACE_optlc_34173	0	1.55556
PLACE_optlc_28683	0	0.518519
PLACE_optlc_27108	0	1.54321
PLACE_optlc_31147	0	0.518519
PLACE_optlc_37001	0	0.555556
PLACE_optlc_29889	0	0.54321
PLACE_optlc_29409	0	0.555556
PLACE_optlc_31509	0	1.55556
PLACE_optlc_35569	0	0.530864
PLACE_optlc_34086	0	1.55556
datamem/U2155	0	0.551362
datamem/ram_reg[75][4]	0	0.741968
datamem/U1361	0	1.25148
datamem/U4443	0	1.29761
datamem/U3009	0	0.735664
PLACE_optlc_29276	0	1.55556
PLACE_optlc_25646	0	0.54321
PLACE_optlc_28040	0	0.530864
PLACE_optlc_29732	0	1.53086
PLACE_optlc_35375	0	1.55556
PLACE_optlc_26123	0	0.54321
PLACE_optlc_28705	0	0.493827
PLACE_optlc_33949	0	0.54321
datamem/ram_reg[52][8]	0	0.762978
datamem/U226	0	1.02871
datamem/U1792	0	0.56515
datamem/ram_reg[68][0]	0	0.850185
PLACE_optlc_36491	0	0.555556
PLACE_optlc_32635	0	0.481481
PLACE_optlc_34011	0	0.54321
PLACE_optlc_35224	0	0.555556
PLACE_optlc_28221	0	1.50617
PLACE_optlc_28492	0	0.54321
PLACE_optlc_31047	0	1.50617
datamem/ram_reg[235][12]	0	0.734931
datamem/ram_reg[247][15]	0	1.29377
datamem/U2752	0	0.679649
datamem/ram_reg[94][3]	0	0.985756
PLACE_optlc_28328	0	1.54321
PLACE_optlc_29635	0	1.51852
PLACE_optlc_30073	0	1.55556
PLACE_optlc_31758	0	1.55556
PLACE_optlc_29052	0	0.54321
PLACE_optlc_28972	0	1.55556
PLACE_optlc_26025	0	1.55556
PLACE_optlc_26428	0	0.493827
datamem/ram_reg[59][6]	0	0.896408
datamem/ram_reg[15][4]	0	0.741416
U127	0	1.15986
PLACE_optlc_31938	0	0.54321
PLACE_optlc_35758	0	1.55556
PLACE_optlc_30989	0	0.506173
PLACE_optlc_33592	0	0.518519
PLACE_optlc_35742	0	0.469136
PLACE_optlc_30013	0	0.530864
PLACE_optlc_28858	0	0.530864
PLACE_optlc_32603	0	1.55556
PLACE_optlc_35586	0	1.50617
PLACE_optlc_27733	0	1.55556
PLACE_optlc_33671	0	1.54321
PLACE_optlc_26582	0	0.518519
datamem/U4424	0	0.849927
datamem/U402	0	0.971246
datamem/ram_reg[253][2]	0	1.72674
datamem/ram_reg[141][10]	0	0.97365
datamem/U3705	0	1.38655
datamem/ram_reg[25][4]	0	2.2586
PLACE_optlc_36995	0	0.469136
PLACE_optlc_36019	0	0.469136
PLACE_optlc_30647	0	0.45679
PLACE_optlc_28217	0	0.518519
PLACE_optlc_36094	0	1.55556
PLACE_optlc_28100	0	1.53086
PLACE_optlc_32455	0	0.530864
PLACE_optlc_38299	0	0.469136
datamem/U644	0	0.615633
datamem/U3692	0	1.1311
datamem/U3313	0	2.11221
datamem/ram_reg[234][4]	0	0.878275
PLACE_optlc_26220	0	1.55556
PLACE_optlc_27768	0	0.54321
PLACE_optlc_30753	0	0.54321
PLACE_optlc_31243	0	1.54321
PLACE_optlc_34300	0	1.54321
PLACE_optlc_29305	0	0.54321
datamem/U652	0	1.10916
datamem/U3512	0	0.789919
datamem/ram_reg[150][4]	0	1.09769
datamem/ram_reg[48][3]	0	0.666181
datamem/U1226	0	1.47163
datamem/ram_reg[92][9]	0	0.67066
datamem/ram_reg[121][11]	0	1.42079
PLACE_optlc_38195	0	0.555556
PLACE_optlc_35308	0	0.555556
PLACE_optlc_28939	0	0.493827
PLACE_optlc_27105	0	1.55556
PLACE_optlc_32025	0	0.481481
PLACE_optlc_36558	0	1.55556
datamem/ram_reg[67][13]	0	0.951782
datamem/ram_reg[86][2]	0	0.768472
datamem/ram_reg[162][3]	0	0.907739
datamem/ram_reg[74][9]	0	1.04008
PLACE_optlc_31903	0	1.55556
PLACE_optlc_32295	0	0.518519
PLACE_optlc_27719	0	1.51852
PLACE_optlc_29920	0	0.444444
PLACE_optlc_37394	0	0.555556
PLACE_optlc_37430	0	1.55556
PLACE_optlc_35441	0	1.55556
datamem/U4610	0	1.33626
datamem/ram_reg[232][7]	0	1.46986
PLACE_optlc_33159	0	0.54321
PLACE_optlc_25920	0	1.46914
PLACE_optlc_33812	0	1.55556
PLACE_optlc_27049	0	0.469136
PLACE_optlc_27811	0	0.518519
PLACE_optlc_34063	0	0.45679
PLACE_optlc_36833	0	0.555556
PLACE_optlc_30979	0	0.518519
datamem/U3498	0	1.40092
datamem/U4168	0	0.741921
U334	0	1.09641
datamem/U745	0	0.771107
PLACE_optlc_26785	0	1.55556
PLACE_optlc_31418	0	2.49383
PLACE_optlc_27804	0	1.50617
PLACE_optlc_34141	0	0.54321
datamem/ram_reg[182][12]	0	0.666497
datamem/U1918	0	1.07302
alu_unit/r58/U1_12	0	0.593522
datamem/ram_reg[169][1]	0	0.662816
PLACE_optlc_35904	0	1.53086
PLACE_optlc_33602	0	1.53086
PLACE_optlc_25640	0	0.54321
PLACE_optlc_29215	0	0.54321
PLACE_optlc_27872	0	0.518519
PLACE_optlc_26625	0	1.53086
PLACE_optlc_33044	0	0.481481
PLACE_optlc_37575	0	1.55556
datamem/U2506	0	1.466
PLACE_optlc_30416	0	1.55556
PLACE_optlc_37791	0	1.46914
PLACE_optlc_34769	0	0.54321
PLACE_optlc_25889	0	0.555556
PLACE_optlc_31616	0	1.55556
PLACE_optlc_37790	0	0.555556
PLACE_optlc_27624	0	0.54321
PLACE_optlc_35262	0	0.555556
PLACE_optlc_31736	0	1.54321
datamem/U1054	0	1.07921
datamem/U2608	0	0.790953
datamem/U639	0	1.50113
datamem/ram_reg[44][11]	0	0.95414
datamem/ram_reg[165][3]	0	0.642816
PLACE_optlc_37915	0	0.555556
PLACE_optlc_31659	0	0.481481
PLACE_optlc_32141	0	0.518519
PLACE_optlc_37739	0	1.53086
PLACE_optlc_37679	0	1.50617
PLACE_optlc_28434	0	0.54321
datamem/U556	0	0.938337
datamem/U585	0	1.22538
datamem/ram_reg[231][10]	0	0.871138
datamem/U4496	0	1.30133
PLACE_optlc_31460	0	0.506173
PLACE_optlc_28646	0	1.54321
datamem/ram_reg[218][1]	0	1.01238
datamem/U3802	0	0.557261
datamem/ram_reg[228][10]	0	0.692022
datamem/ram_reg[182][5]	0	0.886871
PLACE_optlc_36200	0	0.555556
PLACE_optlc_33246	0	0.518519
PLACE_optlc_30161	0	1.51852
PLACE_optlc_26699	0	1.55556
PLACE_optlc_26852	0	1.54321
datamem/U3152	0	1.47391
datamem/U2644	0	1.97802
datamem/ram_reg[54][13]	0	1.40098
datamem/U744	0	0.7388
datamem/U1673	0	1.15767
datamem/ram_reg[101][4]	0	1.02294
PLACE_optlc_35889	0	1.55556
PLACE_optlc_31614	0	0.530864
PLACE_optlc_37246	0	0.555556
PLACE_optlc_29767	0	0.54321
PLACE_optlc_33882	0	0.54321
PLACE_optlc_31752	0	0.530864
PLACE_optlc_26373	0	1.45679
PLACE_optlc_37258	0	0.530864
datamem/U1073	0	0.677855
datamem/U287	0	0.644857
datamem/U4240	0	0.743121
datamem/ram_reg[74][1]	0	1.46814
datamem/U1629	0	1.31602
PLACE_optlc_27246	0	0.54321
PLACE_optlc_37614	0	1.54321
PLACE_optlc_27855	0	1.51852
PLACE_optlc_30549	0	0.518519
PLACE_optlc_25808	0	1.54321
datamem/U2199	0	1.9195
datamem/ram_reg[48][2]	0	0.626894
datamem/U2718	0	1.48939
datamem/U1831	0	0.63216
PLACE_optlc_30605	0	1.55556
PLACE_optlc_32841	0	1.54321
PLACE_optlc_36464	0	0.555556
PLACE_optlc_29983	0	1.55556
PLACE_optlc_28510	0	1.54321
PLACE_optlc_29651	0	1.51852
datamem/U3729	0	1.41132
datamem/ram_reg[242][8]	0	0.922658
datamem/ram_reg[22][15]	0	1.16169
PLACE_optlc_35822	0	1.53086
PLACE_optlc_36887	0	0.555556
PLACE_optlc_31098	0	0.54321
PLACE_optlc_36984	0	0.469136
PLACE_optlc_27117	0	0.54321
datamem/U1703	0	0.549371
datamem/ram_reg[22][3]	0	0.946995
datamem/U3349	0	1.65487
datamem/U278	0	1.31221
datamem/ram_reg[122][3]	0	1.50121
PLACE_optlc_33508	0	0.518519
PLACE_optlc_33902	0	1.55556
PLACE_optlc_30374	0	0.54321
PLACE_optlc_38324	0	0.530864
PLACE_optlc_34006	0	1.55556
PLACE_optlc_34284	0	0.555556
datamem/ram_reg[194][1]	0	1.10283
datamem/ram_reg[241][8]	0	0.685876
U353	0	0.611998
datamem/ram_reg[30][9]	0	1.98082
datamem/ram_reg[35][1]	0	0.788623
datamem/ram_reg[185][4]	0	1.01832
datamem/ram_reg[75][1]	0	1.46139
datamem/U1558	0	0.882708
datamem/ram_reg[247][8]	0	1.20925
datamem/U1126	0	0.985413
datamem/U895	0	0.910417
PLACE_optlc_29678	0	0.469136
PLACE_optlc_28555	0	1.55556
PLACE_optlc_36035	0	0.555556
PLACE_optlc_32050	0	1.53086
PLACE_optlc_35138	0	0.555556
datamem/U1113	0	0.841053
datamem/U3873	0	1.19988
datamem/U949	0	0.637296
datamem/U3549	0	0.561026
PLACE_optlc_34658	0	0.555556
PLACE_optlc_27978	0	0.54321
PLACE_optlc_36121	0	1.53086
PLACE_optlc_30568	0	0.54321
PLACE_optlc_30739	0	0.530864
PLACE_optlc_34107	0	1.55556
datamem/ram_reg[253][11]	0	1.08243
datamem/U4138	0	0.892269
datamem/ram_reg[81][14]	0	0.582469
datamem/ram_reg[113][13]	0	1.05552
datamem/ram_reg[163][7]	0	1.58546
PLACE_optlc_34999	0	0.518519
PLACE_optlc_35273	0	0.555556
PLACE_optlc_26795	0	1.55556
PLACE_optlc_28722	0	0.54321
PLACE_optlc_37472	0	0.530864
PLACE_optlc_28068	0	0.518519
PLACE_optlc_35672	0	1.53086
PLACE_optlc_28643	0	1.55556
datamem/ram_reg[115][8]	0	0.984911
datamem/U276	0	0.877311
datamem/ram_reg[115][15]	0	1.02657
datamem/ram_reg[125][9]	0	0.854225
datamem/U635	0	0.743588
datamem/U292	0	1.08893
datamem/U665	0	0.986462
PLACE_optlc_33552	0	1.55556
PLACE_optlc_30382	0	0.469136
PLACE_optlc_26520	0	1.54321
PLACE_optlc_28837	0	1.55556
PLACE_optlc_36175	0	0.555556
PLACE_optlc_35890	0	0.469136
PLACE_optlc_36488	0	1.55556
PLACE_optlc_34297	0	0.555556
PLACE_optlc_26679	0	0.54321
datamem/ram_reg[163][0]	0	0.743318
datamem/ram_reg[234][3]	0	0.973889
datamem/U4244	0	1.16183
PLACE_optlc_30430	0	1.49383
datamem/ram_reg[234][11]	0	0.643437
PLACE_optlc_32442	0	1.46914
PLACE_optlc_29829	0	0.530864
PLACE_optlc_37213	0	1.55556
PLACE_optlc_32817	0	1.55556
PLACE_optlc_31827	0	0.54321
datamem/ram_reg[218][5]	0	0.703083
datamem/U3946	0	1.53936
datamem/ram_reg[14][10]	0	1.52302
datamem/U376	0	0.978835
datamem/ram_reg[222][4]	0	1.28845
datamem/ram_reg[187][13]	0	1.50061
U130	0	1.41164
PLACE_optlc_27891	0	0.530864
PLACE_optlc_30847	0	0.54321
PLACE_optlc_29450	0	1.55556
PLACE_optlc_27088	0	0.518519
PLACE_optlc_36694	0	0.481481
PLACE_optlc_38194	0	0.555556
PLACE_optlc_33853	0	0.555556
PLACE_optlc_38086	0	0.469136
PLACE_optlc_29249	0	0.493827
datamem/U543	0	0.9162
datamem/U3917	0	1.84903
datamem/ram_reg[144][2]	0	1.23904
datamem/ram_reg[106][1]	0	0.931084
datamem/ram_reg[83][1]	0	1.36514
datamem/ram_reg[101][8]	0	2.1708
PLACE_optlc_37767	0	0.530864
PLACE_optlc_30932	0	0.518519
PLACE_optlc_36764	0	0.555556
PLACE_optlc_29991	0	1.53086
PLACE_optlc_33750	0	0.444444
PLACE_optlc_28008	0	0.518519
PLACE_optlc_30329	0	1.44444
PLACE_optlc_29720	0	1.55556
datamem/U1503	0	1.85833
PLACE_optlc_31346	0	0.54321
PLACE_optlc_37825	0	0.530864
PLACE_optlc_27830	0	1.39506
PLACE_optlc_38366	0	0.555556
PLACE_optlc_30901	0	1.53086
PLACE_optlc_33227	0	1.54321
PLACE_optlc_37841	0	1.55556
PLACE_optlc_26202	0	0.54321
PLACE_optlc_38113	0	0.555556
PLACE_optlc_32778	0	0.518519
PLACE_optlc_36360	0	1.51852
PLACE_optlc_37079	0	1.55556
PLACE_optlc_27758	0	0.54321
PLACE_optlc_29601	0	1.53086
datamem/ram_reg[32][5]	0	1.99625
datamem/ram_reg[30][13]	0	0.800706
datamem/U4207	0	0.981289
datamem/U3058	0	1.09895
datamem/U4192	0	0.737033
PLACE_optlc_38061	0	0.555556
PLACE_optlc_29649	0	0.518519
PLACE_optlc_29625	0	1.55556
PLACE_optlc_29162	0	0.481481
PLACE_optlc_30775	0	1.55556
datamem/U871	0	1.10853
datamem/U2088	0	1.49565
datamem/U3304	0	1.24238
PLACE_optlc_35540	0	0.555556
PLACE_optlc_35166	0	0.555556
PLACE_optlc_33645	0	0.469136
PLACE_optlc_27237	0	1.55556
PLACE_optlc_37321	0	0.555556
PLACE_optlc_27949	0	1.55556
PLACE_optlc_25949	0	0.54321
PLACE_optlc_26569	0	0.45679
PLACE_optlc_31846	0	1.55556
datamem/U1231	0	0.993796
datamem/ram_reg[163][5]	0	0.878854
datamem/U3297	0	1.34269
PLACE_optlc_26642	0	1.55556
PLACE_optlc_35394	0	0.481481
PLACE_optlc_27545	0	1.53086
PLACE_optlc_26478	0	0.530864
PLACE_optlc_31757	0	1.53086
PLACE_optlc_36679	0	1.55556
PLACE_optlc_27630	0	0.518519
PLACE_optlc_33015	0	0.518519
datamem/ram_reg[149][8]	0	1.11292
datamem/ram_reg[228][6]	0	0.924379
datamem/U2095	0	0.595583
PLACE_optlc_33575	0	0.54321
PLACE_optlc_32857	0	1.50617
PLACE_optlc_36482	0	0.555556
PLACE_optlc_29682	0	0.518519
PLACE_optlc_37534	0	0.469136
PLACE_optlc_31057	0	1.51852
datamem/U4266	0	1.13875
datamem/U3950	0	1.19536
datamem/ram_reg[27][14]	0	1.47092
datamem/ram_reg[86][12]	0	0.782446
datamem/ram_reg[204][4]	0	1.0105
datamem/ram_reg[134][7]	0	1.48565
datamem/ram_reg[108][7]	0	2.30284
PLACE_optlc_27549	0	0.530864
PLACE_optlc_28909	0	1.55556
PLACE_optlc_33472	0	1.54321
PLACE_optlc_33928	0	0.54321
PLACE_optlc_35265	0	0.555556
PLACE_optlc_33634	0	1.54321
PLACE_optlc_27693	0	1.55556
PLACE_optlc_34281	0	1.55556
datamem/U457	0	0.59211
datamem/U4601	0	1.1634
datamem/U2561	0	1.21346
datamem/ram_reg[253][0]	0	0.779749
PLACE_optlc_27171	0	1.54321
PLACE_optlc_32906	0	0.54321
PLACE_optlc_27355	0	0.45679
PLACE_optlc_27346	0	0.54321
PLACE_optlc_29244	0	0.54321
PLACE_optlc_29148	0	1.46914
datamem/ram_reg[156][5]	0	1.61841
datamem/U2269	0	0.741466
alu_unit/U49	0	1.35571
PLACE_optlc_30522	0	1.55556
PLACE_optlc_29073	0	0.518519
PLACE_optlc_34875	0	0.555556
PLACE_optlc_37870	0	0.555556
PLACE_optlc_27255	0	1.54321
PLACE_optlc_34975	0	0.555556
PLACE_optlc_27993	0	1.55556
PLACE_optlc_35234	0	1.55556
datamem/U1182	0	0.559846
datamem/ram_reg[16][3]	0	2.35926
datamem/U264	0	1.01877
datamem/U782	0	0.639772
datamem/U2934	0	1.63733
datamem/U2057	0	1.54156
PLACE_optlc_31794	0	0.506173
PLACE_optlc_30562	0	1.55556
PLACE_optlc_35707	0	0.555556
PLACE_optlc_32277	0	1.50617
PLACE_optlc_28541	0	0.45679
PLACE_optlc_35204	0	0.555556
PLACE_optlc_32159	0	0.54321
PLACE_optlc_36197	0	0.555556
datamem/U1348	0	1.04622
datamem/ram_reg[160][11]	0	0.694904
datamem/ram_reg[218][11]	0	0.664001
datamem/ram_reg[176][7]	0	1.08997
datamem/ram_reg[196][2]	0	0.837434
PLACE_optlc_34914	0	0.555556
PLACE_optlc_25667	0	0.54321
PLACE_optlc_26573	0	1.55556
PLACE_optlc_37197	0	0.530864
datamem/U1568	0	1.27498
datamem/U4021	0	0.72657
datamem/ram_reg[73][2]	0	0.571393
PLACE_optlc_28319	0	0.530864
PLACE_optlc_28783	0	0.506173
PLACE_optlc_29985	0	1.55556
PLACE_optlc_32024	0	1.55556
PLACE_optlc_37990	0	0.555556
PLACE_optlc_31198	0	1.55556
datamem/ram_reg[175][2]	0	0.727438
datamem/ram_reg[174][7]	0	1.57375
datamem/ram_reg[183][14]	0	0.810922
datamem/ram_reg[240][11]	0	0.815536
PLACE_optlc_35617	0	0.555556
PLACE_optlc_30478	0	0.54321
PLACE_optlc_33402	0	1.55556
PLACE_optlc_37192	0	0.555556
PLACE_optlc_31345	0	0.54321
U347	0	0.869028
datamem/ram_reg[124][1]	0	1.25211
datamem/ram_reg[88][0]	0	1.30219
datamem/U3449	0	0.996755
datamem/U2956	0	1.0003
PLACE_optlc_27602	0	1.55556
PLACE_optlc_28926	0	1.53086
PLACE_optlc_35035	0	1.55556
PLACE_optlc_32184	0	0.54321
PLACE_optlc_31712	0	0.54321
PLACE_optlc_31095	0	1.54321
PLACE_optlc_26782	0	0.530864
PLACE_optlc_36109	0	1.55556
PLACE_optlc_30488	0	0.555556
PLACE_optlc_34942	0	0.530864
PLACE_optlc_33806	0	0.54321
datamem/U552	0	0.721713
datamem/U3695	0	1.53306
datamem/U2988	0	0.572018
PLACE_optlc_27290	0	1.55556
PLACE_optlc_30323	0	0.518519
PLACE_optlc_32943	0	0.54321
PLACE_optlc_35346	0	0.530864
datamem/ram_reg[44][8]	0	1.01586
datamem/ram_reg[150][8]	0	0.813515
PLACE_optlc_26846	0	1.55556
PLACE_optlc_28950	0	1.55556
PLACE_optlc_36565	0	0.555556
PLACE_optlc_35275	0	0.555556
PLACE_optlc_29910	0	1.53086
PLACE_optlc_35028	0	1.55556
PLACE_optlc_36322	0	0.555556
PLACE_optlc_35662	0	0.555556
PLACE_optlc_28795	0	0.54321
PLACE_optlc_37526	0	1.50617
PLACE_optlc_33918	0	0.530864
PLACE_optlc_25643	0	1.54321
datamem/ram_reg[221][4]	0	0.980787
alu_unit/r58/U1_13	0	0.636404
datamem/ram_reg[42][12]	0	0.780856
PLACE_optlc_27092	0	1.53086
PLACE_optlc_29251	0	0.54321
PLACE_optlc_36499	0	1.55556
datamem/ram_reg[145][8]	0	0.966312
datamem/U804	0	0.584753
datamem/ram_reg[13][6]	0	0.671894
datamem/ram_reg[220][8]	0	1.11633
datamem/U4134	0	0.619309
datamem/U990	0	0.648592
PLACE_optlc_34834	0	1.53086
PLACE_optlc_30924	0	0.54321
PLACE_optlc_33139	0	1.53086
PLACE_optlc_36819	0	1.51852
PLACE_optlc_29628	0	0.518519
PLACE_optlc_30134	0	0.518519
PLACE_optlc_27930	0	0.493827
datamem/ram_reg[130][2]	0	0.642423
datamem/U414	0	0.997762
datamem/U1835	0	1.28191
datamem/ram_reg[174][3]	0	0.773924
datamem/ram_reg[14][1]	0	1.00098
datamem/ram_reg[241][3]	0	0.880274
datamem/ram_reg[166][15]	0	1.32236
PLACE_optlc_28266	0	1.55556
PLACE_optlc_27927	0	1.53086
PLACE_optlc_31497	0	0.518519
PLACE_optlc_31854	0	0.469136
datamem/U1340	0	1.28787
datamem/ram_reg[29][14]	0	0.785212
datamem/ram_reg[184][13]	0	1.01302
datamem/U4239	0	0.676798
datamem/U294	0	0.525027
PLACE_optlc_33886	0	0.54321
PLACE_optlc_31026	0	0.54321
PLACE_optlc_26210	0	0.54321
PLACE_optlc_25787	0	0.518519
PLACE_optlc_30954	0	0.54321
PLACE_optlc_31963	0	1.55556
PLACE_optlc_30338	0	0.469136
PLACE_optlc_33434	0	1.55556
datamem/U807	0	1.24168
datamem/U3956	0	0.89914
datamem/U4374	0	1.4964
datamem/U3350	0	0.82088
datamem/U4393	0	0.992342
PLACE_optlc_26770	0	1.50617
PLACE_optlc_37418	0	0.555556
PLACE_optlc_32854	0	0.493827
PLACE_optlc_37560	0	1.55556
PLACE_optlc_25771	0	1.55556
PLACE_optlc_37163	0	0.555556
PLACE_optlc_34855	0	1.55556
datamem/U3191	0	0.561115
datamem/ram_reg[35][13]	0	0.56064
datamem/ram_reg[43][4]	0	0.704483
PLACE_optlc_25884	0	0.530864
PLACE_optlc_30696	0	0.518519
PLACE_optlc_37296	0	1.55556
PLACE_optlc_26334	0	0.506173
PLACE_optlc_32533	0	0.481481
PLACE_optlc_27754	0	0.518519
PLACE_optlc_27854	0	1.55556
datamem/ram_reg[173][5]	0	1.31525
datamem/ram_reg[137][1]	0	0.575868
datamem/ram_reg[215][14]	0	1.41169
datamem/U2209	0	0.572176
datamem/U3341	0	0.610687
datamem/ram_reg[152][8]	0	1.37588
datamem/ram_reg[190][13]	0	0.546755
datamem/U1358	0	1.52452
PLACE_optlc_27252	0	1.53086
datamem/ram_reg[65][5]	0	1.15492
datamem/U4489	0	0.81559
datamem/ram_reg[250][15]	0	1.34103
datamem/ram_reg[151][9]	0	1.2119
U133	0	0.821597
datamem/ram_reg[80][6]	0	0.775012
datamem/ram_reg[84][10]	0	1.79236
PLACE_optlc_36931	0	0.530864
PLACE_optlc_30471	0	0.530864
PLACE_optlc_37756	0	0.469136
PLACE_optlc_34015	0	1.53086
PLACE_optlc_38232	0	0.555556
PLACE_optlc_31003	0	1.53086
datamem/U2906	0	1.22221
datamem/U3154	0	1.10758
datamem/U4066	0	1.51396
datamem/U1960	0	0.825837
datamem/U1480	0	1.00214
datamem/ram_reg[252][14]	0	1.0929
datamem/ram_reg[58][0]	0	0.568445
datamem/U255	0	1.54948
PLACE_optlc_32033	0	0.54321
PLACE_optlc_36921	0	1.53086
PLACE_optlc_33869	0	1.55556
PLACE_optlc_36846	0	0.481481
PLACE_optlc_33569	0	1.55556
datamem/U772	0	0.823557
datamem/ram_reg[87][4]	0	0.78446
datamem/ram_reg[12][6]	0	0.838642
datamem/U24	0	0.928951
PLACE_optlc_36985	0	0.555556
PLACE_optlc_26512	0	0.530864
PLACE_optlc_35590	0	0.555556
PLACE_optlc_31391	0	1.55556
PLACE_optlc_37126	0	0.555556
PLACE_optlc_27913	0	0.54321
datamem/U3395	0	0.973264
datamem/ram_reg[94][9]	0	1.0824
datamem/U2949	0	0.551956
PLACE_optlc_38052	0	0.469136
PLACE_optlc_29507	0	1.55556
PLACE_optlc_28943	0	1.55556
PLACE_optlc_38083	0	1.50617
PLACE_optlc_34672	0	1.55556
PLACE_optlc_38002	0	0.469136
PLACE_optlc_35260	0	0.555556
datamem/U2758	0	1.8795
datamem/ram_reg[232][1]	0	0.738137
datamem/U4247	0	0.591678
datamem/U2243	0	1.81108
PLACE_optlc_34105	0	0.530864
PLACE_optlc_27744	0	0.54321
PLACE_optlc_27242	0	0.45679
PLACE_optlc_36215	0	1.55556
PLACE_optlc_31889	0	0.518519
datamem/ram_reg[224][10]	0	0.976358
datamem/U1709	0	0.539008
datamem/U2432	0	1.06168
datamem/ram_reg[251][10]	0	0.586439
datamem/ram_reg[215][3]	0	0.602731
PLACE_optlc_26651	0	0.518519
PLACE_optlc_28786	0	0.469136
PLACE_optlc_34888	0	0.555556
PLACE_optlc_27747	0	1.53086
PLACE_optlc_36758	0	0.555556
PLACE_optlc_33012	0	0.530864
PLACE_optlc_36227	0	0.530864
datamem/ram_reg[5][7]	0	1.08055
datamem/U242	0	0.893507
datamem/U3894	0	0.958819
datamem/ram_reg[172][15]	0	0.775201
datamem/ram_reg[68][10]	0	1.31574
PLACE_optlc_28769	0	1.54321
PLACE_optlc_28938	0	1.53086
PLACE_optlc_31114	0	1.53086
PLACE_optlc_32776	0	0.506173
PLACE_optlc_31679	0	0.54321
PLACE_optlc_31180	0	0.54321
PLACE_optlc_37012	0	0.555556
PLACE_optlc_32321	0	0.419753
datamem/U2722	0	1.30559
datamem/ram_reg[150][10]	0	1.86413
datamem/ram_reg[147][0]	0	0.762006
datamem/ram_reg[93][13]	0	1.76615
datamem/U4593	0	1.63463
PLACE_optlc_34667	0	0.530864
PLACE_optlc_25776	0	1.54321
PLACE_optlc_28953	0	0.45679
PLACE_optlc_36131	0	1.53086
PLACE_optlc_34195	0	0.555556
PLACE_optlc_31228	0	0.54321
PLACE_optlc_28962	0	0.45679
PLACE_optlc_33067	0	1.51852
PLACE_optlc_35425	0	1.53086
PLACE_optlc_36801	0	0.555556
PLACE_optlc_29057	0	1.55556
datamem/U1739	0	0.683584
PLACE_optlc_37935	0	0.530864
PLACE_optlc_31020	0	1.55556
PLACE_optlc_25744	0	0.518519
PLACE_optlc_26821	0	0.493827
PLACE_optlc_29117	0	1.50617
PLACE_optlc_29750	0	1.55556
PLACE_optlc_28054	0	1.55556
PLACE_optlc_35390	0	0.555556
datamem/U2632	0	0.633214
datamem/U2954	0	1.37593
datamem/ram_reg[46][5]	0	1.6601
PLACE_optlc_32225	0	1.53086
PLACE_optlc_29023	0	0.419753
PLACE_optlc_34463	0	0.555556
PLACE_optlc_28912	0	0.518519
PLACE_optlc_25876	0	0.54321
PLACE_optlc_33510	0	0.518519
PLACE_optlc_35782	0	1.55556
PLACE_optlc_35697	0	0.555556
PLACE_optlc_31628	0	0.54321
datamem/ram_reg[21][0]	0	0.580494
datamem/ram_reg[179][12]	0	1.03252
datamem/U2704	0	0.842693
datamem/ram_reg[22][14]	0	1.06086
datamem/ram_reg[226][1]	0	1.57779
datamem/ram_reg[97][0]	0	0.660529
PLACE_optlc_29729	0	1.55556
PLACE_optlc_36422	0	0.555556
PLACE_optlc_34744	0	0.555556
PLACE_optlc_32471	0	0.506173
PLACE_optlc_30392	0	0.54321
datamem/U2827	0	0.758218
datamem/ram_reg[114][10]	0	0.696123
datamem/U503	0	1.32472
datamem/ram_reg[92][12]	0	0.864934
datamem/U4554	0	2.25077
datamem/U4599	0	0.733997
datamem/U1578	0	0.927824
PLACE_optlc_29070	0	0.54321
PLACE_optlc_32135	0	0.518519
PLACE_optlc_30575	0	1.55556
PLACE_optlc_28904	0	1.54321
PLACE_optlc_34412	0	0.555556
PLACE_optlc_34429	0	0.555556
PLACE_optlc_31697	0	0.555556
PLACE_optlc_28481	0	1.55556
PLACE_optlc_28242	0	0.54321
PLACE_optlc_26108	0	0.530864
PLACE_optlc_25829	0	0.518519
PLACE_optlc_36973	0	0.530864
datamem/ram_reg[182][10]	0	0.791508
datamem/ram_reg[245][6]	0	0.556508
PLACE_optlc_32166	0	1.55556
PLACE_optlc_31760	0	1.53086
PLACE_optlc_31731	0	0.518519
PLACE_optlc_28949	0	1.55556
PLACE_optlc_28033	0	1.53086
PLACE_optlc_34494	0	0.555556
PLACE_optlc_34279	0	0.555556
PLACE_optlc_26076	0	0.530864
PLACE_optlc_29898	0	0.469136
datamem/ram_reg[248][0]	0	1.53541
alu_unit/U46	0	0.79887
datamem/ram_reg[193][6]	0	1.09139
datamem/U2072	0	0.918731
datamem/ram_reg[220][1]	0	0.530193
PLACE_optlc_35379	0	0.555556
PLACE_optlc_27867	0	1.53086
PLACE_optlc_28621	0	0.54321
PLACE_optlc_33303	0	1.55556
PLACE_optlc_33783	0	1.55556
datamem/U3302	0	1.27863
datamem/ram_reg[202][8]	0	1.74172
datamem/ram_reg[180][11]	0	0.760644
datamem/ram_reg[76][6]	0	0.83841
PLACE_optlc_32500	0	1.55556
PLACE_optlc_26091	0	0.54321
PLACE_optlc_30466	0	0.530864
PLACE_optlc_29716	0	0.54321
PLACE_optlc_37031	0	1.55556
PLACE_optlc_25614	0	0.530864
PLACE_optlc_34606	0	0.555556
datamem/U1454	0	1.29859
datamem/ram_reg[70][15]	0	2.08532
datamem/ram_reg[203][2]	0	1.13417
datamem/U3324	0	0.568306
PLACE_optlc_32568	0	1.55556
PLACE_optlc_37101	0	0.555556
PLACE_optlc_29917	0	1.55556
PLACE_optlc_34790	0	0.555556
PLACE_optlc_33650	0	0.54321
PLACE_optlc_32057	0	0.518519
datamem/U4358	0	1.01678
datamem/U1323	0	0.611084
datamem/U539	0	0.891435
datamem/U555	0	1.25164
datamem/U1530	0	0.66561
PLACE_optlc_32411	0	0.506173
PLACE_optlc_32786	0	1.55556
PLACE_optlc_37808	0	0.555556
PLACE_optlc_25814	0	0.469136
PLACE_optlc_29924	0	1.55556
PLACE_optlc_30812	0	0.54321
PLACE_optlc_26128	0	0.54321
datamem/U3351	0	0.84961
datamem/U3905	0	1.16405
datamem/ram_reg[158][11]	0	1.2626
datamem/ram_reg[1][4]	0	0.772886
datamem/ram_reg[156][14]	0	1.65211
PLACE_optlc_35293	0	0.555556
PLACE_optlc_34531	0	0.45679
PLACE_optlc_28467	0	1.55556
PLACE_optlc_36787	0	0.555556
PLACE_optlc_32687	0	0.530864
PLACE_optlc_37476	0	0.518519
PLACE_optlc_34045	0	1.53086
PLACE_optlc_34199	0	0.555556
PLACE_optlc_28034	0	0.54321
datamem/ram_reg[240][15]	0	2.14588
datamem/U3167	0	0.620367
datamem/ram_reg[59][5]	0	1.10096
datamem/U1592	0	0.838611
datamem/ram_reg[195][13]	0	0.861258
datamem/U3126	0	0.899529
PLACE_optlc_28489	0	1.55556
PLACE_optlc_33061	0	1.55556
PLACE_optlc_27324	0	0.469136
datamem/ram_reg[188][6]	0	0.989576
datamem/ram_reg[204][13]	0	0.865899
datamem/ram_reg[123][0]	0	0.757701
datamem/U1072	0	1.59799
datamem/U4003	0	0.559144
datamem/ram_reg[185][5]	0	0.768619
datamem/ram_reg[64][1]	0	1.3951
PLACE_optlc_27839	0	1.55556
PLACE_optlc_26513	0	0.54321
PLACE_optlc_26048	0	0.54321
PLACE_optlc_36501	0	1.53086
datamem/U2274	0	0.958634
datamem/U3704	0	1.30545
datamem/U1049	0	1.12171
datamem/U4201	0	1.30655
datamem/U2480	0	1.00816
alu_unit/r58/U1_14	0	0.640556
datamem/U3150	0	1.57933
datamem/ram_reg[249][9]	0	0.787292
datamem/U4093	0	1.10323
PLACE_optlc_31824	0	1.55556
PLACE_optlc_34513	0	1.53086
PLACE_optlc_30282	0	0.54321
PLACE_optlc_38100	0	1.51852
PLACE_optlc_31190	0	1.55556
PLACE_optlc_26159	0	0.493827
datamem/ram_reg[13][0]	0	1.92841
datamem/ram_reg[141][6]	0	0.685525
datamem/ram_reg[67][1]	0	0.863322
datamem/ram_reg[42][2]	0	0.839672
datamem/ram_reg[39][8]	0	1.18882
PLACE_optlc_38107	0	0.555556
PLACE_optlc_33611	0	1.54321
PLACE_optlc_31252	0	0.54321
PLACE_optlc_33911	0	0.54321
PLACE_optlc_30538	0	1.48148
PLACE_optlc_26240	0	0.54321
datamem/U2355	0	1.09627
datamem/ram_reg[125][14]	0	0.703881
datamem/U3989	0	0.856794
PLACE_optlc_35192	0	1.55556
PLACE_optlc_34566	0	0.555556
PLACE_optlc_33438	0	0.45679
PLACE_optlc_35641	0	0.469136
PLACE_optlc_25627	0	1.54321
PLACE_optlc_35090	0	1.50617
PLACE_optlc_37863	0	0.555556
PLACE_optlc_26637	0	1.53086
datamem/U3018	0	0.632338
datamem/U2462	0	0.800999
datamem/ram_reg[96][2]	0	1.24762
datamem/ram_reg[136][1]	0	0.779911
datamem/U2660	0	0.855783
datamem/U4369	0	0.908083
PLACE_optlc_28218	0	1.53086
PLACE_optlc_36013	0	0.555556
PLACE_optlc_35466	0	0.555556
PLACE_optlc_29668	0	1.50617
PLACE_optlc_38031	0	0.555556
PLACE_optlc_30346	0	1.55556
PLACE_optlc_31656	0	1.54321
datamem/U1755	0	0.961782
datamem/U2224	0	0.829186
PLACE_optlc_36114	0	0.555556
PLACE_optlc_37748	0	1.46914
PLACE_optlc_30036	0	0.518519
PLACE_optlc_25979	0	0.530864
PLACE_optlc_26718	0	0.518519
datamem/U1282	0	0.618499
datamem/ram_reg[22][4]	0	1.2475
PLACE_optlc_29951	0	0.54321
PLACE_optlc_35548	0	0.555556
PLACE_optlc_32948	0	1.51852
PLACE_optlc_34270	0	0.530864
PLACE_optlc_36806	0	0.555556
PLACE_optlc_28216	0	1.51852
PLACE_optlc_33898	0	1.53086
datamem/U647	0	0.57164
datamem/ram_reg[234][5]	0	0.626694
datamem/ram_reg[63][1]	0	1.29892
PLACE_optlc_34945	0	1.55556
PLACE_optlc_30561	0	1.55556
PLACE_optlc_31046	0	0.530864
PLACE_optlc_28898	0	0.54321
PLACE_optlc_30936	0	1.55556
PLACE_optlc_38252	0	0.469136
PLACE_optlc_36998	0	0.530864
PLACE_optlc_33199	0	0.54321
PLACE_optlc_35378	0	1.55556
PLACE_optlc_36849	0	0.555556
PLACE_optlc_37129	0	0.469136
PLACE_optlc_32672	0	0.45679
datamem/U837	0	0.870085
PLACE_optlc_30352	0	1.50617
PLACE_optlc_34186	0	1.54321
PLACE_optlc_29186	0	0.54321
PLACE_optlc_26849	0	1.55556
PLACE_optlc_28851	0	0.54321
datamem/ram_reg[21][11]	0	1.3979
datamem/U3134	0	0.586663
datamem/ram_reg[143][4]	0	1.32539
datamem/ram_reg[243][0]	0	0.936559
datamem/U413	0	0.579718
PLACE_optlc_27751	0	0.54321
PLACE_optlc_27798	0	1.55556
PLACE_optlc_28867	0	1.55556
PLACE_optlc_28283	0	0.506173
PLACE_optlc_36835	0	0.555556
PLACE_optlc_36836	0	0.469136
PLACE_optlc_27544	0	1.55556
PLACE_optlc_32627	0	1.55556
PLACE_optlc_27569	0	1.48148
datamem/U403	0	1.32652
datamem/ram_reg[201][6]	0	2.08809
datamem/U2741	0	0.558314
PLACE_optlc_35916	0	0.555556
PLACE_optlc_37016	0	0.555556
PLACE_optlc_34955	0	1.55556
PLACE_optlc_29855	0	0.54321
PLACE_optlc_30527	0	0.54321
PLACE_optlc_28439	0	1.53086
PLACE_optlc_36230	0	0.555556
PLACE_optlc_31981	0	1.55556
datamem/ram_reg[239][13]	0	2.02386
datamem/ram_reg[17][5]	0	0.726038
datamem/ram_reg[189][0]	0	0.869117
datamem/U224	0	0.916308
PLACE_optlc_35464	0	0.555556
PLACE_optlc_28148	0	1.54321
PLACE_optlc_26004	0	0.45679
PLACE_optlc_31284	0	1.48148
PLACE_optlc_32671	0	0.518519
PLACE_optlc_29145	0	0.518519
PLACE_optlc_32831	0	0.45679
PLACE_optlc_31072	0	0.54321
PLACE_optlc_29831	0	1.51852
PLACE_optlc_36963	0	0.432099
PLACE_optlc_30839	0	1.53086
PLACE_optlc_33217	0	1.55556
datamem/U4449	0	0.987932
datamem/ram_reg[155][7]	0	0.734471
datamem/U714	0	1.68766
datamem/ram_reg[40][1]	0	0.743426
datamem/U1019	0	0.993893
datamem/ram_reg[103][7]	0	0.738519
PLACE_optlc_26457	0	0.493827
PLACE_optlc_31849	0	1.55556
PLACE_optlc_28487	0	1.55556
PLACE_optlc_26093	0	1.55556
PLACE_optlc_35191	0	0.555556
PLACE_optlc_32701	0	1.53086
PLACE_optlc_29928	0	1.53086
datamem/ram_reg[30][12]	0	0.575945
datamem/U1214	0	0.706076
datamem/ram_reg[134][12]	0	1.34586
datamem/U1870	0	0.854718
datamem/U3406	0	0.632593
PLACE_optlc_30260	0	0.54321
PLACE_optlc_30785	0	1.55556
PLACE_optlc_31126	0	0.54321
PLACE_optlc_26526	0	0.54321
PLACE_optlc_27833	0	1.55556
PLACE_optlc_36262	0	0.555556
datamem/ram_reg[34][6]	0	0.752083
datamem/U3499	0	0.651779
datamem/ram_reg[178][10]	0	0.644769
datamem/ram_reg[188][15]	0	0.964483
datamem/U4568	0	1.17983
datamem/ram_reg[123][4]	0	0.776427
PLACE_optlc_26904	0	0.54321
PLACE_optlc_32508	0	0.54321
PLACE_optlc_32983	0	1.55556
PLACE_optlc_33661	0	0.54321
PLACE_optlc_34138	0	0.555556
datamem/ram_reg[191][7]	0	0.714688
datamem/ram_reg[44][1]	0	1.12951
datamem/U99	0	0.844309
datamem/U3250	0	0.729325
datamem/ram_reg[165][0]	0	0.576123
datamem/ram_reg[77][9]	0	0.811674
datamem/U1241	0	0.816273
PLACE_optlc_28016	0	0.481481
PLACE_optlc_38015	0	0.555556
PLACE_optlc_33353	0	1.51852
PLACE_optlc_25938	0	1.53086
PLACE_optlc_27915	0	0.54321
PLACE_optlc_37223	0	0.518519
PLACE_optlc_32401	0	1.55556
PLACE_optlc_33962	0	1.54321
datamem/U2724	0	0.917249
datamem/ram_reg[3][1]	0	1.55779
datamem/ram_reg[68][2]	0	1.37537
U186	0	0.54701
PLACE_optlc_28806	0	1.46914
PLACE_optlc_28713	0	1.55556
PLACE_optlc_38199	0	0.469136
PLACE_optlc_26692	0	0.54321
PLACE_optlc_28352	0	1.55556
PLACE_optlc_32088	0	0.54321
PLACE_optlc_37386	0	1.48148
datamem/U3267	0	0.743565
datamem/ram_reg[91][2]	0	1.66463
datamem/U2869	0	0.806628
datamem/ram_reg[56][6]	0	0.882562
datamem/ram_reg[59][11]	0	1.26426
PLACE_optlc_31090	0	0.530864
PLACE_optlc_27216	0	0.54321
PLACE_optlc_29071	0	1.55556
PLACE_optlc_31895	0	1.55556
PLACE_optlc_35884	0	0.555556
datamem/U1695	0	1.22762
datamem/U381	0	1.48439
datamem/ram_reg[111][3]	0	1.5174
PLACE_optlc_35648	0	0.555556
PLACE_optlc_36439	0	0.555556
PLACE_optlc_37797	0	0.555556
PLACE_optlc_32397	0	1.55556
datamem/U2557	0	0.886964
datamem/ram_reg[155][12]	0	0.817373
datamem/U3675	0	0.677087
PLACE_optlc_35768	0	1.53086
PLACE_optlc_35557	0	0.469136
PLACE_optlc_27531	0	0.530864
PLACE_optlc_35497	0	1.54321
PLACE_optlc_27620	0	0.493827
PLACE_optlc_30817	0	0.506173
PLACE_optlc_29285	0	0.54321
datamem/ram_reg[126][1]	0	0.752215
datamem/U725	0	0.872261
datamem/ram_reg[98][6]	0	1.96817
alu_unit/U43	0	1.58186
datamem/ram_reg[200][4]	0	1.50527
datamem/U2437	0	0.906076
datamem/ram_reg[198][7]	0	1.33645
PLACE_optlc_35930	0	0.555556
PLACE_optlc_32985	0	1.51852
PLACE_optlc_31928	0	1.55556
PLACE_optlc_34291	0	1.55556
datamem/U1676	0	0.833198
U224	0	0.892249
PLACE_optlc_27926	0	0.469136
PLACE_optlc_34436	0	1.50617
PLACE_optlc_28549	0	0.506173
PLACE_optlc_28637	0	0.530864
PLACE_optlc_30196	0	1.53086
PLACE_optlc_26983	0	1.55556
PLACE_optlc_26608	0	0.54321
PLACE_optlc_36631	0	0.555556
datamem/ram_reg[128][9]	0	0.87157
datamem/U1078	0	1.76781
datamem/U4501	0	1.14433
PLACE_optlc_31277	0	0.54321
PLACE_optlc_36467	0	0.469136
PLACE_optlc_34703	0	0.555556
PLACE_optlc_27093	0	1.49383
datamem/U2985	0	0.953688
datamem/U236	0	0.671582
datamem/U762	0	1.2664
datamem/ram_reg[168][5]	0	0.829703
datamem/U4404	0	1.51564
datamem/U1233	0	1.58202
PLACE_optlc_32415	0	1.55556
PLACE_optlc_25885	0	0.45679
PLACE_optlc_35491	0	0.530864
PLACE_optlc_36116	0	1.55556
PLACE_optlc_26212	0	1.53086
PLACE_optlc_34171	0	0.555556
PLACE_optlc_30030	0	0.518519
PLACE_optlc_32944	0	1.54321
PLACE_optlc_29845	0	0.555556
PLACE_optlc_33739	0	1.55556
datamem/U3230	0	0.973353
datamem/ram_reg[19][11]	0	0.789275
SpareCell_1_3	0	0.674228
datamem/U3663	0	0.820432
datamem/ram_reg[150][3]	0	0.807581
datamem/ram_reg[243][15]	0	1.01751
datamem/ram_reg[235][0]	0	0.896088
datamem/ram_reg[5][5]	0	1.65097
PLACE_optlc_28688	0	0.518519
PLACE_optlc_36021	0	0.469136
PLACE_optlc_35174	0	0.469136
PLACE_optlc_33439	0	0.54321
PLACE_optlc_31984	0	1.54321
datamem/U1140	0	0.765448
datamem/U2326	0	1.30775
datamem/U4241	0	1.17266
datamem/ram_reg[83][9]	0	1.79123
datamem/ram_reg[22][5]	0	0.967353
datamem/U1902	0	1.47359
datamem/U1381	0	1.01557
PLACE_optlc_32560	0	0.506173
PLACE_optlc_30633	0	0.530864
PLACE_optlc_27969	0	0.555556
PLACE_optlc_28632	0	0.54321
PLACE_optlc_36867	0	1.50617
PLACE_optlc_28942	0	0.54321
PLACE_optlc_31067	0	0.469136
PLACE_optlc_31279	0	1.51852
datamem/U3461	0	0.614992
datamem/U3418	0	0.71635
datamem/ram_reg[105][11]	0	0.71598
PLACE_optlc_35755	0	1.55556
PLACE_optlc_38170	0	0.555556
PLACE_optlc_28613	0	1.55556
PLACE_optlc_30066	0	1.55556
PLACE_optlc_33641	0	1.53086
PLACE_optlc_37015	0	0.555556
datamem/U2836	0	0.87164
datamem/U3982	0	1.45223
datamem/ram_reg[6][15]	0	0.63907
datamem/ram_reg[245][9]	0	2.17693
datamem/ram_reg[15][7]	0	1.3401
datamem/U4362	0	0.784425
datamem/U3542	0	0.898765
datamem/ram_reg[175][0]	0	1.20122
datamem/ram_reg[65][8]	0	0.720332
PLACE_optlc_27843	0	1.49383
PLACE_optlc_30139	0	0.493827
PLACE_optlc_34094	0	1.55556
PLACE_optlc_27370	0	0.54321
PLACE_optlc_26145	0	0.444444
PLACE_optlc_33979	0	1.55556
PLACE_optlc_29736	0	0.518519
PLACE_optlc_37919	0	1.51852
datamem/ram_reg[208][4]	0	1.88064
datamem/U3006	0	1.21536
datamem/U1485	0	1.03988
PLACE_optlc_29530	0	0.530864
PLACE_optlc_37729	0	1.55556
PLACE_optlc_33820	0	0.493827
PLACE_optlc_28327	0	1.55556
PLACE_optlc_27636	0	1.49383
PLACE_optlc_25810	0	1.55556
datamem/U4529	0	0.901489
datamem/U1160	0	1.4803
datamem/U2317	0	0.845116
datamem/U1999	0	1.05991
datamem/U4254	0	0.706725
PLACE_optlc_29600	0	1.55556
PLACE_optlc_26690	0	1.55556
PLACE_optlc_36266	0	1.55556
PLACE_optlc_36938	0	1.46914
PLACE_optlc_32240	0	1.50617
PLACE_optlc_35013	0	1.55556
PLACE_optlc_34226	0	0.555556
PLACE_optlc_29021	0	1.49383
PLACE_optlc_34977	0	0.555556
datamem/ram_reg[198][14]	0	0.704869
datamem/ram_reg[125][0]	0	0.85201
datamem/ram_reg[185][6]	0	0.81853
datamem/U97	0	2.13598
datamem/ram_reg[166][3]	0	0.727222
datamem/ram_reg[28][2]	0	1.4647
pc_current_reg_12_	0	0.658488
PLACE_optlc_32082	0	0.419753
PLACE_optlc_30708	0	0.493827
PLACE_optlc_28347	0	0.54321
PLACE_optlc_35563	0	0.555556
PLACE_optlc_34778	0	0.530864
PLACE_optlc_30265	0	0.37037
PLACE_optlc_34176	0	0.469136
PLACE_optlc_27591	0	0.54321
datamem/ram_reg[21][6]	0	0.712269
datamem/ram_reg[77][13]	0	0.768607
datamem/U1453	0	0.884834
PLACE_optlc_34718	0	0.555556
PLACE_optlc_37270	0	1.53086
PLACE_optlc_33995	0	0.518519
PLACE_optlc_27952	0	0.54321
PLACE_optlc_30654	0	1.4321
PLACE_optlc_27299	0	0.506173
PLACE_optlc_32109	0	1.55556
PLACE_optlc_35452	0	0.555556
datamem/U2811	0	1.28769
datamem/ram_reg[31][12]	0	1.54179
datamem/U3060	0	0.917446
datamem/U573	0	1.03928
datamem/U4419	0	1.54112
PLACE_optlc_29974	0	1.41975
PLACE_optlc_36862	0	1.55556
PLACE_optlc_28948	0	0.555556
PLACE_optlc_30756	0	1.51852
PLACE_optlc_37075	0	1.55556
PLACE_optlc_34415	0	0.555556
PLACE_optlc_31367	0	1.53086
PLACE_optlc_37133	0	1.51852
alu_unit/r58/U1_15	0	0.736979
datamem/U2816	0	0.835856
datamem/ram_reg[255][9]	0	1.40204
datamem/U2010	0	1.00389
PLACE_optlc_29663	0	0.518519
PLACE_optlc_33746	0	0.54321
PLACE_optlc_26236	0	0.481481
PLACE_optlc_26705	0	0.530864
PLACE_optlc_35821	0	0.555556
PLACE_optlc_31264	0	0.395062
PLACE_optlc_32469	0	1.55556
PLACE_optlc_36575	0	0.555556
PLACE_optlc_26631	0	0.54321
PLACE_optlc_34495	0	1.55556
datamem/ram_reg[34][0]	0	0.799614
datamem/U2044	0	0.825868
datamem/U2279	0	1.28853
datamem/ram_reg[51][5]	0	0.814715
PLACE_optlc_32802	0	0.518519
PLACE_optlc_32971	0	0.493827
PLACE_optlc_32094	0	1.55556
PLACE_optlc_34795	0	1.53086
PLACE_optlc_27393	0	0.54321
PLACE_optlc_33141	0	1.55556
PLACE_optlc_34671	0	1.55556
datamem/ram_reg[193][3]	0	0.746022
pc_current_reg_13_	0	0.682454
datamem/U3891	0	1.67224
datamem/U1779	0	0.58419
PLACE_optlc_31949	0	0.493827
PLACE_optlc_31522	0	0.518519
PLACE_optlc_36544	0	1.55556
PLACE_optlc_31459	0	1.41975
PLACE_optlc_37274	0	0.469136
PLACE_optlc_27643	0	0.518519
PLACE_optlc_27598	0	1.54321
PLACE_optlc_27428	0	1.50617
PLACE_optlc_27954	0	1.55556
PLACE_optlc_37455	0	1.55556
PLACE_optlc_29657	0	1.50617
PLACE_optlc_37793	0	0.481481
PLACE_optlc_26404	0	0.54321
PLACE_optlc_37458	0	1.55556
PLACE_optlc_33411	0	0.54321
datamem/U387	0	1.2586
datamem/ram_reg[119][11]	0	0.591806
datamem/ram_reg[82][1]	0	1.65322
datamem/U4339	0	0.735806
PLACE_optlc_35148	0	0.530864
PLACE_optlc_32310	0	0.493827
PLACE_optlc_31899	0	0.54321
PLACE_optlc_25604	0	1.53086
PLACE_optlc_28316	0	0.481481
PLACE_optlc_36557	0	1.40741
PLACE_optlc_32052	0	1.51852
PLACE_optlc_25827	0	1.55556
datamem/ram_reg[171][14]	0	1.06321
datamem/U2591	0	0.901863
datamem/U392	0	0.857133
datamem/ram_reg[169][3]	0	0.610544
PLACE_optlc_27857	0	1.51852
PLACE_optlc_36107	0	0.469136
PLACE_optlc_30934	0	0.518519
PLACE_optlc_31565	0	1.55556
PLACE_optlc_29189	0	0.54321
PLACE_optlc_26248	0	0.493827
PLACE_optlc_32573	0	0.54321
PLACE_optlc_32562	0	0.54321
PLACE_optlc_32525	0	1.54321
datamem/U3643	0	0.600957
datamem/ram_reg[110][10]	0	0.653603
datamem/ram_reg[101][7]	0	0.821223
PLACE_optlc_37523	0	1.46914
PLACE_optlc_34860	0	0.555556
PLACE_optlc_29241	0	1.53086
PLACE_optlc_31805	0	1.55556
PLACE_optlc_28413	0	1.54321
PLACE_optlc_34393	0	0.530864
PLACE_optlc_27231	0	0.45679
datamem/ram_reg[146][1]	0	0.776566
datamem/ram_reg[105][3]	0	1.55405
datamem/ram_reg[168][0]	0	2.3727
datamem/ram_reg[10][4]	0	0.761578
PLACE_optlc_30350	0	0.518519
PLACE_optlc_33620	0	0.530864
PLACE_optlc_35547	0	0.555556
PLACE_optlc_30010	0	0.530864
PLACE_optlc_33454	0	0.45679
PLACE_optlc_36684	0	0.555556
PLACE_optlc_31280	0	0.518519
PLACE_optlc_26670	0	1.55556
PLACE_optlc_26868	0	1.51852
PLACE_optlc_29603	0	0.518519
datamem/U797	0	0.57841
datamem/U314	0	0.665783
datamem/ram_reg[112][1]	0	0.838376
datamem/U1368	0	1.18676
datamem/ram_reg[135][8]	0	0.892461
datamem/ram_reg[66][4]	0	0.748229
datamem/U2260	0	0.747396
PLACE_optlc_34771	0	0.555556
PLACE_optlc_32882	0	1.55556
PLACE_optlc_27009	0	1.55556
PLACE_optlc_29835	0	1.55556
PLACE_optlc_28278	0	1.55556
PLACE_optlc_35587	0	0.555556
PLACE_optlc_35868	0	0.555556
datamem/ram_reg[113][0]	0	0.750621
U180	0	0.876856
datamem/U1910	0	1.29526
datamem/U622	0	0.671289
PLACE_optlc_31049	0	1.55556
PLACE_optlc_33826	0	0.530864
PLACE_optlc_34697	0	0.555556
PLACE_optlc_33330	0	0.481481
PLACE_optlc_35182	0	0.555556
datamem/U3039	0	1.00376
datamem/ram_reg[22][13]	0	1.28667
datamem/ram_reg[16][9]	0	0.864406
datamem/U2228	0	1.3875
datamem/ram_reg[106][4]	0	0.811948
PLACE_optlc_27227	0	0.54321
PLACE_optlc_28604	0	1.51852
PLACE_optlc_32104	0	1.45679
PLACE_optlc_30187	0	1.50617
PLACE_optlc_36258	0	0.555556
PLACE_optlc_26181	0	0.530864
datamem/U1607	0	0.909961
datamem/ram_reg[128][0]	0	1.28661
datamem/U2163	0	1.0816
datamem/U3415	0	0.602928
datamem/U1834	0	0.709888
PLACE_optlc_32814	0	0.54321
PLACE_optlc_34118	0	1.49383
PLACE_optlc_38243	0	0.530864
PLACE_optlc_33754	0	1.55556
PLACE_optlc_31097	0	1.53086
PLACE_optlc_36288	0	0.555556
datamem/ram_reg[197][1]	0	1.04812
datamem/U1402	0	0.797593
datamem/ram_reg[88][15]	0	0.648356
PLACE_optlc_30149	0	0.54321
PLACE_optlc_29422	0	0.54321
PLACE_optlc_30144	0	1.41975
PLACE_optlc_36597	0	0.555556
PLACE_optlc_31427	0	0.54321
PLACE_optlc_32620	0	0.493827
datamem/ram_reg[53][8]	0	1.64267
datamem/U1648	0	1.00206
PLACE_optlc_32263	0	0.54321
PLACE_optlc_26771	0	0.555556
PLACE_optlc_27134	0	1.55556
PLACE_optlc_33981	0	0.54321
PLACE_optlc_26711	0	1.55556
PLACE_optlc_26567	0	1.55556
datamem/U3107	0	0.581258
datamem/ram_reg[240][14]	0	0.883623
datamem/U3623	0	1.39652
PLACE_optlc_28902	0	1.55556
PLACE_optlc_36581	0	0.530864
PLACE_optlc_28710	0	0.54321
PLACE_optlc_32956	0	1.51852
PLACE_optlc_36755	0	0.555556
PLACE_optlc_36858	0	1.46914
datamem/U3075	0	1.78163
datamem/U2451	0	1.41011
datamem/U279	0	0.83615
datamem/U404	0	0.653951
datamem/ram_reg[227][13]	0	1.67218
PLACE_optlc_36673	0	0.555556
PLACE_optlc_26397	0	0.54321
PLACE_optlc_33468	0	0.518519
PLACE_optlc_28363	0	1.55556
PLACE_optlc_37809	0	0.481481
PLACE_optlc_28881	0	0.506173
PLACE_optlc_30190	0	1.53086
U187	0	0.850787
datamem/U3496	0	1.21318
datamem/U3352	0	0.801952
datamem/ram_reg[127][10]	0	1.14313
PLACE_optlc_27432	0	1.53086
PLACE_optlc_34630	0	1.55556
PLACE_optlc_31710	0	1.55556
PLACE_optlc_37813	0	1.55556
PLACE_optlc_36639	0	0.555556
PLACE_optlc_29287	0	1.55556
PLACE_optlc_37391	0	0.54321
PLACE_optlc_27504	0	1.49383
datamem/ram_reg[206][14]	0	0.861223
datamem/ram_reg[215][0]	0	1.39073
datamem/U57	0	0.888831
datamem/U3590	0	0.859907
U181	0	1.25762
datamem/U928	0	1.46416
datamem/ram_reg[156][9]	0	0.94316
datamem/ram_reg[45][1]	0	0.656906
PLACE_optlc_34794	0	0.555556
PLACE_optlc_36033	0	0.555556
PLACE_optlc_32498	0	1.55556
PLACE_optlc_38026	0	0.555556
PLACE_optlc_36069	0	0.555556
datamem/ram_reg[152][0]	0	1.03255
datamem/U2489	0	0.717018
datamem/ram_reg[234][13]	0	0.925714
datamem/ram_reg[205][12]	0	2.04952
datamem/ram_reg[219][9]	0	2.01534
PLACE_optlc_31563	0	1.55556
PLACE_optlc_28311	0	0.518519
PLACE_optlc_29956	0	1.45679
PLACE_optlc_37302	0	0.555556
PLACE_optlc_26163	0	0.54321
PLACE_optlc_25817	0	1.53086
PLACE_optlc_27479	0	1.40741
PLACE_optlc_32565	0	0.469136
PLACE_optlc_31052	0	1.53086
PLACE_optlc_36635	0	0.555556
PLACE_optlc_25784	0	1.53086
PLACE_optlc_29173	0	0.518519
datamem/U400	0	1.57418
datamem/U2027	0	0.713619
datamem/ram_reg[141][8]	0	0.820482
datamem/U3044	0	1.8239
datamem/U967	0	0.867272
PLACE_optlc_38014	0	1.55556
PLACE_optlc_25868	0	0.555556
PLACE_optlc_26754	0	0.54321
PLACE_optlc_37371	0	0.555556
PLACE_optlc_33024	0	1.54321
PLACE_optlc_32895	0	0.518519
datamem/U2643	0	1.37722
datamem/U125	0	0.788924
datamem/ram_reg[4][3]	0	0.86027
datamem/U1794	0	0.991003
PLACE_optlc_31353	0	0.506173
PLACE_optlc_34820	0	0.555556
PLACE_optlc_36740	0	0.555556
PLACE_optlc_33577	0	0.54321
PLACE_optlc_29361	0	0.54321
PLACE_optlc_31877	0	1.54321
PLACE_optlc_32112	0	0.54321
PLACE_optlc_30927	0	0.54321
PLACE_optlc_36530	0	1.53086
PLACE_optlc_31516	0	1.55556
PLACE_optlc_37740	0	0.555556
datamem/U356	0	0.987944
datamem/ram_reg[236][7]	0	1.33379
datamem/ram_reg[99][3]	0	0.672095
datamem/U1511	0	1.31765
datamem/ram_reg[78][1]	0	0.959757
datamem/U2747	0	0.676103
datamem/U2601	0	0.577758
datamem/ram_reg[151][15]	0	1.16624
datamem/U2825	0	1.28726
datamem/U412	0	1.76131
PLACE_optlc_28815	0	0.493827
PLACE_optlc_37155	0	1.55556
PLACE_optlc_31162	0	0.54321
PLACE_optlc_28934	0	1.51852
PLACE_optlc_37439	0	1.55556
datamem/U2345	0	0.686574
datamem/ram_reg[71][0]	0	2.37624
datamem/ram_reg[228][12]	0	0.835478
datamem/U4452	0	0.917863
datamem/ram_reg[109][15]	0	1.42672
datamem/U4140	0	0.763264
datamem/U77	0	1.3859
datamem/ram_reg[75][11]	0	0.643688
PLACE_optlc_33731	0	1.55556
PLACE_optlc_36369	0	0.469136
PLACE_optlc_25712	0	0.493827
PLACE_optlc_28579	0	1.55556
PLACE_optlc_28565	0	1.55556
PLACE_optlc_34601	0	0.555556
PLACE_optlc_36954	0	1.46914
PLACE_optlc_27686	0	0.54321
datamem/ram_reg[237][10]	0	1.95745
datamem/U1199	0	0.768708
datamem/ram_reg[38][15]	0	0.978322
PLACE_optlc_27870	0	0.493827
PLACE_optlc_29722	0	0.54321
PLACE_optlc_26714	0	1.54321
PLACE_optlc_35601	0	1.55556
datamem/U3165	0	1.16294
datamem/U1185	0	0.74951
U221	0	0.691238
PLACE_optlc_31832	0	0.54321
PLACE_optlc_27115	0	0.54321
PLACE_optlc_29988	0	1.51852
PLACE_optlc_28341	0	1.53086
PLACE_optlc_33237	0	0.530864
PLACE_optlc_26178	0	0.54321
datamem/U3769	0	1.01466
datamem/U1921	0	1.28287
datamem/U3597	0	0.792137
datamem/ram_reg[129][10]	0	1.20499
PLACE_optlc_37152	0	0.555556
PLACE_optlc_33894	0	1.50617
PLACE_optlc_31675	0	1.54321
PLACE_optlc_37385	0	0.555556
PLACE_optlc_30695	0	1.53086
PLACE_optlc_32847	0	0.530864
PLACE_optlc_33545	0	1.53086
PLACE_optlc_36980	0	0.530864
PLACE_optlc_36249	0	1.55556
datamem/ram_reg[155][14]	0	0.828198
datamem/ram_reg[80][5]	0	0.518681
datamem/ram_reg[137][10]	0	0.789904
datamem/ram_reg[68][6]	0	0.965397
datamem/U509	0	0.788684
datamem/U4279	0	1.86494
U194	0	0.924151
datamem/ram_reg[79][12]	0	1.40201
PLACE_optlc_26243	0	0.530864
PLACE_optlc_35700	0	1.55556
PLACE_optlc_29274	0	0.54321
PLACE_optlc_32425	0	1.55556
PLACE_optlc_27895	0	1.55556
PLACE_optlc_34275	0	0.469136
PLACE_optlc_35842	0	1.55556
PLACE_optlc_27585	0	0.506173
datamem/ram_reg[107][3]	0	0.694877
datamem/ram_reg[159][6]	0	1.0354
alu_unit/U40	0	1.05276
PLACE_optlc_29837	0	0.469136
PLACE_optlc_28847	0	0.518519
PLACE_optlc_36563	0	0.555556
PLACE_optlc_28366	0	1.53086
PLACE_optlc_34136	0	0.518519
PLACE_optlc_32305	0	1.55556
PLACE_optlc_36665	0	1.55556
PLACE_optlc_34122	0	1.53086
datamem/ram_reg[90][12]	0	0.984298
datamem/ram_reg[75][0]	0	0.818954
datamem/ram_reg[20][8]	0	0.564402
datamem/ram_reg[228][3]	0	0.804672
datamem/U300	0	0.658426
datamem/ram_reg[170][0]	0	0.939394
datamem/U4649	0	0.879745
datamem/U815	0	1.17322
PLACE_optlc_30631	0	1.53086
PLACE_optlc_36765	0	0.530864
PLACE_optlc_37567	0	0.555556
PLACE_optlc_36883	0	0.555556
PLACE_optlc_37080	0	0.555556
PLACE_optlc_36312	0	0.555556
PLACE_optlc_25863	0	1.51852
PLACE_optlc_27052	0	1.55556
datamem/U2464	0	0.956671
datamem/ram_reg[78][12]	0	1.00473
datamem/U616	0	0.562982
PLACE_optlc_33153	0	0.54321
PLACE_optlc_37415	0	0.555556
PLACE_optlc_36616	0	1.53086
PLACE_optlc_32558	0	0.518519
PLACE_optlc_28092	0	0.518519
PLACE_optlc_29262	0	0.54321
datamem/U2750	0	1.56432
datamem/U703	0	1.52101
datamem/U1406	0	0.76005
datamem/ram_reg[121][7]	0	0.834506
PLACE_optlc_35684	0	0.45679
PLACE_optlc_28780	0	0.45679
PLACE_optlc_36527	0	0.530864
PLACE_optlc_25911	0	0.518519
PLACE_optlc_33019	0	1.51852
PLACE_optlc_31779	0	1.55556
PLACE_optlc_31866	0	1.55556
datamem/ram_reg[22][1]	0	1.70986
datamem/U3721	0	0.557612
datamem/ram_reg[208][13]	0	0.628202
datamem/ram_reg[163][10]	0	1.12404
datamem/ram_reg[139][5]	0	1.33099
PLACE_optlc_26787	0	1.55556
PLACE_optlc_30603	0	0.506173
PLACE_optlc_31973	0	1.55556
PLACE_optlc_36187	0	0.555556
PLACE_optlc_29192	0	0.530864
PLACE_optlc_29591	0	1.55556
PLACE_optlc_26002	0	0.530864
PLACE_optlc_37240	0	0.530864
PLACE_optlc_33684	0	1.55556
PLACE_optlc_33247	0	0.518519
PLACE_optlc_26902	0	0.530864
PLACE_optlc_27586	0	0.481481
PLACE_optlc_32133	0	1.54321
PLACE_optlc_31248	0	0.54321
PLACE_optlc_35948	0	1.55556
U193	0	0.903241
datamem/U3972	0	1.51951
datamem/ram_reg[190][3]	0	0.813765
PLACE_optlc_32852	0	0.54321
PLACE_optlc_29659	0	1.55556
PLACE_optlc_28350	0	1.51852
PLACE_optlc_34302	0	1.55556
PLACE_optlc_31249	0	0.54321
PLACE_optlc_26635	0	0.45679
datamem/ram_reg[109][9]	0	0.795081
datamem/ram_reg[146][9]	0	1.09706
PLACE_optlc_34409	0	0.555556
PLACE_optlc_26374	0	0.481481
PLACE_optlc_27440	0	0.54321
PLACE_optlc_26516	0	1.55556
PLACE_optlc_30189	0	0.493827
PLACE_optlc_26132	0	0.506173
PLACE_optlc_35859	0	1.55556
PLACE_optlc_30048	0	1.55556
PLACE_optlc_31226	0	0.518519
U222	0	1.09646
datamem/U76	0	0.900008
datamem/U2717	0	0.683029
U160	0	0.687658
datamem/ram_reg[83][0]	0	1.59923
pc_current_reg_11_	0	0.886748
pc_current_reg_14_	0	2.34534
PLACE_optlc_27612	0	0.54321
PLACE_optlc_27072	0	1.55556
PLACE_optlc_25720	0	0.518519
PLACE_optlc_35493	0	0.555556
PLACE_optlc_31856	0	0.555556
PLACE_optlc_30164	0	1.55556
datamem/ram_reg[62][12]	0	1.20192
datamem/U4249	0	1.69076
datamem/U892	0	0.759205
datamem/ram_reg[25][7]	0	1.03971
datamem/ram_reg[103][5]	0	0.778534
U219	0	0.581451
U372	0	1.15621
datamem/U3477	0	0.80924
datamem/U186	0	1.28041
datamem/U2559	0	0.752577
datamem/ram_reg[156][3]	0	1.02631
datamem/U3778	0	0.972415
PLACE_optlc_31401	0	0.518519
PLACE_optlc_25655	0	1.54321
PLACE_optlc_35395	0	0.555556
PLACE_optlc_30814	0	1.55556
PLACE_optlc_36097	0	1.53086
PLACE_optlc_33051	0	0.54321
PLACE_optlc_26666	0	0.45679
PLACE_optlc_30810	0	1.51852
PLACE_optlc_36751	0	0.555556
datamem/U1133	0	0.605293
datamem/ram_reg[13][5]	0	0.52811
datamem/ram_reg[222][13]	0	0.640602
PLACE_optlc_38321	0	0.555556
PLACE_optlc_36483	0	0.469136
PLACE_optlc_27874	0	1.55556
PLACE_optlc_28155	0	0.469136
PLACE_optlc_29367	0	1.53086
PLACE_optlc_29891	0	0.530864
PLACE_optlc_36034	0	0.555556
PLACE_optlc_33122	0	0.481481
PLACE_optlc_38034	0	0.555556
datamem/ram_reg[143][14]	0	0.727176
datamem/ram_reg[187][12]	0	1.5591
datamem/ram_reg[49][5]	0	0.793515
datamem/ram_reg[172][3]	0	0.723256
datamem/ram_reg[122][4]	0	1.26583
PLACE_optlc_36386	0	1.46914
PLACE_optlc_26089	0	0.54321
datamem/U3566	0	0.835216
datamem/U2306	0	1.69141
datamem/U1285	0	1.29613
datamem/ram_reg[109][1]	0	0.676717
datamem/ram_reg[129][12]	0	1.10326
datamem/ram_reg[203][4]	0	0.8626
datamem/U1357	0	1.37585
PLACE_optlc_33077	0	1.55556
PLACE_optlc_26265	0	0.530864
PLACE_optlc_33108	0	1.55556
PLACE_optlc_30732	0	0.54321
PLACE_optlc_30299	0	0.54321
PLACE_optlc_37501	0	0.54321
datamem/ram_reg[232][5]	0	0.933353
U223	0	1.35413
datamem/ram_reg[216][6]	0	0.640316
datamem/ram_reg[126][15]	0	1.06309
PLACE_optlc_27721	0	0.530864
PLACE_optlc_28202	0	1.51852
datamem/ram_reg[169][10]	0	1.32608
PLACE_optlc_26269	0	1.50617
PLACE_optlc_27737	0	1.54321
PLACE_optlc_29561	0	1.54321
PLACE_optlc_27140	0	0.54321
PLACE_optlc_38045	0	0.555556
PLACE_optlc_36265	0	0.45679
PLACE_optlc_29373	0	0.555556
PLACE_optlc_31292	0	0.54321
datamem/ram_reg[138][5]	0	0.732851
datamem/ram_reg[133][8]	0	0.74875
datamem/U371	0	1.07165
datamem/ram_reg[136][3]	0	0.883167
datamem/U1423	0	1.57937
datamem/ram_reg[153][1]	0	0.746211
datamem/U4361	0	1.29083
datamem/U1938	0	0.859525
PLACE_optlc_27057	0	1.45679
PLACE_optlc_38054	0	1.51852
PLACE_optlc_36640	0	0.555556
PLACE_optlc_33206	0	0.54321
PLACE_optlc_31837	0	0.493827
PLACE_optlc_37399	0	0.555556
PLACE_optlc_35220	0	0.555556
PLACE_optlc_31821	0	1.50617
PLACE_optlc_30516	0	1.55556
PLACE_optlc_36788	0	1.50617
PLACE_optlc_35407	0	0.555556
PLACE_optlc_26808	0	1.55556
datamem/ram_reg[133][3]	0	1.05621
datamem/U1980	0	0.793036
datamem/U4123	0	0.639421
U213	0	1.02309
datamem/U3439	0	0.782079
datamem/ram_reg[4][2]	0	1.30358
PLACE_optlc_36554	0	0.555556
PLACE_optlc_34460	0	0.45679
PLACE_optlc_29303	0	0.530864
datamem/U3741	0	0.963974
datamem/U2815	0	1.14101
PLACE_optlc_31513	0	1.41975
PLACE_optlc_32804	0	1.54321
datamem/U1426	0	0.964051
datamem/U2831	0	1.49064
datamem/U3915	0	1.18257
datamem/ram_reg[147][9]	0	0.973137
datamem/ram_reg[97][7]	0	0.788576
datamem/ram_reg[192][2]	0	0.847299
datamem/ram_reg[30][10]	0	0.656605
PLACE_optlc_29164	0	0.54321
PLACE_optlc_29971	0	1.55556
PLACE_optlc_36559	0	0.469136
PLACE_optlc_37539	0	1.55556
PLACE_optlc_37644	0	0.555556
datamem/ram_reg[2][12]	0	0.9864
datamem/ram_reg[195][2]	0	0.979194
datamem/ram_reg[158][4]	0	0.96978
PLACE_optlc_26773	0	0.54321
PLACE_optlc_33294	0	1.50617
PLACE_optlc_28213	0	0.54321
PLACE_optlc_31578	0	0.530864
PLACE_optlc_37217	0	0.555556
PLACE_optlc_26709	0	0.54321
PLACE_optlc_33018	0	1.55556
PLACE_optlc_30773	0	0.54321
datamem/ram_reg[120][15]	0	1.01328
datamem/U50	0	1.22824
datamem/ram_reg[62][7]	0	2.12471
datamem/ram_reg[170][11]	0	0.907076
datamem/ram_reg[188][14]	0	1.81089
datamem/U2959	0	1.43972
datamem/ram_reg[118][6]	0	0.832824
PLACE_optlc_32933	0	0.444444
PLACE_optlc_31491	0	0.469136
PLACE_optlc_29090	0	0.518519
PLACE_optlc_31224	0	1.55556
PLACE_optlc_31210	0	0.506173
datamem/U2818	0	0.762346
U161	0	1.48693
datamem/U1237	0	0.789105
PLACE_optlc_28695	0	0.54321
PLACE_optlc_34548	0	0.555556
PLACE_optlc_25874	0	1.54321
PLACE_optlc_35115	0	0.555556
PLACE_optlc_29044	0	1.55556
PLACE_optlc_26199	0	1.54321
PLACE_optlc_30710	0	1.54321
datamem/ram_reg[125][4]	0	0.983931
datamem/ram_reg[19][2]	0	0.709865
PLACE_optlc_34552	0	0.555556
PLACE_optlc_36842	0	0.555556
PLACE_optlc_29042	0	1.55556
PLACE_optlc_36779	0	0.469136
PLACE_optlc_38300	0	0.555556
PLACE_optlc_33523	0	0.54321
PLACE_optlc_28718	0	0.45679
PLACE_optlc_34102	0	0.54321
PLACE_optlc_32709	0	0.530864
datamem/U347	0	0.89576
datamem/U3067	0	1.80708
U388	0	1.51737
datamem/ram_reg[47][11]	0	1.47128
datamem/ram_reg[118][5]	0	1.24204
PLACE_optlc_28010	0	0.530864
PLACE_optlc_27748	0	1.55556
PLACE_optlc_31538	0	1.55556
PLACE_optlc_35034	0	0.555556
PLACE_optlc_36118	0	1.55556
datamem/U2769	0	0.910961
datamem/U1986	0	0.744144
datamem/U1868	0	1.5402
datamem/U2185	0	0.458553
datamem/ram_reg[196][13]	0	1.3389
datamem/ram_reg[100][2]	0	0.621111
datamem/ram_reg[232][14]	0	1.81732
datamem/U1412	0	1.30893
datamem/U4131	0	0.908885
datamem/ram_reg[96][3]	0	1.88987
PLACE_optlc_25681	0	0.493827
PLACE_optlc_34615	0	0.555556
PLACE_optlc_37851	0	0.555556
PLACE_optlc_36975	0	0.469136
datamem/U4205	0	1.46503
datamem/ram_reg[25][14]	0	0.974163
datamem/ram_reg[90][8]	0	0.632423
PLACE_optlc_29289	0	0.54321
PLACE_optlc_27722	0	0.518519
PLACE_optlc_31725	0	0.54321
PLACE_optlc_27234	0	1.55556
datamem/U4300	0	0.745332
datamem/U2502	0	1.27628
PLACE_optlc_32155	0	0.54321
PLACE_optlc_32253	0	1.55556
PLACE_optlc_36908	0	0.469136
PLACE_optlc_35845	0	1.53086
PLACE_optlc_36798	0	0.518519
PLACE_optlc_31642	0	0.45679
PLACE_optlc_32660	0	0.54321
datamem/U2210	0	1.24659
datamem/U2669	0	0.795934
PLACE_optlc_29785	0	0.518519
PLACE_optlc_32377	0	0.54321
PLACE_optlc_27118	0	1.55556
PLACE_optlc_38043	0	0.555556
PLACE_optlc_31006	0	1.54321
PLACE_optlc_27239	0	1.55556
PLACE_optlc_36468	0	1.55556
PLACE_optlc_30197	0	0.555556
PLACE_HFSINV_455_25600	0	1.13818
datamem/U2410	0	0.572785
datamem/U1441	0	0.671829
datamem/ram_reg[144][11]	0	1.10291
datamem/U2347	0	0.679471
PLACE_optlc_31004	0	0.54321
PLACE_optlc_33848	0	1.53086
PLACE_optlc_27359	0	1.55556
PLACE_optlc_29780	0	1.55556
PLACE_optlc_29751	0	0.54321
PLACE_optlc_26372	0	1.49383
datamem/ram_reg[206][0]	0	0.82983
datamem/U553	0	1.15126
datamem/U2195	0	1.52846
datamem/ram_reg[87][5]	0	0.814201
datamem/ram_reg[197][11]	0	1.01118
PLACE_optlc_37222	0	0.530864
PLACE_optlc_30537	0	1.55556
PLACE_optlc_26204	0	0.469136
PLACE_optlc_35841	0	0.555556
PLACE_optlc_32035	0	1.53086
PLACE_optlc_25801	0	1.55556
datamem/U460	0	1.48444
datamem/ram_reg[91][9]	0	0.695733
datamem/U1762	0	0.8151
datamem/ram_reg[87][1]	0	0.803654
datamem/U1640	0	1.36824
datamem/U2139	0	1.26037
PLACE_optlc_37682	0	0.530864
PLACE_optlc_36686	0	0.555556
PLACE_optlc_33690	0	1.51852
PLACE_optlc_26630	0	1.55556
PLACE_optlc_35439	0	1.55556
PLACE_optlc_29913	0	1.46914
PLACE_optlc_36174	0	0.530864
PLACE_optlc_37765	0	0.555556
PLACE_optlc_34336	0	0.506173
datamem/ram_reg[244][9]	0	0.656655
datamem/U3079	0	1.21216
datamem/ram_reg[222][5]	0	0.990502
datamem/U1128	0	0.714549
datamem/U2882	0	1.27966
datamem/ram_reg[155][11]	0	0.796319
PLACE_optlc_31422	0	0.469136
PLACE_optlc_30029	0	0.54321
PLACE_optlc_34140	0	1.55556
PLACE_optlc_27169	0	0.530864
datamem/U1811	0	1.19246
U33	0	0.553758
datamem/ram_reg[78][15]	0	2.10689
U319	0	1.44453
datamem/ram_reg[32][0]	0	1.44303
PLACE_optlc_29949	0	0.493827
PLACE_optlc_34564	0	1.55556
PLACE_optlc_35681	0	0.555556
datamem/ram_reg[203][0]	0	1.31699
datamem/U3677	0	1.27432
datamem/ram_reg[188][7]	0	0.9813
PLACE_optlc_35965	0	1.55556
PLACE_optlc_36595	0	0.469136
PLACE_optlc_28644	0	0.54321
PLACE_optlc_27076	0	0.506173
PLACE_optlc_27371	0	0.518519
PLACE_optlc_30652	0	1.55556
datamem/U2520	0	0.620926
datamem/ram_reg[212][3]	0	0.836073
datamem/ram_reg[91][0]	0	1.3402
datamem/U2862	0	1.46115
datamem/ram_reg[233][14]	0	0.857492
PLACE_optlc_29520	0	0.54321
PLACE_optlc_36217	0	1.55556
PLACE_optlc_31531	0	1.53086
PLACE_optlc_32950	0	1.54321
PLACE_optlc_33309	0	1.53086
PLACE_optlc_31680	0	0.54321
PLACE_optlc_32288	0	0.45679
PLACE_optlc_31864	0	0.493827
PLACE_optlc_35521	0	0.555556
datamem/ram_reg[120][12]	0	0.988252
datamem/ram_reg[214][9]	0	1.48916
datamem/U3270	0	0.589853
datamem/U2651	0	1.09121
PLACE_optlc_29562	0	0.444444
PLACE_optlc_29884	0	0.518519
PLACE_optlc_36442	0	0.469136
PLACE_optlc_30987	0	1.53086
PLACE_optlc_28154	0	0.493827
PLACE_optlc_34473	0	1.55556
PLACE_optlc_34498	0	0.555556
PLACE_optlc_29307	0	1.55556
datamem/U1636	0	0.861609
datamem/U2140	0	1.30087
datamem/ram_reg[105][15]	0	1.34829
datamem/ram_reg[15][14]	0	0.619853
datamem/U1502	0	0.568781
datamem/ram_reg[215][2]	0	1.65056
datamem/ram_reg[123][8]	0	1.32744
PLACE_optlc_27924	0	1.48148
PLACE_optlc_34599	0	1.55556
PLACE_optlc_34563	0	0.469136
PLACE_optlc_34477	0	0.555556
PLACE_optlc_33677	0	0.54321
PLACE_optlc_37652	0	1.55556
PLACE_optlc_32502	0	0.518519
PLACE_optlc_28257	0	1.55556
PLACE_optlc_28118	0	1.55556
datamem/U1722	0	1.57734
datamem/U4348	0	1.69765
datamem/U2617	0	0.563588
datamem/U4030	0	0.558005
PLACE_optlc_34587	0	0.555556
PLACE_optlc_28724	0	1.55556
PLACE_optlc_37979	0	0.555556
PLACE_optlc_37585	0	0.555556
PLACE_optlc_25704	0	0.518519
PLACE_optlc_30246	0	1.55556
PLACE_optlc_28868	0	1.55556
datamem/ram_reg[95][4]	0	0.93343
datamem/ram_reg[111][11]	0	1.9698
U391	0	0.56811
datamem/U241	0	1.55625
datamem/U3531	0	0.619549
datamem/ram_reg[251][8]	0	0.799008
PLACE_optlc_33974	0	0.518519
PLACE_optlc_33482	0	0.54321
PLACE_optlc_34037	0	1.54321
PLACE_optlc_25723	0	0.506173
PLACE_optlc_35692	0	0.555556
PLACE_optlc_33740	0	1.55556
datamem/U3114	0	0.964113
datamem/U2198	0	0.886698
datamem/ram_reg[236][14]	0	0.912982
PLACE_optlc_35250	0	1.55556
PLACE_optlc_29915	0	0.54321
PLACE_optlc_33042	0	1.55556
PLACE_optlc_26000	0	1.55556
PLACE_optlc_26242	0	1.53086
PLACE_optlc_30170	0	1.51852
PLACE_optlc_27380	0	1.55556
datamem/U4566	0	1.31996
datamem/U3394	0	0.905189
datamem/U1972	0	0.794309
datamem/ram_reg[7][7]	0	1.01258
datamem/ram_reg[175][11]	0	0.550961
datamem/ram_reg[180][14]	0	1.11638
datamem/ram_reg[134][13]	0	0.770216
PLACE_optlc_29407	0	0.54321
PLACE_optlc_29498	0	1.55556
PLACE_optlc_26744	0	1.50617
PLACE_optlc_32725	0	1.50617
PLACE_optlc_36507	0	1.55556
PLACE_optlc_32864	0	0.518519
PLACE_optlc_26013	0	1.55556
PLACE_optlc_38303	0	0.530864
PLACE_optlc_36612	0	0.555556
datamem/ram_reg[121][10]	0	1.67997
datamem/ram_reg[26][9]	0	0.654113
datamem/ram_reg[140][1]	0	1.62459
datamem/U4022	0	1.43919
datamem/ram_reg[143][11]	0	0.866802
PLACE_optlc_26191	0	0.54321
PLACE_optlc_25760	0	0.469136
PLACE_optlc_34676	0	0.555556
PLACE_optlc_33654	0	0.54321
PLACE_optlc_35077	0	0.555556
PLACE_optlc_37462	0	0.469136
PLACE_optlc_32037	0	1.55556
PLACE_optlc_27756	0	0.54321
PLACE_optlc_30571	0	1.53086
PLACE_optlc_30624	0	0.530864
datamem/U2293	0	0.620201
datamem/ram_reg[83][10]	0	1.23735
datamem/U1655	0	0.841443
U76	0	1.6415
datamem/ram_reg[171][2]	0	1.57819
PLACE_optlc_35302	0	1.53086
PLACE_optlc_32559	0	0.54321
PLACE_optlc_36141	0	0.555556
PLACE_optlc_36498	0	0.555556
PLACE_optlc_26449	0	1.55556
PLACE_optlc_32434	0	1.53086
datamem/U2098	0	0.820567
datamem/ram_reg[45][8]	0	1.02092
datamem/U1646	0	0.750062
datamem/U3576	0	1.52012
datamem/ram_reg[60][13]	0	1.13345
pc_current_reg_15_	0	1.49677
datamem/ram_reg[77][5]	0	1.00864
datamem/ram_reg[203][10]	0	0.757867
datamem/U2415	0	1.65353
PLACE_optlc_28870	0	1.55556
PLACE_optlc_31989	0	0.518519
PLACE_optlc_36845	0	1.46914
PLACE_optlc_34883	0	0.555556
PLACE_optlc_27184	0	1.55556
PLACE_optlc_36389	0	0.481481
PLACE_optlc_29990	0	1.55556
PLACE_optlc_34389	0	1.55556
datamem/ram_reg[25][0]	0	0.71061
datamem/ram_reg[194][8]	0	1.53827
datamem/ram_reg[59][7]	0	1.16328
datamem/U467	0	0.690166
PLACE_optlc_34471	0	0.469136
PLACE_optlc_28243	0	0.54321
PLACE_optlc_35036	0	0.469136
PLACE_optlc_28808	0	0.518519
datamem/ram_reg[75][12]	0	0.736154
datamem/ram_reg[170][4]	0	1.07787
PLACE_optlc_29800	0	1.50617
PLACE_optlc_35307	0	0.506173
PLACE_optlc_26769	0	1.54321
PLACE_optlc_26761	0	0.54321
PLACE_optlc_32365	0	0.493827
datamem/ram_reg[181][13]	0	2.06588
datamem/ram_reg[205][14]	0	1.29963
datamem/ram_reg[181][12]	0	1.10861
PLACE_optlc_34761	0	0.555556
PLACE_optlc_26160	0	0.54321
PLACE_optlc_29013	0	0.518519
PLACE_optlc_38313	0	0.518519
PLACE_optlc_35422	0	0.555556
PLACE_optlc_34418	0	1.55556
PLACE_optlc_32770	0	0.481481
PLACE_optlc_26965	0	0.54321
PLACE_optlc_30660	0	0.54321
datamem/ram_reg[247][14]	0	0.85988
datamem/ram_reg[8][2]	0	1.25826
datamem/ram_reg[223][6]	0	0.809313
datamem/ram_reg[98][14]	0	1.35664
PLACE_optlc_28883	0	1.55556
PLACE_optlc_27528	0	0.518519
PLACE_optlc_26673	0	0.506173
PLACE_optlc_33708	0	0.54321
PLACE_optlc_33059	0	1.53086
PLACE_optlc_26084	0	0.469136
PLACE_optlc_30304	0	1.55556
PLACE_optlc_32291	0	1.55556
PLACE_optlc_32232	0	1.53086
PLACE_optlc_38134	0	0.555556
PLACE_optlc_31975	0	0.45679
datamem/ram_reg[110][1]	0	2.02765
datamem/U4232	0	1.4607
datamem/ram_reg[24][12]	0	1.18314
datamem/ram_reg[149][2]	0	1.49318
PLACE_optlc_31308	0	1.55556
PLACE_optlc_37269	0	0.555556
PLACE_optlc_28079	0	0.45679
PLACE_optlc_27383	0	1.46914
PLACE_optlc_36460	0	1.55556
PLACE_optlc_26148	0	1.55556
PLACE_optlc_32886	0	0.45679
datamem/ram_reg[31][10]	0	0.584167
datamem/ram_reg[97][14]	0	0.749464
datamem/U3086	0	0.519576
datamem/U2182	0	1.51708
datamem/U861	0	1.08647
PLACE_optlc_35312	0	0.469136
PLACE_optlc_26615	0	0.493827
PLACE_optlc_28896	0	0.469136
PLACE_optlc_36922	0	1.55556
PLACE_optlc_29879	0	1.54321
PLACE_optlc_31548	0	1.55556
PLACE_optlc_35499	0	1.55556
datamem/ram_reg[56][0]	0	1.104
datamem/U3414	0	0.625204
datamem/ram_reg[149][15]	0	0.644452
datamem/ram_reg[2][4]	0	1.01758
datamem/ram_reg[231][7]	0	0.955096
datamem/U2598	0	1.42028
PLACE_optlc_27038	0	0.54321
PLACE_optlc_34383	0	0.555556
PLACE_optlc_30914	0	0.54321
PLACE_optlc_31891	0	1.55556
PLACE_optlc_29790	0	1.55556
PLACE_optlc_28276	0	1.55556
PLACE_optlc_36086	0	0.518519
datamem/U286	0	1.0832
datamem/ram_reg[228][5]	0	1.38564
datamem/ram_reg[240][1]	0	1.20612
datamem/U4286	0	1.39727
PLACE_optlc_32755	0	0.54321
PLACE_optlc_32375	0	1.55556
PLACE_optlc_29418	0	1.51852
PLACE_optlc_33102	0	0.530864
PLACE_optlc_28114	0	1.55556
PLACE_optlc_32448	0	0.45679
datamem/U480	0	0.825255
datamem/ram_reg[143][3]	0	0.567859
datamem/U1579	0	0.662994
datamem/U2264	0	1.71118
datamem/U3560	0	0.727315
datamem/ram_reg[50][8]	0	1.77017
datamem/U1369	0	1.26054
PLACE_optlc_30235	0	0.54321
PLACE_optlc_33073	0	1.54321
datamem/U2438	0	0.73956
datamem/U2344	0	0.728414
datamem/U4214	0	1.87348
datamem/U3407	0	0.565069
datamem/U1740	0	1.05389
datamem/ram_reg[229][9]	0	0.853125
datamem/ram_reg[183][13]	0	1.00541
PLACE_optlc_25611	0	1.51852
PLACE_optlc_28441	0	1.55556
PLACE_optlc_27565	0	1.53086
PLACE_optlc_32198	0	0.518519
PLACE_optlc_27846	0	1.51852
PLACE_optlc_29416	0	1.55556
datamem/ram_reg[40][13]	0	1.39642
datamem/U4032	0	0.912643
datamem/U2534	0	1.11826
datamem/U2590	0	1.0284
datamem/ram_reg[80][9]	0	0.678723
datamem/ram_reg[24][7]	0	0.949981
datamem/U3683	0	0.83564
datamem/U3286	0	1.56822
PLACE_optlc_33381	0	0.506173
PLACE_optlc_27919	0	1.55556
PLACE_optlc_29229	0	1.55556
PLACE_optlc_36911	0	0.555556
PLACE_optlc_30798	0	0.469136
datamem/U913	0	0.794441
datamem/ram_reg[10][12]	0	1.04039
PLACE_optlc_29448	0	0.54321
PLACE_optlc_32588	0	0.555556
PLACE_optlc_35925	0	0.555556
PLACE_optlc_34085	0	0.481481
PLACE_optlc_36168	0	1.55556
datamem/ram_reg[52][2]	0	1.34881
datamem/ram_reg[25][11]	0	1.47811
datamem/ram_reg[116][0]	0	0.933453
datamem/ram_reg[39][9]	0	1.35461
datamem/ram_reg[45][10]	0	0.620239
PLACE_optlc_29731	0	1.54321
PLACE_optlc_38296	0	0.555556
PLACE_optlc_35703	0	1.54321
PLACE_optlc_38149	0	1.4321
U331	0	1.0229
datamem/U3727	0	0.862133
datamem/U3673	0	0.831655
datamem/ram_reg[255][4]	0	1.8549
datamem/ram_reg[157][13]	0	0.787423
datamem/U453	0	0.852141
datamem/U1575	0	1.49096
datamem/ram_reg[9][14]	0	1.04456
PLACE_optlc_37622	0	1.50617
PLACE_optlc_36682	0	1.55556
PLACE_optlc_37057	0	0.555556
PLACE_optlc_36582	0	0.555556
PLACE_optlc_34682	0	1.55556
PLACE_optlc_30407	0	0.54321
PLACE_optlc_35352	0	1.53086
datamem/U2018	0	1.57053
datamem/U1914	0	1.08223
datamem/U3882	0	1.91622
datamem/ram_reg[173][2]	0	0.618044
datamem/U2853	0	0.577928
datamem/U4433	0	0.783943
PLACE_optlc_37093	0	0.54321
PLACE_optlc_35818	0	0.54321
PLACE_optlc_32940	0	0.54321
PLACE_optlc_26949	0	0.469136
PLACE_optlc_25639	0	1.55556
PLACE_optlc_38109	0	1.55556
PLACE_optlc_32798	0	1.51852
PLACE_optlc_37514	0	0.555556
PLACE_optlc_37261	0	0.555556
PLACE_optlc_34401	0	0.530864
U246	0	1.30234
datamem/U3095	0	0.95593
PLACE_optlc_35222	0	1.46914
PLACE_optlc_34859	0	0.469136
PLACE_optlc_28094	0	0.54321
PLACE_optlc_36484	0	1.51852
PLACE_optlc_35539	0	0.555556
PLACE_optlc_32963	0	1.41975
PLACE_optlc_33055	0	1.50617
PLACE_optlc_35960	0	0.555556
PLACE_optlc_29705	0	0.518519
PLACE_optlc_35135	0	1.55556
PLACE_optlc_28544	0	0.518519
PLACE_optlc_28766	0	1.55556
PLACE_optlc_29570	0	2.55556
PLACE_optlc_27710	0	0.54321
datamem/ram_reg[148][6]	0	0.697365
datamem/U178	0	1.46364
datamem/U3840	0	0.926339
datamem/ram_reg[248][6]	0	1.12031
datamem/U4189	0	0.612504
datamem/U1098	0	1.33029
datamem/ram_reg[90][14]	0	0.99532
datamem/ram_reg[132][14]	0	0.696574
PLACE_optlc_27832	0	0.54321
PLACE_optlc_29499	0	1.54321
PLACE_optlc_27254	0	1.55556
PLACE_optlc_32942	0	1.55556
PLACE_optlc_27990	0	0.506173
PLACE_optlc_32869	0	0.54321
PLACE_optlc_33932	0	0.518519
PLACE_optlc_30367	0	0.518519
datamem/U4507	0	0.979823
datamem/U580	0	0.967712
datamem/ram_reg[85][1]	0	0.649294
datamem/ram_reg[176][6]	0	0.705498
PLACE_optlc_34255	0	1.55556
PLACE_optlc_33815	0	1.55556
PLACE_optlc_29563	0	1.50617
PLACE_optlc_34123	0	0.530864
PLACE_optlc_29118	0	0.530864
PLACE_optlc_26112	0	0.54321
PLACE_optlc_26060	0	1.50617
PLACE_optlc_38227	0	1.55556
PLACE_optlc_33020	0	1.53086
PLACE_optlc_36596	0	0.54321
PLACE_optlc_29299	0	1.53086
PLACE_optlc_30741	0	0.54321
datamem/ram_reg[111][14]	0	0.908885
PLACE_optlc_28731	0	1.55556
PLACE_optlc_26335	0	0.45679
PLACE_optlc_31002	0	0.54321
PLACE_optlc_34014	0	1.54321
PLACE_optlc_33696	0	0.54321
PLACE_optlc_29876	0	1.55556
PLACE_optlc_30986	0	1.53086
PLACE_optlc_27779	0	0.518519
PLACE_optlc_31465	0	1.53086
PLACE_optlc_27129	0	1.55556
PLACE_optlc_26662	0	1.45679
datamem/U2232	0	0.590883
datamem/ram_reg[131][14]	0	1.6073
datamem/ram_reg[87][3]	0	0.610386
datamem/U3893	0	1.31492
PLACE_optlc_33745	0	1.51852
PLACE_optlc_34282	0	0.555556
PLACE_optlc_36204	0	1.54321
PLACE_optlc_37821	0	0.518519
PLACE_optlc_33729	0	1.55556
PLACE_optlc_35688	0	1.55556
PLACE_optlc_33549	0	1.55556
PLACE_optlc_32946	0	0.469136
PLACE_optlc_35969	0	0.518519
PLACE_optlc_29442	0	1.51852
datamem/ram_reg[238][6]	0	1.19513
PLACE_optlc_33660	0	0.555556
PLACE_optlc_31272	0	1.41975
PLACE_optlc_37956	0	1.51852
PLACE_optlc_27353	0	0.530864
datamem/ram_reg[60][11]	0	0.793715
datamem/U3176	0	0.769988
datamem/ram_reg[127][13]	0	1.12014
datamem/ram_reg[129][9]	0	0.69321
datamem/ram_reg[200][3]	0	0.8263
datamem/ram_reg[222][15]	0	0.864857
PLACE_optlc_33884	0	0.518519
PLACE_optlc_26892	0	0.518519
PLACE_optlc_29840	0	0.530864
PLACE_optlc_32523	0	0.518519
datamem/ram_reg[34][12]	0	0.92108
datamem/ram_reg[246][7]	0	0.753071
datamem/U3519	0	1.35583
datamem/U2711	0	1.13056
datamem/ram_reg[127][7]	0	0.90784
PLACE_optlc_28563	0	0.469136
PLACE_optlc_28743	0	1.55556
PLACE_optlc_36301	0	1.55556
PLACE_optlc_37087	0	0.469136
PLACE_optlc_37701	0	1.55556
PLACE_optlc_37287	0	0.555556
datamem/U3131	0	0.958573
datamem/U1512	0	0.966871
datamem/U135	0	1.07327
datamem/ram_reg[42][4]	0	1.43301
datamem/ram_reg[184][12]	0	0.856501
datamem/ram_reg[113][8]	0	0.871956
datamem/ram_reg[170][5]	0	2.29721
datamem/ram_reg[153][3]	0	0.6676
PLACE_optlc_28890	0	0.493827
PLACE_optlc_37827	0	0.555556
PLACE_optlc_30294	0	1.55556
PLACE_optlc_26461	0	0.506173
PLACE_optlc_27110	0	0.54321
PLACE_optlc_28355	0	1.55556
PLACE_optlc_26174	0	0.506173
PLACE_optlc_35054	0	0.530864
PLACE_optlc_30390	0	0.555556
datamem/ram_reg[1][2]	0	1.34022
datamem/U1398	0	0.982593
datamem/U3723	0	1.10446
datamem/U3622	0	1.339
PLACE_optlc_30574	0	1.55556
PLACE_optlc_30769	0	0.530864
PLACE_optlc_30672	0	1.55556
PLACE_optlc_27766	0	1.55556
datamem/ram_reg[232][15]	0	0.758071
datamem/U822	0	2.1767
datamem/U628	0	0.699082
datamem/U1096	0	1.30681
PLACE_optlc_30781	0	1.53086
PLACE_optlc_37837	0	0.530864
PLACE_optlc_37470	0	1.53086
PLACE_optlc_32083	0	1.50617
datamem/U442	0	0.578754
U198	0	1.23072
PLACE_optlc_33768	0	0.54321
PLACE_optlc_28502	0	1.55556
PLACE_optlc_28827	0	1.53086
PLACE_optlc_30851	0	0.45679
PLACE_optlc_30376	0	1.55556
datamem/U1074	0	0.759811
datamem/ram_reg[5][0]	0	0.963858
datamem/ram_reg[164][14]	0	0.724487
PLACE_optlc_33964	0	0.54321
PLACE_optlc_33170	0	0.518519
PLACE_optlc_36623	0	1.55556
PLACE_optlc_27653	0	1.53086
datamem/U2698	0	1.24233
datamem/ram_reg[242][6]	0	1.71889
datamem/U3287	0	0.843002
datamem/U355	0	0.86782
datamem/U571	0	0.710957
datamem/U490	0	0.709796
U245	0	0.903796
PLACE_optlc_26491	0	0.469136
PLACE_optlc_32843	0	0.54321
PLACE_optlc_29921	0	0.54321
PLACE_optlc_37966	0	0.506173
PLACE_optlc_26802	0	1.55556
PLACE_optlc_28573	0	1.53086
datamem/U4495	0	1.50173
datamem/ram_reg[205][0]	0	0.599016
datamem/ram_reg[134][6]	0	2.14318
datamem/U2403	0	1.30294
PLACE_optlc_36854	0	0.555556
PLACE_optlc_36588	0	1.53086
PLACE_optlc_36381	0	0.555556
PLACE_optlc_30611	0	1.55556
PLACE_optlc_36162	0	1.53086
PLACE_optlc_29759	0	0.518519
datamem/U148	0	0.979306
datamem/U4041	0	0.79929
datamem/U447	0	1.15904
datamem/ram_reg[246][11]	0	0.581701
datamem/U2684	0	0.845343
datamem/ram_reg[207][13]	0	1.0962
datamem/U42	0	0.714317
datamem/U1769	0	0.962546
PLACE_optlc_38129	0	0.555556
PLACE_optlc_36648	0	1.55556
PLACE_optlc_31859	0	0.469136
datamem/U4469	0	1.26285
datamem/ram_reg[28][10]	0	1.22795
datamem/ram_reg[159][7]	0	0.596373
datamem/U1539	0	1.01877
datamem/U1990	0	0.736671
datamem/U1013	0	1.54363
datamem/U2771	0	1.2325
datamem/ram_reg[133][6]	0	0.87765
PLACE_optlc_35677	0	0.555556
PLACE_optlc_35646	0	0.469136
PLACE_optlc_37801	0	1.55556
PLACE_optlc_32180	0	0.506173
PLACE_optlc_31417	0	0.54321
datamem/ram_reg[202][1]	0	0.736343
datamem/U3758	0	1.5492
datamem/ram_reg[146][7]	0	0.614988
PLACE_optlc_29878	0	1.55556
PLACE_optlc_36899	0	0.555556
PLACE_optlc_26978	0	1.53086
PLACE_optlc_30536	0	0.518519
PLACE_optlc_36573	0	0.555556
datamem/ram_reg[18][9]	0	0.979541
datamem/U1642	0	0.568657
datamem/U4133	0	1.05053
datamem/ram_reg[115][1]	0	1.32619
datamem/ram_reg[148][15]	0	0.865799
datamem/ram_reg[69][7]	0	0.695822
datamem/ram_reg[20][5]	0	0.589749
PLACE_optlc_29452	0	0.518519
PLACE_optlc_30692	0	0.54321
PLACE_optlc_34982	0	0.555556
PLACE_optlc_32335	0	0.54321
datamem/U2159	0	0.765691
datamem/ram_reg[219][11]	0	0.764707
datamem/ram_reg[121][3]	0	0.659888
PLACE_optlc_36708	0	1.53086
PLACE_optlc_27269	0	1.55556
PLACE_optlc_36986	0	0.555556
PLACE_optlc_30546	0	0.530864
PLACE_optlc_27678	0	0.54321
PLACE_optlc_37106	0	0.555556
PLACE_optlc_26875	0	1.55556
PLACE_optlc_27871	0	1.55556
PLACE_optlc_30703	0	1.53086
PLACE_optlc_30552	0	0.518519
PLACE_optlc_34259	0	0.555556
PLACE_optlc_28348	0	1.55556
PLACE_optlc_34627	0	1.53086
datamem/U1787	0	0.688414
datamem/U2413	0	1.4241
datamem/U2338	0	0.824973
datamem/U3080	0	1.30339
datamem/ram_reg[201][5]	0	0.616883
datamem/U3323	0	1.05399
PLACE_optlc_30313	0	0.530864
PLACE_optlc_33321	0	0.45679
PLACE_optlc_32506	0	0.530864
PLACE_optlc_33104	0	0.530864
PLACE_optlc_28135	0	1.55556
PLACE_optlc_35144	0	0.469136
datamem/U4155	0	0.735914
datamem/U764	0	1.14841
datamem/U1457	0	0.664911
PLACE_optlc_25768	0	1.55556
PLACE_optlc_25782	0	1.55556
PLACE_optlc_36454	0	1.55556
PLACE_optlc_38053	0	0.555556
PLACE_optlc_35537	0	1.55556
PLACE_optlc_34619	0	0.555556
PLACE_optlc_38317	0	0.555556
PLACE_optlc_27032	0	0.54321
PLACE_optlc_37081	0	1.53086
PLACE_optlc_25960	0	1.54321
PLACE_optlc_37667	0	0.555556
datamem/U4006	0	0.86564
datamem/U715	0	0.926736
datamem/U194	0	0.949063
datamem/ram_reg[118][12]	0	0.600085
datamem/U737	0	0.699028
datamem/ram_reg[56][14]	0	1.05965
datamem/ram_reg[124][15]	0	0.581644
PLACE_optlc_37865	0	0.555556
PLACE_optlc_34073	0	0.54321
PLACE_optlc_34940	0	1.55556
PLACE_optlc_36219	0	0.555556
PLACE_optlc_36246	0	0.530864
PLACE_optlc_30293	0	1.55556
PLACE_optlc_29372	0	1.54321
PLACE_optlc_34581	0	0.530864
datamem/U464	0	0.690691
datamem/U4473	0	1.72659
datamem/U943	0	1.25794
datamem/U22	0	0.904838
datamem/ram_reg[149][1]	0	0.903727
datamem/ram_reg[85][7]	0	0.673839
PLACE_optlc_28957	0	1.51852
PLACE_optlc_28664	0	0.54321
PLACE_optlc_25904	0	1.55556
PLACE_optlc_27727	0	0.54321
PLACE_optlc_31335	0	0.54321
PLACE_optlc_26050	0	0.518519
PLACE_optlc_35255	0	1.55556
datamem/U824	0	0.700683
datamem/ram_reg[169][2]	0	1.34747
PLACE_optlc_33706	0	0.530864
PLACE_optlc_34426	0	1.53086
PLACE_optlc_28427	0	0.493827
PLACE_optlc_27101	0	1.53086
PLACE_optlc_32920	0	0.45679
PLACE_optlc_34944	0	0.555556
PLACE_optlc_30248	0	1.53086
datamem/ram_reg[21][1]	0	1.1369
datamem/ram_reg[225][14]	0	0.768835
datamem/ram_reg[27][1]	0	1.23771
datamem/U4644	0	0.966393
PLACE_optlc_33296	0	0.54321
PLACE_optlc_29256	0	1.54321
PLACE_optlc_34126	0	0.555556
PLACE_optlc_31334	0	0.54321
PLACE_optlc_27800	0	1.55556
PLACE_optlc_29458	0	1.55556
PLACE_optlc_33828	0	0.506173
PLACE_optlc_26807	0	1.54321
PLACE_optlc_26735	0	0.54321
PLACE_optlc_31437	0	0.54321
datamem/ram_reg[70][10]	0	1.36382
PLACE_optlc_32992	0	0.530864
PLACE_optlc_26281	0	0.493827
PLACE_optlc_37781	0	1.53086
PLACE_optlc_28359	0	1.54321
PLACE_optlc_30396	0	0.518519
PLACE_optlc_28429	0	0.54321
PLACE_optlc_28588	0	1.55556
PLACE_optlc_37538	0	0.555556
PLACE_optlc_34934	0	0.506173
PLACE_optlc_30973	0	0.54321
PLACE_optlc_30216	0	0.518519
PLACE_optlc_32329	0	0.518519
PLACE_optlc_35271	0	1.44444
PLACE_optlc_36062	0	0.555556
datamem/U2309	0	0.64848
datamem/ram_reg[116][7]	0	1.25671
PLACE_optlc_35276	0	1.55556
PLACE_optlc_30289	0	0.530864
PLACE_optlc_27197	0	0.506173
PLACE_optlc_32771	0	1.54321
PLACE_optlc_35330	0	1.55556
PLACE_optlc_32402	0	1.50617
PLACE_optlc_38011	0	1.46914
PLACE_optlc_27210	0	1.53086
datamem/ram_reg[121][5]	0	0.826898
datamem/ram_reg[19][10]	0	0.613916
datamem/U3709	0	0.993854
datamem/ram_reg[109][12]	0	0.62436
datamem/ram_reg[245][2]	0	0.924417
PLACE_optlc_27975	0	1.54321
PLACE_optlc_30222	0	0.506173
PLACE_optlc_29358	0	1.55556
PLACE_optlc_25859	0	0.54321
PLACE_optlc_35508	0	1.55556
datamem/ram_reg[180][13]	0	0.622917
PLACE_optlc_28850	0	1.55556
PLACE_optlc_37728	0	1.53086
PLACE_optlc_27335	0	0.481481
PLACE_optlc_34169	0	1.53086
datamem/ram_reg[240][12]	0	0.699394
datamem/ram_reg[212][10]	0	1.82692
datamem/ram_reg[86][1]	0	1.31289
PLACE_optlc_28741	0	1.55556
PLACE_optlc_34546	0	1.55556
PLACE_optlc_31689	0	0.530864
PLACE_optlc_37921	0	1.53086
PLACE_optlc_25718	0	0.54321
PLACE_optlc_37991	0	0.469136
PLACE_optlc_37208	0	0.555556
PLACE_optlc_33517	0	0.469136
PLACE_optlc_36100	0	1.55556
datamem/ram_reg[152][11]	0	0.693711
datamem/ram_reg[188][13]	0	1.04463
datamem/U2385	0	0.704776
datamem/ram_reg[121][12]	0	1.63157
datamem/ram_reg[67][14]	0	0.632785
datamem/U3190	0	0.703387
datamem/ram_reg[215][1]	0	0.68397
PLACE_optlc_32915	0	1.55556
PLACE_optlc_29399	0	0.493827
PLACE_optlc_31613	0	1.51852
PLACE_optlc_37156	0	0.555556
PLACE_optlc_32880	0	0.54321
PLACE_optlc_26626	0	1.55556
PLACE_optlc_30130	0	0.54321
PLACE_optlc_31910	0	0.506173
datamem/U2191	0	0.947091
datamem/ram_reg[58][15]	0	0.914479
datamem/ram_reg[54][14]	0	0.749834
datamem/U1800	0	0.964587
datamem/ram_reg[83][3]	0	0.788974
datamem/U2021	0	1.15524
PLACE_optlc_26279	0	0.506173
PLACE_optlc_37204	0	1.54321
PLACE_optlc_33192	0	0.530864
PLACE_optlc_30944	0	1.49383
PLACE_optlc_28445	0	1.55556
PLACE_optlc_32512	0	1.53086
PLACE_optlc_29137	0	1.53086
datamem/ram_reg[221][7]	0	0.782477
datamem/U4314	0	0.606586
datamem/ram_reg[176][12]	0	0.812986
PLACE_optlc_26468	0	1.55556
PLACE_optlc_28291	0	1.55556
PLACE_optlc_28345	0	1.51852
PLACE_optlc_28740	0	0.518519
PLACE_optlc_29438	0	1.55556
PLACE_optlc_27837	0	0.518519
PLACE_optlc_27165	0	0.530864
datamem/ram_reg[119][7]	0	0.634267
datamem/ram_reg[39][3]	0	0.708804
datamem/ram_reg[124][5]	0	1.97425
datamem/U709	0	0.879923
datamem/U2697	0	1.41014
datamem/U2761	0	1.12008
datamem/U4445	0	1.51293
PLACE_optlc_31534	0	0.45679
PLACE_optlc_25711	0	0.506173
PLACE_optlc_33970	0	0.530864
PLACE_optlc_31324	0	0.530864
PLACE_optlc_33996	0	0.54321
PLACE_optlc_32958	0	0.530864
PLACE_optlc_25770	0	1.48148
PLACE_optlc_34286	0	1.55556
datamem/U2981	0	0.813681
datamem/ram_reg[135][7]	0	1.03356
datamem/ram_reg[129][3]	0	0.826559
datamem/ram_reg[136][2]	0	0.772851
datamem/ram_reg[67][2]	0	0.513777
datamem/U4088	0	1.28708
datamem/ram_reg[208][3]	0	1.3229
datamem/U3334	0	0.633337
datamem/ram_reg[157][10]	0	0.804329
PLACE_optlc_31543	0	0.481481
PLACE_optlc_31461	0	1.54321
PLACE_optlc_27958	0	1.55556
PLACE_optlc_27892	0	1.55556
PLACE_optlc_35200	0	0.555556
PLACE_optlc_28418	0	0.54321
PLACE_optlc_29584	0	0.407407
PLACE_optlc_31741	0	0.45679
datamem/U2105	0	1.27334
datamem/U3738	0	0.971578
datamem/ram_reg[25][6]	0	0.631624
datamem/U2303	0	1.00344
datamem/U991	0	0.895436
datamem/ram_reg[169][9]	0	0.682913
PLACE_optlc_29091	0	0.518519
PLACE_optlc_32199	0	1.55556
datamem/U2052	0	1.10206
datamem/ram_reg[62][3]	0	0.62787
datamem/U3340	0	0.841373
datamem/U2200	0	0.944109
datamem/U4391	0	0.992334
PLACE_optlc_37983	0	0.555556
PLACE_optlc_36906	0	1.53086
datamem/ram_reg[93][6]	0	1.25871
datamem/ram_reg[184][6]	0	0.936917
datamem/U3269	0	0.969772
datamem/ram_reg[252][9]	0	0.678503
datamem/U4215	0	1.57051
PLACE_optlc_35155	0	0.555556
PLACE_optlc_30438	0	1.54321
PLACE_optlc_37111	0	0.506173
PLACE_optlc_30387	0	1.49383
datamem/ram_reg[60][8]	0	0.784757
datamem/U4359	0	1.24912
datamem/U229	0	0.627195
PLACE_optlc_36397	0	0.481481
PLACE_optlc_37224	0	0.555556
PLACE_optlc_27397	0	1.55556
PLACE_optlc_29679	0	0.54321
datamem/U2649	0	1.08272
datamem/ram_reg[165][6]	0	1.38984
datamem/U3059	0	0.893488
PLACE_optlc_32659	0	1.55556
PLACE_optlc_38119	0	0.555556
PLACE_optlc_36749	0	0.555556
PLACE_optlc_36113	0	0.469136
PLACE_optlc_34190	0	1.53086
datamem/ram_reg[146][6]	0	0.826331
datamem/ram_reg[148][10]	0	1.07167
datamem/U3892	0	1.23698
datamem/U2850	0	0.808881
datamem/ram_reg[208][5]	0	1.79629
PLACE_optlc_34584	0	0.469136
PLACE_optlc_37980	0	1.46914
PLACE_optlc_33255	0	0.54321
PLACE_optlc_34139	0	0.555556
PLACE_optlc_28694	0	0.518519
datamem/U2081	0	0.988449
datamem/ram_reg[23][2]	0	0.774857
datamem/U92	0	0.635455
datamem/U3847	0	1.29081
datamem/U1557	0	1.31789
PLACE_optlc_36600	0	1.55556
PLACE_optlc_37140	0	0.555556
PLACE_optlc_36496	0	0.555556
PLACE_optlc_29350	0	0.54321
PLACE_optlc_28548	0	1.51852
PLACE_optlc_34535	0	1.55556
PLACE_optlc_29598	0	0.493827
PLACE_optlc_30315	0	1.53086
datamem/U2431	0	0.827164
datamem/ram_reg[254][11]	0	0.743275
PLACE_optlc_35765	0	0.555556
PLACE_optlc_33880	0	0.481481
PLACE_optlc_32085	0	0.518519
PLACE_optlc_35844	0	0.555556
PLACE_optlc_36159	0	1.55556
PLACE_optlc_37212	0	0.555556
PLACE_optlc_33316	0	0.493827
datamem/ram_reg[127][0]	0	0.615
datamem/U1577	0	0.722095
datamem/U2595	0	1.0798
datamem/ram_reg[99][9]	0	0.781308
PLACE_optlc_27392	0	0.54321
PLACE_optlc_31506	0	1.51852
PLACE_optlc_26307	0	1.49383
PLACE_optlc_31037	0	1.55556
PLACE_optlc_28296	0	0.518519
PLACE_optlc_32325	0	0.54321
PLACE_optlc_36703	0	0.555556
datamem/U3656	0	0.893758
datamem/U2883	0	0.697812
datamem/U3642	0	1.22476
PLACE_optlc_26810	0	1.53086
PLACE_optlc_26451	0	1.55556
PLACE_optlc_28812	0	0.45679
PLACE_optlc_26436	0	1.54321
PLACE_optlc_33392	0	1.53086
PLACE_optlc_30880	0	1.53086
PLACE_optlc_37158	0	1.53086
PLACE_optlc_25921	0	0.469136
PLACE_optlc_34905	0	1.55556
PLACE_optlc_32275	0	0.54321
PLACE_optlc_34373	0	1.55556
datamem/U517	0	0.807018
datamem/U1687	0	1.18586
datamem/U1277	0	1.32118
datamem/ram_reg[143][8]	0	0.568032
PLACE_optlc_32844	0	0.54321
PLACE_optlc_35908	0	1.55556
PLACE_optlc_31868	0	0.518519
PLACE_optlc_32546	0	0.54321
PLACE_optlc_35458	0	0.555556
PLACE_optlc_26768	0	1.55556
PLACE_optlc_28190	0	1.54321
datamem/ram_reg[35][3]	0	0.756887
datamem/U1093	0	0.820174
datamem/U4630	0	0.798854
datamem/U2693	0	1.22544
datamem/U3768	0	0.899803
datamem/U336	0	0.894603
PLACE_optlc_26765	0	0.54321
PLACE_optlc_31386	0	1.51852
PLACE_optlc_30475	0	1.48148
PLACE_optlc_32862	0	0.518519
PLACE_optlc_27493	0	0.54321
PLACE_optlc_29496	0	0.54321
PLACE_optlc_35654	0	0.530864
datamem/U755	0	1.35136
datamem/ram_reg[239][0]	0	1.86089
datamem/U1256	0	0.867338
datamem/U2146	0	1.01248
datamem/U368	0	1.25755
datamem/U2450	0	0.625965
PLACE_optlc_28364	0	1.54321
PLACE_optlc_37453	0	1.55556
PLACE_optlc_30746	0	1.55556
PLACE_optlc_27043	0	1.54321
PLACE_optlc_37563	0	0.555556
PLACE_optlc_27273	0	1.51852
PLACE_optlc_36074	0	0.481481
PLACE_optlc_26726	0	1.55556
PLACE_optlc_33358	0	0.54321
PLACE_optlc_30970	0	0.54321
datamem/ram_reg[187][1]	0	0.819745
datamem/ram_reg[247][7]	0	0.621485
PLACE_optlc_36461	0	0.481481
PLACE_optlc_25730	0	1.55556
PLACE_optlc_31850	0	1.55556
PLACE_optlc_31165	0	0.518519
PLACE_optlc_27898	0	1.55556
PLACE_optlc_35919	0	0.45679
PLACE_optlc_27908	0	1.55556
PLACE_optlc_34170	0	0.469136
datamem/ram_reg[148][14]	0	0.75456
datamem/U4588	0	0.90216
datamem/U4211	0	0.966451
datamem/U1215	0	1.03286
datamem/U3974	0	1.70459
PLACE_optlc_27838	0	1.53086
PLACE_optlc_36992	0	1.53086
PLACE_optlc_33500	0	0.54321
PLACE_optlc_33849	0	1.55556
PLACE_optlc_29045	0	1.54321
PLACE_optlc_35400	0	1.53086
PLACE_optlc_30821	0	0.54321
datamem/ram_reg[117][12]	0	0.777836
datamem/U1064	0	0.657801
datamem/U2257	0	1.06298
datamem/ram_reg[232][11]	0	0.577492
PLACE_optlc_29026	0	0.530864
PLACE_optlc_36884	0	0.555556
PLACE_optlc_27047	0	0.518519
PLACE_optlc_36736	0	1.55556
PLACE_optlc_34043	0	1.51852
PLACE_optlc_31234	0	1.51852
PLACE_optlc_35721	0	0.469136
datamem/ram_reg[75][14]	0	0.624788
datamem/U1027	0	0.811879
datamem/ram_reg[246][14]	0	0.696281
datamem/ram_reg[242][12]	0	1.05625
datamem/ram_reg[28][15]	0	1.0038
datamem/ram_reg[42][10]	0	0.878966
datamem/ram_reg[194][11]	0	1.02446
PLACE_optlc_34623	0	0.469136
PLACE_optlc_27814	0	1.55556
PLACE_optlc_27027	0	1.55556
PLACE_optlc_34382	0	1.53086
PLACE_optlc_32828	0	1.49383
PLACE_optlc_27162	0	1.55556
PLACE_optlc_33428	0	0.54321
PLACE_optlc_34706	0	0.555556
datamem/ram_reg[206][11]	0	0.841782
datamem/ram_reg[12][11]	0	0.718692
datamem/U382	0	0.94804
datamem/U3066	0	0.942411
PLACE_optlc_31908	0	1.55556
PLACE_optlc_37876	0	0.469136
PLACE_optlc_31328	0	1.54321
PLACE_optlc_25641	0	0.481481
PLACE_optlc_29611	0	0.493827
PLACE_optlc_35383	0	0.530864
PLACE_optlc_37943	0	1.54321
datamem/ram_reg[59][15]	0	0.895822
datamem/U2247	0	1.49363
PLACE_optlc_26177	0	0.518519
PLACE_optlc_31650	0	1.49383
PLACE_optlc_25913	0	1.49383
PLACE_optlc_38018	0	0.555556
PLACE_optlc_38035	0	0.518519
PLACE_optlc_32244	0	0.518519
PLACE_optlc_35313	0	1.54321
PLACE_optlc_31107	0	0.54321
PLACE_optlc_37517	0	1.55556
PLACE_optlc_37812	0	0.555556
datamem/ram_reg[43][5]	0	0.6413
datamem/ram_reg[164][8]	0	1.01216
datamem/ram_reg[52][0]	0	1.17111
datamem/U459	0	0.847809
datamem/U2991	0	0.911597
datamem/U3196	0	0.669159
PLACE_optlc_26198	0	1.53086
PLACE_optlc_31663	0	0.54321
PLACE_optlc_31151	0	1.53086
PLACE_optlc_28984	0	0.518519
PLACE_optlc_32926	0	1.49383
PLACE_optlc_34665	0	0.481481
PLACE_optlc_38120	0	0.555556
PLACE_optlc_29566	0	1.51852
datamem/ram_reg[93][10]	0	0.827419
datamem/ram_reg[213][7]	0	0.775876
datamem/U1545	0	1.62445
datamem/ram_reg[76][14]	0	0.715409
datamem/U2296	0	1.04637
datamem/U3862	0	1.26874
PLACE_optlc_25890	0	1.55556
PLACE_optlc_35404	0	1.53086
PLACE_optlc_37364	0	0.518519
PLACE_optlc_28959	0	1.55556
PLACE_optlc_34326	0	0.469136
PLACE_optlc_26776	0	0.469136
PLACE_optlc_37484	0	0.555556
PLACE_optlc_31562	0	1.51852
PLACE_optlc_31193	0	0.54321
datamem/U2688	0	0.607191
datamem/U4488	0	1.12499
datamem/U1082	0	0.661273
datamem/ram_reg[14][15]	0	1.24841
datamem/U1983	0	0.562901
datamem/ram_reg[73][11]	0	0.91706
datamem/U2193	0	1.42336
PLACE_optlc_29838	0	1.46914
PLACE_optlc_34749	0	0.555556
PLACE_optlc_30857	0	0.530864
PLACE_optlc_29155	0	1.55556
PLACE_optlc_28485	0	0.518519
PLACE_optlc_26893	0	1.48148
PLACE_optlc_35223	0	1.55556
PLACE_optlc_27331	0	1.55556
PLACE_optlc_29969	0	0.481481
PLACE_optlc_33488	0	1.50617
PLACE_optlc_33535	0	0.518519
datamem/ram_reg[182][2]	0	0.893908
datamem/U4464	0	0.670667
PLACE_optlc_31715	0	0.54321
PLACE_optlc_28773	0	1.54321
PLACE_optlc_25766	0	0.518519
PLACE_optlc_25688	0	0.506173
PLACE_optlc_26995	0	0.530864
PLACE_optlc_35365	0	0.555556
PLACE_optlc_33091	0	1.53086
PLACE_optlc_26742	0	1.55556
datamem/U3524	0	0.783719
datamem/ram_reg[134][14]	0	1.70953
datamem/ram_reg[246][2]	0	0.836142
datamem/ram_reg[236][10]	0	2.4107
datamem/ram_reg[117][10]	0	0.805814
datamem/U3045	0	1.09449
PLACE_optlc_29381	0	1.55556
PLACE_optlc_33843	0	1.51852
PLACE_optlc_26564	0	0.481481
PLACE_optlc_30112	0	0.54321
PLACE_optlc_33405	0	0.481481
PLACE_optlc_37007	0	1.55556
datamem/ram_reg[216][15]	0	0.86311
datamem/U1227	0	0.591366
datamem/U1371	0	1.13182
datamem/U3413	0	1.59402
datamem/ram_reg[248][9]	0	1.38787
datamem/ram_reg[237][5]	0	1.00564
datamem/ram_reg[194][13]	0	1.32219
PLACE_optlc_36970	0	0.555556
PLACE_optlc_26023	0	1.55556
PLACE_optlc_32482	0	1.55556
PLACE_optlc_28583	0	1.51852
PLACE_optlc_33700	0	0.493827
PLACE_optlc_32916	0	1.51852
PLACE_optlc_38168	0	1.54321
PLACE_optlc_26051	0	1.51852
PLACE_optlc_30257	0	0.54321
datamem/ram_reg[85][14]	0	0.597153
datamem/U1688	0	0.770918
datamem/ram_reg[93][5]	0	0.620687
datamem/U1505	0	0.554977
datamem/U3522	0	0.523592
datamem/U637	0	0.813029
datamem/ram_reg[86][8]	0	0.560583
datamem/ram_reg[112][10]	0	0.661478
PLACE_optlc_36993	0	1.55556
PLACE_optlc_28616	0	0.54321
PLACE_optlc_31807	0	0.518519
PLACE_optlc_31403	0	1.55556
datamem/U828	0	1.13638
datamem/ram_reg[135][13]	0	0.599838
datamem/ram_reg[112][12]	0	1.13889
datamem/ram_reg[55][15]	0	0.95017
datamem/ram_reg[41][13]	0	1.80129
datamem/ram_reg[123][15]	0	0.713611
PLACE_optlc_26172	0	0.54321
PLACE_optlc_26546	0	0.530864
PLACE_optlc_36813	0	0.555556
PLACE_optlc_34926	0	0.481481
PLACE_optlc_32639	0	1.51852
PLACE_optlc_29688	0	1.53086
PLACE_optlc_37449	0	1.55556
PLACE_optlc_35584	0	0.555556
PLACE_optlc_31607	0	1.54321
PLACE_optlc_33872	0	0.54321
datamem/ram_reg[161][8]	0	0.667145
datamem/U3383	0	0.707751
datamem/ram_reg[124][12]	0	1.20536
datamem/ram_reg[26][8]	0	1.5821
datamem/U2463	0	0.892284
datamem/ram_reg[31][11]	0	1.52193
datamem/ram_reg[243][9]	0	1.61508
datamem/ram_reg[65][11]	0	0.765938
datamem/ram_reg[72][2]	0	0.919132
PLACE_optlc_35989	0	1.49383
PLACE_optlc_37890	0	0.555556
PLACE_optlc_37409	0	0.555556
PLACE_optlc_34750	0	0.555556
PLACE_optlc_28706	0	0.493827
PLACE_optlc_35731	0	0.469136
PLACE_optlc_31825	0	0.518519
PLACE_optlc_28648	0	0.530864
PLACE_optlc_35746	0	0.555556
datamem/U3719	0	1.08363
datamem/ram_reg[36][8]	0	1.03142
datamem/ram_reg[138][13]	0	2.34551
datamem/ram_reg[135][1]	0	2.01573
datamem/ram_reg[51][9]	0	1.9725
datamem/U941	0	1.67204
datamem/ram_reg[202][11]	0	1.31726
PLACE_optlc_30681	0	0.506173
PLACE_optlc_37024	0	0.555556
datamem/ram_reg[116][1]	0	0.945282
datamem/U522	0	1.61045
datamem/U770	0	0.735864
datamem/U2128	0	1.32048
PLACE_optlc_29989	0	0.493827
PLACE_optlc_36001	0	0.555556
PLACE_optlc_30816	0	1.54321
PLACE_optlc_26813	0	1.54321
PLACE_optlc_37798	0	1.51852
PLACE_optlc_32239	0	0.45679
PLACE_optlc_30758	0	1.55556
PLACE_optlc_27780	0	0.506173
datamem/U1124	0	0.628762
datamem/ram_reg[174][12]	0	1.01969
datamem/U783	0	0.975907
PLACE_optlc_37597	0	0.518519
PLACE_optlc_26563	0	0.54321
PLACE_optlc_26708	0	0.530864
PLACE_optlc_34759	0	0.555556
PLACE_optlc_38323	0	0.555556
PLACE_optlc_31039	0	0.54321
datamem/ram_reg[11][5]	0	0.616277
datamem/ram_reg[14][5]	0	1.65432
datamem/ram_reg[214][15]	0	1.034
PLACE_optlc_26712	0	1.49383
PLACE_optlc_32929	0	1.55556
PLACE_optlc_36927	0	1.55556
PLACE_optlc_26183	0	0.54321
PLACE_optlc_33990	0	0.518519
PLACE_optlc_36645	0	0.469136
PLACE_optlc_32062	0	0.45679
PLACE_optlc_38068	0	0.493827
PLACE_optlc_32373	0	0.54321
PLACE_optlc_28742	0	0.54321
PLACE_optlc_29701	0	0.54321
PLACE_optlc_34884	0	1.55556
datamem/ram_reg[48][1]	0	0.989062
datamem/U2692	0	1.29147
PLACE_optlc_32657	0	0.54321
PLACE_optlc_35215	0	0.555556
PLACE_optlc_31170	0	1.55556
PLACE_optlc_29258	0	1.55556
PLACE_optlc_32952	0	1.55556
PLACE_optlc_31482	0	1.55556
PLACE_optlc_33891	0	1.54321
PLACE_optlc_29664	0	0.506173
datamem/ram_reg[168][6]	0	0.582334
datamem/U2036	0	1.20294
datamem/U2648	0	0.821254
datamem/ram_reg[201][0]	0	1.51165
datamem/U3770	0	0.670965
datamem/ram_reg[228][15]	0	2.05313
PLACE_optlc_30280	0	1.50617
PLACE_optlc_31060	0	0.54321
PLACE_optlc_37005	0	1.55556
PLACE_optlc_37267	0	0.555556
PLACE_optlc_30014	0	1.55556
PLACE_optlc_26881	0	1.55556
datamem/U4295	0	0.915694
datamem/ram_reg[205][2]	0	0.612859
datamem/U4413	0	1.17145
PLACE_optlc_29836	0	1.55556
PLACE_optlc_30968	0	1.55556
PLACE_optlc_26576	0	1.55556
PLACE_optlc_37737	0	0.555556
PLACE_optlc_27560	0	0.54321
PLACE_optlc_30906	0	0.54321
PLACE_optlc_37116	0	0.555556
datamem/ram_reg[84][2]	0	1.04114
datamem/U2009	0	0.960764
datamem/ram_reg[220][13]	0	1.29306
datamem/U419	0	0.830498
datamem/ram_reg[105][5]	0	0.755463
datamem/ram_reg[175][6]	0	0.688515
PLACE_optlc_32648	0	0.481481
PLACE_optlc_27802	0	0.518519
PLACE_optlc_34550	0	1.55556
PLACE_optlc_27991	0	0.432099
PLACE_optlc_31763	0	1.55556
PLACE_optlc_35501	0	0.555556
PLACE_optlc_27741	0	1.54321
PLACE_optlc_29673	0	0.518519
PLACE_optlc_34070	0	1.51852
datamem/U4139	0	1.16322
datamem/ram_reg[61][0]	0	1.45534
datamem/ram_reg[4][12]	0	0.693291
datamem/ram_reg[221][9]	0	1.80211
datamem/ram_reg[153][6]	0	1.02373
PLACE_optlc_28153	0	0.469136
PLACE_optlc_30965	0	0.54321
PLACE_optlc_29814	0	1.49383
PLACE_optlc_36590	0	0.54321
PLACE_optlc_36885	0	0.555556
PLACE_optlc_30912	0	1.55556
PLACE_optlc_35345	0	0.555556
PLACE_optlc_31360	0	1.49383
datamem/ram_reg[205][10]	0	1.55277
datamem/ram_reg[136][0]	0	0.7414
datamem/ram_reg[220][4]	0	1.03225
PLACE_optlc_26783	0	0.54321
PLACE_optlc_32580	0	1.55556
PLACE_optlc_29050	0	1.55556
PLACE_optlc_28828	0	1.54321
datamem/U2444	0	0.562523
datamem/U2126	0	0.6737
datamem/U4397	0	1.45195
PLACE_optlc_32545	0	0.518519
PLACE_optlc_26970	0	0.54321
PLACE_optlc_26059	0	0.54321
PLACE_optlc_37405	0	0.555556
PLACE_optlc_33452	0	1.55556
datamem/ram_reg[14][4]	0	1.01927
PLACE_optlc_37633	0	1.55556
PLACE_optlc_36394	0	1.50617
PLACE_optlc_36210	0	0.555556
PLACE_optlc_33087	0	0.54321
PLACE_optlc_32066	0	0.54321
PLACE_optlc_32301	0	1.55556
PLACE_optlc_27914	0	0.518519
datamem/ram_reg[235][3]	0	0.578885
datamem/ram_reg[172][4]	0	0.769958
datamem/ram_reg[45][14]	0	1.09935
PLACE_optlc_37910	0	0.555556
PLACE_optlc_30772	0	1.54321
PLACE_optlc_35023	0	0.555556
PLACE_optlc_29769	0	0.54321
PLACE_optlc_27773	0	0.54321
datamem/U4326	0	1.49938
datamem/U205	0	0.882859
datamem/ram_reg[48][14]	0	0.609487
PLACE_optlc_36505	0	1.53086
PLACE_optlc_26584	0	1.55556
PLACE_optlc_38183	0	1.53086
PLACE_optlc_26867	0	1.55556
PLACE_optlc_33188	0	1.54321
PLACE_optlc_30102	0	0.493827
datamem/U4510	0	1.02061
datamem/U870	0	1.51676
datamem/ram_reg[204][5]	0	0.713954
datamem/U1289	0	0.816875
datamem/ram_reg[167][3]	0	1.60214
datamem/ram_reg[191][14]	0	2.08188
datamem/ram_reg[71][4]	0	1.29256
PLACE_optlc_32978	0	0.54321
PLACE_optlc_35278	0	0.506173
PLACE_optlc_30529	0	0.506173
datamem/ram_reg[251][7]	0	0.759842
datamem/ram_reg[186][11]	0	0.663125
datamem/ram_reg[193][14]	0	0.959144
datamem/U660	0	0.559857
datamem/ram_reg[45][0]	0	0.574275
datamem/ram_reg[8][10]	0	0.589464
PLACE_optlc_33651	0	1.54321
PLACE_optlc_29138	0	0.518519
PLACE_optlc_27637	0	0.54321
datamem/ram_reg[44][3]	0	1.01215
datamem/U269	0	0.798287
datamem/U2254	0	0.689236
datamem/U258	0	0.609688
PLACE_optlc_27145	0	0.54321
PLACE_optlc_26113	0	1.54321
PLACE_optlc_35789	0	0.555556
PLACE_optlc_30084	0	0.54321
PLACE_optlc_35642	0	1.54321
datamem/U932	0	0.558688
datamem/U4476	0	0.752948
datamem/U2510	0	1.19233
datamem/U1188	0	1.33244
PLACE_optlc_34716	0	0.555556
PLACE_optlc_29099	0	0.54321
PLACE_optlc_25645	0	0.518519
PLACE_optlc_30061	0	1.54321
PLACE_optlc_33070	0	1.55556
PLACE_optlc_31271	0	1.55556
PLACE_optlc_31696	0	1.54321
datamem/U1616	0	0.855552
datamem/ram_reg[200][12]	0	1.04812
datamem/ram_reg[242][9]	0	0.718291
datamem/ram_reg[244][8]	0	1.22165
PLACE_optlc_31007	0	1.51852
PLACE_optlc_31774	0	1.53086
PLACE_optlc_32267	0	0.506173
PLACE_optlc_27361	0	0.530864
datamem/ram_reg[158][0]	0	0.886308
datamem/U2975	0	1.03762
datamem/ram_reg[234][6]	0	0.879078
PLACE_optlc_30180	0	0.506173
datamem/ram_reg[230][10]	0	0.575116
datamem/ram_reg[29][4]	0	1.90728
datamem/U3529	0	0.556481
datamem/ram_reg[104][7]	0	1.03572
datamem/U1389	0	0.847994
datamem/U1692	0	0.855478
PLACE_optlc_37974	0	1.55556
PLACE_optlc_36020	0	1.55556
PLACE_optlc_26434	0	0.518519
PLACE_optlc_34846	0	0.555556
PLACE_optlc_37936	0	0.555556
PLACE_optlc_26062	0	0.530864
PLACE_optlc_35376	0	0.555556
PLACE_optlc_30278	0	0.54321
datamem/U1564	0	0.910251
datamem/U3994	0	0.793272
datamem/ram_reg[146][11]	0	1.17083
datamem/ram_reg[111][2]	0	1.18908
datamem/U1332	0	0.953912
datamem/ram_reg[44][0]	0	0.715741
PLACE_optlc_28845	0	1.55556
PLACE_optlc_36516	0	0.518519
datamem/U2038	0	0.611489
datamem/U3294	0	0.782168
datamem/ram_reg[59][3]	0	1.04113
PLACE_optlc_36082	0	0.54321
PLACE_optlc_33386	0	1.54321
PLACE_optlc_31751	0	1.55556
PLACE_optlc_34315	0	0.506173
PLACE_optlc_36255	0	0.555556
datamem/ram_reg[228][11]	0	0.900536
datamem/U3159	0	1.63757
datamem/U3888	0	0.727041
datamem/ram_reg[187][9]	0	1.88287
datamem/ram_reg[251][9]	0	0.700351
datamem/U4282	0	0.61191
datamem/U2439	0	0.894969
PLACE_optlc_35229	0	0.518519
PLACE_optlc_30092	0	1.55556
PLACE_optlc_35759	0	0.555556
PLACE_optlc_34655	0	0.555556
PLACE_optlc_29116	0	1.55556
PLACE_optlc_37132	0	0.555556
datamem/U4008	0	0.812122
datamem/U1552	0	0.922978
datamem/ram_reg[192][9]	0	1.04818
datamem/ram_reg[2][3]	0	0.654429
datamem/ram_reg[13][9]	0	0.609529
datamem/ram_reg[127][8]	0	1.02168
datamem/ram_reg[195][0]	0	1.18678
datamem/U2239	0	1.74111
PLACE_optlc_32271	0	0.518519
PLACE_optlc_36440	0	1.55556
PLACE_optlc_27399	0	1.55556
PLACE_optlc_33989	0	0.54321
datamem/U3924	0	0.731427
datamem/U1904	0	1.41454
datamem/ram_reg[3][13]	0	0.813013
datamem/ram_reg[240][13]	0	0.597542
PLACE_optlc_28830	0	0.506173
PLACE_optlc_32637	0	0.530864
PLACE_optlc_29260	0	1.55556
PLACE_optlc_30993	0	0.555556
PLACE_optlc_26158	0	1.51852
PLACE_optlc_37961	0	1.55556
PLACE_optlc_26639	0	1.55556
datamem/U1010	0	0.856532
datamem/U2456	0	0.730621
datamem/ram_reg[39][11]	0	1.23026
datamem/U3666	0	1.26353
datamem/U814	0	1.20264
datamem/ram_reg[36][6]	0	0.806331
PLACE_optlc_25927	0	0.54321
PLACE_optlc_27906	0	0.530864
PLACE_optlc_37474	0	0.555556
PLACE_optlc_28693	0	0.493827
PLACE_optlc_37811	0	0.555556
datamem/U2921	0	1.06747
datamem/U3171	0	0.856701
PLACE_optlc_36272	0	0.444444
PLACE_optlc_33325	0	0.54321
PLACE_optlc_31704	0	1.55556
PLACE_optlc_35510	0	1.55556
PLACE_optlc_34978	0	1.55556
PLACE_optlc_28069	0	0.54321
PLACE_optlc_31547	0	1.50617
PLACE_optlc_33006	0	1.55556
PLACE_optlc_27086	0	0.54321
datamem/ram_reg[75][7]	0	1.5889
datamem/U1305	0	0.998569
datamem/ram_reg[207][14]	0	0.855278
datamem/U572	0	1.18997
datamem/ram_reg[2][14]	0	1.61417
datamem/ram_reg[35][4]	0	1.27746
datamem/ram_reg[98][0]	0	2.07484
PLACE_optlc_28535	0	1.54321
PLACE_optlc_27579	0	1.53086
PLACE_optlc_27684	0	1.54321
PLACE_optlc_32623	0	1.55556
PLACE_optlc_26696	0	0.518519
PLACE_optlc_30573	0	1.55556
PLACE_optlc_38022	0	0.555556
PLACE_optlc_34100	0	1.55556
PLACE_optlc_38292	0	1.55556
datamem/ram_reg[28][13]	0	1.76862
datamem/ram_reg[224][6]	0	1.18749
datamem/U2099	0	1.3701
PLACE_optlc_30325	0	0.530864
PLACE_optlc_36008	0	0.555556
PLACE_optlc_32624	0	1.54321
PLACE_optlc_34257	0	1.55556
PLACE_optlc_36957	0	0.555556
PLACE_optlc_31782	0	1.55556
datamem/ram_reg[208][9]	0	0.531956
datamem/ram_reg[193][12]	0	0.612747
datamem/ram_reg[174][13]	0	0.987782
datamem/ram_reg[138][7]	0	2.14842
datamem/U3024	0	0.982396
PLACE_optlc_30381	0	0.54321
PLACE_optlc_31455	0	0.54321
PLACE_optlc_26862	0	1.55556
PLACE_optlc_34922	0	0.555556
PLACE_optlc_29976	0	0.530864
PLACE_optlc_34316	0	1.55556
PLACE_optlc_35482	0	1.55556
datamem/ram_reg[89][6]	0	0.521879
datamem/U3115	0	0.880174
datamem/ram_reg[14][8]	0	0.820756
datamem/ram_reg[236][13]	0	1.49543
datamem/ram_reg[43][1]	0	1.27536
PLACE_optlc_37104	0	1.55556
PLACE_optlc_37835	0	0.555556
PLACE_optlc_37555	0	0.555556
PLACE_optlc_29558	0	1.46914
PLACE_optlc_33664	0	1.55556
PLACE_optlc_26498	0	0.518519
datamem/U799	0	1.48065
datamem/U4432	0	1.36416
datamem/U259	0	1.07954
PLACE_optlc_29366	0	1.54321
PLACE_optlc_26628	0	0.530864
PLACE_optlc_27182	0	0.54321
PLACE_optlc_37608	0	1.55556
PLACE_optlc_34005	0	1.51852
PLACE_optlc_32364	0	1.48148
PLACE_optlc_27557	0	1.55556
PLACE_optlc_36520	0	0.555556
PLACE_optlc_38157	0	1.55556
PLACE_optlc_30001	0	1.54321
PLACE_optlc_36487	0	1.53086
datamem/U3637	0	0.689672
datamem/U4257	0	1.03235
datamem/ram_reg[103][4]	0	0.689907
PLACE_optlc_36421	0	0.555556
PLACE_optlc_30436	0	1.55556
PLACE_optlc_33293	0	0.54321
PLACE_optlc_32930	0	1.55556
PLACE_optlc_27663	0	1.54321
PLACE_optlc_29608	0	1.53086
PLACE_optlc_36756	0	1.55556
PLACE_optlc_30642	0	0.518519
datamem/ram_reg[180][1]	0	0.706049
datamem/U658	0	0.896929
datamem/U479	0	1.46006
datamem/U3711	0	0.883314
datamem/ram_reg[102][4]	0	1.36182
datamem/U4567	0	0.953009
datamem/ram_reg[40][10]	0	0.658715
datamem/ram_reg[82][2]	0	1.13739
datamem/U3631	0	0.615127
PLACE_optlc_28401	0	0.530864
PLACE_optlc_30434	0	0.518519
PLACE_optlc_37008	0	1.55556
PLACE_optlc_28931	0	1.55556
PLACE_optlc_36604	0	0.469136
PLACE_optlc_30312	0	0.54321
PLACE_optlc_32960	0	0.54321
datamem/U1522	0	1.08161
datamem/ram_reg[131][4]	0	0.548187
datamem/ram_reg[118][3]	0	0.915718
datamem/ram_reg[203][11]	0	1.38848
datamem/ram_reg[213][11]	0	0.545633
PLACE_optlc_31558	0	1.54321
PLACE_optlc_28523	0	0.54321
PLACE_optlc_31588	0	1.54321
PLACE_optlc_27509	0	1.55556
PLACE_optlc_26895	0	1.54321
PLACE_optlc_28151	0	1.55556
PLACE_optlc_29666	0	1.55556
PLACE_optlc_36731	0	0.54321
datamem/ram_reg[16][14]	0	1.75953
datamem/U4143	0	0.880598
datamem/ram_reg[114][9]	0	0.998453
datamem/ram_reg[6][6]	0	1.47012
datamem/U86	0	1.07866
datamem/U2774	0	1.02072
PLACE_optlc_30863	0	1.55556
PLACE_optlc_33156	0	0.54321
PLACE_optlc_26966	0	0.518519
PLACE_optlc_26522	0	1.49383
PLACE_optlc_30239	0	0.518519
PLACE_optlc_30209	0	0.555556
PLACE_optlc_25698	0	0.54321
datamem/U2776	0	1.62382
datamem/U2461	0	0.719815
datamem/U1103	0	1.62317
SpareCell_1_0	0	0.924383
datamem/U3985	0	0.987832
datamem/ram_reg[36][4]	0	1.18414
PLACE_optlc_32911	0	1.55556
PLACE_optlc_29397	0	0.54321
PLACE_optlc_37168	0	1.55556
PLACE_optlc_28936	0	1.51852
PLACE_optlc_33301	0	0.518519
PLACE_optlc_35981	0	1.55556
datamem/U4018	0	1.45485
datamem/ram_reg[200][9]	0	0.950177
datamem/ram_reg[80][7]	0	1.21931
PLACE_optlc_28423	0	1.55556
PLACE_optlc_25672	0	0.518519
PLACE_optlc_33465	0	1.54321
PLACE_optlc_36341	0	0.555556
PLACE_optlc_35331	0	1.55556
PLACE_optlc_36367	0	0.555556
PLACE_optlc_25739	0	0.45679
datamem/U4242	0	0.87071
datamem/U3160	0	1.52275
datamem/ram_reg[53][15]	0	1.71149
PLACE_optlc_31077	0	0.518519
PLACE_optlc_37807	0	1.51852
PLACE_optlc_36143	0	1.53086
PLACE_optlc_31729	0	1.55556
PLACE_optlc_31150	0	0.469136
PLACE_optlc_29796	0	1.51852
datamem/U638	0	0.702261
datamem/ram_reg[153][8]	0	1.65006
datamem/U2304	0	0.569186
datamem/ram_reg[178][2]	0	0.635367
datamem/U3468	0	1.60405
PLACE_optlc_31463	0	1.55556
PLACE_optlc_34853	0	0.469136
PLACE_optlc_35694	0	0.555556
PLACE_optlc_35614	0	0.555556
PLACE_optlc_25615	0	1.55556
PLACE_optlc_34430	0	0.555556
datamem/ram_reg[208][14]	0	1.19257
datamem/ram_reg[172][0]	0	1.38284
datamem/ram_reg[123][1]	0	1.66352
datamem/U883	0	0.645216
datamem/ram_reg[221][2]	0	0.707739
datamem/U3257	0	0.890135
PLACE_optlc_35285	0	0.54321
PLACE_optlc_27951	0	0.555556
PLACE_optlc_29368	0	0.518519
PLACE_optlc_37950	0	0.555556
PLACE_optlc_26381	0	0.481481
datamem/ram_reg[164][6]	0	1.12296
datamem/U4285	0	1.01876
datamem/U3507	0	1.47867
datamem/U156	0	0.794965
PLACE_optlc_26118	0	0.54321
PLACE_optlc_32021	0	0.54321
PLACE_optlc_29794	0	1.55556
PLACE_optlc_26256	0	1.53086
PLACE_optlc_26806	0	0.518519
PLACE_optlc_36870	0	1.55556
PLACE_optlc_27094	0	0.54321
datamem/ram_reg[221][15]	0	1.18947
datamem/U1486	0	0.635035
datamem/U1773	0	0.582573
datamem/U4565	0	0.920864
PLACE_optlc_30095	0	0.518519
PLACE_optlc_37272	0	0.555556
PLACE_optlc_34501	0	0.555556
PLACE_optlc_32250	0	1.55556
PLACE_optlc_34625	0	1.53086
PLACE_optlc_35627	0	1.55556
PLACE_optlc_35816	0	0.555556
PLACE_optlc_38206	0	0.555556
PLACE_optlc_31583	0	1.55556
datamem/ram_reg[166][9]	0	0.824479
datamem/U3375	0	0.665702
datamem/ram_reg[88][2]	0	0.675058
datamem/U3111	0	0.978773
PLACE_optlc_33302	0	1.55556
PLACE_optlc_32733	0	1.49383
PLACE_optlc_31549	0	1.51852
PLACE_optlc_35531	0	1.55556
PLACE_optlc_26088	0	0.54321
PLACE_optlc_33625	0	1.53086
PLACE_optlc_29954	0	0.54321
PLACE_optlc_29279	0	0.530864
PLACE_optlc_29687	0	1.55556
PLACE_optlc_31762	0	0.54321
datamem/ram_reg[206][7]	0	0.713746
datamem/ram_reg[45][7]	0	0.686543
datamem/U3696	0	0.771404
datamem/U3774	0	1.02262
PLACE_optlc_38250	0	1.55556
PLACE_optlc_32736	0	1.53086
PLACE_optlc_30665	0	0.54321
PLACE_optlc_31749	0	1.53086
PLACE_optlc_31240	0	0.54321
PLACE_optlc_35203	0	0.555556
datamem/ram_reg[213][9]	0	1.29405
datamem/U4394	0	0.84892
datamem/U527	0	1.59993
PLACE_optlc_28625	0	0.530864
PLACE_optlc_32187	0	0.530864
PLACE_optlc_35767	0	1.55556
PLACE_optlc_29144	0	1.54321
PLACE_optlc_37331	0	1.46914
PLACE_optlc_27778	0	0.54321
PLACE_optlc_27278	0	1.54321
PLACE_optlc_26963	0	0.506173
PLACE_optlc_30156	0	0.481481
PLACE_optlc_27920	0	0.493827
datamem/U3505	0	1.10796
datamem/U3684	0	1.90172
datamem/ram_reg[127][1]	0	0.812731
datamem/ram_reg[140][2]	0	1.11078
PLACE_optlc_36003	0	1.53086
PLACE_optlc_32096	0	0.518519
PLACE_optlc_36068	0	0.555556
PLACE_optlc_26459	0	0.54321
PLACE_optlc_34135	0	1.46914
PLACE_optlc_33541	0	0.54321
PLACE_optlc_31812	0	1.49383
datamem/U2973	0	1.69265
datamem/U1888	0	0.897708
datamem/U4174	0	1.33025
datamem/U1720	0	1.15422
datamem/U2858	0	0.985058
PLACE_optlc_30210	0	0.493827
PLACE_optlc_33273	0	1.53086
PLACE_optlc_30414	0	1.55556
PLACE_optlc_29492	0	1.55556
PLACE_optlc_33944	0	1.54321
PLACE_optlc_37613	0	0.54321
PLACE_optlc_28244	0	1.54321
datamem/U529	0	0.897411
SpareCell_2	0	0.887346
SpareCell_3_2	0	1.67438
datamem/U2653	0	1.07971
datamem/ram_reg[72][7]	0	0.616686
datamem/U796	0	0.94191
PLACE_optlc_35556	0	0.555556
PLACE_optlc_26176	0	1.54321
PLACE_optlc_33263	0	0.555556
PLACE_optlc_38131	0	0.45679
PLACE_optlc_35752	0	0.555556
PLACE_optlc_32850	0	0.518519
PLACE_optlc_36213	0	0.555556
PLACE_optlc_37422	0	1.55556
PLACE_optlc_32813	0	0.54321
datamem/ram_reg[7][3]	0	0.904664
datamem/U1070	0	1.1527
PLACE_optlc_26192	0	1.51852
PLACE_optlc_29261	0	1.55556
PLACE_optlc_31434	0	1.54321
PLACE_optlc_26423	0	1.51852
PLACE_optlc_36104	0	1.53086
PLACE_optlc_35171	0	0.555556
datamem/U3734	0	1.17922
datamem/U69	0	0.746238
datamem/ram_reg[176][10]	0	1.47303
PLACE_optlc_26620	0	1.50617
PLACE_optlc_32204	0	1.45679
PLACE_optlc_28736	0	1.55556
PLACE_optlc_37002	0	0.530864
PLACE_optlc_37254	0	0.555556
PLACE_optlc_31936	0	1.50617
PLACE_optlc_29333	0	1.55556
PLACE_optlc_32704	0	0.518519
datamem/U3759	0	1.17971
datamem/ram_reg[216][4]	0	0.583974
datamem/ram_reg[246][13]	0	0.707296
datamem/U3391	0	0.901019
datamem/U3864	0	0.800586
datamem/ram_reg[222][1]	0	1.64287
datamem/ram_reg[173][3]	0	0.593796
datamem/ram_reg[139][10]	0	0.769286
datamem/U3484	0	0.766289
datamem/U245	0	1.61367
PLACE_optlc_33703	0	0.518519
PLACE_optlc_27848	0	0.530864
PLACE_optlc_33914	0	0.518519
PLACE_optlc_27675	0	0.407407
PLACE_optlc_26031	0	0.555556
PLACE_optlc_33558	0	1.55556
datamem/ram_reg[242][4]	0	0.656856
datamem/U41	0	0.961929
datamem/ram_reg[253][12]	0	0.69267
datamem/ram_reg[53][5]	0	0.971601
datamem/U4360	0	1.17963
datamem/ram_reg[30][1]	0	0.561412
PLACE_optlc_29733	0	1.50617
PLACE_optlc_30921	0	0.54321
PLACE_optlc_26408	0	0.54321
PLACE_optlc_36017	0	0.555556
PLACE_optlc_34433	0	0.481481
PLACE_optlc_27450	0	1.54321
PLACE_optlc_29908	0	0.54321
PLACE_optlc_36479	0	0.555556
PLACE_optlc_37495	0	0.555556
datamem/U717	0	0.649074
PLACE_optlc_27764	0	1.55556
PLACE_optlc_28165	0	0.555556
PLACE_optlc_36218	0	0.506173
PLACE_optlc_37918	0	1.55556
PLACE_optlc_33041	0	1.55556
PLACE_optlc_35481	0	1.55556
PLACE_optlc_27980	0	0.54321
PLACE_optlc_31528	0	0.518519
PLACE_optlc_34852	0	0.555556
datamem/U3876	0	0.775208
datamem/U2071	0	0.784082
datamem/ram_reg[198][8]	0	1.13674
datamem/ram_reg[30][15]	0	0.649182
datamem/ram_reg[23][15]	0	0.925212
datamem/U1849	0	0.883345
datamem/U1364	0	1.14531
PLACE_optlc_31103	0	0.518519
PLACE_optlc_29569	0	1.55556
PLACE_optlc_30479	0	1.55556
PLACE_optlc_30226	0	0.54321
PLACE_optlc_37195	0	1.55556
PLACE_optlc_28437	0	0.469136
PLACE_optlc_35920	0	1.45679
PLACE_optlc_35008	0	1.55556
PLACE_optlc_31811	0	1.55556
PLACE_optlc_27592	0	0.469136
PLACE_optlc_37509	0	0.555556
datamem/U2297	0	1.22071
datamem/U52	0	0.775559
datamem/U520	0	0.706373
datamem/ram_reg[82][0]	0	1.254
PLACE_optlc_31799	0	0.530864
PLACE_optlc_29147	0	1.55556
PLACE_optlc_31946	0	1.55556
PLACE_optlc_29515	0	0.518519
datamem/ram_reg[227][10]	0	2.26045
datamem/U102	0	0.986258
datamem/U4062	0	0.719738
datamem/U734	0	0.671539
PLACE_optlc_35186	0	1.54321
PLACE_optlc_33515	0	0.506173
PLACE_optlc_28770	0	1.55556
PLACE_optlc_32957	0	0.54321
PLACE_optlc_27616	0	1.54321
PLACE_optlc_34359	0	1.46914
PLACE_optlc_37823	0	1.55556
datamem/U3012	0	1.33468
datamem/U4571	0	0.870482
datamem/U2504	0	1.49916
datamem/ram_reg[46][15]	0	1.71483
PLACE_optlc_28037	0	0.518519
PLACE_optlc_37675	0	0.555556
PLACE_optlc_25977	0	1.51852
PLACE_optlc_31358	0	1.55556
PLACE_optlc_30636	0	1.4321
PLACE_optlc_31786	0	1.50617
PLACE_optlc_26523	0	0.493827
PLACE_optlc_35515	0	1.55556
PLACE_optlc_26021	0	0.54321
PLACE_optlc_29589	0	1.55556
PLACE_optlc_34653	0	0.555556
PLACE_optlc_32290	0	1.49383
datamem/ram_reg[210][10]	0	0.697488
datamem/ram_reg[145][4]	0	0.862593
datamem/ram_reg[162][14]	0	1.73364
datamem/ram_reg[160][2]	0	0.811806
datamem/ram_reg[229][3]	0	0.619564
datamem/U3607	0	1.23682
datamem/ram_reg[199][6]	0	1.37852
PLACE_optlc_36399	0	1.53086
PLACE_optlc_33712	0	0.518519
PLACE_optlc_33182	0	0.518519
PLACE_optlc_34414	0	0.481481
PLACE_optlc_31158	0	0.493827
PLACE_optlc_25907	0	0.54321
PLACE_optlc_34044	0	1.55556
PLACE_optlc_38138	0	0.555556
datamem/ram_reg[28][11]	0	0.754552
datamem/U262	0	0.692072
datamem/U779	0	0.590513
datamem/ram_reg[1][7]	0	0.735841
datamem/ram_reg[29][2]	0	0.732812
PLACE_optlc_32119	0	1.53086
PLACE_optlc_28592	0	1.55556
PLACE_optlc_32797	0	1.55556
PLACE_optlc_26119	0	1.55556
PLACE_optlc_36404	0	0.555556
PLACE_optlc_31533	0	1.55556
PLACE_optlc_29586	0	1.39506
datamem/ram_reg[214][3]	0	0.805035
datamem/ram_reg[126][7]	0	0.868002
datamem/U1867	0	1.28522
PLACE_optlc_34116	0	0.530864
PLACE_optlc_32162	0	1.45679
PLACE_optlc_38016	0	1.55556
PLACE_optlc_29413	0	1.55556
PLACE_optlc_32696	0	0.518519
PLACE_optlc_34700	0	1.55556
PLACE_optlc_36139	0	1.51852
PLACE_optlc_26396	0	1.55556
PLACE_optlc_35338	0	0.555556
datamem/ram_reg[100][5]	0	0.929807
datamem/ram_reg[88][11]	0	0.562103
datamem/U3132	0	0.851478
PLACE_optlc_36025	0	1.55556
PLACE_optlc_31122	0	1.54321
PLACE_optlc_33544	0	0.54321
PLACE_optlc_31520	0	1.55556
PLACE_optlc_34432	0	0.419753
PLACE_optlc_32919	0	0.54321
PLACE_optlc_31194	0	0.555556
PLACE_optlc_34760	0	1.46914
PLACE_optlc_31411	0	0.54321
datamem/ram_reg[174][10]	0	1.43312
datamem/U1585	0	0.746655
datamem/ram_reg[9][15]	0	0.563708
datamem/ram_reg[95][2]	0	0.808866
datamem/ram_reg[106][5]	0	0.667299
datamem/U2137	0	0.940239
PLACE_optlc_35829	0	0.530864
PLACE_optlc_35878	0	0.469136
PLACE_optlc_27339	0	0.493827
PLACE_optlc_26214	0	1.53086
PLACE_optlc_31716	0	0.530864
PLACE_optlc_29509	0	1.55556
PLACE_optlc_28654	0	1.53086
PLACE_optlc_34609	0	1.55556
PLACE_optlc_32874	0	0.54321
PLACE_optlc_29552	0	1.55556
datamem/ram_reg[184][11]	0	1.36736
datamem/U3811	0	0.860683
datamem/U2375	0	1.15981
datamem/ram_reg[154][0]	0	1.25538
datamem/ram_reg[125][10]	0	0.841887
datamem/U305	0	1.35558
datamem/ram_reg[45][3]	0	1.03588
PLACE_optlc_36643	0	0.469136
PLACE_optlc_25767	0	1.51852
PLACE_optlc_30800	0	1.50617
PLACE_optlc_27033	0	0.518519
PLACE_optlc_36601	0	0.555556
PLACE_optlc_27112	0	1.55556
PLACE_optlc_26095	0	1.53086
PLACE_optlc_29298	0	0.506173
datamem/ram_reg[40][14]	0	1.4394
datamem/U3445	0	1.12963
datamem/U3866	0	0.88811
datamem/U116	0	0.552377
datamem/ram_reg[56][10]	0	1.35729
datamem/ram_reg[38][9]	0	1.01441
PLACE_optlc_35403	0	1.51852
PLACE_optlc_32769	0	0.493827
PLACE_optlc_28748	0	1.55556
PLACE_optlc_28249	0	0.54321
PLACE_optlc_35761	0	0.555556
datamem/ram_reg[125][15]	0	0.928098
datamem/U656	0	1.13149
datamem/U4389	0	1.20186
datamem/ram_reg[161][0]	0	1.52725
datamem/U2525	0	1.30633
datamem/ram_reg[237][11]	0	1.31078
datamem/ram_reg[149][0]	0	0.97113
PLACE_optlc_27077	0	1.49383
PLACE_optlc_28791	0	0.530864
PLACE_optlc_37038	0	0.54321
PLACE_optlc_33585	0	0.469136
PLACE_optlc_28224	0	1.45679
PLACE_optlc_36723	0	1.46914
PLACE_optlc_33366	0	0.54321
PLACE_optlc_29519	0	0.469136
datamem/U4475	0	0.918052
datamem/U4611	0	1.16365
datamem/U1455	0	0.580301
datamem/U4149	0	0.992168
PLACE_optlc_33287	0	1.54321
PLACE_optlc_35170	0	0.54321
PLACE_optlc_26524	0	0.45679
PLACE_optlc_32341	0	1.44444
PLACE_optlc_29400	0	1.51852
PLACE_optlc_26456	0	0.518519
PLACE_optlc_31845	0	0.518519
datamem/U3339	0	0.92826
datamem/U974	0	0.832126
datamem/U3628	0	0.696917
datamem/U3779	0	0.955482
datamem/U2285	0	1.38581
datamem/U4001	0	0.813908
datamem/ram_reg[33][12]	0	0.785799
PLACE_optlc_33203	0	0.45679
PLACE_optlc_31619	0	1.41975
PLACE_optlc_26889	0	0.54321
PLACE_optlc_36406	0	1.55556
PLACE_optlc_31246	0	1.55556
PLACE_optlc_33557	0	1.55556
PLACE_optlc_26043	0	0.555556
datamem/ram_reg[190][9]	0	0.559823
datamem/U4014	0	0.984167
datamem/U2225	0	1.48473
PLACE_optlc_30976	0	0.481481
PLACE_optlc_34793	0	0.555556
PLACE_optlc_33361	0	1.55556
PLACE_optlc_28714	0	1.55556
PLACE_optlc_28108	0	1.54321
PLACE_optlc_26551	0	1.55556
datamem/ram_reg[87][11]	0	0.833052
datamem/ram_reg[227][9]	0	0.53419
datamem/ram_reg[208][11]	0	1.85616
datamem/ram_reg[139][12]	0	1.03956
datamem/U2945	0	0.862373
datamem/U3222	0	0.951223
PLACE_optlc_30008	0	1.45679
PLACE_optlc_36226	0	0.493827
PLACE_optlc_35092	0	0.54321
PLACE_optlc_37999	0	0.469136
PLACE_optlc_33735	0	1.55556
PLACE_optlc_37051	0	0.518519
PLACE_optlc_31781	0	1.55556
datamem/ram_reg[5][10]	0	1.29049
datamem/U610	0	1.34721
datamem/U2398	0	0.547643
PLACE_optlc_28147	0	1.40741
PLACE_optlc_25685	0	0.518519
PLACE_optlc_38151	0	0.555556
PLACE_optlc_30115	0	0.530864
PLACE_optlc_28586	0	0.54321
PLACE_optlc_38345	0	0.555556
PLACE_optlc_34886	0	1.53086
datamem/U131	0	0.822963
datamem/ram_reg[76][5]	0	0.8451
datamem/ram_reg[132][9]	0	1.03777
datamem/U1594	0	1.2918
datamem/ram_reg[251][13]	0	0.630108
PLACE_optlc_29961	0	1.50617
PLACE_optlc_36165	0	0.555556
PLACE_optlc_37457	0	1.55556
PLACE_optlc_38295	0	0.45679
datamem/ram_reg[130][0]	0	0.57137
datamem/ram_reg[46][1]	0	1.31444
PLACE_optlc_28593	0	0.54321
PLACE_optlc_32280	0	1.54321
PLACE_optlc_27738	0	1.55556
PLACE_optlc_35512	0	1.55556
PLACE_optlc_34166	0	1.54321
PLACE_optlc_34621	0	1.55556
PLACE_optlc_36893	0	0.530864
datamem/U1439	0	1.00706
datamem/ram_reg[145][5]	0	0.907029
datamem/U821	0	0.630482
PLACE_optlc_32300	0	1.54321
PLACE_optlc_33197	0	1.55556
PLACE_optlc_37047	0	0.555556
PLACE_optlc_26912	0	1.55556
PLACE_optlc_33338	0	0.518519
PLACE_optlc_35232	0	0.555556
PLACE_optlc_38121	0	0.555556
PLACE_optlc_32716	0	1.53086
PLACE_optlc_35680	0	0.530864
PLACE_optlc_35541	0	1.55556
PLACE_optlc_35534	0	0.555556
datamem/U2628	0	0.840046
datamem/ram_reg[191][11]	0	1.74573
datamem/U2786	0	1.72404
datamem/U3157	0	1.17206
PLACE_optlc_26566	0	1.53086
PLACE_optlc_29469	0	0.54321
PLACE_optlc_31061	0	0.54321
PLACE_optlc_27193	0	0.54321
PLACE_optlc_32881	0	1.50617
PLACE_optlc_37766	0	1.55556
PLACE_optlc_27442	0	0.518519
datamem/U3591	0	0.646289
datamem/ram_reg[65][4]	0	1.36434
PLACE_optlc_30941	0	1.55556
PLACE_optlc_30540	0	1.53086
PLACE_optlc_29011	0	1.53086
PLACE_optlc_33887	0	0.518519
PLACE_optlc_32222	0	0.54321
PLACE_optlc_25607	0	0.530864
PLACE_optlc_30699	0	1.55556
PLACE_optlc_37178	0	1.55556
PLACE_optlc_36658	0	1.55556
PLACE_optlc_25692	0	0.506173
datamem/ram_reg[113][11]	0	1.0104
datamem/ram_reg[154][12]	0	0.710795
datamem/U4136	0	1.33033
datamem/U1310	0	0.951238
datamem/U1433	0	0.996609
PLACE_optlc_36149	0	0.555556
PLACE_optlc_27789	0	0.45679
PLACE_optlc_33367	0	0.518519
PLACE_optlc_33624	0	0.518519
PLACE_optlc_37273	0	1.45679
PLACE_optlc_29177	0	1.51852
PLACE_optlc_36824	0	0.555556
datamem/ram_reg[234][15]	0	0.734711
PLACE_optlc_29064	0	1.55556
PLACE_optlc_29293	0	0.54321
PLACE_optlc_28954	0	1.55556
PLACE_optlc_27865	0	0.54321
PLACE_optlc_31365	0	1.54321
PLACE_optlc_26399	0	0.54321
PLACE_optlc_29747	0	1.54321
PLACE_optlc_35902	0	0.555556
PLACE_optlc_26501	0	0.518519
PLACE_optlc_32830	0	0.54321
PLACE_optlc_37390	0	1.55556
PLACE_optlc_25955	0	1.55556
datamem/ram_reg[228][8]	0	1.63931
datamem/ram_reg[195][14]	0	1.82319
datamem/ram_reg[29][1]	0	0.596049
PLACE_optlc_29947	0	1.53086
PLACE_optlc_29536	0	0.518519
PLACE_optlc_31229	0	0.469136
PLACE_optlc_28824	0	1.54321
PLACE_optlc_32214	0	1.55556
PLACE_optlc_31396	0	1.55556
PLACE_optlc_26368	0	1.53086
PLACE_optlc_33649	0	0.493827
datamem/U3194	0	0.843198
datamem/ram_reg[22][9]	0	0.592785
datamem/U526	0	1.08159
datamem/U964	0	0.615008
datamem/U544	0	1.41208
datamem/U3543	0	0.711667
datamem/ram_reg[235][8]	0	0.846389
datamem/U4084	0	0.543858
datamem/ram_reg[55][0]	0	1.2316
datamem/ram_reg[88][13]	0	0.786917
datamem/U2499	0	0.582257
PLACE_optlc_27888	0	1.55556
PLACE_optlc_37280	0	1.55556
PLACE_optlc_31395	0	0.518519
PLACE_optlc_25847	0	1.54321
PLACE_optlc_34971	0	0.555556
PLACE_optlc_28170	0	0.530864
datamem/U3913	0	1.76552
datamem/ram_reg[210][11]	0	0.870012
datamem/ram_reg[65][3]	0	0.6775
datamem/ram_reg[79][10]	0	0.645583
datamem/U1814	0	0.725166
PLACE_optlc_32951	0	1.55556
PLACE_optlc_33017	0	1.55556
PLACE_optlc_27212	0	0.518519
PLACE_optlc_35168	0	0.555556
PLACE_optlc_31009	0	0.54321
PLACE_optlc_29153	0	1.44444
PLACE_optlc_37685	0	0.555556
PLACE_optlc_37191	0	0.555556
datamem/U2535	0	1.51992
datamem/ram_reg[189][12]	0	0.784934
datamem/U847	0	0.961103
PLACE_optlc_32962	0	0.493827
PLACE_optlc_30793	0	0.54321
PLACE_optlc_28473	0	1.54321
PLACE_optlc_26762	0	0.493827
PLACE_optlc_34098	0	1.55556
datamem/ram_reg[127][9]	0	1.19382
datamem/U558	0	0.777469
datamem/U1484	0	1.19398
datamem/ram_reg[242][15]	0	1.06829
PLACE_optlc_30177	0	1.40741
PLACE_optlc_28653	0	0.530864
PLACE_optlc_27943	0	1.55556
PLACE_optlc_36311	0	0.555556
PLACE_optlc_35901	0	0.530864
datamem/U2275	0	0.559387
datamem/U2527	0	1.54483
datamem/U2353	0	1.05204
datamem/ram_reg[131][6]	0	0.565525
datamem/ram_reg[4][4]	0	0.911593
datamem/ram_reg[12][9]	0	0.803607
PLACE_optlc_28104	0	1.55556
PLACE_optlc_36347	0	1.55556
PLACE_optlc_29027	0	0.54321
datamem/U518	0	1.11421
datamem/ram_reg[55][14]	0	1.45486
PLACE_optlc_31453	0	0.54321
PLACE_optlc_30643	0	0.530864
PLACE_optlc_30829	0	0.54321
PLACE_optlc_33747	0	0.54321
PLACE_optlc_33440	0	1.55556
datamem/ram_reg[133][15]	0	0.680089
datamem/ram_reg[79][4]	0	0.619028
datamem/U2798	0	1.2587
datamem/ram_reg[91][3]	0	1.09659
PLACE_optlc_37546	0	1.53086
PLACE_optlc_27755	0	1.55556
PLACE_optlc_29981	0	0.493827
PLACE_optlc_36977	0	1.55556
PLACE_optlc_37519	0	0.555556
PLACE_optlc_35389	0	0.555556
PLACE_optlc_38080	0	0.555556
PLACE_optlc_30950	0	1.54321
PLACE_optlc_35024	0	1.55556
datamem/U4120	0	0.576223
datamem/ram_reg[239][12]	0	1.52499
datamem/U2897	0	0.624448
datamem/U833	0	0.79669
datamem/ram_reg[236][0]	0	1.32026
datamem/ram_reg[224][1]	0	1.48859
PLACE_optlc_33265	0	0.54321
PLACE_optlc_27286	0	1.55556
PLACE_optlc_37799	0	0.555556
PLACE_optlc_32566	0	0.518519
PLACE_optlc_25750	0	1.53086
PLACE_optlc_35041	0	0.555556
PLACE_optlc_37452	0	0.469136
PLACE_optlc_29797	0	0.530864
datamem/U1380	0	0.710135
datamem/ram_reg[199][15]	0	0.760864
datamem/U432	0	0.718218
datamem/U697	0	0.589008
datamem/U817	0	0.730428
datamem/ram_reg[5][1]	0	0.917994
PLACE_optlc_38302	0	0.555556
PLACE_optlc_36678	0	1.55556
datamem/U2913	0	2.01014
datamem/ram_reg[86][4]	0	1.35821
datamem/U3812	0	1.40128
datamem/U27	0	0.939425
datamem/ram_reg[159][0]	0	1.06801
PLACE_optlc_26925	0	0.481481
PLACE_optlc_32699	0	0.54321
PLACE_optlc_27864	0	0.506173
PLACE_optlc_34321	0	1.55556
PLACE_optlc_36415	0	1.53086
datamem/ram_reg[116][13]	0	0.736215
datamem/U1605	0	1.84052
datamem/U1603	0	1.39652
PLACE_optlc_35386	0	0.54321
PLACE_optlc_25731	0	1.55556
PLACE_optlc_29219	0	1.55556
PLACE_optlc_31886	0	0.54321
PLACE_optlc_34156	0	0.555556
PLACE_optlc_32382	0	0.54321
PLACE_optlc_31746	0	0.54321
PLACE_optlc_29039	0	1.55556
PLACE_optlc_31400	0	0.518519
PLACE_optlc_28640	0	0.518519
PLACE_optlc_36879	0	0.555556
datamem/U179	0	0.622832
datamem/ram_reg[138][2]	0	1.1156
datamem/U2614	0	0.867431
PLACE_optlc_28690	0	1.55556
PLACE_optlc_35546	0	0.555556
PLACE_optlc_27138	0	1.55556
PLACE_optlc_30544	0	1.55556
PLACE_optlc_33427	0	0.45679
PLACE_optlc_26514	0	1.53086
datamem/U3430	0	1.29544
datamem/ram_reg[80][13]	0	0.935598
datamem/U2270	0	1.07997
datamem/ram_reg[203][7]	0	1.13722
datamem/ram_reg[84][12]	0	2.03352
datamem/U1023	0	1.63015
PLACE_optlc_34510	0	0.530864
PLACE_optlc_29575	0	0.54321
PLACE_optlc_32056	0	0.555556
PLACE_optlc_30943	0	0.54321
PLACE_optlc_31351	0	0.555556
PLACE_optlc_29692	0	0.518519
PLACE_optlc_25824	0	1.55556
datamem/U1922	0	1.11205
datamem/U2876	0	1.53307
datamem/U1180	0	0.898866
datamem/ram_reg[213][2]	0	0.806794
datamem/ram_reg[47][10]	0	1.17236
datamem/U2305	0	0.693735
datamem/ram_reg[135][4]	0	0.66961
PLACE_optlc_35854	0	0.555556
PLACE_optlc_26672	0	0.518519
PLACE_optlc_26575	0	1.55556
PLACE_optlc_34891	0	1.55556
PLACE_optlc_28679	0	1.55556
PLACE_optlc_36183	0	0.469136
PLACE_optlc_30953	0	1.55556
PLACE_optlc_26593	0	1.55556
datamem/U227	0	0.800089
datamem/ram_reg[225][10]	0	0.832392
datamem/ram_reg[164][10]	0	0.850046
datamem/ram_reg[124][6]	0	1.08867
PLACE_optlc_35111	0	1.53086
PLACE_optlc_38244	0	0.555556
PLACE_optlc_32925	0	0.530864
PLACE_optlc_35208	0	1.53086
PLACE_optlc_26826	0	0.54321
PLACE_optlc_32678	0	0.54321
PLACE_optlc_35715	0	0.555556
datamem/U2696	0	0.734946
datamem/ram_reg[95][11]	0	0.912446
datamem/ram_reg[94][6]	0	1.22349
datamem/ram_reg[168][9]	0	1.24431
datamem/ram_reg[135][11]	0	0.577951
datamem/ram_reg[20][1]	0	0.911142
datamem/U2436	0	0.951007
PLACE_optlc_35427	0	0.555556
PLACE_optlc_26258	0	0.493827
PLACE_optlc_33632	0	1.55556
PLACE_optlc_34202	0	0.555556
PLACE_optlc_28021	0	1.54321
PLACE_optlc_32205	0	0.481481
PLACE_optlc_29630	0	0.493827
PLACE_optlc_28570	0	0.54321
PLACE_optlc_36540	0	0.555556
datamem/ram_reg[130][15]	0	1.49683
datamem/U2055	0	0.551281
datamem/ram_reg[11][14]	0	1.59748
datamem/U408	0	1.10698
datamem/ram_reg[11][9]	0	0.743893
PLACE_optlc_31331	0	0.518519
PLACE_optlc_36994	0	0.555556
PLACE_optlc_32596	0	1.53086
datamem/U738	0	0.728117
datamem/U860	0	0.698711
datamem/ram_reg[32][10]	0	0.728796
datamem/U4119	0	0.970988
PLACE_optlc_27673	0	0.518519
PLACE_optlc_32889	0	0.54321
PLACE_optlc_35887	0	0.481481
PLACE_optlc_33683	0	0.45679
PLACE_optlc_36780	0	0.555556
datamem/U1181	0	0.853333
datamem/ram_reg[131][7]	0	0.650733
datamem/ram_reg[40][7]	0	1.18578
datamem/ram_reg[46][12]	0	1.55081
datamem/ram_reg[57][8]	0	1.22204
PLACE_optlc_36982	0	1.53086
PLACE_optlc_36843	0	0.555556
PLACE_optlc_33953	0	0.54321
PLACE_optlc_26244	0	1.55556
PLACE_optlc_27904	0	1.55556
PLACE_optlc_26306	0	0.493827
PLACE_optlc_26380	0	1.54321
PLACE_optlc_33413	0	1.51852
PLACE_optlc_27016	0	0.54321
PLACE_optlc_34558	0	1.55556
datamem/U4301	0	0.7664
datamem/ram_reg[175][13]	0	0.956065
datamem/U1696	0	0.736755
PLACE_optlc_35682	0	0.469136
PLACE_optlc_27147	0	0.530864
PLACE_optlc_28638	0	0.54321
PLACE_optlc_35777	0	0.555556
PLACE_optlc_33897	0	0.54321
PLACE_optlc_31222	0	0.54321
PLACE_optlc_34507	0	0.530864
PLACE_optlc_37060	0	0.555556
PLACE_optlc_33604	0	0.530864
PLACE_optlc_36067	0	0.555556
PLACE_optlc_32229	0	1.55556
PLACE_optlc_28763	0	1.53086
datamem/ram_reg[66][9]	0	0.82338
datamem/U4057	0	2.01895
datamem/U2454	0	1.03325
datamem/ram_reg[134][11]	0	0.881798
datamem/ram_reg[162][8]	0	0.90669
datamem/ram_reg[115][10]	0	0.879907
PLACE_optlc_26638	0	0.54321
PLACE_optlc_26235	0	1.55556
PLACE_optlc_30268	0	0.530864
PLACE_optlc_36828	0	1.55556
PLACE_optlc_32252	0	1.55556
PLACE_optlc_33908	0	1.55556
datamem/U1204	0	1.30248
datamem/U2111	0	1.25473
datamem/U232	0	0.800066
datamem/ram_reg[217][0]	0	0.711373
PLACE_optlc_32491	0	0.493827
PLACE_optlc_30107	0	1.53086
PLACE_optlc_29106	0	1.55556
PLACE_optlc_34923	0	0.469136
PLACE_optlc_33072	0	0.469136
datamem/U4262	0	1.85879
datamem/U4152	0	0.889788
datamem/ram_reg[219][10]	0	0.743646
datamem/U2629	0	0.97689
datamem/U3776	0	1.10348
datamem/U2248	0	0.540872
datamem/ram_reg[93][14]	0	0.565073
datamem/ram_reg[28][1]	0	1.06405
PLACE_optlc_34314	0	0.555556
PLACE_optlc_38010	0	1.50617
PLACE_optlc_33194	0	0.530864
PLACE_optlc_34235	0	0.555556
PLACE_optlc_26426	0	1.55556
PLACE_optlc_26879	0	1.54321
PLACE_optlc_29302	0	1.53086
PLACE_optlc_33289	0	0.518519
PLACE_optlc_25786	0	0.54321
datamem/U3465	0	1.4138
datamem/U4338	0	1.1025
datamem/U477	0	0.983391
PLACE_optlc_29434	0	1.55556
PLACE_optlc_34933	0	1.53086
PLACE_optlc_30058	0	0.54321
PLACE_optlc_37817	0	0.555556
PLACE_optlc_29171	0	0.518519
PLACE_optlc_34384	0	1.53086
PLACE_optlc_33612	0	1.55556
PLACE_optlc_32918	0	0.54321
datamem/U3616	0	0.865347
datamem/ram_reg[95][0]	0	1.10189
PLACE_optlc_27297	0	1.53086
PLACE_optlc_27878	0	1.54321
PLACE_optlc_35630	0	1.55556
PLACE_optlc_34042	0	1.53086
PLACE_optlc_32676	0	0.555556
PLACE_optlc_25978	0	0.518519
PLACE_optlc_28449	0	0.493827
datamem/U364	0	1.45112
datamem/ram_reg[227][0]	0	0.657955
PLACE_optlc_32949	0	1.53086
PLACE_optlc_26179	0	0.45679
PLACE_optlc_38262	0	0.518519
PLACE_optlc_28193	0	1.51852
PLACE_optlc_32934	0	1.51852
datamem/ram_reg[144][8]	0	0.717342
datamem/ram_reg[152][3]	0	0.769823
datamem/ram_reg[63][12]	0	0.75213
datamem/ram_reg[117][0]	0	1.39361
datamem/ram_reg[53][0]	0	2.22883
datamem/U93	0	0.727168
PLACE_optlc_38165	0	0.555556
PLACE_optlc_26939	0	0.54321
PLACE_optlc_36851	0	1.46914
PLACE_optlc_33212	0	0.54321
PLACE_optlc_30358	0	0.407407
PLACE_optlc_34738	0	0.469136
datamem/U4226	0	1.20177
datamem/ram_reg[79][3]	0	1.35656
datamem/U1560	0	0.816636
datamem/U1461	0	1.40392
PLACE_optlc_27258	0	1.51852
PLACE_optlc_33476	0	0.493827
PLACE_optlc_27695	0	1.55556
PLACE_optlc_34152	0	0.555556
PLACE_optlc_35503	0	1.53086
PLACE_optlc_32621	0	1.50617
PLACE_optlc_27430	0	0.54321
PLACE_optlc_38097	0	0.506173
datamem/ram_reg[232][4]	0	0.727585
datamem/U4251	0	0.623291
datamem/U3178	0	1.42026
datamem/ram_reg[169][7]	0	0.826208
datamem/ram_reg[133][13]	0	0.58637
datamem/ram_reg[233][8]	0	0.716246
PLACE_optlc_38294	0	0.555556
PLACE_optlc_33644	0	0.518519
PLACE_optlc_35874	0	1.55556
PLACE_optlc_32744	0	1.53086
PLACE_optlc_26568	0	0.506173
PLACE_optlc_35380	0	1.55556
PLACE_optlc_34839	0	1.55556
PLACE_optlc_35566	0	0.555556
datamem/U3187	0	0.897508
datamem/U2422	0	1.17312
datamem/ram_reg[100][3]	0	1.64488
datamem/U995	0	0.859336
datamem/ram_reg[54][2]	0	0.696813
PLACE_optlc_36880	0	1.55556
PLACE_optlc_30064	0	0.45679
PLACE_optlc_28624	0	1.55556
PLACE_optlc_31478	0	0.54321
PLACE_optlc_29622	0	0.506173
PLACE_optlc_37849	0	0.555556
PLACE_optlc_36002	0	1.55556
datamem/U2090	0	0.811026
datamem/ram_reg[235][6]	0	2.17101
datamem/ram_reg[142][2]	0	1.33172
datamem/U3857	0	0.852728
datamem/U2447	0	1.16041
datamem/ram_reg[217][3]	0	0.735008
PLACE_optlc_34879	0	1.55556
PLACE_optlc_27890	0	1.50617
PLACE_optlc_25738	0	0.481481
PLACE_optlc_29403	0	1.55556
datamem/U844	0	1.00835
datamem/U4400	0	0.696246
PLACE_optlc_33140	0	0.469136
PLACE_optlc_32875	0	0.555556
PLACE_optlc_31965	0	1.46914
PLACE_optlc_27667	0	0.518519
PLACE_optlc_31435	0	1.55556
PLACE_optlc_29623	0	0.493827
PLACE_optlc_30553	0	0.469136
PLACE_optlc_33417	0	0.54321
PLACE_optlc_35525	0	0.469136
datamem/U2939	0	0.74081
datamem/ram_reg[203][5]	0	1.95968
datamem/U78	0	1.01766
datamem/ram_reg[125][6]	0	1.20934
datamem/U1729	0	0.581497
datamem/U2377	0	1.69434
PLACE_optlc_33693	0	0.54321
PLACE_optlc_31986	0	1.55556
PLACE_optlc_32394	0	1.53086
PLACE_optlc_30345	0	1.55556
PLACE_optlc_30330	0	1.54321
PLACE_optlc_31341	0	1.51852
datamem/ram_reg[109][11]	0	0.906948
datamem/ram_reg[73][3]	0	0.739186
datamem/ram_reg[46][7]	0	0.789884
datamem/U2368	0	1.1247
PLACE_optlc_31322	0	0.54321
PLACE_optlc_37351	0	0.54321
PLACE_optlc_36934	0	0.518519
PLACE_optlc_35408	0	1.53086
PLACE_optlc_26016	0	0.555556
PLACE_optlc_29295	0	1.55556
PLACE_optlc_26124	0	0.530864
PLACE_optlc_31112	0	1.51852
PLACE_optlc_26596	0	1.55556
PLACE_optlc_26854	0	0.518519
PLACE_optlc_29610	0	1.55556
PLACE_optlc_29787	0	1.51852
datamem/ram_reg[135][15]	0	0.66343
datamem/ram_reg[219][7]	0	0.994437
datamem/U1009	0	1.15011
PLACE_optlc_28391	0	1.55556
PLACE_optlc_34577	0	1.55556
PLACE_optlc_31070	0	0.518519
PLACE_optlc_37096	0	0.555556
PLACE_optlc_37460	0	0.469136
PLACE_optlc_32421	0	0.530864
datamem/U1649	0	1.28084
datamem/ram_reg[191][4]	0	0.733773
datamem/U731	0	1.41858
datamem/ram_reg[106][11]	0	0.662959
datamem/ram_reg[18][15]	0	0.840552
datamem/U4272	0	1.33711
datamem/U1151	0	1.27464
PLACE_optlc_34678	0	1.53086
PLACE_optlc_26537	0	1.55556
PLACE_optlc_36366	0	1.55556
PLACE_optlc_32984	0	1.55556
PLACE_optlc_37322	0	0.469136
PLACE_optlc_28227	0	0.469136
datamem/ram_reg[209][12]	0	0.70034
datamem/ram_reg[46][4]	0	1.32677
datamem/ram_reg[26][6]	0	0.865787
datamem/ram_reg[4][8]	0	1.16368
datamem/ram_reg[49][9]	0	0.721925
datamem/ram_reg[146][15]	0	1.33508
datamem/ram_reg[150][13]	0	0.734772
datamem/ram_reg[129][6]	0	0.936825
PLACE_optlc_36413	0	0.555556
PLACE_optlc_26533	0	0.518519
PLACE_optlc_37802	0	0.555556
PLACE_optlc_33635	0	1.46914
PLACE_optlc_35573	0	0.518519
datamem/ram_reg[229][6]	0	0.872948
datamem/ram_reg[24][11]	0	0.690876
datamem/ram_reg[23][3]	0	1.49833
datamem/ram_reg[72][14]	0	0.620953
datamem/U1873	0	1.11812
datamem/ram_reg[13][8]	0	0.67706
datamem/U3968	0	0.693943
datamem/ram_reg[76][1]	0	0.696022
datamem/ram_reg[216][0]	0	1.18677
PLACE_optlc_38177	0	0.555556
PLACE_optlc_32861	0	1.55556
PLACE_optlc_33064	0	0.518519
PLACE_optlc_37282	0	1.55556
PLACE_optlc_28208	0	0.518519
datamem/ram_reg[51][4]	0	1.50811
datamem/U4	0	0.766323
datamem/U2420	0	0.997743
datamem/ram_reg[102][13]	0	0.810525
datamem/ram_reg[219][5]	0	1.2402
datamem/U508	0	1.50221
datamem/U2571	0	1.84538
PLACE_optlc_36697	0	0.555556
PLACE_optlc_31012	0	0.54321
PLACE_optlc_26656	0	0.518519
PLACE_optlc_34906	0	0.555556
PLACE_optlc_37627	0	0.555556
PLACE_optlc_31433	0	1.54321
PLACE_optlc_33520	0	1.53086
PLACE_optlc_33640	0	1.51852
PLACE_optlc_36533	0	0.555556
datamem/ram_reg[12][14]	0	1.26585
datamem/U1039	0	0.646829
datamem/U959	0	1.73151
datamem/U3973	0	0.859198
datamem/ram_reg[137][9]	0	0.892758
PLACE_optlc_25715	0	1.53086
PLACE_optlc_25821	0	1.54321
PLACE_optlc_27272	0	1.46914
PLACE_optlc_25936	0	1.55556
PLACE_optlc_26371	0	1.51852
datamem/U2341	0	1.38654
datamem/U1532	0	0.706655
datamem/ram_reg[176][3]	0	0.600571
PLACE_optlc_28647	0	0.54321
PLACE_optlc_31412	0	0.530864
PLACE_optlc_28139	0	0.54321
PLACE_optlc_29196	0	1.54321
PLACE_optlc_37180	0	0.555556
PLACE_optlc_28289	0	0.506173
PLACE_optlc_34407	0	1.55556
PLACE_optlc_33116	0	0.469136
PLACE_optlc_30393	0	0.530864
datamem/ram_reg[21][14]	0	0.974576
datamem/U3680	0	1.04126
PLACE_optlc_38265	0	0.555556
PLACE_optlc_32308	0	1.53086
PLACE_optlc_32907	0	0.518519
PLACE_optlc_35214	0	0.469136
PLACE_optlc_33720	0	0.493827
PLACE_optlc_32269	0	0.54321
PLACE_optlc_29932	0	1.51852
PLACE_optlc_37696	0	0.530864
datamem/ram_reg[160][1]	0	0.764124
datamem/U4260	0	0.665417
datamem/U2977	0	0.900123
datamem/U1432	0	0.815066
datamem/ram_reg[74][12]	0	1.32024
datamem/U1706	0	0.617446
datamem/ram_reg[180][12]	0	0.81287
PLACE_optlc_28002	0	1.55556
PLACE_optlc_38329	0	0.54321
PLACE_optlc_31748	0	0.54321
PLACE_optlc_27512	0	1.55556
PLACE_optlc_30166	0	0.54321
PLACE_optlc_28031	0	0.54321
PLACE_optlc_32454	0	0.54321
datamem/U590	0	0.901389
datamem/U3364	0	1.2885
PLACE_optlc_35228	0	1.53086
PLACE_optlc_35732	0	1.53086
PLACE_optlc_26222	0	1.53086
PLACE_optlc_27143	0	1.55556
PLACE_optlc_32468	0	0.530864
datamem/U3048	0	0.896867
datamem/ram_reg[180][4]	0	0.702944
datamem/U3458	0	1.37552
PLACE_optlc_32517	0	1.55556
PLACE_optlc_37443	0	1.53086
PLACE_optlc_28928	0	1.53086
PLACE_optlc_37691	0	0.555556
PLACE_optlc_36967	0	0.555556
PLACE_optlc_27720	0	1.54321
PLACE_optlc_35483	0	1.55556
datamem/ram_reg[255][15]	0	1.01298
datamem/ram_reg[194][14]	0	1.18823
datamem/U395	0	1.45044
datamem/U214	0	1.16819
PLACE_optlc_36962	0	0.555556
PLACE_optlc_33857	0	0.518519
PLACE_optlc_34603	0	1.53086
PLACE_optlc_33238	0	0.45679
PLACE_optlc_35793	0	1.55556
PLACE_optlc_30160	0	0.54321
PLACE_optlc_28164	0	0.518519
PLACE_optlc_30279	0	1.55556
datamem/ram_reg[55][6]	0	1.05387
datamem/U4655	0	1.53556
datamem/ram_reg[202][13]	0	0.702091
datamem/U2753	0	0.878198
datamem/U3525	0	1.14115
datamem/ram_reg[37][5]	0	1.18114
PLACE_optlc_38242	0	0.506173
PLACE_optlc_27433	0	1.55556
PLACE_optlc_35693	0	0.555556
PLACE_optlc_30776	0	0.54321
PLACE_optlc_31860	0	0.469136
datamem/U2378	0	1.63738
datamem/ram_reg[50][5]	0	0.844826
datamem/U1982	0	0.689919
datamem/ram_reg[143][1]	0	0.743191
PLACE_optlc_32029	0	1.54321
PLACE_optlc_35975	0	0.530864
PLACE_optlc_31573	0	0.518519
PLACE_optlc_31327	0	1.51852
PLACE_optlc_28457	0	1.54321
datamem/U280	0	0.954417
datamem/U675	0	0.569973
datamem/U4612	0	0.822126
datamem/ram_reg[8][8]	0	1.07458
datamem/U420	0	1.01402
PLACE_optlc_31772	0	1.55556
PLACE_optlc_28039	0	0.54321
PLACE_optlc_36777	0	1.55556
PLACE_optlc_37214	0	1.55556
PLACE_optlc_30737	0	1.48148
PLACE_optlc_30911	0	0.54321
PLACE_optlc_37497	0	0.555556
PLACE_optlc_34200	0	1.53086
datamem/ram_reg[17][0]	0	0.89137
datamem/U209	0	1.15625
datamem/ram_reg[157][0]	0	1.97563
PLACE_optlc_34570	0	0.469136
PLACE_optlc_31630	0	0.518519
PLACE_optlc_27445	0	0.54321
PLACE_optlc_29111	0	1.54321
PLACE_optlc_37374	0	0.555556
PLACE_optlc_28119	0	0.518519
PLACE_optlc_26527	0	0.54321
datamem/U82	0	1.22937
datamem/U3927	0	0.87809
datamem/U3064	0	0.75414
datamem/ram_reg[8][0]	0	0.910031
datamem/ram_reg[99][7]	0	0.787569
PLACE_optlc_29480	0	1.54321
PLACE_optlc_31062	0	0.493827
PLACE_optlc_36795	0	0.555556
PLACE_optlc_32845	0	0.493827
PLACE_optlc_26047	0	0.54321
PLACE_optlc_35356	0	0.530864
PLACE_optlc_33331	0	1.54321
PLACE_optlc_29595	0	0.506173
PLACE_optlc_28013	0	1.55556
PLACE_optlc_26839	0	0.54321
datamem/U736	0	1.3564
datamem/ram_reg[42][9]	0	0.593569
datamem/U1324	0	0.62392
datamem/ram_reg[176][0]	0	0.714182
datamem/ram_reg[204][11]	0	0.908029
datamem/U896	0	0.904051
PLACE_optlc_34191	0	0.555556
PLACE_optlc_32775	0	1.54321
PLACE_optlc_31662	0	0.45679
PLACE_optlc_31215	0	1.55556
datamem/U839	0	1.07622
datamem/ram_reg[103][10]	0	1.34219
datamem/U1718	0	1.0281
datamem/U2488	0	1.43056
PLACE_optlc_35990	0	0.555556
PLACE_optlc_28167	0	1.46914
PLACE_optlc_32060	0	0.530864
PLACE_optlc_36840	0	0.555556
PLACE_optlc_36711	0	0.555556
PLACE_optlc_27671	0	1.51852
PLACE_optlc_34189	0	0.481481
PLACE_optlc_30366	0	1.55556
PLACE_optlc_28859	0	0.54321
PLACE_optlc_31375	0	0.518519
datamem/ram_reg[46][8]	0	0.959838
datamem/ram_reg[0][2]	0	1.09193
datamem/U4110	0	0.710583
datamem/ram_reg[243][3]	0	0.761528
PLACE_optlc_26253	0	0.45679
PLACE_optlc_36656	0	0.555556
PLACE_optlc_26365	0	0.54321
datamem/ram_reg[95][12]	0	1.54126
PLACE_optlc_26465	0	1.55556
PLACE_optlc_35810	0	0.555556
PLACE_optlc_27211	0	0.518519
PLACE_optlc_36371	0	0.54321
PLACE_optlc_33142	0	0.54321
PLACE_optlc_29043	0	0.54321
PLACE_optlc_31168	0	1.54321
PLACE_optlc_34376	0	0.555556
PLACE_optlc_30975	0	1.55556
PLACE_optlc_27161	0	1.54321
datamem/U2116	0	1.63296
datamem/ram_reg[41][15]	0	0.577025
datamem/U836	0	0.847492
PLACE_optlc_28414	0	1.55556
PLACE_optlc_30740	0	1.53086
PLACE_optlc_34583	0	1.55556
PLACE_optlc_26261	0	0.54321
PLACE_optlc_34712	0	0.555556
PLACE_optlc_37785	0	0.555556
PLACE_optlc_31535	0	1.55556
datamem/ram_reg[173][14]	0	0.899117
datamem/U4204	0	0.739626
datamem/ram_reg[18][6]	0	0.985505
datamem/U3930	0	1.03986
PLACE_optlc_35946	0	0.54321
PLACE_optlc_30923	0	0.54321
PLACE_optlc_37602	0	0.555556
PLACE_optlc_30825	0	0.54321
PLACE_optlc_26901	0	0.54321
PLACE_optlc_35885	0	1.55556
PLACE_optlc_30547	0	1.54321
datamem/ram_reg[226][5]	0	0.665116
datamem/U244	0	1.3132
datamem/U1812	0	1.26298
datamem/ram_reg[142][3]	0	0.948032
datamem/U757	0	1.05703
PLACE_optlc_25687	0	0.518519
PLACE_optlc_31089	0	0.54321
PLACE_optlc_34964	0	0.555556
PLACE_optlc_31717	0	1.51852
PLACE_optlc_36860	0	1.55556
PLACE_optlc_31699	0	1.55556
PLACE_optlc_31053	0	1.55556
datamem/U154	0	0.581863
datamem/ram_reg[210][2]	0	0.896466
datamem/U979	0	0.603954
PLACE_optlc_28771	0	1.54321
PLACE_optlc_37000	0	0.555556
PLACE_optlc_26655	0	1.53086
PLACE_optlc_26745	0	1.55556
PLACE_optlc_28491	0	1.54321
PLACE_optlc_27859	0	0.54321
PLACE_optlc_32219	0	1.55556
PLACE_optlc_35421	0	1.55556
PLACE_optlc_35622	0	1.54321
PLACE_optlc_37173	0	1.55556
PLACE_optlc_27308	0	0.54321
datamem/U342	0	0.860822
datamem/ram_reg[126][14]	0	0.832531
datamem/ram_reg[186][0]	0	0.671184
datamem/U3143	0	1.44676
datamem/ram_reg[60][14]	0	0.797612
datamem/U2266	0	0.695679
PLACE_optlc_38342	0	0.555556
PLACE_optlc_29374	0	1.55556
PLACE_optlc_32490	0	1.54321
PLACE_optlc_33837	0	0.54321
datamem/U3678	0	0.671829
datamem/ram_reg[159][12]	0	1.38773
datamem/U3268	0	0.80451
datamem/ram_reg[25][13]	0	0.730679
datamem/U1317	0	1.28539
PLACE_optlc_30842	0	0.54321
PLACE_optlc_29766	0	0.518519
PLACE_optlc_26964	0	0.555556
PLACE_optlc_25622	0	1.55556
PLACE_optlc_26587	0	0.54321
PLACE_optlc_27153	0	0.530864
PLACE_optlc_33903	0	1.55556
datamem/U446	0	1.25093
datamem/ram_reg[61][1]	0	0.628056
datamem/ram_reg[240][8]	0	1.57969
datamem/ram_reg[198][2]	0	0.927704
datamem/ram_reg[49][14]	0	1.18704
datamem/U4407	0	1.2825
SpareCell_2_0	0	0.655247
datamem/ram_reg[40][12]	0	0.789942
PLACE_optlc_30256	0	0.469136
PLACE_optlc_29398	0	1.53086
PLACE_optlc_38264	0	0.555556
PLACE_optlc_31730	0	0.493827
PLACE_optlc_34654	0	1.55556
PLACE_optlc_26609	0	1.54321
PLACE_optlc_29508	0	0.54321
datamem/U927	0	1.24184
datamem/U2458	0	0.607569
datamem/ram_reg[27][0]	0	1.66823
datamem/ram_reg[15][8]	0	0.946454
datamem/U2657	0	1.99162
datamem/U3970	0	1.01349
datamem/ram_reg[253][13]	0	1.38821
datamem/ram_reg[245][10]	0	1.87274
PLACE_optlc_33678	0	1.55556
PLACE_optlc_29996	0	0.54321
PLACE_optlc_35322	0	1.53086
PLACE_optlc_33345	0	0.506173
PLACE_optlc_33628	0	1.54321
PLACE_optlc_28848	0	1.53086
PLACE_optlc_36714	0	1.54321
datamem/U1928	0	0.749093
datamem/ram_reg[145][6]	0	0.930258
datamem/ram_reg[223][14]	0	1.19406
PLACE_optlc_29172	0	0.54321
PLACE_optlc_37868	0	0.45679
PLACE_optlc_32578	0	0.54321
PLACE_optlc_30188	0	1.55556
PLACE_optlc_37159	0	0.555556
PLACE_optlc_32272	0	1.53086
datamem/ram_reg[112][4]	0	0.686451
datamem/U3795	0	0.937245
datamem/U769	0	1.30693
datamem/ram_reg[33][14]	0	1.44258
datamem/ram_reg[209][0]	0	2.13444
datamem/ram_reg[70][1]	0	1.15164
PLACE_optlc_25998	0	1.54321
PLACE_optlc_29207	0	1.55556
PLACE_optlc_28235	0	1.49383
PLACE_optlc_37939	0	0.493827
PLACE_optlc_38088	0	0.555556
PLACE_optlc_36057	0	0.555556
datamem/ram_reg[254][15]	0	0.618997
datamem/ram_reg[78][3]	0	0.555949
datamem/ram_reg[60][9]	0	0.629649
datamem/U2727	0	1.76628
datamem/U3184	0	0.899425
datamem/ram_reg[10][6]	0	0.857137
datamem/U3909	0	0.581154
datamem/ram_reg[61][14]	0	0.969606
datamem/U3487	0	0.805123
datamem/U1376	0	0.591308
PLACE_optlc_26206	0	1.55556
PLACE_optlc_31525	0	0.506173
PLACE_optlc_34262	0	0.555556
PLACE_optlc_31800	0	0.54321
PLACE_optlc_38067	0	1.53086
PLACE_optlc_30792	0	0.481481
PLACE_optlc_36511	0	1.55556
datamem/U3702	0	0.650062
datamem/U1117	0	1.492
datamem/ram_reg[55][8]	0	0.930567
datamem/U1858	0	1.38688
datamem/U3514	0	1.56237
PLACE_optlc_34146	0	1.55556
PLACE_optlc_26340	0	0.518519
PLACE_optlc_34108	0	1.55556
PLACE_optlc_33607	0	0.518519
PLACE_optlc_29846	0	0.493827
datamem/ram_reg[197][7]	0	1.59373
datamem/ram_reg[73][4]	0	1.0623
datamem/ram_reg[9][12]	0	1.17623
datamem/U2663	0	1.59091
PLACE_optlc_37164	0	1.55556
PLACE_optlc_35606	0	0.45679
PLACE_optlc_27834	0	0.54321
PLACE_optlc_33621	0	0.54321
PLACE_optlc_30089	0	1.55556
PLACE_optlc_32742	0	0.469136
PLACE_optlc_27735	0	1.55556
datamem/ram_reg[242][5]	0	0.89689
datamem/ram_reg[246][3]	0	1.13973
datamem/U1351	0	1.42824
PLACE_optlc_37342	0	0.555556
PLACE_optlc_30105	0	1.53086
PLACE_optlc_35781	0	1.55556
PLACE_optlc_29553	0	1.51852
PLACE_optlc_34008	0	0.54321
PLACE_optlc_27436	0	1.55556
PLACE_optlc_35626	0	0.481481
PLACE_optlc_38091	0	1.46914
PLACE_optlc_37165	0	0.555556
datamem/ram_reg[41][4]	0	1.72805
datamem/ram_reg[183][10]	0	0.821802
datamem/U3809	0	1.86269
datamem/ram_reg[118][1]	0	0.610262
datamem/ram_reg[206][1]	0	0.632581
datamem/ram_reg[65][15]	0	0.929055
PLACE_optlc_33551	0	1.54321
PLACE_optlc_26755	0	1.51852
PLACE_optlc_34036	0	1.51852
PLACE_optlc_34178	0	0.555556
PLACE_optlc_33722	0	0.555556
PLACE_optlc_30689	0	0.54321
datamem/U333	0	1.52803
datamem/ram_reg[69][9]	0	0.599545
datamem/ram_reg[151][14]	0	1.06114
datamem/U2896	0	0.740463
PLACE_optlc_28820	0	0.518519
PLACE_optlc_29100	0	0.530864
PLACE_optlc_34514	0	0.555556
PLACE_optlc_26488	0	1.55556
PLACE_optlc_37036	0	1.55556
PLACE_optlc_30590	0	0.518519
PLACE_optlc_29340	0	1.55556
PLACE_optlc_32241	0	0.506173
datamem/U1104	0	1.10312
datamem/ram_reg[53][11]	0	0.952052
datamem/ram_reg[12][12]	0	0.742982
PLACE_optlc_27711	0	1.51852
PLACE_optlc_35514	0	0.555556
PLACE_optlc_35776	0	1.55556
PLACE_optlc_26668	0	1.54321
PLACE_optlc_35840	0	1.54321
PLACE_optlc_33184	0	1.55556
PLACE_optlc_26649	0	1.53086
PLACE_optlc_33493	0	1.55556
datamem/U2292	0	1.34169
datamem/ram_reg[23][6]	0	0.943322
datamem/U1945	0	0.581389
datamem/U3260	0	0.700343
datamem/ram_reg[159][4]	0	0.629772
PLACE_optlc_34565	0	0.555556
PLACE_optlc_30081	0	0.518519
PLACE_optlc_34131	0	0.555556
PLACE_optlc_28915	0	0.54321
PLACE_optlc_29383	0	1.55556
PLACE_optlc_29906	0	0.518519
PLACE_optlc_27366	0	1.51852
PLACE_optlc_32429	0	1.45679
PLACE_optlc_31374	0	0.481481
PLACE_optlc_36137	0	0.555556
PLACE_optlc_35451	0	1.55556
PLACE_optlc_37819	0	0.54321
PLACE_optlc_36807	0	0.555556
datamem/ram_reg[19][7]	0	2.19102
datamem/ram_reg[154][4]	0	0.77664
datamem/U1001	0	0.703106
datamem/ram_reg[167][2]	0	0.662461
PLACE_optlc_33305	0	0.530864
PLACE_optlc_33215	0	0.54321
PLACE_optlc_36637	0	0.555556
PLACE_optlc_30493	0	1.45679
PLACE_optlc_32366	0	1.53086
datamem/U3983	0	0.607373
datamem/ram_reg[215][9]	0	0.793279
PLACE_optlc_29968	0	1.49383
PLACE_optlc_33264	0	1.55556
PLACE_optlc_25969	0	0.518519
PLACE_optlc_34332	0	0.555556
PLACE_optlc_29852	0	1.53086
PLACE_optlc_29283	0	0.54321
datamem/ram_reg[93][1]	0	0.61598
datamem/U4390	0	1.46861
PLACE_optlc_25983	0	0.54321
PLACE_optlc_33982	0	1.55556
PLACE_optlc_29702	0	0.530864
PLACE_optlc_33492	0	1.55556
PLACE_optlc_26748	0	0.530864
PLACE_optlc_38301	0	1.51852
PLACE_optlc_28542	0	1.54321
PLACE_optlc_27967	0	0.530864
datamem/ram_reg[146][12]	0	0.830008
datamem/U910	0	1.23998
datamem/ram_reg[196][8]	0	0.929541
datamem/U309	0	1.52497
datamem/U3668	0	0.553958
datamem/U3555	0	1.40464
datamem/U2588	0	0.875104
PLACE_optlc_30917	0	0.530864
PLACE_optlc_29068	0	0.555556
PLACE_optlc_33126	0	1.54321
PLACE_optlc_36342	0	1.55556
PLACE_optlc_32848	0	0.481481
PLACE_optlc_27481	0	0.481481
PLACE_optlc_36453	0	0.506173
PLACE_optlc_26706	0	0.54321
datamem/ram_reg[150][15]	0	0.905015
datamem/ram_reg[153][10]	0	0.890887
datamem/ram_reg[192][12]	0	0.685976
datamem/ram_reg[190][11]	0	0.938345
datamem/ram_reg[96][9]	0	1.37747
datamem/U2840	0	1.15363
PLACE_optlc_33805	0	0.493827
PLACE_optlc_34963	0	0.555556
PLACE_optlc_28078	0	1.55556
PLACE_optlc_27336	0	0.54321
PLACE_optlc_32840	0	1.55556
PLACE_optlc_25682	0	1.54321
PLACE_optlc_30327	0	1.55556
datamem/ram_reg[82][6]	0	0.666559
PLACE_optlc_32254	0	1.55556
PLACE_optlc_33474	0	0.54321
PLACE_optlc_37815	0	0.555556
PLACE_optlc_32614	0	1.55556
PLACE_optlc_30377	0	1.55556
PLACE_optlc_36889	0	0.555556
PLACE_optlc_35384	0	0.469136
datamem/ram_reg[146][8]	0	1.03241
datamem/U1798	0	0.760363
datamem/U840	0	0.846015
datamem/U1325	0	0.55238
datamem/ram_reg[197][4]	0	1.01347
datamem/U2175	0	0.814194
datamem/U4634	0	1.14133
PLACE_optlc_29892	0	0.555556
PLACE_optlc_35741	0	1.55556
datamem/ram_reg[72][5]	0	0.625467
datamem/ram_reg[210][8]	0	1.582
datamem/ram_reg[224][0]	0	1.33782
datamem/ram_reg[78][11]	0	0.807978
datamem/ram_reg[194][3]	0	1.4506
datamem/ram_reg[147][6]	0	0.955907
PLACE_optlc_26390	0	0.493827
PLACE_optlc_31398	0	0.518519
PLACE_optlc_38212	0	0.555556
PLACE_optlc_26072	0	1.55556
PLACE_optlc_27408	0	1.51852
datamem/U2630	0	0.573742
datamem/U2030	0	1.13068
datamem/U1414	0	1.00854
PLACE_optlc_28516	0	0.54321
PLACE_optlc_34713	0	0.555556
PLACE_optlc_27015	0	1.49383
datamem/U3585	0	0.632377
datamem/ram_reg[254][10]	0	1.27323
datamem/U146	0	0.983812
PLACE_optlc_37710	0	0.555556
PLACE_optlc_38279	0	0.555556
PLACE_optlc_34157	0	0.469136
PLACE_optlc_33032	0	0.54321
PLACE_optlc_36670	0	1.55556
PLACE_optlc_25800	0	0.45679
PLACE_optlc_33324	0	0.54321
PLACE_optlc_30744	0	0.45679
PLACE_optlc_37556	0	0.555556
PLACE_optlc_30752	0	1.53086
datamem/ram_reg[160][12]	0	1.35788
datamem/ram_reg[164][12]	0	0.771863
datamem/U3728	0	1.24796
datamem/U1730	0	1.39037
PLACE_optlc_27672	0	0.518519
PLACE_optlc_38012	0	0.555556
datamem/U273	0	1.16608
datamem/U4097	0	1.06136
datamem/ram_reg[151][4]	0	0.62978
PLACE_optlc_29923	0	0.54321
PLACE_optlc_28091	0	1.55556
PLACE_optlc_33080	0	1.55556
PLACE_optlc_25861	0	1.55556
datamem/ram_reg[147][3]	0	1.07937
datamem/ram_reg[15][1]	0	0.68686
datamem/ram_reg[58][12]	0	1.40324
datamem/U2572	0	1.44504
datamem/U176	0	0.603657
datamem/ram_reg[193][9]	0	0.95
PLACE_optlc_35764	0	0.555556
PLACE_optlc_37629	0	0.45679
PLACE_optlc_33790	0	1.55556
PLACE_optlc_35269	0	0.469136
PLACE_optlc_26034	0	1.55556
PLACE_optlc_35076	0	1.55556
PLACE_optlc_29807	0	0.54321
datamem/U188	0	0.702998
datamem/U3803	0	1.22537
datamem/ram_reg[124][2]	0	1.63777
PLACE_optlc_26378	0	0.54321
PLACE_optlc_33822	0	0.54321
PLACE_optlc_32644	0	1.51852
PLACE_optlc_30098	0	0.54321
PLACE_optlc_29275	0	0.518519
PLACE_optlc_35286	0	0.54321
datamem/ram_reg[107][10]	0	0.655262
datamem/U3824	0	0.665949
datamem/U2880	0	0.888765
datamem/U4049	0	0.773025
PLACE_optlc_30721	0	1.55556
PLACE_optlc_30142	0	0.54321
PLACE_optlc_36826	0	1.55556
PLACE_optlc_30860	0	1.54321
PLACE_optlc_32128	0	0.493827
PLACE_optlc_28277	0	1.53086
PLACE_optlc_34691	0	0.555556
PLACE_optlc_34225	0	0.555556
datamem/U1099	0	0.638171
datamem/U1683	0	0.973684
datamem/U3572	0	1.04967
datamem/U2888	0	0.583329
datamem/U4355	0	1.01675
PLACE_optlc_35079	0	0.530864
PLACE_optlc_31557	0	1.54321
PLACE_optlc_29074	0	0.481481
PLACE_optlc_34258	0	0.530864
datamem/ram_reg[120][5]	0	0.977137
datamem/U466	0	0.62034
datamem/U1258	0	1.19857
datamem/U901	0	1.4858
datamem/U1490	0	1.11523
datamem/U2261	0	1.45992
PLACE_optlc_33224	0	0.518519
PLACE_optlc_29853	0	0.518519
PLACE_optlc_27633	0	1.55556
PLACE_optlc_37894	0	0.555556
PLACE_optlc_34331	0	0.555556
PLACE_optlc_31797	0	0.54321
PLACE_optlc_32891	0	1.51852
PLACE_optlc_28174	0	0.444444
datamem/U489	0	1.03194
datamem/ram_reg[208][1]	0	0.996539
datamem/ram_reg[220][2]	0	1.03643
datamem/U2654	0	1.35027
PLACE_optlc_36509	0	0.45679
PLACE_optlc_35391	0	0.469136
PLACE_optlc_28042	0	1.55556
PLACE_optlc_27285	0	0.469136
PLACE_optlc_34072	0	0.395062
datamem/U4453	0	0.682226
U0_Mux2x1/U2	0	0.678634
datamem/ram_reg[242][3]	0	0.823792
datamem/ram_reg[240][4]	0	0.643437
datamem/ram_reg[2][13]	0	0.889286
datamem/U423	0	1.44474
PLACE_optlc_26098	0	0.481481
PLACE_optlc_26694	0	0.54321
PLACE_optlc_36390	0	0.555556
PLACE_optlc_27050	0	1.54321
PLACE_optlc_31032	0	0.54321
PLACE_optlc_36229	0	0.555556
PLACE_optlc_28460	0	1.55556
datamem/ram_reg[252][11]	0	1.19809
datamem/U3023	0	1.28453
datamem/ram_reg[142][0]	0	0.865231
datamem/U1268	0	1.02647
datamem/ram_reg[183][1]	0	1.34845
PLACE_optlc_32418	0	0.493827
PLACE_optlc_38340	0	0.555556
PLACE_optlc_37568	0	1.55556
PLACE_optlc_30101	0	0.518519
PLACE_optlc_26774	0	0.518519
datamem/U612	0	0.58206
datamem/ram_reg[125][1]	0	1.14924
datamem/ram_reg[242][10]	0	0.568777
datamem/ram_reg[16][4]	0	0.577951
datamem/U3783	0	1.14086
datamem/U1094	0	0.684051
datamem/ram_reg[108][3]	0	0.564618
datamem/ram_reg[56][2]	0	0.579363
PLACE_optlc_33013	0	0.54321
PLACE_optlc_29206	0	0.54321
PLACE_optlc_30276	0	1.55556
PLACE_optlc_30067	0	0.54321
PLACE_optlc_29844	0	1.55556
PLACE_optlc_34941	0	0.555556
PLACE_optlc_35988	0	1.53086
datamem/ram_reg[228][1]	0	1.03218
datamem/ram_reg[150][0]	0	1.74554
datamem/U2666	0	0.596609
datamem/U2135	0	1.14691
datamem/ram_reg[145][15]	0	1.17872
datamem/U1308	0	1.20237
datamem/U1003	0	1.11288
PLACE_optlc_30704	0	0.481481
PLACE_optlc_27020	0	0.45679
PLACE_optlc_34636	0	0.469136
PLACE_optlc_34075	0	1.55556
PLACE_optlc_34452	0	0.555556
PLACE_optlc_35716	0	0.518519
PLACE_optlc_37341	0	0.530864
PLACE_optlc_37987	0	1.55556
PLACE_optlc_37645	0	0.555556
PLACE_optlc_28903	0	1.51852
datamem/ram_reg[181][2]	0	1.06764
datamem/U4465	0	1.40009
PLACE_optlc_36207	0	0.555556
PLACE_optlc_29220	0	0.54321
PLACE_optlc_34996	0	1.55556
PLACE_optlc_37193	0	1.55556
PLACE_optlc_36145	0	0.555556
PLACE_optlc_31297	0	0.54321
PLACE_optlc_32551	0	1.55556
PLACE_optlc_35620	0	0.555556
datamem/ram_reg[140][10]	0	1.52334
datamem/U1061	0	0.966937
datamem/U3569	0	0.625309
datamem/ram_reg[195][5]	0	0.639001
datamem/ram_reg[113][2]	0	0.774298
datamem/ram_reg[94][12]	0	0.860139
PLACE_optlc_34294	0	1.55556
PLACE_optlc_37887	0	0.555556
PLACE_optlc_32746	0	0.54321
PLACE_optlc_30629	0	1.53086
PLACE_optlc_32877	0	1.55556
PLACE_optlc_26797	0	0.518519
datamem/ram_reg[158][2]	0	0.941277
datamem/ram_reg[186][14]	0	1.11213
datamem/U746	0	0.763823
datamem/U3320	0	0.824564
PLACE_optlc_28085	0	0.518519
PLACE_optlc_33356	0	1.55556
PLACE_optlc_26948	0	1.55556
PLACE_optlc_25779	0	1.50617
PLACE_optlc_26009	0	0.54321
PLACE_optlc_37952	0	0.444444
PLACE_optlc_25916	0	1.55556
datamem/U2746	0	0.647153
datamem/U1192	0	0.561505
datamem/ram_reg[56][5]	0	0.540193
PLACE_optlc_37285	0	0.530864
PLACE_optlc_36669	0	0.555556
PLACE_optlc_30517	0	1.55556
PLACE_optlc_37695	0	0.555556
PLACE_optlc_28198	0	0.518519
PLACE_optlc_32994	0	1.51852
PLACE_optlc_33278	0	0.54321
PLACE_optlc_32042	0	0.54321
PLACE_optlc_28937	0	0.45679
datamem/U970	0	0.578515
U0_Mux2x1/U1	0	0.805517
datamem/U2907	0	2.15616
datamem/ram_reg[132][3]	0	1.16657
datamem/U3502	0	0.615772
PLACE_optlc_32629	0	0.506173
PLACE_optlc_27461	0	0.54321
PLACE_optlc_25631	0	0.54321
PLACE_optlc_32126	0	1.55556
PLACE_optlc_27220	0	0.54321
PLACE_optlc_31546	0	1.54321
PLACE_optlc_36059	0	0.555556
PLACE_optlc_33350	0	0.54321
PLACE_optlc_30497	0	1.54321
PLACE_optlc_38136	0	1.53086
PLACE_optlc_26888	0	0.518519
PLACE_optlc_38356	0	1.55556
datamem/ram_reg[14][9]	0	1.03898
datamem/U2650	0	0.664799
datamem/ram_reg[27][7]	0	1.44647
datamem/ram_reg[130][10]	0	0.634811
datamem/ram_reg[56][11]	0	1.17716
PLACE_optlc_27325	0	1.55556
PLACE_optlc_35673	0	0.530864
PLACE_optlc_33219	0	1.55556
PLACE_optlc_31995	0	1.54321
PLACE_optlc_34611	0	0.530864
PLACE_optlc_27511	0	0.54321
PLACE_optlc_37109	0	0.555556
PLACE_optlc_34821	0	1.55556
PLACE_optlc_25835	0	0.530864
PLACE_optlc_31615	0	0.419753
PLACE_optlc_28388	0	1.55556
PLACE_optlc_26636	0	1.53086
PLACE_optlc_33299	0	1.54321
datamem/ram_reg[45][2]	0	0.652253
datamem/U1259	0	0.830162
datamem/ram_reg[183][5]	0	0.927581
datamem/ram_reg[171][7]	0	0.881755
datamem/U2790	0	0.812863
datamem/U2046	0	1.22193
datamem/ram_reg[211][5]	0	1.68715
datamem/U816	0	1.19845
PLACE_optlc_29282	0	1.54321
PLACE_optlc_30723	0	0.530864
PLACE_optlc_25980	0	0.530864
PLACE_optlc_33564	0	0.481481
PLACE_optlc_30028	0	1.54321
datamem/ram_reg[237][12]	0	1.02207
datamem/U3204	0	1.44664
datamem/U352	0	0.55652
datamem/U230	0	1.17344
datamem/ram_reg[95][15]	0	1.5089
datamem/ram_reg[74][5]	0	1.06286
PLACE_optlc_35973	0	1.53086
PLACE_optlc_37278	0	1.55556
PLACE_optlc_30502	0	0.518519
PLACE_optlc_31744	0	1.55556
PLACE_optlc_29062	0	0.54321
PLACE_optlc_28577	0	0.382716
PLACE_optlc_35907	0	1.55556
datamem/ram_reg[243][5]	0	0.699649
datamem/ram_reg[77][0]	0	0.543314
datamem/U2273	0	0.666381
datamem/ram_reg[243][7]	0	0.538873
datamem/ram_reg[129][8]	0	0.612087
PLACE_optlc_26110	0	1.54321
PLACE_optlc_27116	0	0.54321
PLACE_optlc_30136	0	0.493827
PLACE_optlc_33665	0	1.55556
datamem/U3900	0	1.56821
PLACE_optlc_38322	0	1.55556
PLACE_optlc_34817	0	1.54321
PLACE_optlc_32980	0	0.530864
PLACE_optlc_30318	0	1.51852
PLACE_optlc_34248	0	0.530864
PLACE_optlc_36156	0	0.481481
PLACE_optlc_31258	0	0.54321
PLACE_optlc_27121	0	1.54321
PLACE_optlc_29479	0	0.518519
PLACE_optlc_33615	0	0.506173
PLACE_optlc_30074	0	0.518519
PLACE_optlc_31313	0	0.493827
datamem/ram_reg[143][15]	0	0.95902
datamem/ram_reg[87][0]	0	1.06572
datamem/U1746	0	0.595818
datamem/ram_reg[230][6]	0	0.59564
datamem/U4368	0	0.546732
datamem/ram_reg[241][2]	0	1.2368
datamem/U2778	0	0.594626
datamem/U3447	0	1.12134
datamem/ram_reg[4][5]	0	1.07581
PLACE_optlc_29609	0	0.54321
PLACE_optlc_26847	0	0.530864
PLACE_optlc_36820	0	1.55556
PLACE_optlc_33347	0	1.55556
PLACE_optlc_29092	0	1.53086
PLACE_optlc_37690	0	0.518519
datamem/ram_reg[210][13]	0	0.918025
datamem/U2729	0	0.806644
datamem/U2736	0	1.19042
PLACE_optlc_25815	0	1.55556
PLACE_optlc_26600	0	1.54321
PLACE_optlc_35351	0	1.55556
PLACE_optlc_38070	0	0.555556
PLACE_optlc_33462	0	1.55556
PLACE_optlc_29626	0	1.55556
datamem/U2979	0	0.943198
datamem/U1422	0	0.666362
datamem/U2569	0	0.673106
PLACE_optlc_30657	0	1.51852
PLACE_optlc_34939	0	0.555556
PLACE_optlc_26431	0	0.469136
PLACE_optlc_34338	0	0.530864
PLACE_optlc_25608	0	0.45679
PLACE_optlc_36063	0	0.555556
datamem/ram_reg[209][9]	0	1.86782
datamem/ram_reg[186][8]	0	0.814221
datamem/U4056	0	1.49916
datamem/U3311	0	0.814221
datamem/ram_reg[215][5]	0	1.38479
datamem/ram_reg[89][11]	0	0.75647
datamem/ram_reg[204][8]	0	0.947052
PLACE_optlc_28300	0	0.54321
PLACE_optlc_36534	0	0.481481
PLACE_optlc_35258	0	0.555556
PLACE_optlc_29376	0	1.49383
PLACE_optlc_37830	0	0.555556
PLACE_optlc_35882	0	0.555556
PLACE_optlc_32737	0	0.54321
PLACE_optlc_27002	0	0.518519
datamem/ram_reg[50][6]	0	1.11012
datamem/ram_reg[163][2]	0	2.10448
datamem/ram_reg[120][7]	0	0.772527
datamem/ram_reg[89][3]	0	1.03733
PLACE_optlc_33284	0	1.54321
PLACE_optlc_26187	0	0.530864
PLACE_optlc_34555	0	0.530864
PLACE_optlc_32873	0	1.55556
PLACE_optlc_32169	0	1.55556
PLACE_optlc_25796	0	0.54321
PLACE_optlc_33256	0	1.44444
datamem/U4629	0	0.657392
datamem/U3766	0	0.673133
PLACE_optlc_32328	0	1.53086
PLACE_optlc_30368	0	0.481481
PLACE_optlc_37857	0	0.555556
datamem/ram_reg[69][10]	0	0.62831
PLACE_optlc_32473	0	1.51852
PLACE_optlc_26386	0	0.530864
PLACE_optlc_27415	0	0.54321
PLACE_optlc_30885	0	0.493827
PLACE_optlc_31283	0	0.518519
PLACE_optlc_34489	0	1.55556
PLACE_optlc_36150	0	1.48148
PLACE_optlc_34952	0	1.55556
PLACE_optlc_28112	0	0.530864
PLACE_optlc_36716	0	0.555556
PLACE_optlc_26053	0	0.54321
PLACE_optlc_29255	0	1.54321
datamem/ram_reg[50][0]	0	1.02779
datamem/U79	0	1.51224
datamem/ram_reg[137][5]	0	1.27787
datamem/U3315	0	1.50037
datamem/ram_reg[43][7]	0	0.987897
PLACE_optlc_33486	0	0.54321
PLACE_optlc_34586	0	1.55556
PLACE_optlc_32299	0	0.54321
PLACE_optlc_26502	0	1.53086
PLACE_optlc_37121	0	0.530864
PLACE_optlc_29343	0	0.54321
datamem/ram_reg[110][6]	0	0.792099
datamem/U905	0	1.50436
datamem/U1015	0	1.13137
datamem/U2639	0	1.42716
datamem/U1574	0	0.580683
datamem/U1613	0	1.56771
PLACE_optlc_36650	0	0.555556
PLACE_optlc_34009	0	1.55556
PLACE_optlc_30958	0	1.55556
PLACE_optlc_28668	0	1.54321
PLACE_optlc_30991	0	0.518519
PLACE_optlc_27159	0	1.55556
PLACE_optlc_37167	0	0.555556
PLACE_optlc_27483	0	0.493827
PLACE_optlc_36190	0	1.55556
PLACE_optlc_29194	0	0.481481
datamem/ram_reg[208][10]	0	1.10766
datamem/U4302	0	1.58542
datamem/U2244	0	0.822581
datamem/U2363	0	0.987731
datamem/ram_reg[129][1]	0	0.570745
PLACE_optlc_29922	0	0.54321
PLACE_optlc_29646	0	1.53086
PLACE_optlc_37971	0	1.55556
PLACE_optlc_35095	0	1.55556
datamem/ram_reg[73][12]	0	0.869456
datamem/ram_reg[239][2]	0	1.65029
datamem/U3378	0	0.552701
datamem/ram_reg[161][2]	0	0.918333
datamem/U911	0	1.63517
PLACE_optlc_29970	0	0.54321
PLACE_optlc_26987	0	1.51852
PLACE_optlc_27769	0	0.518519
PLACE_optlc_30240	0	1.54321
PLACE_optlc_33081	0	1.55556
datamem/ram_reg[177][2]	0	0.795972
datamem/ram_reg[182][9]	0	0.961015
datamem/ram_reg[254][9]	0	1.42934
PLACE_optlc_28733	0	1.51852
PLACE_optlc_37924	0	1.53086
PLACE_optlc_33959	0	0.518519
datamem/ram_reg[125][13]	0	1.03191
PLACE_optlc_33096	0	0.493827
PLACE_optlc_28097	0	0.518519
datamem/ram_reg[237][8]	0	1.06743
datamem/U4395	0	0.856397
PLACE_optlc_33078	0	1.54321
PLACE_optlc_27340	0	1.55556
PLACE_optlc_37800	0	0.481481
PLACE_optlc_29014	0	0.469136
PLACE_optlc_32738	0	1.48148
PLACE_optlc_31606	0	1.51852
PLACE_optlc_27467	0	0.54321
PLACE_optlc_33724	0	0.54321
datamem/ram_reg[81][0]	0	0.67294
datamem/U2543	0	0.822442
PLACE_optlc_26753	0	1.55556
PLACE_optlc_35751	0	0.555556
PLACE_optlc_30285	0	0.518519
PLACE_optlc_29993	0	0.555556
PLACE_optlc_28012	0	0.518519
PLACE_optlc_35597	0	0.555556
PLACE_optlc_28663	0	0.493827
datamem/U786	0	0.713465
datamem/U1733	0	1.10649
datamem/U51	0	1.11518
datamem/U1024	0	0.762052
PLACE_optlc_36280	0	0.555556
PLACE_optlc_34095	0	0.555556
PLACE_optlc_32726	0	0.506173
PLACE_optlc_36309	0	1.46914
PLACE_optlc_35941	0	0.469136
PLACE_optlc_36802	0	1.53086
datamem/U3986	0	0.562388
datamem/U295	0	1.49651
datamem/ram_reg[164][7]	0	1.93204
datamem/U2343	0	0.970625
datamem/U1621	0	0.85865
PLACE_optlc_25670	0	1.55556
PLACE_optlc_34838	0	1.55556
PLACE_optlc_32883	0	1.55556
PLACE_optlc_35367	0	1.55556
PLACE_optlc_37933	0	0.555556
PLACE_optlc_26721	0	0.45679
datamem/ram_reg[158][9]	0	1.6019
datamem/U4388	0	0.77392
datamem/U3793	0	1.23408
datamem/ram_reg[209][10]	0	0.743669
datamem/U4590	0	1.0488
datamem/U4411	0	0.955197
datamem/ram_reg[98][5]	0	1.19338
PLACE_optlc_35296	0	0.555556
datamem/U2714	0	0.555015
datamem/ram_reg[225][3]	0	0.817527
datamem/U4129	0	1.39379
datamem/U4409	0	1.15703
PLACE_optlc_33851	0	0.54321
PLACE_optlc_31024	0	0.54321
PLACE_optlc_38007	0	0.555556
PLACE_optlc_33907	0	0.54321
PLACE_optlc_31448	0	1.45679
datamem/U2602	0	1.35519
datamem/ram_reg[220][5]	0	1.08991
datamem/U3276	0	0.760671
datamem/ram_reg[189][6]	0	0.71064
datamem/ram_reg[138][0]	0	0.862724
datamem/ram_reg[165][8]	0	0.86564
datamem/ram_reg[227][4]	0	0.763364
datamem/U2951	0	1.50659
PLACE_optlc_31449	0	0.54321
PLACE_optlc_30264	0	1.55556
PLACE_optlc_25605	0	0.45679
PLACE_optlc_28317	0	1.55556
PLACE_optlc_30060	0	1.49383
PLACE_optlc_26604	0	1.55556
PLACE_optlc_29253	0	0.54321
datamem/U4328	0	0.747218
datamem/U4527	0	1.02826
PLACE_optlc_32461	0	0.54321
PLACE_optlc_29541	0	1.46914
PLACE_optlc_36135	0	0.469136
PLACE_optlc_31127	0	1.55556
PLACE_optlc_33824	0	0.530864
PLACE_optlc_36196	0	0.555556
PLACE_optlc_33162	0	1.53086
PLACE_optlc_29329	0	1.55556
PLACE_optlc_28274	0	0.518519
datamem/U1712	0	1.22213
datamem/U3534	0	0.78647
datamem/U2860	0	1.02689
datamem/U1018	0	1.11997
datamem/U1956	0	1.38417
PLACE_optlc_36096	0	0.469136
PLACE_optlc_35429	0	1.55556
PLACE_optlc_29055	0	1.55556
PLACE_optlc_35706	0	1.55556
PLACE_optlc_30949	0	0.54321
PLACE_optlc_26812	0	1.55556
PLACE_optlc_25644	0	0.530864
PLACE_optlc_37491	0	0.506173
PLACE_optlc_29453	0	0.54321
PLACE_optlc_27703	0	1.55556
PLACE_optlc_37308	0	0.481481
PLACE_optlc_36707	0	0.469136
PLACE_optlc_31603	0	1.55556
PLACE_optlc_35411	0	1.50617
datamem/ram_reg[83][8]	0	1.21378
datamem/U1995	0	1.57565
datamem/ram_reg[126][9]	0	1.64058
datamem/U2993	0	0.863117
datamem/U1333	0	0.685841
datamem/ram_reg[76][11]	0	1.26932
datamem/ram_reg[2][10]	0	1.02422
datamem/ram_reg[43][3]	0	0.576539
PLACE_optlc_30764	0	1.55556
PLACE_optlc_37796	0	1.53086
PLACE_optlc_29801	0	0.530864
PLACE_optlc_38099	0	0.481481
PLACE_optlc_35582	0	0.555556
PLACE_optlc_36379	0	1.53086
PLACE_optlc_36864	0	1.50617
datamem/ram_reg[73][8]	0	0.608322
datamem/ram_reg[130][9]	0	0.613835
datamem/ram_reg[207][15]	0	1.05245
datamem/ram_reg[193][0]	0	0.913245
datamem/ram_reg[79][5]	0	1.56681
datamem/U496	0	1.68506
datamem/U1466	0	0.872608
datamem/ram_reg[142][13]	0	0.796701
datamem/ram_reg[109][3]	0	0.655926
PLACE_optlc_35576	0	1.55556
PLACE_optlc_27188	0	0.45679
PLACE_optlc_38370	0	0.555556
datamem/ram_reg[75][5]	0	1.38171
datamem/U263	0	1.5129
datamem/U3775	0	1.61962
datamem/ram_reg[97][1]	0	1.10691
datamem/U2392	0	1.27576
datamem/U3100	0	1.03616
datamem/U1344	0	1.64379
datamem/ram_reg[221][0]	0	1.72151
PLACE_optlc_35353	0	0.54321
PLACE_optlc_29485	0	0.518519
PLACE_optlc_35416	0	0.469136
PLACE_optlc_34391	0	1.55556
PLACE_optlc_32774	0	1.55556
PLACE_optlc_25945	0	1.55556
PLACE_optlc_26493	0	1.55556
PLACE_optlc_27306	0	1.55556
datamem/ram_reg[213][10]	0	0.620378
datamem/ram_reg[23][0]	0	0.821562
datamem/ram_reg[113][3]	0	0.578457
datamem/ram_reg[94][13]	0	0.660756
datamem/U3301	0	1.46633
PLACE_optlc_36721	0	0.444444
PLACE_optlc_34913	0	1.55556
PLACE_optlc_33963	0	1.53086
PLACE_optlc_26246	0	1.50617
PLACE_optlc_33885	0	1.51852
PLACE_optlc_30840	0	1.55556
PLACE_optlc_30593	0	1.49383
PLACE_optlc_33323	0	1.55556
PLACE_optlc_30147	0	0.506173
PLACE_optlc_30467	0	1.50617
datamem/U1393	0	0.615637
datamem/ram_reg[18][5]	0	1.62481
PLACE_optlc_36586	0	1.53086
PLACE_optlc_37017	0	1.55556
PLACE_optlc_35472	0	0.555556
PLACE_optlc_35405	0	1.55556
PLACE_optlc_34607	0	0.481481
PLACE_optlc_28656	0	0.518519
PLACE_optlc_36757	0	0.530864
PLACE_optlc_33433	0	0.54321
PLACE_optlc_31472	0	0.481481
PLACE_optlc_29225	0	0.54321
PLACE_optlc_33994	0	1.55556
PLACE_optlc_27931	0	0.518519
datamem/U3896	0	0.759823
datamem/ram_reg[52][14]	0	0.657411
datamem/U2	0	0.705594
datamem/U1974	0	0.928611
datamem/U2484	0	0.574541
datamem/U4351	0	0.584583
datamem/ram_reg[124][0]	0	1.70945
datamem/ram_reg[55][5]	0	1.40282
PLACE_optlc_33830	0	0.469136
PLACE_optlc_28212	0	1.51852
PLACE_optlc_29864	0	0.54321
PLACE_optlc_26920	0	1.51852
PLACE_optlc_32173	0	1.51852
PLACE_optlc_26777	0	0.530864
PLACE_optlc_26824	0	0.54321
PLACE_optlc_33719	0	0.518519
PLACE_optlc_31260	0	1.54321
datamem/U4170	0	0.856404
datamem/U48	0	0.594996
datamem/U3659	0	0.753202
datamem/ram_reg[43][8]	0	0.591069
PLACE_optlc_28965	0	1.51852
PLACE_optlc_37358	0	0.469136
PLACE_optlc_27750	0	1.49383
PLACE_optlc_32905	0	1.53086
PLACE_optlc_29347	0	0.45679
PLACE_optlc_35745	0	1.53086
PLACE_optlc_31144	0	0.506173
PLACE_optlc_28299	0	1.55556
PLACE_optlc_37481	0	0.555556
datamem/ram_reg[159][15]	0	0.7837
datamem/ram_reg[113][4]	0	0.750656
datamem/U3373	0	0.954707
datamem/ram_reg[186][5]	0	2.23012
datamem/ram_reg[249][7]	0	0.661713
datamem/U4474	0	0.561076
datamem/ram_reg[63][6]	0	0.999645
datamem/U3372	0	1.77252
PLACE_optlc_31336	0	0.530864
PLACE_optlc_35248	0	1.55556
PLACE_optlc_37643	0	0.555556
PLACE_optlc_27879	0	1.54321
PLACE_optlc_31185	0	1.51852
PLACE_optlc_32922	0	1.55556
datamem/U3814	0	1.04799
datamem/ram_reg[96][13]	0	0.995733
PLACE_optlc_34218	0	0.555556
PLACE_optlc_29809	0	0.518519
PLACE_optlc_32256	0	1.54321
PLACE_optlc_30836	0	1.49383
PLACE_optlc_37412	0	1.55556
PLACE_optlc_31088	0	0.518519
PLACE_optlc_28739	0	0.54321
PLACE_optlc_28661	0	1.48148
PLACE_optlc_37824	0	0.555556
PLACE_optlc_38249	0	0.555556
PLACE_optlc_35734	0	0.555556
PLACE_optlc_29825	0	0.518519
datamem/ram_reg[153][11]	0	0.60245
datamem/U2974	0	0.636327
datamem/U3792	0	0.910035
datamem/U1510	0	1.7047
PLACE_optlc_27880	0	0.54321
PLACE_optlc_26141	0	0.481481
PLACE_optlc_30321	0	1.55556
PLACE_optlc_37067	0	1.55556
PLACE_optlc_32741	0	1.53086
PLACE_optlc_27753	0	1.53086
PLACE_optlc_28381	0	1.46914
datamem/ram_reg[130][11]	0	0.95647
datamem/ram_reg[225][2]	0	1.02976
datamem/U3699	0	0.786447
datamem/U2177	0	1.29179
PLACE_optlc_37867	0	0.555556
PLACE_optlc_31706	0	0.518519
PLACE_optlc_26479	0	0.45679
PLACE_optlc_28146	0	0.54321
PLACE_optlc_28698	0	1.54321
datamem/ram_reg[202][9]	0	1.21017
datamem/ram_reg[7][4]	0	0.772542
datamem/U4114	0	0.858075
datamem/ram_reg[239][7]	0	1.17627
PLACE_optlc_38228	0	0.54321
PLACE_optlc_30801	0	1.55556
PLACE_optlc_37531	0	0.555556
PLACE_optlc_35943	0	1.55556
PLACE_optlc_37442	0	1.55556
PLACE_optlc_30619	0	0.54321
PLACE_optlc_37626	0	0.530864
PLACE_optlc_25675	0	0.518519
PLACE_optlc_34767	0	1.55556
PLACE_optlc_25971	0	0.481481
PLACE_optlc_31420	0	1.55556
PLACE_optlc_28844	0	0.54321
PLACE_optlc_28595	0	0.54321
PLACE_optlc_33524	0	0.54321
PLACE_optlc_37778	0	0.555556
PLACE_optlc_35687	0	0.530864
PLACE_optlc_32383	0	0.54321
PLACE_optlc_26921	0	1.54321
datamem/U3401	0	0.586088
datamem/ram_reg[188][1]	0	0.999595
datamem/U3760	0	0.572897
datamem/ram_reg[154][10]	0	0.728492
datamem/ram_reg[131][5]	0	0.601343
datamem/U785	0	1.20339
datamem/ram_reg[105][8]	0	0.993623
datamem/ram_reg[118][4]	0	1.14079
PLACE_optlc_29435	0	0.506173
PLACE_optlc_37742	0	0.555556
PLACE_optlc_34179	0	1.55556
PLACE_optlc_27107	0	1.55556
PLACE_optlc_30520	0	1.55556
PLACE_optlc_25791	0	1.51852
PLACE_optlc_31129	0	1.55556
PLACE_optlc_37290	0	0.555556
datamem/ram_reg[40][4]	0	1.03169
datamem/ram_reg[118][0]	0	0.75956
datamem/U1756	0	0.549641
PLACE_optlc_37749	0	1.55556
PLACE_optlc_33453	0	1.54321
PLACE_optlc_34000	0	1.50617
PLACE_optlc_28106	0	1.54321
PLACE_optlc_33441	0	1.53086
PLACE_optlc_26532	0	0.54321
datamem/U2336	0	0.547434
datamem/ram_reg[226][8]	0	0.786532
datamem/U1000	0	0.913634
PLACE_optlc_34808	0	1.55556
PLACE_optlc_37996	0	0.469136
PLACE_optlc_33655	0	0.54321
PLACE_optlc_30787	0	1.55556
PLACE_optlc_33838	0	0.518519
PLACE_optlc_32612	0	0.530864
PLACE_optlc_30567	0	1.55556
PLACE_optlc_26360	0	0.54321
datamem/ram_reg[186][9]	0	1.52752
datamem/U1207	0	0.849834
datamem/U4100	0	1.3658
datamem/ram_reg[170][2]	0	0.791366
datamem/U2915	0	1.20179
datamem/U4298	0	1.14486
datamem/U955	0	1.20012
datamem/ram_reg[223][15]	0	0.68103
datamem/ram_reg[13][11]	0	1.01855
datamem/ram_reg[246][12]	0	0.830123
PLACE_optlc_35159	0	1.55556
PLACE_optlc_28204	0	0.54321
PLACE_optlc_27631	0	1.55556
PLACE_optlc_25903	0	1.54321
PLACE_optlc_28263	0	1.53086
PLACE_optlc_36951	0	0.54321
PLACE_optlc_26859	0	0.530864
PLACE_optlc_27505	0	0.518519
PLACE_optlc_34151	0	1.54321
datamem/U2796	0	0.752878
datamem/U916	0	1.13776
datamem/U4628	0	0.795907
datamem/ram_reg[2][8]	0	1.15825
datamem/ram_reg[192][5]	0	0.910351
datamem/U2080	0	0.64162
PLACE_optlc_27177	0	0.493827
PLACE_optlc_27571	0	1.54321
PLACE_optlc_31023	0	1.53086
PLACE_optlc_30494	0	0.54321
PLACE_optlc_29999	0	0.493827
PLACE_optlc_28561	0	0.54321
PLACE_optlc_36861	0	1.53086
PLACE_optlc_33999	0	0.506173
datamem/ram_reg[66][12]	0	1.79476
datamem/ram_reg[0][0]	0	1.48251
datamem/U2376	0	1.14378
PLACE_optlc_32885	0	0.518519
PLACE_optlc_30670	0	0.530864
PLACE_optlc_31132	0	0.54321
datamem/U790	0	0.611763
datamem/ram_reg[165][15]	0	0.658202
datamem/ram_reg[173][15]	0	0.667068
datamem/U1713	0	0.888978
datamem/ram_reg[133][10]	0	1.64338
datamem/U2582	0	1.21983
datamem/U2867	0	0.71093
PLACE_optlc_34966	0	1.46914
PLACE_optlc_26530	0	1.55556
PLACE_optlc_36562	0	1.53086
PLACE_optlc_33766	0	1.55556
PLACE_optlc_34048	0	1.55556
PLACE_optlc_25963	0	1.53086
PLACE_optlc_26268	0	0.45679
PLACE_optlc_31069	0	1.51852
PLACE_optlc_34292	0	0.54321
datamem/U2048	0	0.904047
datamem/ram_reg[202][4]	0	0.909823
PLACE_optlc_30702	0	0.493827
PLACE_optlc_32047	0	0.54321
PLACE_optlc_36433	0	0.444444
datamem/ram_reg[163][9]	0	1.16352
datamem/U1778	0	1.23801
datamem/ram_reg[24][8]	0	0.728796
datamem/U132	0	1.31971
datamem/ram_reg[238][11]	0	1.06058
datamem/U2779	0	1.12537
PLACE_optlc_33150	0	1.55556
PLACE_optlc_34435	0	0.555556
PLACE_optlc_30203	0	0.518519
PLACE_optlc_28854	0	0.54321
PLACE_optlc_26885	0	1.53086
datamem/U3000	0	1.17483
datamem/ram_reg[79][8]	0	1.14816
datamem/U3175	0	0.593565
PLACE_optlc_29103	0	0.469136
PLACE_optlc_36831	0	0.54321
PLACE_optlc_27861	0	1.55556
PLACE_optlc_38190	0	1.55556
PLACE_optlc_28587	0	0.45679
PLACE_optlc_35175	0	0.555556
PLACE_optlc_36690	0	0.469136
PLACE_optlc_37332	0	0.555556
PLACE_optlc_35819	0	0.555556
datamem/U4319	0	1.57581
datamem/U3865	0	1.16402
datamem/U3493	0	0.671431
PLACE_optlc_34709	0	0.555556
PLACE_optlc_31161	0	1.50617
PLACE_optlc_35658	0	0.469136
PLACE_optlc_30996	0	0.530864
PLACE_optlc_34132	0	0.469136
PLACE_optlc_33027	0	0.518519
datamem/U727	0	0.797886
datamem/U1362	0	1.02924
datamem/ram_reg[188][2]	0	1.03747
datamem/U1145	0	1.56236
datamem/U4077	0	0.820278
datamem/U2497	0	0.882658
PLACE_optlc_26324	0	1.54321
PLACE_optlc_34509	0	0.54321
PLACE_optlc_28971	0	1.49383
PLACE_optlc_37574	0	0.555556
PLACE_optlc_27144	0	0.45679
datamem/ram_reg[17][1]	0	0.881354
datamem/ram_reg[37][0]	0	1.26185
PLACE_optlc_36944	0	0.469136
PLACE_optlc_28816	0	0.518519
PLACE_optlc_34960	0	0.555556
PLACE_optlc_25713	0	0.54321
PLACE_optlc_36672	0	0.555556
PLACE_optlc_30071	0	1.54321
datamem/ram_reg[40][3]	0	0.774483
datamem/ram_reg[119][2]	0	0.793715
PLACE_optlc_28521	0	0.45679
PLACE_optlc_31479	0	1.55556
PLACE_optlc_28794	0	0.54321
PLACE_optlc_31048	0	1.48148
PLACE_optlc_28083	0	0.518519
PLACE_optlc_25651	0	0.54321
PLACE_optlc_28466	0	0.481481
PLACE_optlc_36774	0	1.55556
PLACE_optlc_36512	0	0.54321
datamem/ram_reg[87][15]	0	0.567485
datamem/ram_reg[115][0]	0	0.736686
datamem/ram_reg[6][9]	0	0.868623
PLACE_optlc_32979	0	0.518519
PLACE_optlc_33342	0	1.53086
PLACE_optlc_35875	0	0.555556
PLACE_optlc_33407	0	0.481481
PLACE_optlc_34675	0	0.530864
PLACE_optlc_29546	0	0.45679
PLACE_optlc_30238	0	1.55556
PLACE_optlc_32757	0	0.54321
PLACE_optlc_31239	0	1.55556
PLACE_optlc_33028	0	1.55556
datamem/ram_reg[119][5]	0	0.797593
datamem/U3999	0	0.941308
datamem/U3424	0	0.78343
datamem/U2287	0	0.585069
datamem/U1386	0	2.0338
datamem/ram_reg[61][2]	0	0.881397
PLACE_optlc_31514	0	1.55556
PLACE_optlc_32763	0	1.54321
PLACE_optlc_37965	0	0.555556
PLACE_optlc_37561	0	0.555556
PLACE_optlc_37027	0	0.555556
PLACE_optlc_26931	0	0.54321
PLACE_optlc_29528	0	1.55556
datamem/ram_reg[231][11]	0	0.629171
datamem/U2362	0	0.69478
datamem/ram_reg[171][5]	0	0.714225
datamem/U2047	0	1.14633
datamem/U1329	0	0.621948
datamem/U1434	0	0.836196
datamem/ram_reg[180][10]	0	0.92544
datamem/U781	0	0.553133
datamem/ram_reg[198][10]	0	2.02477
datamem/U3664	0	1.45404
PLACE_optlc_29204	0	0.54321
PLACE_optlc_28421	0	1.51852
PLACE_optlc_29120	0	1.54321
PLACE_optlc_29252	0	1.53086
PLACE_optlc_38369	0	0.469136
PLACE_optlc_36937	0	0.54321
PLACE_optlc_30425	0	1.55556
PLACE_optlc_29056	0	1.48148
PLACE_optlc_37872	0	0.555556
PLACE_optlc_28064	0	0.54321
datamem/ram_reg[215][15]	0	1.3391
datamem/ram_reg[111][13]	0	0.706632
datamem/ram_reg[223][2]	0	0.948306
datamem/ram_reg[109][10]	0	0.566169
datamem/ram_reg[92][2]	0	0.699753
datamem/U670	0	0.843981
PLACE_optlc_34524	0	1.53086
PLACE_optlc_33196	0	1.55556
PLACE_optlc_30528	0	0.469136
PLACE_optlc_31740	0	1.50617
PLACE_optlc_36608	0	0.555556
PLACE_optlc_36089	0	0.530864
PLACE_optlc_35387	0	1.53086
PLACE_optlc_35559	0	1.50617
PLACE_optlc_33270	0	1.54321
datamem/U417	0	0.980185
datamem/U2891	0	1.03693
datamem/ram_reg[200][11]	0	0.868198
PLACE_optlc_33540	0	1.55556
PLACE_optlc_31321	0	0.54321
PLACE_optlc_32297	0	0.54321
PLACE_optlc_33280	0	0.518519
PLACE_optlc_26291	0	0.530864
datamem/ram_reg[160][3]	0	0.57689
datamem/U4333	0	1.47818
datamem/ram_reg[50][11]	0	1.20034
datamem/ram_reg[111][0]	0	1.42691
datamem/U2138	0	1.39923
datamem/U332	0	1.16484
datamem/ram_reg[42][14]	0	1.10759
datamem/ram_reg[175][1]	0	1.36174
PLACE_optlc_25992	0	0.54321
PLACE_optlc_25898	0	0.54321
PLACE_optlc_29599	0	1.53086
PLACE_optlc_27562	0	0.54321
datamem/ram_reg[77][2]	0	0.783931
datamem/ram_reg[213][14]	0	0.601593
datamem/U3369	0	0.672238
datamem/ram_reg[82][9]	0	0.705606
datamem/U3480	0	0.633615
datamem/U4447	0	0.957577
PLACE_optlc_32363	0	0.493827
PLACE_optlc_27039	0	1.54321
PLACE_optlc_28922	0	0.45679
PLACE_optlc_32590	0	1.53086
PLACE_optlc_33383	0	0.493827
PLACE_optlc_29444	0	0.54321
datamem/U2242	0	1.41248
datamem/ram_reg[198][4]	0	0.627481
datamem/ram_reg[92][1]	0	2.5684
PLACE_optlc_30796	0	1.51852
PLACE_optlc_32501	0	0.518519
PLACE_optlc_33663	0	0.407407
PLACE_optlc_28321	0	0.518519
PLACE_optlc_34440	0	0.530864
PLACE_optlc_35991	0	0.506173
PLACE_optlc_30671	0	1.53086
PLACE_optlc_38268	0	1.55556
PLACE_optlc_37026	0	1.51852
PLACE_optlc_27553	0	0.54321
PLACE_optlc_31473	0	0.518519
PLACE_optlc_33050	0	1.55556
PLACE_optlc_32028	0	0.54321
datamem/ram_reg[162][11]	0	0.797778
datamem/U4193	0	1.15738
datamem/ram_reg[204][12]	0	1.02181
PLACE_optlc_35133	0	1.54321
PLACE_optlc_36754	0	1.53086
PLACE_optlc_34925	0	1.55556
PLACE_optlc_35348	0	0.469136
PLACE_optlc_27941	0	0.530864
PLACE_optlc_28978	0	1.50617
PLACE_optlc_35169	0	0.518519
PLACE_optlc_35670	0	1.55556
datamem/U3245	0	0.557326
datamem/U310	0	0.698935
datamem/U1750	0	1.07314
datamem/ram_reg[199][12]	0	0.550729
PLACE_optlc_27788	0	1.55556
PLACE_optlc_26111	0	1.54321
PLACE_optlc_25937	0	0.481481
datamem/ram_reg[175][10]	0	1.60411
datamem/ram_reg[43][12]	0	0.755718
datamem/ram_reg[205][9]	0	0.585529
datamem/ram_reg[150][9]	0	1.25453
datamem/ram_reg[224][3]	0	0.997184
PLACE_optlc_34595	0	1.53086
PLACE_optlc_35898	0	0.555556
PLACE_optlc_35888	0	1.55556
datamem/U2417	0	1.04569
datamem/ram_reg[135][9]	0	0.839892
datamem/U4076	0	0.905918
datamem/ram_reg[37][6]	0	0.81238
datamem/ram_reg[104][3]	0	0.772411
datamem/ram_reg[11][3]	0	1.21299
PLACE_optlc_27726	0	1.55556
PLACE_optlc_27776	0	0.518519
PLACE_optlc_37301	0	0.555556
PLACE_optlc_38192	0	0.555556
PLACE_optlc_32564	0	1.51852
PLACE_optlc_31722	0	1.54321
PLACE_optlc_37861	0	1.51852
datamem/U3144	0	0.94669
PLACE_optlc_34876	0	0.555556
PLACE_optlc_31326	0	1.55556
PLACE_optlc_34339	0	0.555556
PLACE_optlc_31882	0	1.54321
PLACE_optlc_33074	0	1.53086
PLACE_optlc_26685	0	1.55556
PLACE_optlc_36654	0	0.469136
PLACE_optlc_33991	0	0.506173
PLACE_optlc_26289	0	0.518519
PLACE_optlc_26061	0	1.50617
PLACE_optlc_27205	0	1.55556
PLACE_optlc_28597	0	0.493827
PLACE_optlc_35530	0	1.55556
PLACE_optlc_31532	0	1.55556
PLACE_optlc_27729	0	0.530864
PLACE_optlc_33135	0	1.55556
PLACE_optlc_26579	0	1.53086
PLACE_optlc_32557	0	0.518519
datamem/ram_reg[206][15]	0	0.992975
datamem/ram_reg[27][3]	0	0.729421
datamem/U3402	0	1.53506
datamem/U3266	0	1.41198
datamem/ram_reg[38][5]	0	1.25786
PLACE_optlc_33363	0	1.55556
PLACE_optlc_31934	0	1.54321
PLACE_optlc_27998	0	1.51852
PLACE_optlc_34356	0	0.555556
PLACE_optlc_31518	0	0.518519
PLACE_optlc_32399	0	0.54321
datamem/U1907	0	1.04477
datamem/U1824	0	0.575004
datamem/ram_reg[82][8]	0	1.73698
datamem/U728	0	1.26375
datamem/U2364	0	1.85222
datamem/U2134	0	1.09949
datamem/ram_reg[126][6]	0	0.642149
PLACE_optlc_35600	0	1.51852
PLACE_optlc_31766	0	0.54321
PLACE_optlc_37658	0	0.555556
PLACE_optlc_32638	0	0.54321
PLACE_optlc_36308	0	1.53086
PLACE_optlc_28323	0	1.50617
PLACE_optlc_27061	0	0.555556
datamem/ram_reg[95][3]	0	0.896829
datamem/U1105	0	0.788762
datamem/ram_reg[100][15]	0	1.08338
datamem/ram_reg[20][2]	0	1.36055
datamem/ram_reg[155][13]	0	1.00147
datamem/ram_reg[206][9]	0	1.17809
PLACE_optlc_33610	0	1.50617
PLACE_optlc_28420	0	0.54321
PLACE_optlc_28998	0	0.54321
PLACE_optlc_26922	0	0.54321
PLACE_optlc_27315	0	1.55556
PLACE_optlc_33236	0	0.530864
datamem/ram_reg[107][6]	0	0.829441
datamem/U247	0	1.3596
datamem/U4037	0	0.601312
datamem/U2284	0	0.962353
datamem/U4050	0	0.71103
PLACE_optlc_37424	0	0.555556
PLACE_optlc_30032	0	1.55556
PLACE_optlc_29900	0	1.54321
PLACE_optlc_29456	0	1.54321
PLACE_optlc_36024	0	0.555556
datamem/ram_reg[149][11]	0	1.71906
datamem/U3593	0	1.52051
datamem/U3166	0	1.29469
datamem/U3077	0	1.43903
datamem/ram_reg[176][2]	0	1.2626
PLACE_optlc_31495	0	1.55556
PLACE_optlc_29830	0	0.54321
PLACE_optlc_27725	0	0.481481
PLACE_optlc_34833	0	0.530864
PLACE_optlc_30119	0	1.55556
datamem/ram_reg[40][2]	0	0.693299
datamem/U46	0	0.958422
datamem/U3703	0	1.62985
datamem/ram_reg[73][13]	0	0.867257
datamem/ram_reg[88][6]	0	0.530648
datamem/U3869	0	1.02105
datamem/ram_reg[53][1]	0	1.71528
datamem/ram_reg[32][8]	0	1.37927
datamem/ram_reg[224][12]	0	0.7611
PLACE_optlc_29051	0	0.518519
PLACE_optlc_26500	0	0.518519
PLACE_optlc_33480	0	0.481481
PLACE_optlc_25804	0	0.54321
PLACE_optlc_25777	0	1.53086
datamem/U1506	0	1.22622
datamem/U2020	0	1.15659
datamem/U2791	0	1.71596
PLACE_optlc_36318	0	0.555556
PLACE_optlc_30870	0	1.55556
PLACE_optlc_30319	0	1.53086
datamem/ram_reg[137][14]	0	1.51966
datamem/U2452	0	1.28499
datamem/ram_reg[176][8]	0	1.24671
datamem/ram_reg[108][15]	0	0.764931
PLACE_optlc_34065	0	1.54321
PLACE_optlc_28631	0	0.54321
PLACE_optlc_36771	0	0.555556
PLACE_optlc_37853	0	0.530864
PLACE_optlc_36536	0	0.530864
PLACE_optlc_38367	0	0.555556
PLACE_optlc_37714	0	1.55556
PLACE_optlc_37908	0	0.555556
PLACE_optlc_26858	0	0.506173
PLACE_optlc_29439	0	0.54321
datamem/ram_reg[253][9]	0	1.10898
datamem/ram_reg[154][5]	0	1.86552
datamem/ram_reg[245][4]	0	0.743264
datamem/ram_reg[160][6]	0	0.879012
datamem/U2958	0	0.761296
datamem/U443	0	0.701879
PLACE_optlc_33121	0	1.55556
PLACE_optlc_37780	0	1.55556
datamem/ram_reg[207][7]	0	1.50051
datamem/U1615	0	0.757924
datamem/U1437	0	1.25795
datamem/ram_reg[80][11]	0	0.992153
PLACE_optlc_35837	0	0.555556
PLACE_optlc_32781	0	0.469136
PLACE_optlc_34167	0	0.506173
PLACE_optlc_35656	0	0.555556
PLACE_optlc_35005	0	0.555556
PLACE_optlc_30417	0	0.506173
datamem/ram_reg[83][4]	0	1.41853
datamem/ram_reg[179][7]	0	0.632357
PLACE_optlc_36228	0	0.555556
PLACE_optlc_29218	0	0.530864
PLACE_optlc_35289	0	1.55556
PLACE_optlc_33467	0	0.54321
PLACE_optlc_38333	0	1.55556
datamem/ram_reg[241][11]	0	0.710783
datamem/ram_reg[30][3]	0	0.820135
datamem/ram_reg[64][3]	0	1.17268
datamem/ram_reg[27][15]	0	0.816674
PLACE_optlc_31623	0	0.518519
PLACE_optlc_25887	0	1.51852
PLACE_optlc_36000	0	0.555556
PLACE_optlc_33419	0	0.518519
PLACE_optlc_27316	0	0.54321
PLACE_optlc_34423	0	1.53086
PLACE_optlc_30026	0	0.54321
PLACE_optlc_37942	0	0.530864
datamem/U1721	0	1.39284
datamem/ram_reg[181][11]	0	0.794618
datamem/U1884	0	0.883708
datamem/U4377	0	0.875367
datamem/ram_reg[89][5]	0	0.854842
datamem/U3613	0	1.12711
PLACE_optlc_28322	0	1.55556
PLACE_optlc_28379	0	1.55556
PLACE_optlc_26887	0	1.53086
PLACE_optlc_34271	0	0.555556
PLACE_optlc_34212	0	1.55556
PLACE_optlc_29308	0	1.55556
PLACE_optlc_34080	0	0.493827
PLACE_optlc_30637	0	0.506173
PLACE_optlc_34832	0	0.555556
datamem/U1589	0	0.836609
U1_Mux2x1/U2	0	1.54682
PLACE_optlc_28985	0	0.54321
PLACE_optlc_32609	0	1.55556
PLACE_optlc_28686	0	0.54321
PLACE_optlc_32981	0	0.54321
PLACE_optlc_33131	0	0.54321
PLACE_optlc_37220	0	0.555556
PLACE_optlc_28614	0	1.53086
PLACE_optlc_30823	0	0.506173
datamem/U3630	0	0.718387
datamem/ram_reg[177][13]	0	0.93635
datamem/U2154	0	1.79246
datamem/ram_reg[241][5]	0	0.855432
datamem/U4059	0	0.619016
PLACE_optlc_37327	0	0.506173
PLACE_optlc_33261	0	0.54321
PLACE_optlc_28605	0	1.54321
PLACE_optlc_38203	0	1.55556
PLACE_optlc_32665	0	1.51852
PLACE_optlc_26337	0	0.506173
datamem/U1941	0	0.739275
datamem/U1100	0	1.55721
datamem/ram_reg[103][11]	0	0.736489
datamem/ram_reg[131][8]	0	2.18166
datamem/U2157	0	0.732735
datamem/U119	0	0.899745
datamem/U3098	0	0.887836
datamem/ram_reg[236][11]	0	2.26867
PLACE_optlc_37945	0	1.53086
PLACE_optlc_34431	0	0.555556
PLACE_optlc_28822	0	0.518519
PLACE_optlc_33481	0	0.506173
PLACE_optlc_25901	0	1.55556
PLACE_optlc_29382	0	1.54321
PLACE_optlc_27164	0	1.53086
PLACE_optlc_30735	0	0.530864
PLACE_optlc_31426	0	0.54321
PLACE_optlc_29321	0	1.55556
datamem/U492	0	0.916362
datamem/ram_reg[99][5]	0	1.02592
PLACE_optlc_26583	0	0.54321
PLACE_optlc_27201	0	1.55556
PLACE_optlc_32445	0	0.530864
PLACE_optlc_27474	0	1.55556
PLACE_optlc_27541	0	0.54321
PLACE_optlc_33253	0	0.54321
datamem/ram_reg[18][14]	0	0.61564
datamem/ram_reg[67][9]	0	0.917512
datamem/U3906	0	0.812022
datamem/U2007	0	0.926227
datamem/U1981	0	1.33847
datamem/ram_reg[89][13]	0	1.39051
datamem/U3192	0	1.73326
datamem/U693	0	1.76677
PLACE_optlc_33559	0	0.530864
PLACE_optlc_28983	0	0.54321
PLACE_optlc_33636	0	1.55556
PLACE_optlc_31146	0	1.54321
datamem/ram_reg[211][7]	0	1.36244
datamem/U1666	0	0.829873
datamem/U3971	0	0.705147
datamem/ram_reg[147][2]	0	0.879101
datamem/U2707	0	1.17707
datamem/ram_reg[183][6]	0	1.07394
PLACE_optlc_28335	0	0.518519
PLACE_optlc_35994	0	1.53086
PLACE_optlc_26525	0	1.54321
PLACE_optlc_35455	0	0.555556
PLACE_optlc_33373	0	0.493827
PLACE_optlc_36947	0	0.555556
PLACE_optlc_35914	0	0.530864
PLACE_optlc_32825	0	1.55556
datamem/ram_reg[168][3]	0	1.33993
datamem/ram_reg[59][4]	0	0.735235
datamem/U2898	0	0.608785
datamem/ram_reg[7][0]	0	0.958422
PLACE_optlc_35207	0	0.469136
PLACE_optlc_28856	0	0.54321
PLACE_optlc_30596	0	1.51852
datamem/U2723	0	1.34899
datamem/U2817	0	0.605328
datamem/U774	0	1.2596
datamem/ram_reg[212][13]	0	0.683812
datamem/U1395	0	0.760312
PLACE_optlc_34588	0	0.555556
PLACE_optlc_34127	0	0.45679
PLACE_optlc_30716	0	0.481481
PLACE_optlc_27151	0	0.518519
PLACE_optlc_38269	0	0.555556
datamem/ram_reg[53][14]	0	0.693846
datamem/ram_reg[66][1]	0	0.893364
PLACE_optlc_35858	0	0.555556
PLACE_optlc_27154	0	0.54321
PLACE_optlc_37186	0	0.555556
PLACE_optlc_36489	0	0.469136
PLACE_optlc_32372	0	1.55556
PLACE_optlc_34950	0	1.50617
PLACE_optlc_35211	0	1.55556
datamem/U3587	0	0.607245
datamem/U1665	0	0.663978
datamem/ram_reg[186][10]	0	1.18456
datamem/ram_reg[121][1]	0	1.99105
datamem/ram_reg[196][6]	0	1.34026
PLACE_optlc_37709	0	0.530864
PLACE_optlc_26140	0	0.518519
PLACE_optlc_33526	0	1.51852
PLACE_optlc_27259	0	0.54321
PLACE_optlc_30960	0	0.54321
datamem/ram_reg[60][15]	0	1.05517
datamem/U4371	0	1.35102
datamem/ram_reg[226][12]	0	0.914985
PLACE_optlc_30450	0	0.493827
PLACE_optlc_29497	0	0.530864
PLACE_optlc_37994	0	0.555556
PLACE_optlc_34214	0	0.555556
PLACE_optlc_34408	0	0.469136
PLACE_optlc_35806	0	0.555556
PLACE_optlc_31183	0	1.51852
PLACE_optlc_37146	0	1.55556
PLACE_optlc_31970	0	1.50617
datamem/U2493	0	1.06755
datamem/ram_reg[111][5]	0	0.545332
datamem/ram_reg[222][11]	0	0.918954
datamem/U2942	0	0.61331
datamem/U3718	0	0.681211
PLACE_optlc_30820	0	1.54321
PLACE_optlc_32582	0	0.54321
PLACE_optlc_29882	0	0.469136
PLACE_optlc_37317	0	1.51852
PLACE_optlc_27413	0	0.54321
PLACE_optlc_35957	0	0.555556
PLACE_optlc_28528	0	1.55556
PLACE_optlc_36521	0	0.555556
datamem/ram_reg[155][15]	0	1.02022
datamem/U2189	0	0.565401
datamem/U676	0	0.651038
datamem/ram_reg[47][4]	0	0.674047
datamem/U1493	0	0.640239
datamem/ram_reg[145][12]	0	0.859171
PLACE_optlc_30920	0	0.54321
PLACE_optlc_29512	0	1.53086
PLACE_optlc_37940	0	0.444444
PLACE_optlc_27464	0	0.518519
PLACE_optlc_31668	0	0.54321
PLACE_optlc_27400	0	0.45679
PLACE_optlc_32995	0	1.55556
PLACE_optlc_31661	0	1.49383
datamem/ram_reg[123][12]	0	0.904664
PLACE_optlc_34919	0	1.55556
PLACE_optlc_30404	0	1.54321
PLACE_optlc_32436	0	1.51852
PLACE_optlc_28760	0	0.506173
PLACE_optlc_35910	0	0.555556
PLACE_optlc_27046	0	0.518519
PLACE_optlc_34454	0	0.555556
datamem/ram_reg[90][6]	0	0.76
datamem/U203	0	2.2178
datamem/U365	0	0.583808
PLACE_optlc_31875	0	0.54321
PLACE_optlc_33250	0	1.55556
PLACE_optlc_27429	0	0.45679
PLACE_optlc_28641	0	1.55556
PLACE_optlc_25838	0	0.506173
PLACE_optlc_36991	0	0.555556
PLACE_optlc_32761	0	0.54321
PLACE_optlc_26759	0	0.481481
PLACE_optlc_31586	0	0.54321
datamem/U3285	0	0.91191
datamem/U3826	0	0.84733
datamem/ram_reg[58][7]	0	1.56308
datamem/U128	0	1.4873
PLACE_optlc_32923	0	1.54321
PLACE_optlc_35197	0	0.555556
PLACE_optlc_33556	0	0.506173
PLACE_optlc_29396	0	0.54321
PLACE_optlc_29652	0	0.54321
PLACE_optlc_37522	0	0.54321
datamem/ram_reg[147][12]	0	2.24138
datamem/ram_reg[149][4]	0	2.06258
datamem/U4283	0	1.32831
datamem/U2901	0	1.4437
PLACE_optlc_26415	0	0.54321
PLACE_optlc_34419	0	0.555556
PLACE_optlc_27439	0	0.506173
PLACE_optlc_28658	0	1.55556
PLACE_optlc_30335	0	1.55556
PLACE_optlc_25948	0	1.55556
PLACE_optlc_26033	0	1.55556
PLACE_optlc_25728	0	1.55556
datamem/ram_reg[105][1]	0	1.32885
datamem/U341	0	1.27544
datamem/U3752	0	0.977361
datamem/U421	0	0.808507
datamem/U1598	0	0.569541
datamem/ram_reg[138][1]	0	0.581844
PLACE_optlc_37174	0	0.555556
PLACE_optlc_28525	0	0.530864
PLACE_optlc_33924	0	0.493827
PLACE_optlc_37505	0	1.53086
PLACE_optlc_27743	0	1.50617
PLACE_optlc_31233	0	0.54321
PLACE_optlc_34154	0	0.469136
PLACE_optlc_26219	0	0.54321
PLACE_optlc_28001	0	1.54321
PLACE_optlc_34081	0	1.55556
datamem/U1435	0	1.18138
datamem/U1121	0	0.813083
PLACE_optlc_34104	0	0.555556
PLACE_optlc_34197	0	0.555556
PLACE_optlc_27365	0	1.55556
PLACE_optlc_25781	0	1.55556
PLACE_optlc_34323	0	1.55556
PLACE_optlc_31591	0	1.55556
datamem/ram_reg[204][10]	0	0.773256
datamem/U1796	0	0.575853
datamem/ram_reg[79][6]	0	1.16014
datamem/U3676	0	0.807002
datamem/ram_reg[49][0]	0	1.41346
datamem/U1492	0	0.625559
datamem/ram_reg[227][8]	0	0.704506
datamem/ram_reg[157][11]	0	0.908117
datamem/U3736	0	1.34343
datamem/U1818	0	1.10713
datamem/U3186	0	1.19482
PLACE_optlc_31197	0	1.53086
PLACE_optlc_30999	0	0.54321
PLACE_optlc_33186	0	1.55556
datamem/ram_reg[203][3]	0	1.31287
datamem/ram_reg[62][0]	0	1.26638
datamem/U726	0	1.50757
datamem/U3701	0	0.838218
datamem/U588	0	0.555127
datamem/U1334	0	1.00993
datamem/U4068	0	0.83843
PLACE_optlc_36179	0	0.555556
PLACE_optlc_28720	0	1.55556
PLACE_optlc_29741	0	0.54321
PLACE_optlc_37515	0	0.530864
PLACE_optlc_29521	0	0.530864
datamem/ram_reg[219][8]	0	0.871535
datamem/ram_reg[174][14]	0	1.08466
datamem/ram_reg[187][5]	0	1.04908
PLACE_optlc_26233	0	0.45679
PLACE_optlc_28893	0	1.51852
PLACE_optlc_26358	0	1.55556
PLACE_optlc_30431	0	0.54321
PLACE_optlc_37206	0	0.555556
PLACE_optlc_36613	0	1.55556
datamem/U960	0	1.41948
datamem/U4608	0	0.566154
datamem/U1968	0	1.13645
datamem/ram_reg[181][1]	0	0.777998
datamem/ram_reg[180][3]	0	0.687496
datamem/U1634	0	0.827959
datamem/U2498	0	1.06413
datamem/ram_reg[159][2]	0	0.56966
PLACE_optlc_33588	0	0.530864
PLACE_optlc_27075	0	0.54321
PLACE_optlc_29415	0	1.54321
PLACE_optlc_36914	0	0.555556
PLACE_optlc_33291	0	1.55556
PLACE_optlc_34347	0	1.55556
PLACE_optlc_34115	0	0.469136
PLACE_optlc_31943	0	0.54321
datamem/ram_reg[254][5]	0	1.01879
datamem/ram_reg[41][8]	0	0.586362
datamem/U3316	0	1.58161
datamem/ram_reg[148][12]	0	1.56946
datamem/ram_reg[95][5]	0	1.45474
PLACE_optlc_37115	0	1.53086
PLACE_optlc_33357	0	1.55556
PLACE_optlc_36699	0	0.530864
PLACE_optlc_28472	0	1.55556
PLACE_optlc_34890	0	1.55556
PLACE_optlc_35971	0	1.49383
PLACE_optlc_30891	0	1.54321
datamem/U1388	0	1.88988
datamem/U1459	0	0.558854
PLACE_optlc_29643	0	0.54321
PLACE_optlc_34956	0	1.53086
PLACE_optlc_29169	0	0.54321
PLACE_optlc_26997	0	1.51852
PLACE_optlc_38275	0	0.555556
datamem/U3742	0	1.02873
datamem/U3042	0	0.752867
datamem/ram_reg[214][12]	0	0.875887
datamem/U1222	0	0.843584
datamem/ram_reg[119][14]	0	1.64758
PLACE_optlc_37363	0	0.469136
PLACE_optlc_36081	0	1.46914
PLACE_optlc_35927	0	1.53086
PLACE_optlc_38202	0	1.55556
PLACE_optlc_25625	0	1.54321
PLACE_optlc_33317	0	0.530864
PLACE_optlc_33587	0	0.530864
PLACE_optlc_35714	0	0.555556
PLACE_optlc_29395	0	0.54321
datamem/U854	0	1.22324
datamem/ram_reg[216][11]	0	0.639722
datamem/U504	0	0.596505
datamem/U1162	0	0.594379
datamem/U973	0	0.916069
datamem/ram_reg[130][13]	0	0.585737
PLACE_optlc_30461	0	1.53086
PLACE_optlc_30372	0	0.493827
PLACE_optlc_33479	0	1.53086
PLACE_optlc_28729	0	0.518519
PLACE_optlc_36939	0	1.54321
PLACE_optlc_38004	0	0.555556
PLACE_optlc_37229	0	0.530864
PLACE_optlc_36232	0	0.555556
PLACE_optlc_34724	0	1.49383
datamem/ram_reg[131][9]	0	0.587145
datamem/ram_reg[37][12]	0	0.639348
datamem/U3215	0	0.870644
PLACE_optlc_28368	0	0.493827
PLACE_optlc_36077	0	0.555556
PLACE_optlc_32410	0	1.54321
PLACE_optlc_28529	0	0.518519
PLACE_optlc_28380	0	1.55556
PLACE_optlc_31790	0	1.51852
PLACE_optlc_34053	0	0.518519
datamem/ram_reg[175][14]	0	1.7348
datamem/U546	0	1.86741
datamem/U3553	0	1.30682
datamem/U3698	0	0.799279
datamem/ram_reg[171][15]	0	0.709738
datamem/ram_reg[233][11]	0	1.22086
PLACE_optlc_26554	0	1.54321
PLACE_optlc_29815	0	1.55556
PLACE_optlc_34683	0	1.53086
PLACE_optlc_29093	0	1.51852
PLACE_optlc_29544	0	1.55556
PLACE_optlc_33695	0	0.54321
PLACE_optlc_37750	0	0.555556
PLACE_optlc_37673	0	1.53086
PLACE_optlc_34266	0	0.555556
PLACE_optlc_36551	0	0.555556
datamem/ram_reg[24][1]	0	0.817388
datamem/ram_reg[169][6]	0	0.829448
datamem/U2819	0	1.52164
datamem/U2878	0	1.07676
datamem/ram_reg[204][7]	0	1.35882
PLACE_optlc_25763	0	0.54321
PLACE_optlc_26542	0	0.45679
PLACE_optlc_31315	0	0.530864
PLACE_optlc_28225	0	0.506173
PLACE_optlc_27642	0	1.51852
PLACE_optlc_25702	0	1.45679
PLACE_optlc_38349	0	1.53086
PLACE_optlc_30576	0	0.481481
PLACE_optlc_33987	0	0.54321
PLACE_optlc_33548	0	1.51852
PLACE_optlc_30838	0	1.55556
datamem/U2366	0	1.0478
datamem/ram_reg[103][8]	0	0.852423
datamem/ram_reg[46][3]	0	1.44888
PLACE_optlc_33842	0	0.407407
PLACE_optlc_35359	0	0.530864
PLACE_optlc_29642	0	1.55556
PLACE_optlc_35803	0	0.555556
PLACE_optlc_30045	0	1.55556
PLACE_optlc_28810	0	1.55556
PLACE_optlc_31510	0	0.518519
PLACE_optlc_30786	0	0.54321
PLACE_optlc_30044	0	0.506173
PLACE_optlc_29151	0	1.51852
PLACE_optlc_32255	0	0.530864
datamem/U2700	0	0.546447
datamem/U2379	0	1.89341
datamem/U3275	0	0.841196
PLACE_HFSINV_305_25572	0	0.721038
datamem/ram_reg[133][12]	0	1.16722
datamem/ram_reg[17][9]	0	0.641563
datamem/ram_reg[121][6]	0	0.710972
datamem/U4229	0	1.41394
datamem/U1874	0	0.989803
datamem/ram_reg[157][15]	0	0.750166
datamem/ram_reg[107][4]	0	0.714128
PLACE_optlc_26367	0	1.55556
PLACE_optlc_27304	0	1.53086
PLACE_optlc_31930	0	1.45679
PLACE_optlc_36321	0	0.555556
PLACE_optlc_28798	0	1.55556
PLACE_optlc_33593	0	0.518519
PLACE_optlc_35057	0	1.53086
PLACE_optlc_35177	0	1.55556
PLACE_optlc_27175	0	0.54321
datamem/ram_reg[137][12]	0	0.819255
datamem/ram_reg[23][4]	0	1.11517
datamem/ram_reg[131][2]	0	0.699425
datamem/U1623	0	0.926127
datamem/ram_reg[202][3]	0	2.3869
PLACE_optlc_37242	0	0.555556
PLACE_optlc_26395	0	0.555556
PLACE_optlc_32470	0	1.51852
PLACE_optlc_34213	0	0.555556
PLACE_optlc_26052	0	0.45679
PLACE_optlc_26063	0	0.54321
PLACE_optlc_32092	0	0.54321
PLACE_optlc_25943	0	0.54321
PLACE_optlc_34845	0	0.555556
PLACE_optlc_30626	0	0.506173
PLACE_optlc_35001	0	0.555556
datamem/ram_reg[236][2]	0	0.770158
datamem/ram_reg[111][9]	0	0.736759
datamem/ram_reg[152][4]	0	1.33002
PLACE_HFSBUF_11282_25601	0	0.988835
PLACE_optlc_30255	0	1.51852
PLACE_optlc_28884	0	0.493827
PLACE_optlc_30138	0	1.51852
PLACE_optlc_30360	0	1.53086
PLACE_optlc_33435	0	0.493827
datamem/U2662	0	1.31671
datamem/ram_reg[100][9]	0	0.833908
datamem/ram_reg[240][5]	0	0.683187
datamem/ram_reg[15][13]	0	1.57397
datamem/U1071	0	0.602604
datamem/U835	0	1.12986
PLACE_optlc_36320	0	0.555556
PLACE_optlc_37769	0	0.469136
PLACE_optlc_29577	0	1.55556
PLACE_optlc_30606	0	0.54321
PLACE_optlc_34319	0	0.481481
PLACE_optlc_25724	0	0.530864
PLACE_optlc_33879	0	1.55556
PLACE_optlc_36138	0	0.469136
datamem/ram_reg[174][2]	0	1.18994
datamem/ram_reg[147][11]	0	0.936397
datamem/U3850	0	0.589336
datamem/ram_reg[54][9]	0	0.882867
datamem/ram_reg[250][10]	0	1.17815
datamem/ram_reg[73][0]	0	1.0233
PLACE_optlc_25797	0	1.54321
PLACE_optlc_28699	0	0.54321
PLACE_optlc_37776	0	0.555556
PLACE_optlc_28332	0	0.493827
PLACE_optlc_26844	0	0.518519
PLACE_optlc_37440	0	0.555556
PLACE_optlc_30558	0	0.530864
datamem/ram_reg[249][8]	0	0.765081
datamem/U2690	0	1.00419
datamem/U750	0	1.08943
datamem/ram_reg[21][5]	0	0.607515
PLACE_optlc_30913	0	1.53086
PLACE_optlc_30006	0	0.54321
PLACE_optlc_29310	0	0.54321
PLACE_optlc_28281	0	0.54321
PLACE_optlc_33436	0	0.530864
PLACE_optlc_34739	0	0.555556
PLACE_optlc_31259	0	0.54321
datamem/U2453	0	0.631752
datamem/ram_reg[94][4]	0	1.12758
datamem/U3374	0	1.3051
datamem/U1196	0	0.615359
datamem/U1723	0	0.782523
PLACE_optlc_36385	0	0.555556
PLACE_optlc_33451	0	0.45679
PLACE_optlc_38172	0	0.530864
PLACE_optlc_26231	0	1.55556
PLACE_optlc_32572	0	1.55556
PLACE_optlc_36091	0	0.555556
PLACE_optlc_35409	0	1.46914
PLACE_optlc_35266	0	0.555556
datamem/U4104	0	0.748978
datamem/U2851	0	0.768264
datamem/ram_reg[86][5]	0	1.55242
datamem/U2012	0	1.06578
datamem/U4624	0	1.51334
datamem/U4028	0	0.957056
PLACE_optlc_32872	0	1.55556
PLACE_optlc_32337	0	0.54321
PLACE_optlc_32073	0	0.506173
PLACE_optlc_30007	0	1.51852
PLACE_optlc_28551	0	1.55556
PLACE_optlc_36358	0	1.53086
PLACE_optlc_32927	0	0.506173
datamem/ram_reg[76][13]	0	1.23792
datamem/ram_reg[89][12]	0	1.17762
datamem/ram_reg[22][8]	0	1.88405
PLACE_optlc_32477	0	0.469136
PLACE_optlc_27886	0	0.469136
PLACE_optlc_25726	0	0.54321
PLACE_optlc_33037	0	0.54321
PLACE_optlc_28336	0	1.55556
PLACE_optlc_27589	0	1.55556
datamem/ram_reg[237][0]	0	1.55309
PLACE_optlc_32371	0	0.54321
PLACE_optlc_32760	0	1.55556
PLACE_optlc_27395	0	1.53086
PLACE_optlc_35669	0	0.469136
datamem/U2636	0	1.2246
datamem/U986	0	0.730135
datamem/U1900	0	1.05324
datamem/U3179	0	1.84818
datamem/ram_reg[253][3]	0	0.707531
datamem/U2236	0	1.02333
PLACE_optlc_30964	0	0.469136
PLACE_optlc_25857	0	1.53086
PLACE_optlc_36882	0	1.53086
PLACE_optlc_33225	0	0.54321
PLACE_optlc_35239	0	1.46914
PLACE_optlc_29386	0	0.518519
PLACE_optlc_27797	0	0.54321
PLACE_optlc_28005	0	0.54321
PLACE_optlc_35812	0	0.555556
datamem/ram_reg[179][8]	0	0.683167
datamem/U2194	0	0.889691
PLACE_optlc_36900	0	0.555556
PLACE_optlc_36567	0	1.55556
PLACE_optlc_33715	0	1.51852
PLACE_optlc_32655	0	1.53086
PLACE_optlc_27418	0	1.46914
PLACE_optlc_33053	0	1.55556
datamem/U2373	0	1.16991
PLACE_optlc_36474	0	1.55556
PLACE_optlc_25764	0	1.55556
PLACE_optlc_35674	0	1.53086
PLACE_optlc_38201	0	1.55556
PLACE_optlc_29346	0	1.54321
PLACE_optlc_34158	0	1.51852
datamem/U1056	0	0.621076
datamem/U2016	0	1.23365
datamem/U2672	0	0.690725
PLACE_optlc_38033	0	0.530864
PLACE_optlc_27555	0	1.50617
PLACE_optlc_25959	0	0.45679
PLACE_optlc_35506	0	0.555556
PLACE_optlc_36549	0	0.555556
PLACE_optlc_29022	0	1.55556
PLACE_optlc_35445	0	0.555556
PLACE_optlc_33984	0	0.530864
datamem/ram_reg[219][1]	0	0.968245
datamem/ram_reg[199][8]	0	0.982292
datamem/ram_reg[64][6]	0	0.676987
datamem/ram_reg[19][13]	0	0.822091
datamem/ram_reg[135][10]	0	0.961562
datamem/ram_reg[102][3]	0	0.606393
datamem/ram_reg[18][1]	0	1.53909
PLACE_optlc_35685	0	0.54321
PLACE_optlc_26429	0	0.493827
PLACE_optlc_29451	0	1.55556
datamem/ram_reg[83][2]	0	0.80108
datamem/U2491	0	1.37019
datamem/U3063	0	1.30766
datamem/U887	0	0.918889
datamem/ram_reg[139][2]	0	0.670224
PLACE_optlc_26914	0	0.530864
PLACE_optlc_32618	0	1.55556
PLACE_optlc_30542	0	1.49383
PLACE_optlc_28269	0	0.54321
PLACE_optlc_25891	0	1.55556
datamem/U4118	0	0.622905
datamem/ram_reg[191][8]	0	1.02932
datamem/U2166	0	1.2146
PLACE_optlc_34642	0	1.55556
PLACE_optlc_34502	0	1.53086
PLACE_optlc_36856	0	0.555556
PLACE_optlc_32800	0	1.55556
PLACE_optlc_37570	0	1.53086
PLACE_optlc_26757	0	0.518519
PLACE_optlc_29115	0	1.54321
PLACE_optlc_36752	0	1.55556
PLACE_optlc_28507	0	0.530864
PLACE_optlc_30131	0	0.518519
datamem/ram_reg[252][2]	0	0.661107
datamem/ram_reg[74][2]	0	0.610768
datamem/ram_reg[64][7]	0	2.13078
datamem/ram_reg[231][1]	0	0.914599
datamem/ram_reg[0][12]	0	1.18336
datamem/U2380	0	1.10516
PLACE_optlc_35213	0	0.555556
PLACE_optlc_29517	0	0.54321
PLACE_optlc_29408	0	0.54321
PLACE_optlc_32121	0	0.506173
PLACE_optlc_28776	0	0.518519
PLACE_optlc_29257	0	0.54321
PLACE_optlc_30182	0	0.530864
PLACE_optlc_31242	0	0.518519
datamem/U3387	0	0.85809
datamem/ram_reg[225][13]	0	0.800451
datamem/U3161	0	0.989772
PLACE_optlc_26208	0	0.54321
PLACE_optlc_32203	0	1.55556
PLACE_optlc_33917	0	0.481481
PLACE_optlc_33125	0	0.493827
PLACE_optlc_29240	0	0.481481
PLACE_optlc_37131	0	1.55556
datamem/ram_reg[98][10]	0	0.616397
datamem/U14	0	0.803248
datamem/U2419	0	1.50593
PLACE_optlc_34060	0	0.506173
PLACE_optlc_35577	0	0.555556
PLACE_optlc_29959	0	1.54321
PLACE_optlc_36418	0	1.55556
PLACE_optlc_25988	0	1.54321
PLACE_optlc_37226	0	0.469136
datamem/ram_reg[47][5]	0	0.842145
datamem/ram_reg[50][10]	0	0.957126
datamem/ram_reg[31][4]	0	0.633503
datamem/U3259	0	0.808515
datamem/ram_reg[126][2]	0	1.45629
datamem/ram_reg[191][10]	0	0.83939
PLACE_optlc_32901	0	0.54321
PLACE_optlc_27601	0	1.54321
PLACE_optlc_26936	0	1.51852
PLACE_optlc_32661	0	0.518519
PLACE_optlc_28602	0	1.55556
datamem/ram_reg[50][7]	0	1.05429
datamem/ram_reg[99][8]	0	1.84344
datamem/U3767	0	0.966258
datamem/U1561	0	1.02312
PLACE_optlc_32785	0	0.530864
PLACE_optlc_25811	0	1.55556
PLACE_optlc_26550	0	1.53086
PLACE_optlc_37176	0	0.530864
PLACE_optlc_30334	0	0.54321
PLACE_optlc_37419	0	0.555556
PLACE_optlc_33711	0	0.530864
PLACE_optlc_35995	0	0.555556
datamem/U1871	0	1.39439
datamem/U407	0	1.77051
datamem/U3885	0	0.835818
datamem/ram_reg[7][6]	0	1.44148
datamem/ram_reg[249][6]	0	1.04982
PLACE_optlc_37357	0	0.555556
PLACE_optlc_36896	0	1.51852
PLACE_optlc_32683	0	0.54321
PLACE_optlc_29684	0	0.518519
datamem/ram_reg[56][1]	0	1.84389
datamem/ram_reg[171][10]	0	0.761107
datamem/ram_reg[185][0]	0	1.3343
datamem/ram_reg[16][13]	0	1.09118
PLACE_optlc_29432	0	1.55556
PLACE_optlc_31904	0	0.54321
PLACE_optlc_36956	0	0.555556
PLACE_optlc_28262	0	1.54321
PLACE_optlc_33328	0	1.55556
PLACE_optlc_32192	0	1.54321
datamem/ram_reg[146][4]	0	1.38025
datamem/U3920	0	0.63689
datamem/ram_reg[252][8]	0	0.920498
datamem/U1321	0	1.49987
datamem/U1165	0	1.18239
PLACE_optlc_34764	0	0.45679
PLACE_optlc_29514	0	0.493827
PLACE_optlc_37927	0	1.50617
datamem/ram_reg[230][9]	0	1.11961
datamem/ram_reg[79][2]	0	0.906821
datamem/ram_reg[233][15]	0	1.97383
datamem/U1622	0	1.44765
datamem/U436	0	0.976447
datamem/U3108	0	0.855702
datamem/U1704	0	0.603191
datamem/ram_reg[59][1]	0	0.905513
datamem/U358	0	1.40483
PLACE_optlc_30128	0	0.518519
PLACE_optlc_32762	0	0.54321
PLACE_optlc_29489	0	1.50617
PLACE_optlc_25909	0	0.54321
PLACE_optlc_37313	0	0.555556
PLACE_optlc_35522	0	1.55556
PLACE_optlc_27546	0	1.48148
datamem/U1431	0	1.79488
PLACE_optlc_29421	0	1.51852
PLACE_optlc_28929	0	0.54321
PLACE_optlc_34324	0	0.469136
PLACE_optlc_28562	0	1.53086
datamem/ram_reg[48][0]	0	0.57289
datamem/U4087	0	1.30321
U1_Mux2x1/U1	0	0.812415
datamem/ram_reg[10][3]	0	0.697076
datamem/ram_reg[107][8]	0	0.677662
datamem/U4602	0	1.16451
datamem/ram_reg[208][2]	0	0.600174
PLACE_optlc_35051	0	0.555556
PLACE_optlc_26938	0	0.481481
PLACE_optlc_34851	0	0.555556
PLACE_optlc_31312	0	0.54321
PLACE_optlc_32821	0	1.54321
datamem/U1421	0	1.08549
datamem/U4173	0	1.60414
datamem/U1939	0	1.31885
datamem/U2855	0	0.692184
datamem/ram_reg[227][11]	0	0.698287
PLACE_optlc_29690	0	0.518519
PLACE_optlc_36354	0	0.469136
PLACE_optlc_32937	0	0.506173
PLACE_optlc_31673	0	0.444444
PLACE_optlc_32552	0	0.506173
PLACE_optlc_35225	0	0.555556
PLACE_optlc_34894	0	0.493827
datamem/U3397	0	1.03852
datamem/U318	0	1.33557
datamem/ram_reg[158][7]	0	0.629691
datamem/U1068	0	1.42338
datamem/U4290	0	0.595922
datamem/U682	0	1.19611
datamem/ram_reg[32][2]	0	0.743708
datamem/U3658	0	0.757932
datamem/U1504	0	0.781138
datamem/ram_reg[190][0]	0	1.68272
datamem/U3149	0	1.43955
PLACE_optlc_33128	0	0.54321
PLACE_optlc_26370	0	1.55556
PLACE_optlc_29133	0	1.55556
PLACE_optlc_27484	0	0.518519
datamem/U4587	0	0.696759
datamem/U1341	0	1.5147
datamem/U4274	0	0.805181
datamem/U3765	0	0.813611
PLACE_optlc_27717	0	1.51852
PLACE_optlc_38064	0	0.469136
PLACE_optlc_32485	0	1.55556
PLACE_optlc_28141	0	1.51852
PLACE_optlc_38272	0	1.55556
PLACE_optlc_27994	0	1.55556
PLACE_optlc_35786	0	1.53086
datamem/ram_reg[151][7]	0	1.39651
datamem/U2754	0	0.630633
datamem/U4352	0	0.653657
PLACE_optlc_34708	0	0.555556
PLACE_optlc_37609	0	0.530864
PLACE_optlc_35124	0	1.46914
PLACE_optlc_36080	0	0.469136
PLACE_optlc_30680	0	0.54321
PLACE_optlc_36633	0	0.555556
PLACE_optlc_30618	0	0.54321
datamem/U3217	0	0.74902
datamem/U285	0	0.919653
PLACE_optlc_29324	0	0.481481
PLACE_optlc_28182	0	0.54321
PLACE_optlc_35856	0	0.555556
PLACE_optlc_28017	0	1.55556
PLACE_optlc_33616	0	0.481481
datamem/U3609	0	1.66553
datamem/ram_reg[89][7]	0	0.805015
datamem/U4528	0	0.825783
datamem/U3432	0	0.970417
datamem/U4549	0	0.70512
datamem/U1166	0	1.45819
datamem/ram_reg[255][0]	0	1.02515
datamem/U386	0	1.46006
PLACE_optlc_36546	0	0.555556
PLACE_optlc_34962	0	0.555556
PLACE_optlc_27934	0	0.469136
PLACE_optlc_27109	0	0.493827
PLACE_optlc_27155	0	1.51852
PLACE_optlc_33831	0	0.432099
PLACE_optlc_27120	0	1.55556
datamem/ram_reg[101][14]	0	1.09057
datamem/ram_reg[108][5]	0	0.555957
datamem/ram_reg[43][6]	0	0.822674
datamem/ram_reg[80][8]	0	1.00526
datamem/ram_reg[166][10]	0	1.14509
datamem/U2739	0	0.915745
PLACE_optlc_31503	0	1.55556
PLACE_optlc_35519	0	0.54321
PLACE_optlc_37056	0	1.51852
PLACE_optlc_26292	0	0.518519
PLACE_optlc_37029	0	0.555556
PLACE_optlc_31601	0	1.54321
PLACE_optlc_35766	0	1.55556
datamem/ram_reg[192][10]	0	1.66203
PLACE_optlc_28121	0	0.54321
PLACE_optlc_37359	0	0.530864
PLACE_optlc_36903	0	0.518519
PLACE_optlc_26640	0	0.530864
PLACE_optlc_30908	0	0.518519
PLACE_optlc_35679	0	0.469136
PLACE_optlc_32130	0	1.48148
PLACE_optlc_28969	0	0.54321
PLACE_optlc_32041	0	1.55556
PLACE_optlc_38046	0	0.506173
PLACE_optlc_36191	0	0.555556
PLACE_optlc_36478	0	0.555556
PLACE_optlc_37722	0	1.53086
PLACE_optlc_37552	0	1.55556
datamem/ram_reg[78][10]	0	0.604711
datamem/ram_reg[151][6]	0	0.949151
datamem/U3103	0	0.881543
PLACE_optlc_35470	0	0.54321
PLACE_optlc_35369	0	0.555556
PLACE_optlc_32684	0	1.55556
PLACE_optlc_25778	0	0.469136
PLACE_optlc_28230	0	0.54321
PLACE_optlc_29703	0	1.54321
PLACE_optlc_35431	0	1.55556
PLACE_optlc_26984	0	1.51852
PLACE_optlc_38241	0	1.55556
PLACE_optlc_34704	0	0.555556
PLACE_optlc_31163	0	1.53086
PLACE_optlc_26900	0	0.54321
PLACE_optlc_26480	0	0.54321
PLACE_optlc_36766	0	1.55556
PLACE_optlc_25780	0	1.48148
PLACE_optlc_32045	0	1.55556
PLACE_optlc_30090	0	0.481481
datamem/U2671	0	1.21953
datamem/ram_reg[105][2]	0	0.725293
datamem/ram_reg[60][5]	0	1.13878
PLACE_optlc_25699	0	1.50617
PLACE_optlc_28374	0	0.518519
PLACE_optlc_32248	0	0.469136
PLACE_optlc_34216	0	1.55556
PLACE_optlc_36935	0	1.55556
PLACE_optlc_31094	0	1.53086
PLACE_optlc_30120	0	0.54321
PLACE_optlc_30543	0	0.530864
datamem/U185	0	0.883453
datamem/ram_reg[69][2]	0	1.02105
datamem/ram_reg[178][5]	0	1.53177
datamem/U3346	0	0.861782
PLACE_optlc_37911	0	1.53086
PLACE_optlc_27713	0	0.518519
PLACE_optlc_37049	0	0.555556
PLACE_optlc_37401	0	0.530864
PLACE_optlc_30243	0	0.54321
PLACE_optlc_35089	0	1.55556
PLACE_optlc_33447	0	1.51852
PLACE_optlc_28803	0	1.50617
PLACE_optlc_27876	0	0.54321
PLACE_optlc_37362	0	1.55556
PLACE_optlc_34605	0	0.506173
PLACE_optlc_33117	0	1.55556
PLACE_optlc_32679	0	0.493827
PLACE_optlc_25842	0	1.55556
PLACE_optlc_33550	0	1.55556
datamem/U3246	0	1.11914
datamem/ram_reg[241][10]	0	1.00438
PLACE_optlc_30875	0	0.530864
PLACE_optlc_29280	0	0.54321
PLACE_optlc_27060	0	1.55556
PLACE_optlc_30507	0	1.54321
PLACE_optlc_28804	0	1.50617
PLACE_optlc_30252	0	0.518519
PLACE_optlc_37772	0	0.555556
PLACE_optlc_29391	0	1.55556
PLACE_optlc_28534	0	1.55556
PLACE_optlc_30122	0	0.530864
PLACE_optlc_29565	0	1.50617
PLACE_optlc_32631	0	1.53086
PLACE_optlc_29901	0	1.53086
datamem/ram_reg[248][1]	0	1.79838
datamem/U134	0	0.967187
PLACE_optlc_28326	0	0.54321
PLACE_optlc_25756	0	1.54321
PLACE_optlc_31778	0	0.54321
PLACE_optlc_30253	0	1.54321
PLACE_optlc_31343	0	1.55556
PLACE_optlc_28271	0	1.55556
PLACE_optlc_33742	0	1.53086
PLACE_optlc_30640	0	0.530864
PLACE_optlc_27515	0	0.518519
datamem/ram_reg[190][6]	0	0.84314
datamem/ram_reg[225][8]	0	1.56056
datamem/U869	0	0.91353
datamem/ram_reg[221][14]	0	0.731524
datamem/U1848	0	0.904641
PLACE_optlc_26820	0	0.481481
PLACE_optlc_34413	0	1.54321
PLACE_optlc_26400	0	0.506173
PLACE_optlc_26402	0	1.55556
datamem/ram_reg[187][15]	0	2.10924
datamem/ram_reg[167][10]	0	1.91346
datamem/U328	0	0.648619
datamem/ram_reg[211][15]	0	1.65008
datamem/ram_reg[161][12]	0	0.900779
PLACE_optlc_31750	0	1.53086
PLACE_optlc_33494	0	0.518519
PLACE_optlc_32492	0	0.54321
PLACE_optlc_28063	0	0.54321
PLACE_optlc_29165	0	1.55556
PLACE_optlc_31139	0	0.518519
PLACE_optlc_27067	0	0.518519
PLACE_optlc_28823	0	1.55556
PLACE_optlc_27354	0	1.54321
datamem/U3436	0	0.851659
datamem/U1957	0	0.62686
datamem/ram_reg[245][8]	0	0.769657
datamem/ram_reg[201][9]	0	0.826354
datamem/ram_reg[181][4]	0	0.577724
datamem/ram_reg[221][11]	0	0.909649
datamem/ram_reg[208][0]	0	1.46165
datamem/U3462	0	0.952114
datamem/U3964	0	0.580926
datamem/U4121	0	0.942515
PLACE_optlc_36910	0	1.55556
PLACE_optlc_31885	0	0.54321
PLACE_optlc_31941	0	1.50617
PLACE_optlc_32202	0	0.530864
PLACE_optlc_26045	0	1.55556
PLACE_optlc_33181	0	1.53086
PLACE_optlc_27341	0	1.55556
datamem/U3031	0	1.57621
datamem/ram_reg[177][15]	0	0.572253
datamem/U4183	0	0.752747
PLACE_optlc_33958	0	0.518519
PLACE_optlc_36411	0	0.518519
datamem/U2517	0	0.71488
datamem/U3485	0	0.935826
datamem/ram_reg[199][5]	0	1.58361
datamem/ram_reg[175][5]	0	1.04759
datamem/ram_reg[105][12]	0	0.890185
datamem/U855	0	0.548951
PLACE_optlc_26660	0	1.55556
PLACE_optlc_35063	0	0.555556
PLACE_optlc_35811	0	0.530864
PLACE_optlc_27298	0	0.506173
datamem/ram_reg[111][7]	0	1.64394
datamem/U4581	0	0.820957
datamem/ram_reg[120][4]	0	2.51101
datamem/ram_reg[83][14]	0	0.589545
datamem/U1783	0	0.788148
PLACE_optlc_32276	0	1.54321
PLACE_optlc_32884	0	0.506173
PLACE_optlc_36528	0	0.555556
datamem/U1090	0	1.32133
datamem/U3942	0	0.917735
datamem/ram_reg[189][14]	0	1.07577
datamem/ram_reg[86][0]	0	1.70055
datamem/U1597	0	0.603198
datamem/U4233	0	1.22632
datamem/U565	0	1.58253
PLACE_optlc_36142	0	0.555556
datamem/U4013	0	1.23655
datamem/U2280	0	0.616377
datamem/U1799	0	1.44304
datamem/U912	0	1.17758
datamem/U3464	0	0.882377
PLACE_optlc_36015	0	0.555556
PLACE_optlc_26341	0	0.506173
PLACE_optlc_30135	0	0.530864
PLACE_optlc_26487	0	1.55556
PLACE_optlc_37789	0	1.55556
datamem/U1456	0	0.590602
datamem/U2014	0	1.154
datamem/U1943	0	0.826327
PLACE_optlc_36477	0	0.530864
PLACE_optlc_29802	0	0.518519
PLACE_optlc_31838	0	1.53086
PLACE_optlc_35247	0	0.555556
PLACE_optlc_35857	0	0.555556
datamem/U304	0	1.13568
datamem/U3442	0	0.737215
datamem/U1014	0	0.913002
datamem/U915	0	0.926123
datamem/U2646	0	0.573912
datamem/U3606	0	1.94608
PLACE_optlc_34520	0	0.555556
PLACE_optlc_33147	0	0.54321
PLACE_optlc_32680	0	1.53086
PLACE_optlc_36247	0	0.469136
PLACE_optlc_37653	0	0.345679
PLACE_optlc_32110	0	1.55556
datamem/ram_reg[25][5]	0	1.31157
datamem/ram_reg[36][2]	0	0.744001
datamem/ram_reg[156][1]	0	0.727396
datamem/U2045	0	0.770104
datamem/ram_reg[113][1]	0	1.36017
datamem/ram_reg[31][14]	0	0.664915
datamem/U575	0	1.18788
PLACE_optlc_34631	0	0.555556
PLACE_optlc_32003	0	0.54321
PLACE_optlc_37074	0	0.469136
PLACE_optlc_25931	0	0.530864
PLACE_optlc_36949	0	0.555556
PLACE_optlc_37606	0	0.555556
datamem/ram_reg[108][4]	0	0.954433
datamem/U1179	0	0.787184
datamem/ram_reg[76][8]	0	0.694398
datamem/ram_reg[89][2]	0	1.03907
datamem/U4526	0	0.724001
datamem/ram_reg[24][0]	0	1.3637
PLACE_optlc_34074	0	1.50617
PLACE_optlc_30009	0	0.506173
PLACE_optlc_38245	0	0.530864
datamem/ram_reg[195][7]	0	0.838167
datamem/ram_reg[96][1]	0	0.846617
datamem/ram_reg[74][6]	0	1.08786
datamem/ram_reg[220][12]	0	1.54404
datamem/ram_reg[68][9]	0	1.02331
datamem/U1617	0	0.867905
PLACE_optlc_26791	0	1.51852
PLACE_optlc_34103	0	0.54321
PLACE_optlc_31153	0	0.530864
PLACE_optlc_34823	0	1.55556
PLACE_optlc_32327	0	0.444444
PLACE_optlc_26968	0	1.55556
PLACE_optlc_38312	0	0.555556
PLACE_optlc_31276	0	0.54321
PLACE_optlc_29175	0	1.50617
PLACE_optlc_29140	0	0.518519
PLACE_optlc_36328	0	0.555556
PLACE_optlc_31485	0	0.54321
PLACE_optlc_36877	0	1.53086
datamem/ram_reg[88][5]	0	0.994221
datamem/ram_reg[179][2]	0	1.07901
PLACE_optlc_34688	0	0.469136
PLACE_optlc_27805	0	1.55556
PLACE_optlc_27498	0	1.55556
PLACE_optlc_36594	0	0.481481
PLACE_optlc_25970	0	0.530864
PLACE_optlc_36456	0	0.555556
PLACE_optlc_32518	0	2.55556
PLACE_optlc_36264	0	0.530864
PLACE_optlc_35900	0	1.55556
PLACE_optlc_29685	0	0.444444
PLACE_optlc_36865	0	0.555556
datamem/U64	0	0.922921
datamem/U2738	0	0.553742
datamem/ram_reg[91][11]	0	1.71078
datamem/ram_reg[116][2]	0	0.953873
PLACE_optlc_25678	0	0.54321
PLACE_optlc_35094	0	1.53086
PLACE_optlc_33062	0	1.54321
PLACE_optlc_36152	0	0.555556
PLACE_optlc_28187	0	1.49383
PLACE_optlc_33144	0	0.54321
PLACE_optlc_27942	0	1.55556
datamem/U1370	0	0.561871
datamem/ram_reg[53][3]	0	1.34996
datamem/U3240	0	0.571605
datamem/ram_reg[149][12]	0	0.770008
datamem/U2865	0	1.59823
datamem/ram_reg[125][2]	0	0.560687
datamem/U4502	0	1.20369
PLACE_optlc_29217	0	2.54321
PLACE_optlc_27907	0	0.518519
PLACE_optlc_28320	0	1.55556
PLACE_optlc_38374	0	1.55556
PLACE_optlc_28186	0	1.55556
PLACE_optlc_36209	0	0.555556
PLACE_optlc_34813	0	0.555556
PLACE_optlc_35438	0	1.55556
PLACE_optlc_35444	0	1.53086
PLACE_optlc_34895	0	0.481481
PLACE_optlc_31100	0	0.493827
PLACE_optlc_31553	0	0.518519
datamem/U582	0	1.33841
datamem/U3225	0	1.08476
datamem/ram_reg[41][1]	0	0.779834
datamem/ram_reg[161][11]	0	1.06258
datamem/ram_reg[196][0]	0	0.591786
datamem/ram_reg[249][5]	0	1.12795
PLACE_optlc_35613	0	0.555556
PLACE_optlc_27863	0	1.53086
PLACE_optlc_29773	0	0.54321
PLACE_optlc_26618	0	0.45679
PLACE_optlc_27224	0	0.54321
PLACE_optlc_32090	0	1.55556
PLACE_optlc_32483	0	0.518519
PLACE_optlc_34168	0	1.55556
PLACE_optlc_30570	0	1.55556
datamem/ram_reg[216][14]	0	0.790262
datamem/U3170	0	0.553399
datamem/ram_reg[222][7]	0	1.66546
datamem/U4082	0	1.03325
datamem/ram_reg[44][4]	0	1.27771
PLACE_optlc_28325	0	0.518519
PLACE_optlc_35999	0	1.53086
PLACE_optlc_37010	0	1.55556
PLACE_optlc_27868	0	1.55556
PLACE_optlc_35972	0	0.555556
PLACE_optlc_30933	0	1.54321
PLACE_optlc_28105	0	1.51852
PLACE_optlc_28974	0	0.518519
PLACE_optlc_26589	0	0.54321
PLACE_optlc_27525	0	0.54321
PLACE_optlc_31288	0	0.493827
datamem/U3278	0	0.98689
datamem/U2174	0	1.0801
datamem/ram_reg[139][0]	0	0.603488
datamem/ram_reg[159][9]	0	1.09291
datamem/ram_reg[65][2]	0	0.824348
PLACE_optlc_29964	0	1.53086
PLACE_optlc_32536	0	0.518519
PLACE_optlc_32340	0	1.49383
PLACE_optlc_30015	0	0.54321
PLACE_optlc_35388	0	1.55556
PLACE_optlc_30669	0	0.54321
PLACE_optlc_29820	0	0.506173
PLACE_optlc_30595	0	0.45679
PLACE_optlc_32446	0	1.55556
datamem/ram_reg[127][3]	0	1.07287
datamem/U1556	0	1.21478
datamem/ram_reg[196][12]	0	1.27155
PLACE_optlc_33045	0	1.55556
PLACE_optlc_29761	0	0.481481
PLACE_optlc_33579	0	0.54321
PLACE_optlc_32524	0	1.54321
PLACE_optlc_28255	0	1.55556
PLACE_optlc_25957	0	1.53086
PLACE_optlc_29662	0	0.54321
PLACE_optlc_25872	0	1.53086
PLACE_optlc_31915	0	1.54321
datamem/ram_reg[217][15]	0	0.793484
datamem/U1841	0	1.02588
datamem/U1768	0	1.79435
datamem/U4640	0	1.19725
datamem/U784	0	1.11338
datamem/U1958	0	0.771921
PLACE_optlc_35274	0	1.46914
PLACE_optlc_27937	0	0.530864
PLACE_optlc_32200	0	0.530864
PLACE_optlc_27715	0	0.54321
PLACE_optlc_32820	0	1.55556
PLACE_optlc_36782	0	0.555556
PLACE_optlc_27910	0	1.55556
PLACE_optlc_28979	0	0.493827
PLACE_optlc_33773	0	1.55556
PLACE_optlc_27536	0	1.54321
datamem/U962	0	0.831956
datamem/ram_reg[103][6]	0	1.13332
datamem/ram_reg[41][12]	0	0.601208
datamem/ram_reg[57][0]	0	0.868237
datamem/ram_reg[248][4]	0	0.737697
datamem/U3013	0	1.35765
datamem/ram_reg[135][0]	0	1.55112
PLACE_optlc_37318	0	0.469136
PLACE_optlc_29031	0	0.54321
PLACE_optlc_33326	0	1.54321
PLACE_optlc_32360	0	1.49383
PLACE_optlc_32055	0	0.506173
PLACE_optlc_30767	0	0.518519
PLACE_optlc_37855	0	0.530864
PLACE_optlc_37436	0	0.555556
PLACE_optlc_34119	0	0.469136
datamem/U2443	0	1.06439
datamem/U3536	0	0.771983
PLACE_optlc_37370	0	0.555556
PLACE_optlc_29457	0	0.530864
PLACE_optlc_29161	0	0.518519
PLACE_optlc_27825	0	0.555556
PLACE_optlc_31081	0	1.55556
PLACE_optlc_36796	0	1.53086
datamem/U458	0	1.82324
datamem/ram_reg[150][1]	0	1.10116
datamem/U1383	0	1.20963
datamem/ram_reg[155][5]	0	0.732357
PLACE_optlc_37025	0	1.55556
PLACE_optlc_27276	0	1.55556
datamem/U1516	0	0.992404
datamem/ram_reg[235][14]	0	0.868781
PLACE_optlc_34350	0	1.49383
PLACE_optlc_29018	0	0.54321
PLACE_optlc_32759	0	1.54321
PLACE_optlc_34772	0	1.55556
PLACE_optlc_35997	0	1.55556
PLACE_optlc_29518	0	0.530864
datamem/U1901	0	1.61186
datamem/ram_reg[51][0]	0	1.50164
datamem/U1251	0	1.08133
datamem/U1738	0	1.30212
datamem/ram_reg[163][11]	0	0.907276
datamem/U800	0	0.840644
datamem/ram_reg[97][13]	0	0.849441
PLACE_optlc_29012	0	0.54321
PLACE_optlc_26681	0	1.51852
PLACE_optlc_26899	0	0.45679
PLACE_optlc_30439	0	1.55556
PLACE_optlc_35813	0	1.55556
PLACE_optlc_30909	0	0.45679
datamem/U3947	0	0.672485
datamem/U2925	0	0.797384
datamem/U4376	0	1.12385
PLACE_optlc_34768	0	0.555556
PLACE_optlc_28072	0	1.55556
PLACE_optlc_34303	0	0.530864
PLACE_optlc_30521	0	1.54321
PLACE_optlc_27229	0	0.54321
PLACE_optlc_37702	0	0.555556
PLACE_optlc_36919	0	1.50617
PLACE_optlc_30865	0	1.55556
datamem/U654	0	1.28466
datamem/ram_reg[189][3]	0	0.689205
datamem/ram_reg[132][1]	0	0.873561
PLACE_optlc_33961	0	0.54321
PLACE_optlc_29865	0	0.530864
PLACE_optlc_37032	0	1.53086
PLACE_optlc_30305	0	1.51852
PLACE_optlc_32796	0	0.518519
PLACE_optlc_33875	0	1.55556
PLACE_optlc_29938	0	0.493827
PLACE_optlc_27168	0	1.55556
PLACE_optlc_34991	0	0.555556
datamem/U1911	0	0.631813
datamem/ram_reg[3][8]	0	0.904001
datamem/ram_reg[210][5]	0	0.729279
datamem/U2515	0	1.05839
PLACE_optlc_34396	0	1.53086
PLACE_optlc_28520	0	1.55556
PLACE_optlc_34112	0	0.555556
PLACE_optlc_26447	0	0.518519
PLACE_optlc_37831	0	0.555556
datamem/U3559	0	0.746979
datamem/ram_reg[133][0]	0	0.610401
datamem/ram_reg[93][8]	0	1.40711
datamem/U743	0	1.2407
datamem/ram_reg[218][2]	0	0.696269
datamem/U3834	0	1.46414
datamem/ram_reg[171][9]	0	1.35933
datamem/ram_reg[200][2]	0	1.4697
datamem/ram_reg[241][12]	0	0.516111
datamem/ram_reg[179][13]	0	1.15025
PLACE_optlc_33422	0	1.49383
PLACE_optlc_34092	0	0.555556
PLACE_optlc_37241	0	0.518519
PLACE_optlc_26828	0	0.518519
PLACE_optlc_31878	0	0.530864
PLACE_optlc_30506	0	1.50617
PLACE_optlc_29881	0	1.55556
datamem/U1031	0	0.76353
datamem/U3646	0	0.741046
datamem/U4451	0	0.602303
datamem/ram_reg[97][5]	0	1.01541
PLACE_optlc_26781	0	0.530864
PLACE_optlc_29019	0	0.54321
PLACE_optlc_26974	0	1.55556
PLACE_optlc_32475	0	1.53086
PLACE_optlc_32879	0	0.54321
datamem/U4010	0	1.01914
datamem/ram_reg[170][12]	0	0.481034
datamem/ram_reg[99][4]	0	0.68066
datamem/U4525	0	1.68172
PLACE_optlc_37237	0	0.555556
PLACE_optlc_29793	0	0.518519
PLACE_optlc_31253	0	1.54321
PLACE_optlc_34496	0	0.530864
PLACE_optlc_32534	0	1.55556
PLACE_optlc_38344	0	0.555556
PLACE_optlc_35542	0	0.555556
PLACE_optlc_36410	0	0.54321
datamem/ram_reg[227][5]	0	1.94408
PLACE_optlc_32179	0	1.55556
PLACE_optlc_28681	0	1.55556
PLACE_optlc_28652	0	0.506173
PLACE_optlc_36231	0	1.55556
PLACE_optlc_35147	0	1.55556
PLACE_optlc_31649	0	0.54321
PLACE_optlc_26988	0	0.54321
PLACE_optlc_28226	0	0.518519
PLACE_optlc_26930	0	1.54321
PLACE_optlc_32959	0	1.53086
datamem/ram_reg[177][1]	0	0.933368
U257	0	0.993245
datamem/ram_reg[122][1]	0	1.46389
datamem/ram_reg[75][13]	0	0.60037
datamem/U2924	0	0.582712
datamem/ram_reg[162][6]	0	0.922758
PLACE_optlc_29828	0	1.53086
PLACE_optlc_28809	0	0.555556
PLACE_optlc_26127	0	0.506173
PLACE_optlc_35342	0	1.50617
PLACE_optlc_31187	0	1.49383
PLACE_optlc_36739	0	0.444444
PLACE_optlc_30311	0	0.54321
datamem/ram_reg[124][7]	0	1.15827
datamem/ram_reg[115][13]	0	1.62924
datamem/ram_reg[211][4]	0	0.562145
datamem/ram_reg[176][4]	0	0.582743
datamem/ram_reg[229][8]	0	0.904491
datamem/U2809	0	1.23919
PLACE_optlc_32077	0	1.55556
PLACE_optlc_37498	0	0.469136
PLACE_optlc_32210	0	1.51852
PLACE_optlc_30117	0	1.55556
datamem/ram_reg[193][11]	0	1.09008
datamem/ram_reg[231][3]	0	1.05461
datamem/U2885	0	1.5946
datamem/ram_reg[217][5]	0	0.517593
datamem/U754	0	1.15341
PLACE_optlc_34949	0	0.555556
PLACE_optlc_36710	0	1.55556
PLACE_optlc_31270	0	0.530864
PLACE_optlc_35964	0	1.55556
PLACE_optlc_33581	0	0.54321
PLACE_optlc_33931	0	1.55556
PLACE_optlc_26298	0	0.54321
PLACE_optlc_36974	0	1.55556
PLACE_optlc_33105	0	0.518519
datamem/ram_reg[98][4]	0	1.00954
PLACE_optlc_36943	0	0.469136
PLACE_optlc_27646	0	0.555556
PLACE_optlc_34285	0	1.46914
PLACE_optlc_33313	0	1.55556
PLACE_optlc_35883	0	0.555556
PLACE_optlc_25695	0	1.55556
PLACE_optlc_28799	0	0.518519
datamem/ram_reg[178][14]	0	0.796435
datamem/ram_reg[60][1]	0	1.32949
datamem/U4188	0	1.54145
PLACE_optlc_35093	0	0.555556
PLACE_optlc_29404	0	1.55556
PLACE_optlc_27718	0	1.54321
PLACE_optlc_28333	0	1.55556
PLACE_optlc_29134	0	1.55556
PLACE_optlc_30247	0	0.518519
datamem/ram_reg[21][2]	0	0.671478
datamem/U2823	0	0.628708
datamem/ram_reg[231][6]	0	1.01929
datamem/ram_reg[253][10]	0	0.581358
datamem/ram_reg[177][10]	0	0.987438
PLACE_optlc_32819	0	0.45679
PLACE_optlc_36705	0	0.555556
PLACE_optlc_34047	0	0.444444
PLACE_optlc_31043	0	1.55556
PLACE_optlc_26536	0	0.506173
PLACE_optlc_25634	0	1.54321
PLACE_optlc_28231	0	0.518519
datamem/ram_reg[96][8]	0	1.1364
datamem/U2299	0	0.548549
datamem/U1612	0	1.07595
datamem/U3544	0	1.29353
datamem/ram_reg[84][8]	0	1.48284
datamem/U3682	0	1.25268
datamem/U1240	0	1.05845
PLACE_optlc_28684	0	0.518519
PLACE_optlc_27294	0	1.55556
PLACE_optlc_34785	0	1.51852
PLACE_optlc_30802	0	0.54321
datamem/U902	0	0.669923
datamem/ram_reg[7][10]	0	1.66473
datamem/U1345	0	1.03084
datamem/U3317	0	1.35722
datamem/U435	0	1.01436
datamem/ram_reg[35][2]	0	1.51771
PLACE_optlc_25993	0	1.55556
PLACE_optlc_27422	0	0.469136
PLACE_optlc_33306	0	1.55556
PLACE_optlc_28027	0	1.55556
PLACE_optlc_33823	0	0.54321
PLACE_optlc_30733	0	1.55556
datamem/U2708	0	0.85662
datamem/ram_reg[238][5]	0	1.20095
datamem/U3806	0	1.36735
datamem/ram_reg[206][6]	0	0.565691
datamem/ram_reg[250][6]	0	1.79573
PLACE_optlc_36202	0	0.555556
PLACE_optlc_34289	0	0.555556
PLACE_optlc_31733	0	1.50617
PLACE_optlc_33123	0	1.55556
PLACE_optlc_26738	0	1.55556
PLACE_optlc_35007	0	0.530864
PLACE_optlc_32773	0	0.54321
PLACE_optlc_27593	0	0.530864
datamem/U2715	0	1.60479
datamem/U1795	0	0.930625
datamem/ram_reg[80][0]	0	1.09521
datamem/U1760	0	0.552789
datamem/U2262	0	1.43431
datamem/U3421	0	1.35943
PLACE_optlc_30641	0	1.48148
PLACE_optlc_28509	0	1.55556
datamem/U2100	0	0.562087
datamem/U1657	0	0.84338
datamem/ram_reg[228][2]	0	0.941474
datamem/ram_reg[38][8]	0	1.03373
datamem/U3188	0	1.03861
PLACE_optlc_35668	0	0.45679
PLACE_optlc_33260	0	1.55556
PLACE_optlc_25700	0	1.50617
datamem/U3087	0	1.03331
datamem/U3547	0	0.846609
datamem/U4580	0	0.890432
datamem/U2207	0	1.10027
datamem/ram_reg[86][13]	0	1.03065
PLACE_optlc_35114	0	0.469136
PLACE_optlc_33772	0	0.530864
datamem/ram_reg[160][7]	0	1.07673
datamem/ram_reg[112][5]	0	0.597184
datamem/U3923	0	0.576933
datamem/ram_reg[176][15]	0	0.732006
datamem/U2937	0	0.666462
datamem/ram_reg[251][0]	0	1.35982
datamem/U4024	0	0.699356
PLACE_optlc_30317	0	0.530864
PLACE_optlc_32266	0	0.54321
PLACE_optlc_34990	0	0.555556
PLACE_optlc_35340	0	1.55556
PLACE_optlc_38101	0	1.53086
PLACE_optlc_28606	0	0.518519
PLACE_optlc_34539	0	1.53086
PLACE_optlc_37753	0	1.55556
datamem/U4378	0	1.05632
datamem/U4130	0	0.64488
PLACE_optlc_36325	0	1.53086
PLACE_optlc_27925	0	1.54321
PLACE_optlc_29142	0	1.55556
PLACE_optlc_35640	0	0.530864
PLACE_optlc_36155	0	0.555556
PLACE_optlc_36359	0	0.469136
datamem/ram_reg[48][10]	0	1.05236
datamem/U1744	0	0.943005
datamem/ram_reg[117][2]	0	0.778638
datamem/U3102	0	0.997041
PLACE_optlc_32478	0	1.54321
PLACE_optlc_38090	0	1.55556
PLACE_optlc_31125	0	1.55556
PLACE_optlc_35846	0	0.530864
datamem/U3993	0	1.57528
PLACE_optlc_35026	0	0.518519
PLACE_optlc_26760	0	0.45679
PLACE_optlc_35583	0	1.46914
PLACE_optlc_34537	0	0.555556
PLACE_optlc_34380	0	0.555556
datamem/ram_reg[221][1]	0	0.813129
datamem/U4154	0	0.63284
datamem/ram_reg[181][5]	0	1.01466
datamem/ram_reg[106][9]	0	1.19233
PLACE_optlc_30428	0	1.54321
PLACE_optlc_38124	0	0.555556
PLACE_optlc_36184	0	0.518519
PLACE_optlc_32555	0	1.55556
PLACE_optlc_29674	0	1.55556
PLACE_optlc_32787	0	0.518519
PLACE_optlc_35838	0	0.555556
PLACE_optlc_29842	0	0.54321
PLACE_optlc_29590	0	0.469136
PLACE_optlc_28886	0	0.518519
datamem/U1869	0	0.793414
datamem/ram_reg[182][8]	0	1.58895
datamem/U4505	0	0.590467
datamem/U1777	0	1.47778
datamem/ram_reg[160][0]	0	1.27155
datamem/ram_reg[7][2]	0	1.17481
PLACE_optlc_36447	0	0.555556
PLACE_optlc_32441	0	1.55556
PLACE_optlc_38221	0	0.555556
PLACE_optlc_30046	0	0.45679
PLACE_optlc_35954	0	0.469136
PLACE_optlc_34954	0	0.469136
PLACE_optlc_30388	0	1.55556
PLACE_optlc_27966	0	1.53086
PLACE_optlc_33589	0	0.54321
PLACE_optlc_35832	0	1.55556
PLACE_optlc_30191	0	0.518519
PLACE_optlc_29738	0	1.53086
datamem/ram_reg[54][15]	0	1.53532
datamem/ram_reg[64][11]	0	1.02749
PLACE_optlc_30328	0	1.53086
PLACE_optlc_28499	0	0.54321
PLACE_optlc_26317	0	0.518519
PLACE_optlc_36969	0	0.530864
PLACE_optlc_34673	0	1.53086
PLACE_optlc_26131	0	1.55556
PLACE_optlc_28711	0	1.53086
PLACE_optlc_27739	0	0.530864
PLACE_optlc_31439	0	0.518519
datamem/ram_reg[17][8]	0	2.00733
datamem/ram_reg[183][7]	0	1.27194
datamem/ram_reg[195][15]	0	0.955374
datamem/U2960	0	1.72548
datamem/U3279	0	1.57566
datamem/U4268	0	0.921323
PLACE_optlc_28067	0	1.55556
PLACE_optlc_26303	0	1.55556
PLACE_optlc_36160	0	1.55556
PLACE_optlc_31507	0	1.55556
PLACE_optlc_34847	0	0.481481
PLACE_optlc_28312	0	0.54321
PLACE_optlc_31281	0	1.55556
PLACE_optlc_27856	0	0.54321
PLACE_optlc_26087	0	0.469136
PLACE_optlc_29743	0	0.469136
datamem/U2390	0	0.549668
datamem/ram_reg[49][15]	0	0.801439
datamem/U4115	0	0.718329
datamem/U1528	0	0.792164
datamem/ram_reg[48][4]	0	1.00514
datamem/ram_reg[203][9]	0	2.154
PLACE_optlc_30448	0	0.506173
PLACE_optlc_35253	0	0.469136
PLACE_optlc_34424	0	0.469136
PLACE_optlc_31784	0	1.55556
PLACE_optlc_29029	0	1.55556
PLACE_optlc_36270	0	0.555556
PLACE_optlc_33245	0	0.54321
PLACE_optlc_30589	0	0.518519
PLACE_optlc_33656	0	1.46914
PLACE_optlc_33580	0	1.55556
datamem/ram_reg[76][9]	0	0.695455
datamem/ram_reg[101][13]	0	0.8463
datamem/U923	0	0.57164
datamem/ram_reg[79][0]	0	0.712485
PLACE_optlc_26458	0	1.55556
PLACE_optlc_31571	0	1.55556
PLACE_optlc_33220	0	0.45679
PLACE_optlc_26466	0	0.518519
PLACE_optlc_28533	0	0.54321
PLACE_optlc_37333	0	0.555556
PLACE_optlc_26146	0	0.555556
PLACE_optlc_26543	0	0.45679
datamem/U3444	0	0.625845
datamem/ram_reg[18][11]	0	0.86588
PLACE_optlc_28900	0	0.518519
PLACE_optlc_35335	0	1.55556
PLACE_optlc_32727	0	0.555556
PLACE_optlc_26659	0	1.51852
PLACE_optlc_31202	0	1.55556
PLACE_optlc_32218	0	1.55556
PLACE_optlc_32264	0	1.55556
PLACE_optlc_28003	0	1.53086
PLACE_optlc_27714	0	0.469136
datamem/U4169	0	0.725598
datamem/U2249	0	1.52514
datamem/U3251	0	0.878437
datamem/U879	0	0.595633
datamem/ram_reg[162][7]	0	0.823329
datamem/U3551	0	1.0039
PLACE_optlc_36646	0	0.555556
PLACE_optlc_30557	0	1.53086
PLACE_optlc_32313	0	0.530864
PLACE_optlc_35064	0	1.55556
PLACE_optlc_27280	0	1.54321
PLACE_optlc_34812	0	0.555556
datamem/U4558	0	0.916528
datamem/ram_reg[246][5]	0	0.765112
datamem/ram_reg[87][8]	0	0.902141
datamem/U383	0	0.999942
datamem/U2407	0	0.552465
datamem/ram_reg[230][5]	0	1.20696
datamem/ram_reg[196][3]	0	1.68365
datamem/U1690	0	0.590918
datamem/U4000	0	1.29351
datamem/ram_reg[54][8]	0	1.27016
datamem/ram_reg[96][7]	0	0.786597
datamem/U3621	0	0.732704
datamem/ram_reg[37][15]	0	1.91381
datamem/ram_reg[196][4]	0	0.616539
PLACE_optlc_28921	0	1.51852
PLACE_optlc_26014	0	1.51852
PLACE_optlc_33927	0	1.54321
PLACE_optlc_27004	0	0.45679
PLACE_optlc_33008	0	0.530864
datamem/ram_reg[57][5]	0	1.33796
datamem/ram_reg[226][15]	0	0.66858
datamem/ram_reg[205][3]	0	0.971709
datamem/ram_reg[252][1]	0	0.675729
PLACE_optlc_36299	0	0.530864
PLACE_optlc_37388	0	0.555556
PLACE_optlc_28973	0	0.469136
PLACE_optlc_36760	0	0.555556
PLACE_optlc_31813	0	0.54321
PLACE_optlc_26684	0	1.54321
datamem/ram_reg[190][8]	0	1.3963
datamem/ram_reg[231][8]	0	0.990212
PLACE_optlc_31087	0	1.55556
PLACE_optlc_36437	0	1.54321
PLACE_optlc_29545	0	0.518519
PLACE_optlc_37970	0	1.55556
PLACE_optlc_36023	0	0.555556
datamem/ram_reg[254][13]	0	1.01582
datamem/ram_reg[33][3]	0	1.09205
datamem/ram_reg[135][3]	0	0.779923
datamem/U3203	0	1.23782
PLACE_optlc_26262	0	1.55556
PLACE_optlc_26362	0	0.54321
PLACE_optlc_34695	0	1.50617
PLACE_optlc_27957	0	0.506173
PLACE_optlc_26682	0	0.54321
datamem/U2902	0	0.604444
datamem/ram_reg[212][5]	0	0.572874
datamem/ram_reg[112][11]	0	0.951316
datamem/ram_reg[48][11]	0	0.81912
datamem/U2895	0	1.75462
PLACE_optlc_31922	0	1.53086
PLACE_optlc_26273	0	1.55556
PLACE_optlc_30569	0	1.55556
PLACE_optlc_38281	0	1.51852
PLACE_optlc_31325	0	0.530864
SpareCell_0_3	0	0.920525
SpareCell_2_1	0	1.17052
SpareCell_3_1	0	1.42052
datamem/U2093	0	1.68332
datamem/ram_reg[215][8]	0	0.921508
datamem/U3823	0	0.682222
datamem/U3504	0	0.674529
datamem/U2938	0	0.713329
datamem/U1052	0	1.04231
PLACE_optlc_37127	0	1.51852
PLACE_optlc_36349	0	0.530864
PLACE_optlc_28440	0	0.54321
PLACE_optlc_32827	0	0.518519
PLACE_optlc_31361	0	0.54321
PLACE_optlc_38258	0	0.469136
PLACE_optlc_38291	0	1.46914
datamem/U1086	0	0.565853
datamem/ram_reg[69][8]	0	0.674363
datamem/U4185	0	0.937762
datamem/U3932	0	0.914996
PLACE_optlc_36841	0	0.493827
PLACE_optlc_32695	0	0.469136
PLACE_optlc_36402	0	1.55556
PLACE_optlc_35550	0	1.54321
PLACE_optlc_33155	0	0.54321
PLACE_optlc_36384	0	1.53086
PLACE_optlc_37407	0	0.530864
PLACE_optlc_34734	0	1.55556
PLACE_optlc_29576	0	0.481481
PLACE_optlc_29114	0	1.53086
datamem/U3300	0	0.905748
datamem/ram_reg[184][7]	0	1.43741
PLACE_optlc_27453	0	1.54321
PLACE_optlc_25674	0	1.54321
PLACE_optlc_29860	0	1.54321
PLACE_optlc_28133	0	1.50617
PLACE_optlc_33957	0	0.506173
PLACE_optlc_34641	0	1.55556
PLACE_optlc_31200	0	1.49383
datamem/U3234	0	1.25382
datamem/ram_reg[219][12]	0	0.669637
datamem/ram_reg[93][11]	0	1.90914
PLACE_optlc_28360	0	0.555556
PLACE_optlc_28650	0	1.55556
PLACE_optlc_26201	0	1.49383
PLACE_optlc_28530	0	1.44444
PLACE_optlc_27561	0	0.54321
datamem/ram_reg[26][14]	0	0.759005
datamem/U3733	0	0.833954
datamem/U1429	0	1.25248
datamem/U1745	0	0.99789
PLACE_optlc_28305	0	1.51852
PLACE_optlc_30153	0	1.45679
PLACE_optlc_30126	0	0.506173
PLACE_optlc_30791	0	0.518519
PLACE_optlc_31956	0	0.45679
PLACE_optlc_29006	0	0.506173
datamem/U3212	0	1.0361
datamem/ram_reg[18][12]	0	0.733465
datamem/ram_reg[126][8]	0	0.614348
PLACE_optlc_30283	0	0.407407
PLACE_optlc_37429	0	0.54321
PLACE_optlc_32607	0	1.51852
PLACE_optlc_32616	0	0.481481
PLACE_optlc_33846	0	0.481481
PLACE_optlc_32161	0	1.55556
PLACE_optlc_33863	0	1.55556
PLACE_optlc_33725	0	1.53086
PLACE_optlc_31019	0	0.518519
PLACE_optlc_36940	0	0.493827
PLACE_optlc_35830	0	0.555556
PLACE_optlc_33390	0	1.55556
datamem/ram_reg[125][5]	0	0.644217
datamem/U138	0	1.59486
datamem/ram_reg[202][5]	0	1.20577
datamem/ram_reg[6][4]	0	0.697481
datamem/U4545	0	1.02424
PLACE_optlc_36416	0	1.53086
PLACE_optlc_38282	0	1.46914
PLACE_optlc_26452	0	1.54321
PLACE_optlc_29223	0	0.530864
PLACE_optlc_26167	0	2.49383
PLACE_optlc_28456	0	1.50617
PLACE_optlc_28052	0	0.530864
PLACE_optlc_37902	0	1.55556
PLACE_optlc_33146	0	0.54321
PLACE_optlc_37171	0	1.53086
PLACE_optlc_31425	0	1.46914
datamem/U1582	0	0.631038
datamem/U601	0	1.62893
datamem/U636	0	0.595883
datamem/U4609	0	1.19471
datamem/U992	0	1.1638
datamem/U873	0	1.53559
datamem/ram_reg[158][15]	0	0.894961
PLACE_optlc_26506	0	0.481481
PLACE_optlc_34968	0	0.54321
PLACE_optlc_29978	0	1.50617
PLACE_optlc_35327	0	0.530864
PLACE_optlc_31238	0	1.41975
PLACE_optlc_37713	0	0.555556
PLACE_optlc_27160	0	0.518519
PLACE_optlc_38025	0	0.555556
datamem/U4467	0	0.806165
datamem/U4313	0	1.00886
PLACE_optlc_38273	0	1.55556
PLACE_optlc_31501	0	0.518519
datamem/ram_reg[42][11]	0	1.13765
datamem/U58	0	0.680679
datamem/U696	0	0.632569
datamem/U880	0	1.12205
PLACE_optlc_27198	0	0.481481
PLACE_optlc_34562	0	0.555556
PLACE_optlc_25994	0	0.54321
datamem/ram_reg[21][4]	0	0.965725
datamem/ram_reg[185][9]	0	1.12568
datamem/U1448	0	0.650907
datamem/U1257	0	1.14558
datamem/U1569	0	0.772377
datamem/U4546	0	1.2254
datamem/ram_reg[18][7]	0	0.805941
datamem/U4583	0	0.608623
PLACE_optlc_27607	0	0.518519
PLACE_optlc_30198	0	1.54321
PLACE_optlc_35127	0	1.55556
PLACE_optlc_30080	0	0.518519
PLACE_optlc_32964	0	0.518519
PLACE_optlc_37114	0	0.555556
PLACE_optlc_28041	0	0.518519
PLACE_optlc_31113	0	1.48148
PLACE_optlc_27731	0	2.49383
PLACE_optlc_31987	0	1.51852
datamem/U857	0	0.920598
datamem/ram_reg[173][0]	0	1.25794
datamem/U2031	0	0.640745
datamem/U3199	0	0.808522
PLACE_optlc_27795	0	0.54321
PLACE_optlc_27826	0	1.55556
PLACE_optlc_33174	0	1.55556
PLACE_optlc_26310	0	0.518519
PLACE_optlc_35415	0	0.481481
PLACE_optlc_27245	0	0.481481
PLACE_optlc_37406	0	0.469136
datamem/ram_reg[42][5]	0	1.02142
datamem/ram_reg[237][6]	0	0.630486
datamem/ram_reg[144][3]	0	0.777218
PLACE_optlc_33318	0	1.53086
PLACE_optlc_25895	0	1.54321
PLACE_optlc_36016	0	1.55556
PLACE_optlc_32730	0	1.54321
PLACE_optlc_31851	0	0.481481
PLACE_optlc_27026	0	0.518519
PLACE_optlc_31801	0	1.54321
PLACE_optlc_29341	0	1.55556
datamem/U3712	0	0.566481
datamem/U823	0	0.593364
datamem/U2037	0	0.585833
datamem/ram_reg[34][7]	0	1.17066
datamem/ram_reg[252][10]	0	0.609861
PLACE_optlc_38143	0	0.469136
PLACE_optlc_35244	0	1.55556
PLACE_optlc_34221	0	0.530864
PLACE_optlc_32146	0	0.54321
PLACE_optlc_34917	0	0.555556
PLACE_optlc_34352	0	1.53086
PLACE_optlc_30777	0	1.55556
PLACE_optlc_34328	0	1.55556
PLACE_optlc_34090	0	0.481481
datamem/ram_reg[217][1]	0	1.2972
datamem/ram_reg[45][9]	0	1.10926
datamem/U2118	0	0.814923
datamem/ram_reg[212][7]	0	0.643237
datamem/ram_reg[128][10]	0	0.970027
datamem/ram_reg[104][12]	0	0.905093
PLACE_optlc_36517	0	1.53086
PLACE_optlc_32729	0	1.45679
PLACE_optlc_32197	0	0.54321
PLACE_optlc_33335	0	1.55556
PLACE_optlc_38104	0	0.555556
PLACE_optlc_30451	0	1.51852
datamem/ram_reg[186][3]	0	0.937485
datamem/ram_reg[232][0]	0	1.25951
datamem/U1926	0	0.837157
PLACE_optlc_35794	0	0.555556
PLACE_optlc_36445	0	1.55556
PLACE_optlc_25666	0	0.506173
PLACE_optlc_37124	0	1.55556
PLACE_optlc_26999	0	0.45679
datamem/U3842	0	1.0201
datamem/ram_reg[58][3]	0	1.41742
datamem/ram_reg[127][5]	0	1.3578
PLACE_optlc_36476	0	0.555556
PLACE_optlc_28758	0	1.55556
PLACE_optlc_25837	0	0.518519
PLACE_optlc_35604	0	0.555556
PLACE_optlc_35137	0	0.555556
PLACE_optlc_34590	0	0.469136
PLACE_optlc_30910	0	0.481481
PLACE_optlc_30202	0	0.54321
PLACE_optlc_29640	0	1.55556
PLACE_optlc_37295	0	0.555556
datamem/U327	0	0.921605
datamem/ram_reg[105][6]	0	1.47972
datamem/U339	0	0.856767
datamem/U1170	0	0.640154
datamem/U1962	0	0.746956
datamem/U3550	0	1.54
datamem/ram_reg[212][14]	0	1.70766
datamem/ram_reg[3][2]	0	0.857515
PLACE_optlc_32706	0	0.518519
PLACE_optlc_34133	0	0.555556
PLACE_optlc_30872	0	0.518519
PLACE_optlc_31332	0	1.55556
PLACE_optlc_27289	0	1.51852
PLACE_optlc_33513	0	1.55556
PLACE_optlc_28911	0	0.54321
PLACE_optlc_26944	0	0.518519
PLACE_optlc_33449	0	1.54321
PLACE_optlc_37421	0	0.555556
datamem/U3899	0	0.608461
datamem/U317	0	0.696003
datamem/U3367	0	1.46865
datamem/ram_reg[0][4]	0	0.586142
datamem/ram_reg[33][13]	0	0.83488
datamem/U4190	0	0.561937
datamem/U1840	0	0.719093
PLACE_optlc_32914	0	1.53086
PLACE_optlc_29437	0	0.481481
PLACE_optlc_30879	0	0.54321
PLACE_optlc_25893	0	1.53086
PLACE_optlc_37380	0	0.555556
PLACE_optlc_29918	0	0.493827
PLACE_optlc_31115	0	0.518519
datamem/ram_reg[12][2]	0	1.16946
datamem/U3335	0	0.939996
PLACE_optlc_30204	0	0.481481
PLACE_optlc_27728	0	0.54321
PLACE_optlc_31108	0	0.518519
PLACE_optlc_28285	0	1.54321
PLACE_optlc_26695	0	1.55556
PLACE_optlc_29104	0	1.49383
PLACE_optlc_37984	0	0.530864
PLACE_optlc_28745	0	1.53086
PLACE_optlc_34591	0	1.51852
PLACE_optlc_34438	0	0.444444
PLACE_optlc_29079	0	0.54321
datamem/ram_reg[103][15]	0	1.14627
datamem/ram_reg[118][8]	0	1.69652
datamem/U4296	0	1.10463
datamem/U385	0	0.698048
datamem/U4107	0	0.759572
PLACE_optlc_29753	0	0.54321
PLACE_optlc_26853	0	0.45679
PLACE_optlc_38256	0	0.530864
PLACE_optlc_26359	0	0.54321
PLACE_optlc_26729	0	0.54321
PLACE_optlc_33940	0	0.54321
datamem/ram_reg[9][5]	0	0.768341
datamem/U1384	0	0.755691
datamem/ram_reg[116][14]	0	0.810706
datamem/U338	0	0.892377
datamem/ram_reg[59][2]	0	1.73429
datamem/ram_reg[222][9]	0	0.851285
datamem/ram_reg[116][11]	0	0.858819
PLACE_optlc_33368	0	1.45679
PLACE_optlc_30232	0	1.55556
PLACE_optlc_33218	0	1.53086
PLACE_optlc_31589	0	0.407407
PLACE_optlc_33066	0	1.55556
PLACE_optlc_29510	0	0.54321
PLACE_optlc_27195	0	1.55556
PLACE_optlc_33943	0	1.55556
PLACE_optlc_32345	0	1.55556
PLACE_optlc_30795	0	0.54321
datamem/U3844	0	1.32673
datamem/ram_reg[64][8]	0	1.93971
datamem/U130	0	0.959942
PLACE_optlc_35511	0	1.53086
PLACE_optlc_28318	0	1.53086
PLACE_optlc_36225	0	1.55556
PLACE_optlc_32540	0	1.55556
datamem/U985	0	0.689907
datamem/ram_reg[100][8]	0	0.590818
datamem/ram_reg[251][2]	0	2.02535
datamem/ram_reg[24][14]	0	1.07799
PLACE_optlc_36046	0	0.469136
PLACE_optlc_30286	0	0.555556
PLACE_optlc_29058	0	0.45679
PLACE_optlc_33992	0	0.518519
PLACE_optlc_31091	0	1.55556
PLACE_optlc_37954	0	0.555556
PLACE_optlc_37967	0	1.54321
PLACE_optlc_30907	0	1.51852
PLACE_optlc_37061	0	0.555556
PLACE_optlc_35236	0	0.555556
datamem/U2446	0	1.46607
datamem/U771	0	0.639633
datamem/ram_reg[73][9]	0	0.632353
datamem/ram_reg[193][7]	0	0.546289
datamem/U1036	0	1.03658
datamem/U3660	0	0.688854
datamem/ram_reg[166][13]	0	0.745081
datamem/ram_reg[250][7]	0	0.663002
PLACE_optlc_34358	0	0.555556
PLACE_optlc_38127	0	0.469136
PLACE_optlc_29163	0	0.518519
PLACE_optlc_33399	0	1.51852
PLACE_optlc_37920	0	0.555556
PLACE_optlc_27487	0	1.53086
datamem/U1069	0	0.855698
datamem/ram_reg[47][7]	0	1.19343
datamem/U685	0	0.817743
datamem/U2467	0	0.558954
datamem/ram_reg[108][9]	0	1.28615
datamem/U3129	0	1.74224
datamem/ram_reg[208][7]	0	0.694622
datamem/ram_reg[252][4]	0	0.634958
PLACE_optlc_37384	0	1.55556
PLACE_optlc_27356	0	1.49383
PLACE_optlc_35926	0	0.481481
PLACE_optlc_26096	0	0.493827
datamem/ram_reg[107][9]	0	0.845691
datamem/ram_reg[114][2]	0	1.04557
datamem/U4632	0	0.721123
datamem/U6	0	1.06373
datamem/ram_reg[245][13]	0	1.36534
datamem/ram_reg[18][0]	0	1.82819
datamem/U3975	0	0.863549
datamem/ram_reg[79][11]	0	1.44584
PLACE_optlc_32513	0	1.54321
PLACE_optlc_32152	0	0.481481
PLACE_optlc_34402	0	0.555556
PLACE_optlc_36541	0	0.555556
PLACE_optlc_37218	0	1.55556
datamem/U2310	0	0.851427
PLACE_optlc_33460	0	0.54321
PLACE_optlc_30158	0	0.54321
PLACE_optlc_32996	0	0.45679
PLACE_optlc_34370	0	0.555556
PLACE_optlc_36537	0	1.54321
PLACE_optlc_30919	0	1.55556
PLACE_optlc_35993	0	0.555556
PLACE_optlc_28183	0	0.530864
PLACE_optlc_32246	0	0.54321
PLACE_optlc_27491	0	0.45679
datamem/ram_reg[76][4]	0	0.553735
datamem/ram_reg[235][15]	0	2.19601
datamem/ram_reg[213][8]	0	1.10531
datamem/ram_reg[122][5]	0	1.21508
datamem/U3355	0	0.760054
datamem/ram_reg[97][9]	0	0.871806
PLACE_optlc_33637	0	0.45679
PLACE_optlc_30005	0	0.54321
PLACE_optlc_27508	0	0.54321
PLACE_optlc_25642	0	1.55556
PLACE_optlc_30673	0	1.55556
PLACE_optlc_29788	0	1.53086
PLACE_optlc_27700	0	0.530864
PLACE_optlc_36407	0	1.55556
PLACE_optlc_25914	0	1.55556
datamem/ram_reg[127][14]	0	0.895876
datamem/ram_reg[0][6]	0	0.95939
datamem/U2265	0	0.895282
PLACE_optlc_34153	0	1.55556
PLACE_optlc_28749	0	1.55556
PLACE_optlc_28124	0	1.55556
PLACE_optlc_33010	0	1.55556
PLACE_optlc_33919	0	1.55556
PLACE_optlc_35131	0	1.54321
PLACE_optlc_32078	0	1.50617
PLACE_optlc_33463	0	0.419753
datamem/ram_reg[136][6]	0	1.07943
PLACE_optlc_30455	0	0.530864
PLACE_optlc_26832	0	0.419753
PLACE_optlc_38219	0	0.555556
PLACE_optlc_38205	0	1.46914
PLACE_optlc_31301	0	1.51852
PLACE_optlc_26106	0	0.506173
PLACE_optlc_30939	0	0.54321
PLACE_optlc_36409	0	0.469136
PLACE_optlc_35447	0	0.444444
PLACE_optlc_29394	0	0.54321
datamem/ram_reg[14][7]	0	0.968194
datamem/ram_reg[211][14]	0	1.31765
datamem/ram_reg[129][11]	0	0.532292
datamem/ram_reg[148][0]	0	0.65826
datamem/ram_reg[17][10]	0	1.64686
datamem/ram_reg[238][7]	0	1.09261
datamem/U485	0	0.576682
PLACE_optlc_37992	0	1.55556
PLACE_optlc_33813	0	0.493827
PLACE_optlc_36606	0	0.555556
PLACE_optlc_33721	0	0.54321
PLACE_optlc_37958	0	0.555556
PLACE_optlc_30042	0	0.54321
PLACE_optlc_35196	0	0.555556
datamem/ram_reg[193][4]	0	0.996447
datamem/U1693	0	0.849564
datamem/U611	0	0.791061
datamem/ram_reg[9][7]	0	0.943171
datamem/U3928	0	0.876354
datamem/ram_reg[149][5]	0	0.606057
datamem/ram_reg[74][4]	0	1.06306
PLACE_optlc_33912	0	1.55556
PLACE_optlc_36844	0	1.53086
PLACE_optlc_31862	0	1.55556
PLACE_optlc_31031	0	0.469136
PLACE_optlc_29843	0	1.54321
PLACE_optlc_36890	0	0.555556
PLACE_optlc_34957	0	0.555556
PLACE_optlc_29460	0	1.55556
PLACE_optlc_32654	0	1.54321
datamem/U4269	0	0.638519
datamem/U2112	0	1.30482
datamem/ram_reg[195][3]	0	0.541728
PLACE_optlc_27983	0	1.51852
PLACE_optlc_35944	0	1.48148
datamem/ram_reg[48][6]	0	1.15917
datamem/U2286	0	0.894684
datamem/U114	0	1.39561
PLACE_optlc_35966	0	0.555556
PLACE_optlc_25929	0	1.55556
PLACE_optlc_29822	0	2.55556
PLACE_optlc_26393	0	0.54321
PLACE_optlc_27650	0	0.54321
PLACE_optlc_28888	0	0.493827
PLACE_optlc_27963	0	1.55556
PLACE_optlc_32111	0	0.432099
datamem/ram_reg[190][10]	0	0.714078
datamem/U2873	0	0.888083
datamem/ram_reg[84][6]	0	0.760131
datamem/ram_reg[64][12]	0	1.40174
datamem/ram_reg[192][6]	0	1.7701
PLACE_optlc_27017	0	1.55556
PLACE_optlc_29054	0	0.54321
PLACE_optlc_35877	0	1.53086
PLACE_optlc_32791	0	0.54321
PLACE_optlc_26758	0	1.49383
PLACE_optlc_32649	0	0.54321
PLACE_optlc_31542	0	0.469136
datamem/U4560	0	0.584039
datamem/ram_reg[162][13]	0	0.878927
datamem/ram_reg[189][8]	0	0.785853
datamem/ram_reg[8][13]	0	0.779043
datamem/ram_reg[23][8]	0	1.06994
PLACE_optlc_31783	0	1.48148
PLACE_optlc_31890	0	1.55556
PLACE_optlc_27215	0	0.54321
PLACE_optlc_33443	0	0.530864
PLACE_optlc_29638	0	1.55556
PLACE_optlc_33084	0	0.45679
PLACE_optlc_33071	0	0.54321
PLACE_optlc_26809	0	1.54321
PLACE_optlc_26986	0	1.53086
PLACE_optlc_33103	0	1.55556
PLACE_optlc_35545	0	0.555556
PLACE_optlc_28609	0	1.51852
datamem/U4589	0	0.96772
datamem/U1526	0	1.28497
datamem/U3863	0	0.591512
PLACE_optlc_32539	0	1.55556
PLACE_optlc_37291	0	1.55556
PLACE_optlc_29284	0	0.54321
PLACE_optlc_34342	0	0.555556
PLACE_optlc_33208	0	0.481481
PLACE_optlc_26586	0	1.55556
PLACE_optlc_36429	0	1.55556
datamem/ram_reg[200][0]	0	0.611767
datamem/U2944	0	0.727519
datamem/U1878	0	0.615826
datamem/ram_reg[248][5]	0	1.75329
datamem/U2064	0	1.53957
datamem/ram_reg[180][7]	0	1.5254
PLACE_optlc_37137	0	0.530864
PLACE_optlc_36250	0	0.555556
PLACE_optlc_28346	0	0.518519
datamem/U765	0	1.15759
datamem/U334	0	1.13317
datamem/U3205	0	0.730671
PLACE_optlc_35936	0	0.530864
PLACE_optlc_29401	0	1.55556
PLACE_optlc_36090	0	0.518519
datamem/U2301	0	0.964282
datamem/ram_reg[56][9]	0	0.900849
datamem/U2807	0	0.929954
datamem/U2609	0	0.827211
datamem/ram_reg[110][0]	0	1.58397
datamem/U623	0	1.72388
PLACE_optlc_30930	0	0.54321
PLACE_optlc_32853	0	0.481481
PLACE_optlc_34720	0	1.55556
datamem/U3016	0	1.1614
datamem/U1022	0	1.3577
datamem/U8	0	1.51005
datamem/ram_reg[0][3]	0	0.78032
datamem/U2327	0	1.04266
PLACE_optlc_27176	0	0.518519
PLACE_optlc_36866	0	0.555556
PLACE_optlc_25851	0	0.493827
PLACE_optlc_29157	0	0.54321
datamem/U3833	0	1.2018
datamem/ram_reg[57][3]	0	1.15824
datamem/ram_reg[240][7]	0	1.01048
PLACE_optlc_33085	0	1.53086
PLACE_optlc_31761	0	0.54321
PLACE_optlc_27852	0	0.506173
PLACE_optlc_33878	0	0.518519
datamem/U220	0	0.725382
datamem/U2701	0	1.08377
datamem/ram_reg[116][6]	0	0.699645
datamem/U4200	0	1.31529
datamem/U4026	0	1.27314
PLACE_optlc_32708	0	1.55556
PLACE_optlc_37511	0	1.55556
PLACE_optlc_28874	0	1.53086
PLACE_optlc_37300	0	0.555556
PLACE_optlc_31745	0	0.518519
PLACE_optlc_33799	0	0.506173
PLACE_optlc_30192	0	1.55556
PLACE_optlc_25668	0	1.55556
datamem/U1893	0	0.966902
datamem/U1905	0	1.58505
datamem/U3785	0	1.8072
datamem/U1764	0	1.40929
datamem/ram_reg[98][13]	0	0.603272
datamem/U3033	0	1.09435
PLACE_optlc_37845	0	0.555556
PLACE_optlc_35242	0	1.55556
PLACE_optlc_36395	0	1.53086
PLACE_optlc_38009	0	1.49383
PLACE_optlc_30743	0	1.55556
datamem/ram_reg[177][3]	0	0.948711
SpareCell_0_0	0	1.4233
datamem/U1817	0	1.23222
datamem/U1171	0	0.939032
PLACE_optlc_33659	0	0.54321
PLACE_optlc_37559	0	0.555556
PLACE_optlc_28857	0	0.530864
PLACE_optlc_34357	0	0.555556
PLACE_optlc_27918	0	1.54321
datamem/ram_reg[97][3]	0	1.66589
datamem/U3426	0	1.2732
datamem/ram_reg[131][13]	0	0.746474
datamem/U2142	0	0.730216
datamem/U3851	0	0.650255
datamem/ram_reg[58][4]	0	0.762566
PLACE_optlc_34649	0	1.55556
PLACE_optlc_35870	0	0.555556
PLACE_optlc_35226	0	1.54321
PLACE_optlc_26614	0	1.55556
PLACE_optlc_29948	0	1.48148
PLACE_optlc_31734	0	0.54321
PLACE_optlc_37687	0	1.55556
PLACE_optlc_34263	0	0.555556
datamem/U4315	0	1.60466
datamem/U319	0	1.04434
datamem/U2678	0	0.881154
datamem/U3446	0	0.876296
PLACE_optlc_26357	0	0.54321
PLACE_optlc_35120	0	1.55556
PLACE_optlc_30224	0	1.55556
PLACE_optlc_34340	0	0.555556
PLACE_optlc_37383	0	0.530864
PLACE_optlc_28982	0	1.51852
datamem/U169	0	1.25893
datamem/U4009	0	1.01451
datamem/ram_reg[185][1]	0	0.685062
PLACE_optlc_34867	0	1.51852
PLACE_optlc_29490	0	0.518519
PLACE_optlc_28011	0	0.530864
PLACE_optlc_33349	0	0.518519
PLACE_optlc_35305	0	1.54321
PLACE_optlc_27264	0	0.54321
datamem/U1989	0	0.986254
datamem/ram_reg[2][5]	0	1.51147
datamem/U2104	0	1.20035
datamem/U3881	0	0.628345
PLACE_optlc_36387	0	0.555556
PLACE_optlc_27456	0	0.54321
PLACE_optlc_34486	0	0.555556
PLACE_optlc_32593	0	1.53086
PLACE_optlc_33033	0	1.55556
PLACE_optlc_27621	0	0.54321
PLACE_optlc_31293	0	0.469136
PLACE_optlc_32181	0	1.49383
PLACE_optlc_35419	0	1.55556
PLACE_optlc_38089	0	1.55556
PLACE_optlc_26484	0	1.54321
datamem/U1167	0	0.9788
datamem/ram_reg[146][3]	0	1.2061
datamem/ram_reg[181][0]	0	1.26714
datamem/U449	0	1.79167
datamem/U2384	0	0.823627
PLACE_optlc_30627	0	0.518519
PLACE_optlc_29605	0	1.55556
PLACE_optlc_29647	0	0.506173
PLACE_optlc_34149	0	0.555556
PLACE_optlc_35257	0	1.53086
PLACE_optlc_35839	0	1.55556
PLACE_optlc_30697	0	1.55556
PLACE_optlc_36040	0	0.555556
PLACE_optlc_33922	0	0.54321
PLACE_optlc_36010	0	0.555556
PLACE_optlc_32011	0	0.54321
PLACE_optlc_31074	0	1.53086
datamem/ram_reg[98][15]	0	0.90216
datamem/U1330	0	1.01522
datamem/U3532	0	0.874749
PLACE_optlc_33063	0	0.469136
PLACE_optlc_28334	0	0.54321
PLACE_optlc_30994	0	1.55556
PLACE_optlc_38115	0	1.55556
PLACE_optlc_25765	0	0.518519
PLACE_optlc_29495	0	1.51852
PLACE_optlc_28214	0	0.54321
datamem/U3500	0	0.556497
datamem/ram_reg[1][14]	0	0.599618
PLACE_optlc_34458	0	0.555556
PLACE_optlc_27425	0	1.54321
PLACE_optlc_31555	0	1.50617
PLACE_optlc_26188	0	1.55556
PLACE_optlc_36545	0	0.555556
PLACE_optlc_33877	0	1.53086
PLACE_optlc_25853	0	0.518519
PLACE_optlc_28053	0	1.55556
datamem/ram_reg[100][10]	0	1.35346
datamem/U1819	0	0.85103
datamem/U1944	0	0.790999
datamem/U3274	0	1.75274
datamem/U4456	0	0.875529
datamem/U3772	0	0.684306
datamem/ram_reg[161][10]	0	0.679267
datamem/U3497	0	0.711381
datamem/ram_reg[249][10]	0	0.88066
datamem/U1440	0	0.848881
datamem/ram_reg[71][9]	0	0.987743
PLACE_optlc_33205	0	0.54321
PLACE_optlc_31580	0	0.506173
PLACE_optlc_37425	0	1.50617
PLACE_optlc_32799	0	0.54321
PLACE_optlc_36412	0	1.54321
PLACE_optlc_31726	0	0.481481
PLACE_optlc_35913	0	1.55556
PLACE_optlc_37039	0	0.555556
PLACE_optlc_29653	0	1.55556
PLACE_optlc_28575	0	0.530864
PLACE_optlc_27685	0	0.518519
PLACE_optlc_37604	0	1.55556
datamem/ram_reg[58][6]	0	1.42794
datamem/ram_reg[206][3]	0	0.583646
PLACE_optlc_37215	0	0.555556
PLACE_optlc_32663	0	1.55556
PLACE_optlc_30145	0	0.518519
PLACE_optlc_32347	0	1.55556
PLACE_optlc_28920	0	0.54321
PLACE_optlc_33371	0	1.55556
PLACE_optlc_29131	0	0.54321
PLACE_optlc_34453	0	0.555556
PLACE_optlc_35906	0	0.469136
PLACE_optlc_30159	0	0.54321
datamem/ram_reg[156][6]	0	0.741582
datamem/ram_reg[199][13]	0	0.747504
datamem/ram_reg[248][15]	0	0.885208
datamem/ram_reg[21][7]	0	1.68596
datamem/ram_reg[155][3]	0	1.15974
PLACE_optlc_26958	0	0.518519
PLACE_optlc_28629	0	0.530864
PLACE_optlc_37447	0	1.55556
PLACE_optlc_30720	0	1.54321
PLACE_optlc_26216	0	1.55556
PLACE_optlc_32020	0	1.55556
PLACE_optlc_25745	0	0.506173
PLACE_optlc_32563	0	1.55556
PLACE_optlc_31519	0	1.55556
datamem/ram_reg[219][0]	0	0.607315
datamem/ram_reg[51][13]	0	0.823322
datamem/U2211	0	0.925529
datamem/U1379	0	1.71972
datamem/ram_reg[136][12]	0	0.960046
PLACE_optlc_33129	0	1.53086
PLACE_optlc_35372	0	1.54321
PLACE_optlc_26339	0	0.481481
PLACE_optlc_37912	0	0.555556
PLACE_optlc_34317	0	1.55556
PLACE_optlc_34375	0	0.555556
PLACE_optlc_30835	0	1.51852
PLACE_optlc_28047	0	0.54321
datamem/ram_reg[154][14]	0	1.45704
datamem/ram_reg[201][13]	0	1.20535
datamem/ram_reg[254][2]	0	0.862438
datamem/U4621	0	0.719194
datamem/U1788	0	1.42875
datamem/ram_reg[191][0]	0	1.22893
datamem/U2109	0	0.624923
datamem/U261	0	1.50169
datamem/U3481	0	1.04709
datamem/ram_reg[243][8]	0	1.94413
PLACE_optlc_36627	0	1.55556
PLACE_optlc_37928	0	0.54321
PLACE_optlc_32306	0	0.555556
PLACE_optlc_32626	0	0.530864
PLACE_optlc_35321	0	1.53086
PLACE_optlc_30883	0	1.50617
PLACE_optlc_33518	0	1.55556
PLACE_optlc_29410	0	0.54321
PLACE_optlc_27300	0	1.54321
PLACE_optlc_32466	0	1.55556
datamem/ram_reg[33][10]	0	1.10052
datamem/ram_reg[170][13]	0	1.94906
datamem/ram_reg[231][5]	0	0.591655
datamem/ram_reg[207][3]	0	0.795208
datamem/U2645	0	0.686281
datamem/ram_reg[209][2]	0	0.766316
PLACE_optlc_26017	0	0.54321
PLACE_optlc_26097	0	0.506173
PLACE_optlc_26657	0	0.54321
PLACE_optlc_29484	0	1.55556
PLACE_optlc_34868	0	0.506173
PLACE_optlc_30714	0	0.493827
PLACE_optlc_26389	0	0.481481
PLACE_optlc_30303	0	1.55556
datamem/ram_reg[52][12]	0	0.707292
datamem/U2346	0	1.27664
datamem/U2551	0	0.866779
PLACE_optlc_35156	0	0.555556
PLACE_optlc_27732	0	1.55556
PLACE_optlc_37649	0	0.555556
PLACE_optlc_38132	0	0.555556
PLACE_optlc_31490	0	0.54321
PLACE_optlc_29301	0	0.469136
PLACE_optlc_36570	0	1.55556
PLACE_optlc_32433	0	1.51852
PLACE_optlc_38000	0	0.555556
PLACE_optlc_34582	0	0.469136
PLACE_optlc_28494	0	1.51852
PLACE_optlc_32000	0	1.55556
PLACE_optlc_35498	0	1.46914
datamem/ram_reg[27][13]	0	0.667967
datamem/U3619	0	1.10801
datamem/U171	0	0.93814
datamem/ram_reg[231][15]	0	1.66997
datamem/U1343	0	0.576535
datamem/ram_reg[206][4]	0	0.730309
PLACE_optlc_28444	0	0.54321
PLACE_optlc_31195	0	0.518519
PLACE_optlc_29108	0	1.55556
PLACE_optlc_32296	0	0.54321
datamem/ram_reg[99][14]	0	1.25016
datamem/ram_reg[211][3]	0	0.59951
datamem/ram_reg[77][1]	0	0.636578
datamem/ram_reg[12][10]	0	0.880494
datamem/ram_reg[225][11]	0	0.837319
datamem/U2828	0	1.2917
datamem/ram_reg[132][4]	0	1.11765
datamem/ram_reg[92][10]	0	0.543248
PLACE_optlc_28293	0	1.54321
PLACE_optlc_27790	0	0.530864
PLACE_optlc_30445	0	0.518519
PLACE_optlc_32437	0	0.54321
PLACE_optlc_32643	0	1.55556
datamem/ram_reg[221][10]	0	1.3455
datamem/U43	0	1.1087
PLACE_optlc_34557	0	0.555556
PLACE_optlc_27554	0	0.506173
PLACE_optlc_37883	0	0.555556
PLACE_optlc_27594	0	1.54321
PLACE_optlc_28406	0	1.55556
datamem/ram_reg[233][10]	0	0.898086
datamem/ram_reg[167][12]	0	0.954182
datamem/U2473	0	0.574201
datamem/ram_reg[154][7]	0	0.578264
datamem/U1758	0	0.969325
datamem/ram_reg[117][11]	0	1.06119
datamem/ram_reg[200][5]	0	1.60239
PLACE_optlc_36185	0	0.444444
PLACE_optlc_26616	0	1.54321
PLACE_optlc_25623	0	0.54321
PLACE_optlc_32064	0	0.54321
PLACE_optlc_25755	0	1.45679
PLACE_optlc_30602	0	0.54321
PLACE_optlc_36834	0	1.53086
PLACE_optlc_26277	0	0.45679
PLACE_optlc_31458	0	0.506173
PLACE_optlc_31068	0	0.506173
PLACE_optlc_34948	0	0.469136
PLACE_optlc_31488	0	0.518519
PLACE_optlc_30526	0	0.54321
PLACE_optlc_38176	0	0.555556
datamem/U4530	0	1.34933
datamem/ram_reg[77][6]	0	1.15392
datamem/U425	0	0.783052
datamem/U159	0	1.38167
datamem/ram_reg[31][0]	0	1.15495
datamem/U3730	0	1.02783
datamem/ram_reg[207][4]	0	0.795328
PLACE_optlc_31622	0	1.55556
PLACE_optlc_28952	0	1.55556
PLACE_optlc_37110	0	0.469136
PLACE_optlc_26555	0	1.55556
PLACE_optlc_31295	0	2.49383
PLACE_optlc_30980	0	0.407407
datamem/ram_reg[214][8]	0	0.740698
datamem/U4551	0	1.17399
datamem/ram_reg[21][10]	0	0.896285
PLACE_optlc_32019	0	1.55556
PLACE_optlc_35544	0	0.555556
PLACE_optlc_37456	0	0.469136
PLACE_optlc_36038	0	0.481481
PLACE_optlc_30033	0	0.506173
datamem/ram_reg[115][12]	0	1.88534
datamem/ram_reg[206][13]	0	1.28108
datamem/ram_reg[42][1]	0	0.777805
datamem/U875	0	0.795274
datamem/U4506	0	0.673534
datamem/U3263	0	1.19795
datamem/U761	0	0.839471
PLACE_optlc_38092	0	0.481481
PLACE_optlc_34618	0	0.555556
PLACE_optlc_36955	0	1.55556
PLACE_optlc_33889	0	0.54321
PLACE_optlc_33769	0	0.54321
datamem/ram_reg[114][14]	0	0.668758
datamem/ram_reg[152][7]	0	0.591049
datamem/ram_reg[43][15]	0	0.613557
PLACE_optlc_25850	0	0.432099
PLACE_optlc_28253	0	1.51852
PLACE_optlc_29669	0	0.493827
PLACE_optlc_25603	0	1.51852
PLACE_optlc_34144	0	0.555556
PLACE_optlc_29995	0	0.54321
PLACE_optlc_30017	0	0.444444
PLACE_optlc_29379	0	1.55556
datamem/ram_reg[139][11]	0	1.41314
PLACE_optlc_34617	0	0.469136
PLACE_optlc_32378	0	0.45679
PLACE_optlc_30827	0	0.530864
datamem/U2092	0	0.680498
PLACE_optlc_25677	0	0.54321
PLACE_optlc_32032	0	0.506173
PLACE_optlc_31201	0	1.55556
PLACE_optlc_35567	0	1.53086
PLACE_optlc_36151	0	0.530864
PLACE_optlc_31378	0	0.395062
PLACE_optlc_33039	0	0.45679
PLACE_optlc_30806	0	0.481481
datamem/U5	0	0.955193
datamem/ram_reg[1][0]	0	1.45992
datamem/ram_reg[89][14]	0	0.691975
datamem/U388	0	0.681489
datamem/U3963	0	0.970737
PLACE_optlc_31918	0	0.469136
PLACE_optlc_26935	0	0.419753
PLACE_optlc_31686	0	1.53086
PLACE_optlc_26331	0	0.54321
PLACE_optlc_37806	0	0.555556
PLACE_optlc_27666	0	1.55556
PLACE_optlc_28880	0	1.55556
PLACE_optlc_34951	0	1.55556
PLACE_optlc_36649	0	0.555556
PLACE_optlc_35022	0	0.555556
datamem/U1034	0	1.32532
datamem/ram_reg[130][14]	0	0.875463
datamem/U2793	0	0.975988
datamem/U4354	0	1.13632
datamem/U3749	0	1.27771
datamem/U4187	0	1.03069
datamem/ram_reg[237][7]	0	1.31026
datamem/ram_reg[109][8]	0	1.46415
PLACE_optlc_30612	0	0.530864
PLACE_optlc_38348	0	0.555556
PLACE_optlc_29339	0	0.54321
PLACE_optlc_31719	0	1.55556
datamem/ram_reg[74][10]	0	0.733584
datamem/U502	0	0.909159
datamem/ram_reg[141][0]	0	0.824402
datamem/U936	0	1.31682
datamem/U1674	0	1.17402
PLACE_optlc_27770	0	1.55556
PLACE_optlc_37973	0	1.53086
PLACE_optlc_36455	0	1.55556
PLACE_optlc_26263	0	1.54321
datamem/ram_reg[10][1]	0	1.64723
datamem/U1394	0	0.976574
datamem/U175	0	1.25978
PLACE_optlc_35318	0	1.55556
PLACE_optlc_37136	0	0.555556
PLACE_optlc_33672	0	0.530864
PLACE_optlc_27148	0	0.518519
PLACE_optlc_30491	0	1.51852
PLACE_optlc_32412	0	1.51852
datamem/ram_reg[246][10]	0	1.22845
PLACE_optlc_32856	0	1.53086
PLACE_optlc_32464	0	1.54321
PLACE_optlc_25878	0	0.54321
PLACE_optlc_28478	0	0.54321
PLACE_optlc_33109	0	0.481481
datamem/U4516	0	0.833318
datamem/U1786	0	1.67627
datamem/U1652	0	0.768954
datamem/U1053	0	1.00731
PLACE_optlc_25743	0	1.55556
PLACE_optlc_28288	0	1.55556
PLACE_optlc_30683	0	1.55556
PLACE_optlc_26869	0	0.54321
PLACE_optlc_28409	0	0.54321
PLACE_optlc_34137	0	1.53086
datamem/ram_reg[118][15]	0	1.23154
datamem/U3347	0	0.639279
datamem/U3822	0	1.00977
datamem/ram_reg[47][8]	0	0.564992
PLACE_optlc_32542	0	0.518519
PLACE_optlc_31826	0	0.518519
PLACE_optlc_36201	0	0.555556
PLACE_optlc_29246	0	1.55556
PLACE_optlc_38209	0	0.555556
PLACE_optlc_33809	0	1.54321
PLACE_optlc_32148	0	1.55556
datamem/U2149	0	1.34877
datamem/U2393	0	1.58816
datamem/U953	0	1.29054
datamem/ram_reg[6][0]	0	0.826296
PLACE_optlc_27745	0	1.55556
PLACE_optlc_37521	0	0.555556
PLACE_optlc_37092	0	0.555556
PLACE_optlc_37897	0	0.506173
PLACE_optlc_35284	0	0.530864
PLACE_optlc_35739	0	0.555556
PLACE_optlc_36568	0	0.555556
datamem/ram_reg[138][15]	0	1.30276
datamem/U1004	0	1.14995
datamem/U1805	0	0.810598
datamem/U4228	0	1.39778
datamem/ram_reg[149][14]	0	0.814398
PLACE_optlc_30853	0	0.54321
PLACE_optlc_30620	0	1.54321
PLACE_optlc_27835	0	0.555556
PLACE_optlc_27981	0	1.55556
PLACE_optlc_36700	0	0.54321
datamem/ram_reg[72][1]	0	0.723492
datamem/U2757	0	0.956806
datamem/ram_reg[91][8]	0	0.718202
datamem/ram_reg[195][6]	0	1.08319
datamem/U1979	0	0.936748
PLACE_optlc_34751	0	1.54321
PLACE_optlc_36018	0	0.469136
PLACE_optlc_34783	0	0.555556
PLACE_optlc_36405	0	0.54321
PLACE_optlc_27386	0	1.51852
datamem/ram_reg[250][12]	0	0.837589
datamem/ram_reg[228][0]	0	0.695529
PLACE_optlc_25899	0	0.54321
PLACE_optlc_25794	0	1.55556
PLACE_optlc_31064	0	0.54321
datamem/ram_reg[122][8]	0	0.781466
datamem/U1654	0	1.25963
datamem/U34	0	0.93348
PLACE_optlc_30608	0	0.54321
PLACE_optlc_34505	0	0.555556
PLACE_optlc_32967	0	0.54321
PLACE_optlc_29232	0	0.518519
PLACE_optlc_36305	0	0.54321
PLACE_optlc_31802	0	0.54321
PLACE_optlc_31590	0	1.50617
PLACE_optlc_36054	0	0.555556
PLACE_optlc_37153	0	0.555556
PLACE_optlc_31958	0	1.53086
PLACE_optlc_34055	0	0.54321
datamem/ram_reg[207][6]	0	0.743831
datamem/U2923	0	0.760625
datamem/U752	0	0.869113
datamem/U110	0	1.33703
datamem/ram_reg[209][14]	0	0.79902
datamem/U3740	0	0.794078
datamem/U1055	0	1.44263
PLACE_optlc_34806	0	0.530864
PLACE_optlc_31937	0	0.555556
PLACE_optlc_29859	0	1.55556
PLACE_optlc_29345	0	1.55556
PLACE_optlc_35652	0	0.530864
PLACE_optlc_28331	0	0.518519
PLACE_optlc_28407	0	1.51852
PLACE_optlc_27241	0	0.530864
datamem/ram_reg[78][2]	0	0.801863
datamem/ram_reg[169][5]	0	1.35035
datamem/U1294	0	1.03485
datamem/U3614	0	1.11992
PLACE_optlc_36463	0	0.555556
PLACE_optlc_33969	0	1.54321
PLACE_optlc_29817	0	0.506173
PLACE_optlc_34616	0	1.55556
PLACE_optlc_28137	0	0.54321
PLACE_optlc_35571	0	0.555556
PLACE_optlc_27363	0	0.506173
PLACE_optlc_27378	0	1.55556
PLACE_optlc_28596	0	0.518519
datamem/ram_reg[54][5]	0	1.36842
datamem/ram_reg[245][7]	0	0.560556
datamem/U3751	0	0.802157
datamem/ram_reg[168][10]	0	0.777824
datamem/U2076	0	1.16271
datamem/U2367	0	1.46218
datamem/U3062	0	1.87087
datamem/U3624	0	1.01933
datamem/ram_reg[235][5]	0	1.87528
datamem/U3650	0	0.566323
PLACE_optlc_34898	0	0.530864
PLACE_optlc_30223	0	0.54321
PLACE_optlc_31131	0	1.54321
PLACE_optlc_35774	0	0.555556
PLACE_optlc_36233	0	0.555556
PLACE_optlc_33751	0	1.55556
PLACE_optlc_31311	0	1.55556
datamem/ram_reg[253][5]	0	0.82591
datamem/ram_reg[15][2]	0	0.881929
datamem/ram_reg[249][15]	0	0.902589
datamem/U2800	0	0.715297
datamem/U4412	0	1.10884
datamem/U4297	0	0.865559
datamem/U561	0	0.640683
PLACE_optlc_28708	0	0.54321
PLACE_optlc_35660	0	1.53086
PLACE_optlc_33424	0	0.530864
PLACE_optlc_28050	0	0.54321
PLACE_optlc_29478	0	0.54321
PLACE_optlc_31843	0	1.45679
PLACE_optlc_37909	0	0.555556
datamem/U3088	0	0.719973
datamem/U608	0	1.08077
datamem/ram_reg[0][9]	0	1.94339
datamem/U3454	0	1.1886
PLACE_optlc_29354	0	0.518519
PLACE_optlc_32414	0	0.518519
datamem/ram_reg[226][2]	0	0.652971
datamem/ram_reg[198][6]	0	0.610143
datamem/ram_reg[184][3]	0	0.810675
datamem/ram_reg[68][14]	0	1.05554
datamem/U1780	0	0.910799
datamem/ram_reg[240][10]	0	0.845343
datamem/ram_reg[9][11]	0	0.851026
PLACE_optlc_32123	0	0.54321
PLACE_optlc_35747	0	1.55556
PLACE_optlc_32548	0	0.506173
PLACE_optlc_38128	0	0.530864
PLACE_optlc_29149	0	0.518519
PLACE_optlc_31104	0	1.54321
PLACE_optlc_29185	0	1.55556
PLACE_optlc_30217	0	0.54321
PLACE_optlc_28086	0	0.506173
datamem/U2526	0	1.22996
datamem/ram_reg[183][12]	0	1.45471
datamem/U3731	0	0.612388
PLACE_optlc_29926	0	0.481481
PLACE_optlc_35976	0	1.50617
PLACE_optlc_27320	0	1.54321
PLACE_optlc_37503	0	0.555556
PLACE_optlc_37731	0	1.55556
PLACE_optlc_36683	0	1.55556
PLACE_optlc_28111	0	0.54321
PLACE_optlc_35691	0	0.555556
PLACE_optlc_30929	0	0.54321
PLACE_optlc_33718	0	1.54321
PLACE_optlc_28569	0	0.518519
datamem/U1624	0	1.25662
datamem/ram_reg[111][12]	0	0.869317
datamem/ram_reg[109][0]	0	1.25414
datamem/U4085	0	0.838951
PLACE_optlc_27089	0	1.55556
PLACE_optlc_36664	0	1.55556
PLACE_optlc_30297	0	1.55556
PLACE_optlc_26775	0	0.54321
PLACE_optlc_29689	0	0.518519
PLACE_optlc_37636	0	0.555556
datamem/ram_reg[8][3]	0	0.798619
datamem/U3748	0	0.942535
datamem/ram_reg[34][5]	0	0.579846
datamem/ram_reg[7][8]	0	0.799591
datamem/U228	0	0.698036
datamem/ram_reg[39][14]	0	0.744985
datamem/U4197	0	0.971331
datamem/ram_reg[13][2]	0	1.94333
datamem/ram_reg[156][4]	0	0.937299
PLACE_optlc_32165	0	1.53086
PLACE_optlc_35268	0	1.55556
PLACE_optlc_36709	0	0.555556
PLACE_optlc_26342	0	1.55556
PLACE_optlc_32598	0	1.54321
PLACE_optlc_35775	0	0.555556
PLACE_optlc_35146	0	0.555556
PLACE_optlc_28826	0	1.54321
PLACE_optlc_31691	0	0.493827
datamem/U391	0	0.84387
datamem/ram_reg[10][8]	0	0.664244
datamem/U4450	0	1.09698
datamem/ram_reg[91][6]	0	1.00204
datamem/ram_reg[170][7]	0	1.05956
datamem/U2127	0	0.942033
PLACE_optlc_37571	0	1.55556
PLACE_optlc_35773	0	1.55556
PLACE_optlc_31451	0	0.518519
PLACE_optlc_31575	0	1.54321
PLACE_optlc_36473	0	0.469136
PLACE_optlc_34264	0	1.55556
datamem/U858	0	1.00628
datamem/ram_reg[187][4]	0	1.33638
datamem/U4128	0	0.901142
datamem/ram_reg[202][2]	0	1.97571
datamem/ram_reg[34][11]	0	1.56915
datamem/ram_reg[55][9]	0	0.646281
PLACE_optlc_35588	0	0.469136
PLACE_optlc_27281	0	0.518519
PLACE_optlc_36529	0	1.53086
PLACE_optlc_29281	0	1.49383
PLACE_optlc_26736	0	0.54321
PLACE_optlc_38162	0	1.55556
PLACE_optlc_35083	0	0.469136
PLACE_optlc_32669	0	0.54321
PLACE_optlc_34872	0	0.555556
PLACE_optlc_27828	0	1.54321
datamem/ram_reg[125][12]	0	1.48867
datamem/ram_reg[138][11]	0	1.40039
datamem/ram_reg[175][3]	0	1.43291
datamem/ram_reg[89][15]	0	0.732689
datamem/U4357	0	1.41558
datamem/ram_reg[167][0]	0	0.7187
datamem/ram_reg[109][13]	0	1.0229
PLACE_optlc_27757	0	0.54321
PLACE_optlc_36061	0	1.55556
PLACE_optlc_26975	0	1.55556
PLACE_optlc_29945	0	0.506173
PLACE_optlc_33376	0	0.518519
PLACE_optlc_28498	0	1.54321
PLACE_optlc_29468	0	1.53086
PLACE_optlc_26827	0	0.530864
datamem/U4259	0	0.722932
datamem/ram_reg[162][9]	0	0.804576
PLACE_optlc_31442	0	0.481481
PLACE_optlc_33697	0	0.506173
PLACE_optlc_33382	0	1.54321
PLACE_optlc_27623	0	1.54321
PLACE_optlc_30498	0	1.55556
PLACE_optlc_29086	0	0.54321
PLACE_optlc_27649	0	1.55556
PLACE_optlc_26144	0	0.54321
PLACE_optlc_36502	0	0.469136
PLACE_optlc_34858	0	0.530864
PLACE_optlc_31223	0	0.54321
datamem/U3589	0	1.14968
datamem/U4472	0	1.32614
datamem/ram_reg[41][10]	0	0.550891
datamem/ram_reg[144][10]	0	0.74838
PLACE_optlc_31916	0	1.53086
PLACE_optlc_26012	0	0.54321
PLACE_optlc_34143	0	0.555556
PLACE_optlc_26702	0	1.53086
PLACE_optlc_25722	0	0.45679
PLACE_optlc_27186	0	1.55556
PLACE_optlc_37620	0	0.530864
PLACE_optlc_26464	0	0.530864
datamem/U149	0	1.28457
datamem/U793	0	0.692299
datamem/ram_reg[56][12]	0	1.02713
datamem/U136	0	0.829529
PLACE_optlc_29613	0	1.51852
PLACE_optlc_27253	0	1.51852
PLACE_optlc_32530	0	0.506173
PLACE_optlc_26789	0	1.54321
PLACE_optlc_37720	0	0.555556
PLACE_optlc_28103	0	0.45679
PLACE_optlc_32698	0	1.55556
PLACE_optlc_38213	0	1.55556
PLACE_optlc_35130	0	1.55556
PLACE_optlc_29436	0	0.54321
PLACE_optlc_30678	0	0.54321
PLACE_optlc_28051	0	0.555556
datamem/U1399	0	0.983214
datamem/U1245	0	1.52895
datamem/U1025	0	1.5551
PLACE_optlc_26448	0	1.54321
PLACE_optlc_33292	0	0.469136
PLACE_optlc_36667	0	0.555556
PLACE_optlc_32427	0	1.55556
PLACE_optlc_34485	0	0.555556
PLACE_optlc_38050	0	0.555556
PLACE_optlc_30492	0	1.55556
PLACE_optlc_32507	0	1.55556
PLACE_optlc_30940	0	1.55556
datamem/ram_reg[230][2]	0	0.642238
datamem/ram_reg[180][5]	0	0.587103
datamem/U20	0	1.23396
datamem/U183	0	0.827589
PLACE_optlc_25832	0	0.518519
PLACE_optlc_36177	0	0.530864
PLACE_optlc_32723	0	0.518519
PLACE_optlc_33007	0	0.419753
PLACE_optlc_33562	0	1.51852
PLACE_optlc_33858	0	0.54321
PLACE_optlc_35393	0	0.555556
datamem/ram_reg[38][10]	0	0.99613
datamem/ram_reg[112][15]	0	1.25669
datamem/ram_reg[231][12]	0	0.777874
datamem/U11	0	1.4771
PLACE_optlc_37982	0	0.555556
PLACE_optlc_28425	0	1.46914
PLACE_optlc_26911	0	0.54321
PLACE_optlc_33410	0	0.518519
PLACE_optlc_26734	0	0.54321
datamem/U1349	0	0.722963
datamem/ram_reg[153][5]	0	0.9539
datamem/U2019	0	0.686076
datamem/U4535	0	1.44645
datamem/ram_reg[121][8]	0	1.22563
PLACE_optlc_36293	0	1.55556
PLACE_optlc_34013	0	1.53086
PLACE_optlc_26577	0	0.518519
PLACE_optlc_31658	0	1.53086
PLACE_optlc_28788	0	0.54321
PLACE_optlc_31529	0	1.55556
datamem/ram_reg[199][4]	0	0.581628
datamem/U4166	0	1.13944
datamem/ram_reg[211][11]	0	1.73937
datamem/ram_reg[230][1]	0	1.97153
datamem/ram_reg[238][3]	0	0.934313
PLACE_optlc_27283	0	0.54321
PLACE_optlc_36869	0	0.54321
PLACE_optlc_34192	0	0.469136
PLACE_optlc_31320	0	1.53086
PLACE_optlc_26951	0	0.481481
PLACE_optlc_29222	0	0.54321
PLACE_optlc_30069	0	0.54321
datamem/U3797	0	0.725509
datamem/U3021	0	0.873985
datamem/U3830	0	0.760004
datamem/ram_reg[98][7]	0	1.65073
datamem/ram_reg[91][13]	0	1.06855
PLACE_optlc_29795	0	1.55556
PLACE_optlc_31879	0	1.54321
PLACE_optlc_34457	0	0.506173
PLACE_optlc_28161	0	0.54321
PLACE_optlc_32381	0	1.55556
PLACE_optlc_33590	0	0.518519
PLACE_optlc_37339	0	0.555556
PLACE_optlc_27742	0	0.54321
datamem/ram_reg[158][10]	0	1.55464
datamem/ram_reg[209][7]	0	1.03656
datamem/ram_reg[170][8]	0	0.727573
datamem/U190	0	0.780891
PLACE_optlc_35866	0	0.555556
PLACE_optlc_34707	0	0.555556
PLACE_optlc_36730	0	0.481481
PLACE_optlc_35899	0	1.55556
PLACE_optlc_32832	0	1.55556
PLACE_optlc_29548	0	0.54321
PLACE_optlc_32809	0	1.55556
PLACE_optlc_26049	0	1.53086
datamem/U2868	0	1.07083
datamem/ram_reg[97][15]	0	1.20108
PLACE_optlc_35705	0	1.55556
PLACE_optlc_28268	0	1.55556
datamem/ram_reg[84][1]	0	0.850976
datamem/ram_reg[68][5]	0	0.761655
datamem/ram_reg[186][15]	0	1.30898
PLACE_optlc_31250	0	0.530864
PLACE_optlc_36950	0	2.55556
PLACE_optlc_33470	0	1.51852
PLACE_optlc_31997	0	0.530864
PLACE_optlc_30897	0	1.54321
datamem/U698	0	0.698727
datamem/U2512	0	0.794564
datamem/ram_reg[95][6]	0	0.756134
PLACE_optlc_29728	0	1.46914
PLACE_optlc_37969	0	0.555556
PLACE_optlc_37432	0	1.54321
PLACE_optlc_26313	0	1.55556
PLACE_optlc_32018	0	0.54321
PLACE_optlc_27652	0	1.55556
PLACE_optlc_37711	0	0.555556
PLACE_optlc_37303	0	0.555556
datamem/U3535	0	1.84291
datamem/ram_reg[171][8]	0	0.798812
datamem/U2710	0	0.653993
datamem/U2041	0	1.74926
datamem/U1304	0	0.709688
PLACE_optlc_37582	0	0.54321
PLACE_optlc_30765	0	0.54321
PLACE_optlc_25820	0	1.53086
PLACE_optlc_27261	0	0.518519
PLACE_optlc_32968	0	0.54321
datamem/ram_reg[96][15]	0	0.792666
datamem/U1312	0	0.899792
datamem/U4439	0	1.20781
datamem/U3657	0	0.580741
PLACE_optlc_38186	0	0.469136
PLACE_optlc_26302	0	0.481481
PLACE_optlc_33234	0	0.481481
PLACE_optlc_36671	0	0.469136
PLACE_optlc_36372	0	0.555556
PLACE_optlc_27472	0	0.518519
datamem/U2616	0	1.23181
datamem/ram_reg[73][14]	0	0.599302
datamem/U2214	0	0.861219
datamem/U1770	0	0.683495
datamem/ram_reg[100][6]	0	1.01563
PLACE_optlc_28181	0	1.55556
PLACE_optlc_27128	0	1.55556
PLACE_optlc_34827	0	0.555556
PLACE_optlc_27248	0	1.55556
PLACE_optlc_33283	0	1.55556
datamem/ram_reg[141][9]	0	0.993214
datamem/ram_reg[243][10]	0	0.736516
PLACE_optlc_30969	0	0.54321
PLACE_optlc_31082	0	0.54321
PLACE_optlc_32458	0	1.51852
PLACE_optlc_29940	0	0.481481
PLACE_optlc_28677	0	0.54321
PLACE_optlc_35795	0	0.555556
datamem/ram_reg[166][2]	0	1.99698
datamem/ram_reg[62][8]	0	0.918156
datamem/U1413	0	0.727635
datamem/ram_reg[4][0]	0	1.00649
datamem/ram_reg[119][0]	0	0.720799
datamem/ram_reg[29][13]	0	0.63478
datamem/ram_reg[237][1]	0	0.856481
PLACE_optlc_30104	0	1.55556
PLACE_optlc_26300	0	1.55556
PLACE_optlc_33965	0	0.54321
PLACE_optlc_31366	0	0.530864
datamem/ram_reg[194][2]	0	1.37505
datamem/U621	0	0.931169
datamem/U982	0	0.849028
datamem/U3049	0	0.781952
PLACE_optlc_37712	0	1.53086
PLACE_optlc_36814	0	1.55556
PLACE_optlc_27204	0	0.45679
PLACE_optlc_31421	0	0.54321
PLACE_optlc_33412	0	1.51852
PLACE_optlc_31894	0	1.55556
datamem/U3790	0	0.564722
datamem/ram_reg[143][10]	0	1.18281
datamem/U4604	0	0.957114
datamem/U274	0	0.865185
datamem/ram_reg[80][1]	0	0.983137
datamem/U3331	0	0.819842
datamem/U29	0	0.750367
PLACE_optlc_36122	0	0.469136
PLACE_optlc_37086	0	0.555556
PLACE_optlc_36355	0	1.55556
PLACE_optlc_27005	0	0.54321
PLACE_optlc_30722	0	1.46914
PLACE_optlc_36129	0	0.555556
PLACE_optlc_27421	0	1.46914
PLACE_optlc_28290	0	1.54321
PLACE_optlc_26369	0	1.55556
datamem/ram_reg[58][10]	0	1.22768
datamem/ram_reg[23][7]	0	0.895467
datamem/U2773	0	0.698515
datamem/ram_reg[47][3]	0	1.25003
datamem/U284	0	0.557022
datamem/ram_reg[244][15]	0	0.709433
datamem/ram_reg[187][3]	0	1.44083
PLACE_optlc_27558	0	0.54321
PLACE_optlc_37566	0	0.555556
PLACE_optlc_34723	0	1.53086
PLACE_optlc_35665	0	0.555556
datamem/U3208	0	0.598179
datamem/ram_reg[246][9]	0	1.99566
datamem/U4094	0	1.51676
PLACE_optlc_31829	0	1.54321
PLACE_optlc_36064	0	0.469136
PLACE_optlc_38122	0	0.530864
PLACE_optlc_35905	0	0.555556
PLACE_optlc_25609	0	0.506173
datamem/ram_reg[171][11]	0	1.00193
datamem/U2479	0	1.01451
datamem/U720	0	1.36616
datamem/U3322	0	0.944078
datamem/ram_reg[219][13]	0	1.17064
PLACE_optlc_31602	0	1.55556
PLACE_optlc_28991	0	1.55556
datamem/U2508	0	1.3456
PLACE_optlc_32662	0	1.53086
PLACE_optlc_27679	0	0.530864
PLACE_optlc_30598	0	0.45679
PLACE_optlc_31034	0	1.55556
PLACE_optlc_31145	0	0.54321
PLACE_optlc_27829	0	0.54321
PLACE_optlc_36452	0	0.555556
datamem/ram_reg[124][11]	0	0.889263
datamem/U238	0	1.5388
datamem/ram_reg[103][3]	0	0.705069
datamem/ram_reg[137][0]	0	0.587087
datamem/U3168	0	0.715297
datamem/ram_reg[106][2]	0	0.997731
datamem/ram_reg[212][8]	0	0.821389
datamem/U2826	0	1.51736
PLACE_optlc_34874	0	0.469136
PLACE_optlc_37181	0	1.55556
PLACE_optlc_26251	0	1.55556
PLACE_optlc_33158	0	1.51852
PLACE_optlc_31629	0	0.54321
PLACE_optlc_32211	0	0.54321
PLACE_optlc_28014	0	1.55556
datamem/U1971	0	0.836505
datamem/ram_reg[124][3]	0	1.10083
datamem/U3386	0	1.33034
datamem/U1659	0	1.40947
datamem/U1919	0	1.52215
datamem/U3082	0	1.04627
PLACE_optlc_27494	0	1.55556
PLACE_optlc_37084	0	0.555556
PLACE_optlc_35726	0	0.54321
PLACE_optlc_35713	0	1.53086
PLACE_optlc_36592	0	0.481481
PLACE_optlc_33827	0	0.45679
PLACE_optlc_31468	0	1.55556
PLACE_optlc_26886	0	0.530864
PLACE_optlc_26610	0	0.54321
PLACE_optlc_35412	0	0.555556
PLACE_optlc_29636	0	0.518519
PLACE_optlc_26746	0	0.54321
PLACE_optlc_37347	0	1.55556
datamem/U1724	0	0.849657
datamem/ram_reg[53][2]	0	1.32312
datamem/U1335	0	1.05413
PLACE_optlc_26401	0	1.55556
PLACE_optlc_28945	0	1.55556
PLACE_optlc_31561	0	1.55556
PLACE_optlc_34935	0	0.518519
PLACE_optlc_27596	0	1.53086
datamem/U2272	0	1.74927
datamem/ram_reg[229][14]	0	1.25112
PLACE_optlc_31356	0	0.54321
PLACE_optlc_38038	0	0.493827
PLACE_optlc_38020	0	0.555556
PLACE_optlc_34854	0	0.469136
datamem/ram_reg[133][14]	0	0.791319
datamem/U1984	0	1.11456
datamem/U1625	0	0.803438
datamem/U4194	0	1.29498
datamem/ram_reg[167][15]	0	0.831562
datamem/ram_reg[108][13]	0	1.04765
datamem/ram_reg[144][6]	0	0.605756
PLACE_optlc_29739	0	1.55556
PLACE_optlc_36275	0	1.53086
PLACE_optlc_37125	0	0.469136
PLACE_optlc_35037	0	0.45679
PLACE_optlc_25748	0	0.45679
PLACE_optlc_26605	0	1.55556
PLACE_optlc_27961	0	1.53086
datamem/ram_reg[128][13]	0	0.831647
datamem/U2940	0	0.803403
datamem/ram_reg[72][9]	0	1.0269
datamem/U1059	0	1.29105
datamem/ram_reg[216][1]	0	1.74763
datamem/ram_reg[14][6]	0	1.50486
PLACE_optlc_30354	0	0.518519
PLACE_optlc_28273	0	0.54321
PLACE_optlc_35104	0	0.469136
PLACE_optlc_33340	0	1.38272
PLACE_optlc_28241	0	0.54321
PLACE_optlc_31267	0	0.530864
PLACE_optlc_31612	0	1.54321
PLACE_optlc_30884	0	1.55556
datamem/U424	0	1.43581
PLACE_optlc_37352	0	0.555556
PLACE_optlc_31166	0	1.51852
PLACE_optlc_30844	0	1.50617
PLACE_optlc_25954	0	1.55556
PLACE_optlc_32474	0	1.53086
PLACE_optlc_34745	0	0.555556
PLACE_optlc_29681	0	1.55556
PLACE_optlc_37651	0	1.55556
datamem/ram_reg[135][5]	0	1.26644
datamem/U627	0	0.604047
datamem/U3005	0	0.628376
datamem/ram_reg[81][1]	0	0.790787
datamem/ram_reg[244][13]	0	0.704954
PLACE_optlc_30600	0	0.45679
PLACE_optlc_35360	0	1.55556
PLACE_optlc_37829	0	1.55556
PLACE_optlc_33512	0	0.518519
PLACE_optlc_33786	0	1.55556
PLACE_optlc_34293	0	0.530864
PLACE_optlc_26085	0	1.55556
PLACE_optlc_32587	0	1.55556
PLACE_optlc_36324	0	0.469136
PLACE_optlc_29777	0	0.54321
PLACE_optlc_36092	0	0.469136
datamem/U1866	0	0.834649
datamem/U3261	0	0.835255
datamem/U4165	0	1.08574
datamem/U4311	0	1.54135
PLACE_optlc_27104	0	0.493827
PLACE_optlc_31999	0	0.555556
PLACE_optlc_36789	0	0.555556
PLACE_optlc_32353	0	1.55556
PLACE_optlc_37578	0	0.555556
PLACE_optlc_32320	0	1.49383
PLACE_optlc_28246	0	1.51852
datamem/ram_reg[188][5]	0	1.20458
datamem/U3385	0	1.01384
datamem/ram_reg[87][14]	0	0.797967
datamem/ram_reg[30][14]	0	0.634618
PLACE_optlc_34993	0	0.555556
PLACE_optlc_29748	0	1.55556
PLACE_optlc_28501	0	1.55556
PLACE_optlc_32664	0	0.530864
PLACE_optlc_26005	0	1.50617
datamem/U3513	0	1.15684
datamem/ram_reg[175][12]	0	0.884603
datamem/ram_reg[1][9]	0	1.60699
datamem/ram_reg[15][12]	0	1.27728
datamem/ram_reg[113][10]	0	0.642978
datamem/ram_reg[39][15]	0	0.625023
datamem/ram_reg[177][6]	0	1.24218
PLACE_optlc_34725	0	0.469136
PLACE_optlc_27746	0	0.54321
PLACE_optlc_32416	0	0.54321
PLACE_optlc_27809	0	1.46914
PLACE_optlc_29242	0	0.469136
PLACE_optlc_34837	0	0.555556
PLACE_optlc_34252	0	0.555556
PLACE_optlc_31076	0	1.54321
datamem/ram_reg[239][15]	0	0.811373
PLACE_optlc_29082	0	0.518519
PLACE_optlc_26976	0	0.469136
PLACE_optlc_31634	0	1.51852
PLACE_optlc_30034	0	0.45679
PLACE_optlc_37598	0	1.55556
PLACE_optlc_28649	0	0.518519
PLACE_optlc_34368	0	0.555556
PLACE_optlc_27398	0	0.45679
datamem/U3605	0	0.939958
datamem/U2152	0	0.924599
datamem/ram_reg[235][4]	0	1.13266
datamem/U538	0	0.866898
datamem/U3104	0	0.574765
datamem/U3177	0	1.45277
PLACE_optlc_28719	0	0.54321
PLACE_optlc_36425	0	0.555556
PLACE_optlc_29933	0	0.530864
PLACE_optlc_30495	0	0.506173
PLACE_optlc_34068	0	0.54321
PLACE_optlc_33035	0	1.45679
PLACE_optlc_29655	0	1.55556
datamem/ram_reg[80][4]	0	0.696474
datamem/ram_reg[122][7]	0	1.00137
datamem/ram_reg[126][12]	0	1.45284
datamem/U3083	0	0.72451
datamem/ram_reg[4][9]	0	1.02376
PLACE_optlc_27449	0	0.54321
PLACE_optlc_26547	0	1.55556
PLACE_optlc_33630	0	0.481481
PLACE_optlc_30855	0	1.55556
PLACE_optlc_30639	0	1.54321
PLACE_optlc_34349	0	1.55556
PLACE_optlc_35343	0	0.555556
datamem/ram_reg[111][15]	0	0.788283
datamem/U961	0	1.82197
datamem/U718	0	0.836385
datamem/U1467	0	0.796663
datamem/U3396	0	0.590829
datamem/ram_reg[97][6]	0	1.58061
PLACE_optlc_31620	0	1.55556
PLACE_optlc_25654	0	1.55556
PLACE_optlc_27691	0	0.54321
PLACE_optlc_34989	0	0.555556
PLACE_optlc_37631	0	0.555556
PLACE_optlc_35872	0	0.530864
PLACE_optlc_32846	0	0.54321
PLACE_optlc_33973	0	0.45679
datamem/ram_reg[29][5]	0	0.812701
datamem/ram_reg[46][9]	0	1.60155
datamem/U1521	0	0.79091
datamem/U1236	0	0.662415
datamem/U3379	0	0.998561
datamem/U4291	0	0.85071
PLACE_optlc_32599	0	1.55556
PLACE_optlc_28324	0	1.55556
PLACE_optlc_29327	0	0.54321
PLACE_optlc_27916	0	1.53086
PLACE_optlc_27903	0	0.493827
PLACE_optlc_37144	0	0.555556
PLACE_optlc_36811	0	1.54321
datamem/ram_reg[88][12]	0	0.601524
datamem/ram_reg[148][8]	0	1.05155
datamem/ram_reg[161][3]	0	0.944695
datamem/ram_reg[110][7]	0	0.881941
datamem/ram_reg[152][10]	0	0.782473
PLACE_optlc_27203	0	0.54321
PLACE_optlc_32584	0	0.493827
PLACE_optlc_36615	0	1.50617
datamem/ram_reg[19][6]	0	0.548785
datamem/ram_reg[120][11]	0	0.681111
datamem/U846	0	1.08789
datamem/U2421	0	1.30113
datamem/U2408	0	0.713098
datamem/ram_reg[9][1]	0	1.25322
datamem/U2253	0	1.63359
PLACE_optlc_29428	0	1.54321
PLACE_optlc_33688	0	0.54321
PLACE_optlc_30985	0	0.54321
datamem/ram_reg[5][4]	0	0.849676
datamem/ram_reg[49][11]	0	1.00068
datamem/U1815	0	1.17042
datamem/ram_reg[210][7]	0	1.7611
datamem/ram_reg[101][11]	0	1.37502
PLACE_optlc_36329	0	0.555556
PLACE_optlc_26225	0	1.55556
PLACE_optlc_26392	0	0.518519
PLACE_optlc_35763	0	1.53086
PLACE_optlc_36331	0	1.46914
PLACE_optlc_26971	0	0.54321
PLACE_optlc_28765	0	0.518519
PLACE_optlc_32131	0	1.54321
PLACE_optlc_30738	0	0.54321
datamem/U4341	0	1.42215
datamem/ram_reg[133][1]	0	0.896875
datamem/U4160	0	0.769221
datamem/ram_reg[141][11]	0	0.791921
datamem/U1752	0	0.736539
PLACE_optlc_33241	0	0.54321
PLACE_optlc_35743	0	0.555556
PLACE_optlc_36515	0	0.469136
PLACE_optlc_30309	0	1.55556
PLACE_optlc_29633	0	1.54321
PLACE_optlc_34670	0	0.555556
datamem/U4414	0	1.41896
datamem/ram_reg[198][15]	0	0.638954
datamem/U2196	0	1.1238
datamem/U3036	0	1.38337
PLACE_optlc_36462	0	0.555556
PLACE_optlc_27271	0	1.55556
PLACE_optlc_31291	0	1.54321
PLACE_optlc_35433	0	1.55556
PLACE_optlc_30818	0	0.481481
PLACE_optlc_26039	0	0.506173
PLACE_optlc_30555	0	0.518519
PLACE_optlc_35161	0	0.469136
PLACE_optlc_36134	0	0.555556
datamem/ram_reg[39][2]	0	0.724309
datamem/U1129	0	1.83117
datamem/ram_reg[203][8]	0	0.591107
datamem/U3101	0	1.82028
datamem/U2054	0	0.948048
datamem/U2560	0	0.648341
datamem/U74	0	1.13781
datamem/U2022	0	0.604306
datamem/ram_reg[234][1]	0	0.731404
PLACE_optlc_34096	0	1.55556
PLACE_optlc_35055	0	0.555556
PLACE_optlc_36170	0	0.555556
PLACE_optlc_27275	0	1.50617
PLACE_optlc_37506	0	0.530864
datamem/ram_reg[71][7]	0	1.1216
datamem/ram_reg[105][9]	0	1.37458
datamem/ram_reg[32][12]	0	0.696613
datamem/ram_reg[189][11]	0	0.949961
datamem/ram_reg[0][5]	0	0.784313
PLACE_optlc_33132	0	0.54321
PLACE_optlc_28465	0	1.49383
PLACE_optlc_28712	0	0.530864
PLACE_optlc_29081	0	0.530864
PLACE_optlc_33821	0	1.55556
datamem/U1449	0	1.82665
datamem/ram_reg[139][9]	0	1.46052
datamem/ram_reg[154][15]	0	1.25252
datamem/ram_reg[42][15]	0	0.747226
datamem/U2597	0	0.974911
datamem/ram_reg[235][2]	0	0.846038
PLACE_optlc_34411	0	0.555556
PLACE_optlc_33794	0	1.55556
PLACE_optlc_26444	0	0.493827
PLACE_optlc_26704	0	0.530864
PLACE_optlc_34932	0	0.555556
datamem/U853	0	0.862512
datamem/ram_reg[248][3]	0	1.48442
PLACE_optlc_31587	0	0.493827
PLACE_optlc_27619	0	0.54321
PLACE_optlc_28744	0	1.54321
PLACE_optlc_28038	0	1.51852
PLACE_optlc_30307	0	0.54321
PLACE_optlc_33069	0	1.54321
PLACE_optlc_34758	0	0.469136
PLACE_optlc_38188	0	0.555556
PLACE_optlc_30604	0	1.55556
PLACE_optlc_36182	0	1.48148
datamem/U3405	0	0.732296
datamem/U4504	0	0.993542
datamem/U174	0	1.34992
datamem/U4471	0	0.981208
PLACE_optlc_27470	0	1.55556
PLACE_optlc_27152	0	0.530864
PLACE_optlc_26275	0	1.54321
PLACE_optlc_30661	0	1.55556
PLACE_optlc_36720	0	0.469136
PLACE_optlc_35772	0	0.555556
PLACE_optlc_32722	0	0.469136
PLACE_optlc_28132	0	0.518519
PLACE_optlc_37247	0	1.54321
PLACE_optlc_34079	0	0.54321
PLACE_optlc_29704	0	0.481481
datamem/U1292	0	1.64937
datamem/ram_reg[153][0]	0	0.881397
datamem/ram_reg[101][0]	0	1.01797
PLACE_optlc_30400	0	1.55556
PLACE_optlc_33134	0	0.481481
PLACE_optlc_31141	0	0.469136
PLACE_optlc_27256	0	0.493827
PLACE_optlc_32323	0	1.49383
PLACE_optlc_36194	0	0.555556
datamem/U1908	0	1.91277
datamem/U3976	0	0.684676
datamem/U2448	0	1.87422
datamem/ram_reg[194][15]	0	0.531443
datamem/U2760	0	0.910802
datamem/ram_reg[86][3]	0	0.672674
PLACE_optlc_35749	0	0.555556
PLACE_optlc_37396	0	0.555556
PLACE_optlc_32806	0	1.45679
PLACE_optlc_30849	0	0.530864
PLACE_optlc_37554	0	0.555556
PLACE_optlc_35718	0	0.555556
PLACE_optlc_37263	0	0.555556
PLACE_optlc_27326	0	0.54321
PLACE_optlc_37048	0	0.54321
PLACE_optlc_35552	0	1.55556
PLACE_optlc_35978	0	1.55556
PLACE_optlc_27771	0	0.54321
datamem/U4256	0	0.895166
datamem/U3845	0	1.02414
datamem/U83	0	1.0254
PLACE_optlc_30726	0	0.45679
datamem/ram_reg[39][12]	0	1.35145
datamem/ram_reg[187][14]	0	0.689448
datamem/U2245	0	1.06061
PLACE_optlc_30845	0	1.55556
PLACE_optlc_30365	0	1.55556
PLACE_optlc_29833	0	1.54321
PLACE_optlc_25758	0	1.55556
PLACE_optlc_35953	0	0.555556
PLACE_optlc_28557	0	1.41975
PLACE_optlc_26081	0	0.54321
PLACE_optlc_27376	0	1.54321
PLACE_optlc_29808	0	1.55556
PLACE_optlc_34244	0	0.555556
datamem/U4258	0	0.681069
datamem/ram_reg[245][1]	0	0.741327
PLACE_optlc_31954	0	1.49383
PLACE_optlc_37245	0	0.555556
PLACE_optlc_26803	0	0.530864
PLACE_optlc_29429	0	0.54321
PLACE_optlc_33469	0	1.55556
PLACE_optlc_34002	0	0.530864
PLACE_optlc_33993	0	0.518519
datamem/U841	0	0.917813
datamem/ram_reg[104][5]	0	2.11556
datamem/U3897	0	0.60255
datamem/U4048	0	1.00744
PLACE_optlc_36583	0	0.469136
PLACE_optlc_28081	0	0.54321
PLACE_optlc_27391	0	0.518519
PLACE_optlc_32431	0	0.54321
PLACE_optlc_35195	0	0.555556
PLACE_optlc_32114	0	0.54321
PLACE_optlc_33936	0	0.54321
PLACE_optlc_30599	0	1.54321
PLACE_optlc_36913	0	0.555556
datamem/ram_reg[230][14]	0	0.99789
datamem/U3808	0	0.878407
datamem/ram_reg[46][14]	0	0.983823
datamem/U1966	0	1.22132
datamem/ram_reg[57][7]	0	0.60233
datamem/U2808	0	0.760309
PLACE_optlc_38139	0	0.555556
PLACE_optlc_28675	0	1.54321
PLACE_optlc_33475	0	1.55556
PLACE_optlc_32182	0	1.54321
PLACE_optlc_34240	0	0.555556
PLACE_optlc_27662	0	1.55556
datamem/U3910	0	1.01166
datamem/U260	0	0.551177
datamem/U2330	0	0.876601
datamem/ram_reg[223][13]	0	0.632265
datamem/U2612	0	0.876659
datamem/ram_reg[155][0]	0	0.771389
PLACE_optlc_33329	0	0.481481
PLACE_optlc_30179	0	1.55556
PLACE_optlc_29868	0	0.54321
PLACE_optlc_36115	0	0.555556
PLACE_optlc_33777	0	1.55556
PLACE_optlc_36282	0	0.518519
PLACE_optlc_31338	0	0.54321
PLACE_optlc_28746	0	1.55556
PLACE_optlc_26825	0	1.50617
PLACE_optlc_37684	0	0.555556
PLACE_optlc_38351	0	0.518519
datamem/ram_reg[182][11]	0	0.649244
PLACE_optlc_31399	0	0.54321
PLACE_optlc_35396	0	0.555556
PLACE_optlc_37510	0	0.555556
PLACE_optlc_27785	0	1.55556
datamem/U530	0	0.843287
datamem/ram_reg[35][6]	0	0.612315
datamem/U919	0	1.45184
PLACE_optlc_36353	0	0.54321
PLACE_optlc_25833	0	1.54321
PLACE_optlc_28811	0	1.55556
PLACE_optlc_26793	0	1.53086
PLACE_optlc_35456	0	1.55556
PLACE_optlc_27330	0	0.54321
PLACE_optlc_32894	0	0.54321
PLACE_optlc_28944	0	0.506173
datamem/ram_reg[70][4]	0	0.877573
datamem/U4437	0	0.647242
datamem/ram_reg[16][12]	0	0.868908
datamem/ram_reg[215][10]	0	0.817971
datamem/U1038	0	0.980984
PLACE_optlc_38030	0	1.55556
PLACE_optlc_32503	0	0.54321
datamem/U708	0	0.845478
datamem/U898	0	1.72006
datamem/U775	0	1.22572
datamem/U4444	0	1.31207
PLACE_optlc_27692	0	0.54321
PLACE_optlc_31347	0	0.506173
PLACE_optlc_27752	0	0.54321
PLACE_optlc_27696	0	1.55556
PLACE_optlc_35667	0	0.555556
PLACE_optlc_35982	0	1.49383
PLACE_optlc_29477	0	0.555556
PLACE_optlc_33214	0	1.48148
PLACE_optlc_28504	0	1.55556
PLACE_optlc_28453	0	1.55556
datamem/ram_reg[42][8]	0	0.93419
datamem/U557	0	1.7091
datamem/U1838	0	1.2768
datamem/U4237	0	0.868978
datamem/U721	0	0.579506
PLACE_optlc_30106	0	0.518519
PLACE_optlc_31664	0	0.493827
PLACE_optlc_31000	0	1.55556
PLACE_optlc_36088	0	0.469136
PLACE_optlc_28626	0	1.55556
PLACE_optlc_37044	0	1.55556
PLACE_optlc_30866	0	1.50617
PLACE_optlc_32283	0	0.54321
PLACE_optlc_26521	0	0.54321
PLACE_optlc_35149	0	1.54321
datamem/ram_reg[9][2]	0	0.602203
datamem/U7	0	0.817334
datamem/ram_reg[168][8]	0	0.745154
datamem/U4178	0	0.625397
datamem/U1588	0	0.92353
PLACE_optlc_30356	0	1.53086
PLACE_optlc_36004	0	0.530864
PLACE_optlc_35252	0	1.54321
PLACE_optlc_28496	0	0.518519
PLACE_optlc_34907	0	0.555556
PLACE_optlc_32976	0	0.530864
PLACE_optlc_34441	0	0.530864
datamem/U2213	0	0.640189
datamem/ram_reg[130][7]	0	0.684811
datamem/U1452	0	0.842164
datamem/U2290	0	0.853418
datamem/ram_reg[233][2]	0	0.950289
datamem/ram_reg[53][12]	0	1.20714
datamem/U351	0	1.00497
PLACE_optlc_25706	0	0.506173
PLACE_optlc_29238	0	0.481481
PLACE_optlc_35958	0	0.54321
PLACE_optlc_28539	0	0.518519
datamem/ram_reg[80][2]	0	0.732481
datamem/ram_reg[52][10]	0	0.693337
datamem/ram_reg[24][6]	0	1.12542
datamem/ram_reg[54][1]	0	0.833881
datamem/U2686	0	0.715216
datamem/ram_reg[9][10]	0	1.51601
PLACE_optlc_27658	0	0.54321
PLACE_optlc_30150	0	0.469136
PLACE_optlc_35190	0	0.555556
PLACE_optlc_26079	0	0.54321
PLACE_optlc_25613	0	0.481481
PLACE_optlc_31179	0	1.55556
PLACE_optlc_35128	0	0.555556
datamem/U2562	0	1.30437
datamem/ram_reg[112][0]	0	0.614657
datamem/ram_reg[26][7]	0	0.703897
PLACE_optlc_29986	0	0.45679
PLACE_optlc_31410	0	1.49383
PLACE_optlc_29243	0	1.55556
PLACE_optlc_27113	0	0.518519
PLACE_optlc_35524	0	0.530864
datamem/U3901	0	1.30937
datamem/U1761	0	1.20284
datamem/ram_reg[215][6]	0	0.595725
datamem/U2768	0	0.745297
PLACE_optlc_37161	0	0.555556
PLACE_optlc_31515	0	1.55556
PLACE_optlc_30648	0	1.55556
PLACE_optlc_34938	0	0.555556
PLACE_optlc_36426	0	0.555556
PLACE_optlc_35020	0	0.555556
PLACE_optlc_31443	0	0.518519
PLACE_optlc_26293	0	1.55556
PLACE_optlc_28752	0	1.55556
PLACE_optlc_37953	0	0.555556
PLACE_optlc_32936	0	0.54321
PLACE_optlc_32511	0	0.518519
datamem/ram_reg[228][14]	0	0.872569
datamem/ram_reg[192][15]	0	1.91558
datamem/U1060	0	1.05501
datamem/ram_reg[114][11]	0	1.16573
datamem/ram_reg[24][13]	0	0.932643
datamem/U2916	0	1.67912
PLACE_optlc_26460	0	1.53086
PLACE_optlc_36829	0	1.50617
PLACE_optlc_33658	0	1.54321
PLACE_optlc_37103	0	0.555556
PLACE_optlc_31219	0	1.55556
PLACE_optlc_36666	0	0.555556
datamem/ram_reg[216][5]	0	0.609032
datamem/U1604	0	0.848812
datamem/U4293	0	1.52676
datamem/U1996	0	2.10414
datamem/U96	0	0.933341
datamem/U2801	0	0.693889
PLACE_optlc_38335	0	1.55556
PLACE_optlc_34372	0	0.555556
PLACE_optlc_31876	0	0.54321
PLACE_optlc_27567	0	0.54321
PLACE_optlc_35198	0	1.55556
PLACE_optlc_26622	0	0.54321
PLACE_optlc_34193	0	0.555556
PLACE_optlc_26283	0	1.55556
PLACE_optlc_28089	0	0.481481
datamem/ram_reg[217][2]	0	1.01497
datamem/U2203	0	1.47657
datamem/U165	0	0.815073
datamem/ram_reg[161][9]	0	1.01142
datamem/U2181	0	1.36147
datamem/ram_reg[224][5]	0	0.998951
datamem/ram_reg[197][14]	0	0.635494
datamem/ram_reg[155][4]	0	0.867469
PLACE_optlc_37589	0	1.50617
PLACE_optlc_31241	0	0.530864
PLACE_optlc_36396	0	1.53086
PLACE_optlc_36335	0	1.55556
PLACE_optlc_31307	0	0.518519
PLACE_optlc_34699	0	1.55556
datamem/U3047	0	1.24334
datamem/U166	0	1.01132
datamem/ram_reg[50][14]	0	0.899842
PLACE_optlc_30411	0	0.54321
PLACE_optlc_30039	0	0.54321
PLACE_optlc_33599	0	0.506173
PLACE_optlc_29351	0	0.54321
PLACE_optlc_33242	0	1.55556
PLACE_optlc_29286	0	0.54321
PLACE_optlc_34881	0	0.469136
datamem/U3598	0	0.994641
datamem/ram_reg[40][5]	0	1.00206
datamem/ram_reg[134][2]	0	0.975282
PLACE_optlc_29869	0	1.54321
PLACE_optlc_27979	0	1.54321
PLACE_optlc_29979	0	0.54321
PLACE_optlc_30298	0	0.54321
PLACE_optlc_25660	0	1.55556
PLACE_optlc_29730	0	0.518519
PLACE_optlc_36965	0	0.469136
PLACE_optlc_28394	0	0.54321
datamem/ram_reg[217][12]	0	1.77657
datamem/U3681	0	0.998634
datamem/U951	0	1.28453
datamem/U2524	0	0.567874
PLACE_optlc_33282	0	0.54321
PLACE_optlc_33112	0	1.55556
PLACE_optlc_29899	0	1.55556
PLACE_optlc_37100	0	0.555556
PLACE_optlc_26070	0	0.54321
PLACE_optlc_38095	0	1.53086
PLACE_optlc_32067	0	1.55556
PLACE_optlc_29059	0	1.55556
PLACE_optlc_25923	0	0.506173
PLACE_optlc_30385	0	1.54321
datamem/ram_reg[136][8]	0	0.741736
datamem/U768	0	1.47337
datamem/U971	0	1.42364
PLACE_optlc_34142	0	0.555556
PLACE_optlc_25772	0	1.54321
PLACE_optlc_33983	0	1.51852
PLACE_optlc_32997	0	1.55556
PLACE_optlc_36793	0	0.555556
PLACE_optlc_32636	0	0.518519
PLACE_optlc_31787	0	1.55556
PLACE_optlc_31005	0	0.530864
PLACE_optlc_30518	0	1.51852
PLACE_optlc_34613	0	0.555556
PLACE_optlc_31883	0	0.518519
datamem/ram_reg[153][13]	0	1.04236
datamem/U3429	0	1.15398
datamem/U3478	0	1.15582
datamem/ram_reg[102][10]	0	0.596073
datamem/U2427	0	0.601404
datamem/ram_reg[92][3]	0	1.28402
PLACE_optlc_35243	0	0.530864
PLACE_optlc_28245	0	1.55556
PLACE_optlc_27063	0	1.55556
PLACE_optlc_27344	0	1.53086
PLACE_optlc_38196	0	1.55556
PLACE_optlc_35117	0	0.555556
PLACE_optlc_37402	0	0.555556
datamem/ram_reg[182][13]	0	0.633603
datamem/ram_reg[121][15]	0	0.945062
datamem/U1827	0	1.07699
datamem/ram_reg[229][2]	0	0.916269
PLACE_optlc_33811	0	1.51852
PLACE_optlc_34410	0	1.55556
PLACE_optlc_27377	0	1.55556
PLACE_optlc_28785	0	0.54321
PLACE_optlc_37085	0	0.555556
PLACE_optlc_37637	0	1.55556
PLACE_optlc_26756	0	1.55556
PLACE_optlc_35349	0	1.55556
datamem/ram_reg[144][12]	0	0.921238
datamem/ram_reg[88][10]	0	0.809059
datamem/U303	0	0.629676
datamem/ram_reg[178][4]	0	1.37951
PLACE_optlc_38225	0	0.555556
PLACE_optlc_31102	0	1.50617
PLACE_optlc_29126	0	1.55556
PLACE_optlc_28834	0	1.55556
PLACE_optlc_31018	0	0.481481
PLACE_optlc_38359	0	0.555556
PLACE_optlc_30937	0	0.54321
datamem/U478	0	1.29082
datamem/ram_reg[123][3]	0	1.18707
datamem/ram_reg[201][2]	0	0.965297
datamem/ram_reg[239][3]	0	1.48948
PLACE_optlc_32447	0	0.54321
PLACE_optlc_26173	0	1.55556
PLACE_optlc_37348	0	0.469136
PLACE_optlc_29596	0	0.54321
datamem/ram_reg[31][5]	0	1.71492
datamem/ram_reg[19][12]	0	1.83003
datamem/U2469	0	1.20857
datamem/ram_reg[170][6]	0	0.975085
datamem/ram_reg[189][5]	0	0.949853
PLACE_optlc_34188	0	1.55556
PLACE_optlc_32449	0	0.530864
PLACE_optlc_37543	0	1.55556
PLACE_optlc_31177	0	0.555556
PLACE_optlc_31932	0	0.518519
PLACE_optlc_31175	0	0.518519
PLACE_optlc_35172	0	0.555556
PLACE_optlc_30290	0	0.54321
PLACE_optlc_29614	0	1.53086
PLACE_optlc_26143	0	0.54321
PLACE_optlc_29592	0	0.54321
datamem/U3526	0	0.569834
datamem/U1559	0	0.672346
datamem/ram_reg[144][7]	0	1.09513
datamem/U592	0	0.615999
datamem/U729	0	0.669942
PLACE_optlc_29277	0	0.518519
PLACE_optlc_33955	0	0.518519
PLACE_optlc_29806	0	0.506173
PLACE_optlc_37395	0	1.55556
PLACE_optlc_27126	0	1.55556
PLACE_optlc_28215	0	1.55556
PLACE_optlc_25727	0	0.469136
datamem/ram_reg[51][10]	0	0.854205
datamem/ram_reg[151][12]	0	1.57378
datamem/ram_reg[148][1]	0	0.665324
PLACE_optlc_28863	0	0.481481
PLACE_optlc_26574	0	0.493827
PLACE_optlc_31777	0	0.54321
PLACE_optlc_36368	0	1.51852
PLACE_optlc_31464	0	1.54321
PLACE_optlc_29038	0	1.55556
PLACE_optlc_30890	0	0.530864
PLACE_optlc_37584	0	0.555556
PLACE_optlc_34318	0	0.481481
PLACE_optlc_37283	0	0.518519
PLACE_optlc_30625	0	0.54321
datamem/U1271	0	1.8722
datamem/ram_reg[128][5]	0	0.59108
datamem/U4065	0	0.818561
datamem/U2360	0	0.878403
datamem/ram_reg[168][4]	0	0.634371
datamem/U3303	0	0.629514
datamem/ram_reg[176][1]	0	1.57084
PLACE_optlc_25926	0	1.55556
PLACE_optlc_37417	0	0.530864
PLACE_optlc_26553	0	1.55556
PLACE_optlc_30339	0	0.45679
PLACE_optlc_29551	0	1.53086
datamem/U4220	0	1.50674
datamem/U3639	0	1.53421
datamem/ram_reg[143][7]	0	2.03835
PLACE_optlc_36832	0	0.555556
PLACE_optlc_26495	0	1.54321
PLACE_optlc_33490	0	0.493827
PLACE_optlc_33380	0	0.54321
datamem/ram_reg[183][0]	0	1.45249
datamem/U2613	0	0.529838
datamem/ram_reg[237][3]	0	1.08235
datamem/U4142	0	1.36752
datamem/U1886	0	0.866092
datamem/U2322	0	1.06253
datamem/U448	0	0.707882
datamem/ram_reg[29][11]	0	1.01737
datamem/ram_reg[58][11]	0	2.0477
PLACE_optlc_32749	0	1.55556
PLACE_optlc_29393	0	0.518519
PLACE_optlc_35619	0	1.55556
PLACE_optlc_26185	0	0.45679
datamem/U3755	0	0.779433
datamem/ram_reg[172][2]	0	0.709471
datamem/U2777	0	1.1226
datamem/ram_reg[55][11]	0	0.929564
PLACE_optlc_30123	0	1.54321
PLACE_optlc_34057	0	0.54321
PLACE_optlc_30579	0	0.506173
PLACE_optlc_33397	0	1.50617
PLACE_optlc_28582	0	0.506173
PLACE_optlc_26416	0	1.55556
PLACE_optlc_37494	0	0.530864
datamem/ram_reg[65][10]	0	0.692558
datamem/U2804	0	0.759487
datamem/ram_reg[191][13]	0	0.868715
datamem/U301	0	0.578692
PLACE_optlc_35426	0	1.55556
PLACE_optlc_28905	0	0.530864
PLACE_optlc_38126	0	1.55556
PLACE_optlc_33728	0	1.51852
PLACE_optlc_29792	0	1.55556
PLACE_optlc_27674	0	1.55556
PLACE_optlc_27008	0	0.518519
PLACE_optlc_38079	0	0.555556
datamem/ram_reg[224][9]	0	0.697697
datamem/U3467	0	1.33599
datamem/ram_reg[110][14]	0	1.08415
datamem/U4148	0	0.679938
PLACE_optlc_36449	0	0.555556
PLACE_optlc_26747	0	0.54321
PLACE_optlc_29676	0	1.53086
PLACE_optlc_27570	0	1.54321
datamem/ram_reg[153][9]	0	0.608194
datamem/ram_reg[145][0]	0	1.27037
datamem/ram_reg[254][8]	0	0.933422
datamem/U2679	0	1.15467
datamem/ram_reg[192][3]	0	1.27908
datamem/ram_reg[193][13]	0	1.109
datamem/U640	0	0.605069
datamem/ram_reg[191][12]	0	1.16105
datamem/U978	0	0.566034
PLACE_optlc_36923	0	0.555556
PLACE_optlc_34184	0	0.555556
PLACE_optlc_30638	0	0.493827
PLACE_optlc_31721	0	0.518519
PLACE_optlc_37149	0	0.469136
datamem/U2781	0	1.52305
datamem/ram_reg[68][1]	0	0.506404
datamem/ram_reg[206][12]	0	1.2634
datamem/ram_reg[77][10]	0	1.08473
datamem/U4245	0	0.976617
datamem/U3043	0	1.09218
PLACE_optlc_38116	0	0.530864
PLACE_optlc_29850	0	0.518519
PLACE_optlc_26249	0	1.55556
PLACE_optlc_35151	0	0.481481
PLACE_optlc_35194	0	0.555556
datamem/ram_reg[234][9]	0	1.48213
datamem/U1667	0	0.815293
datamem/U3939	0	0.735613
PLACE_optlc_36292	0	1.55556
PLACE_optlc_27522	0	1.53086
PLACE_optlc_27482	0	1.54321
PLACE_optlc_33966	0	0.54321
PLACE_optlc_35202	0	0.555556
PLACE_optlc_35434	0	0.555556
PLACE_optlc_26260	0	0.54321
PLACE_optlc_33893	0	0.530864
PLACE_optlc_34523	0	0.469136
datamem/U1450	0	0.864969
datamem/U3466	0	0.648187
PLACE_optlc_37387	0	1.53086
PLACE_optlc_34268	0	1.50617
PLACE_optlc_28843	0	1.55556
PLACE_optlc_37404	0	0.555556
PLACE_optlc_30646	0	1.55556
datamem/U566	0	0.899078
datamem/U441	0	1.3008
datamem/ram_reg[207][10]	0	1.19185
datamem/U4137	0	0.819236
PLACE_optlc_28581	0	0.54321
PLACE_optlc_26603	0	0.54321
PLACE_optlc_30649	0	0.45679
PLACE_optlc_28906	0	1.54321
PLACE_optlc_33290	0	0.54321
PLACE_optlc_35463	0	1.55556
PLACE_optlc_27382	0	0.45679
datamem/ram_reg[35][9]	0	1.24048
datamem/ram_reg[177][12]	0	0.753827
datamem/U2073	0	0.6325
datamem/U1403	0	0.562296
PLACE_optlc_28117	0	1.55556
PLACE_optlc_29466	0	1.55556
PLACE_optlc_36904	0	0.54321
PLACE_optlc_32065	0	1.51852
PLACE_optlc_27988	0	0.54321
PLACE_optlc_37882	0	0.555556
datamem/ram_reg[143][0]	0	1.59522
datamem/ram_reg[93][3]	0	0.615486
datamem/U2635	0	1.17356
datamem/U4627	0	1.42574
datamem/ram_reg[178][6]	0	1.14398
PLACE_optlc_32717	0	0.419753
PLACE_optlc_36037	0	1.55556
PLACE_optlc_32034	0	1.55556
PLACE_optlc_26531	0	1.50617
PLACE_optlc_32093	0	1.54321
PLACE_optlc_36619	0	0.555556
PLACE_optlc_35142	0	0.555556
PLACE_optlc_30287	0	0.54321
PLACE_optlc_27486	0	0.54321
PLACE_optlc_36783	0	0.555556
PLACE_optlc_31636	0	0.530864
PLACE_optlc_30841	0	1.54321
PLACE_optlc_31483	0	1.55556
datamem/U2026	0	0.607797
datamem/ram_reg[88][4]	0	0.645922
datamem/ram_reg[125][7]	0	0.703931
PLACE_optlc_28505	0	1.55556
PLACE_optlc_31389	0	1.51852
PLACE_optlc_26309	0	1.50617
PLACE_optlc_35931	0	1.53086
PLACE_optlc_30698	0	0.493827
PLACE_optlc_29475	0	1.49383
PLACE_optlc_34722	0	0.555556
datamem/U3026	0	0.921427
datamem/U3490	0	0.947365
datamem/U3914	0	1.55134
PLACE_optlc_29250	0	0.555556
PLACE_optlc_36237	0	1.53086
PLACE_optlc_27095	0	1.46914
PLACE_optlc_37397	0	1.55556
PLACE_optlc_32358	0	1.55556
PLACE_optlc_35099	0	0.555556
PLACE_optlc_29980	0	1.54321
PLACE_optlc_30114	0	1.50617
PLACE_optlc_31022	0	0.518519
datamem/U2922	0	0.978588
datamem/ram_reg[109][5]	0	1.1485
datamem/U4547	0	0.67907
datamem/U3929	0	0.657994
datamem/ram_reg[167][6]	0	1.3008
PLACE_optlc_36907	0	1.53086
PLACE_optlc_37732	0	0.555556
PLACE_optlc_30819	0	0.54321
PLACE_optlc_32257	0	1.55556
datamem/U3579	0	0.682897
datamem/ram_reg[245][14]	0	1.57945
datamem/U4061	0	0.715181
datamem/U3113	0	0.935104
PLACE_optlc_26850	0	0.54321
PLACE_optlc_29719	0	0.54321
PLACE_optlc_26482	0	1.54321
PLACE_optlc_37891	0	1.55556
PLACE_optlc_33543	0	1.54321
PLACE_optlc_37536	0	1.54321
PLACE_optlc_31798	0	0.54321
PLACE_optlc_26873	0	0.530864
datamem/ram_reg[185][8]	0	1.56146
datamem/U1232	0	1.08784
datamem/U3081	0	0.518279
datamem/ram_reg[241][14]	0	1.07181
datamem/ram_reg[29][6]	0	1.06772
datamem/ram_reg[11][10]	0	1.34212
datamem/ram_reg[109][2]	0	0.703071
PLACE_optlc_32457	0	0.530864
PLACE_optlc_28130	0	0.555556
PLACE_optlc_37512	0	0.555556
PLACE_optlc_28308	0	1.55556
PLACE_optlc_35176	0	1.55556
PLACE_optlc_29955	0	0.493827
PLACE_optlc_26138	0	1.51852
datamem/U2594	0	1.56321
datamem/U1187	0	0.873461
datamem/U2618	0	0.594606
datamem/U3226	0	1.64662
datamem/U2003	0	1.59232
datamem/U1596	0	1.27155
PLACE_optlc_31780	0	0.493827
PLACE_optlc_35107	0	0.54321
PLACE_optlc_33057	0	0.518519
PLACE_optlc_34930	0	0.555556
PLACE_optlc_37997	0	0.555556
PLACE_optlc_29890	0	1.54321
PLACE_optlc_29804	0	1.55556
PLACE_optlc_33145	0	0.518519
datamem/ram_reg[171][12]	0	0.76858
datamem/ram_reg[16][10]	0	1.3239
datamem/ram_reg[250][8]	0	1.00772
PLACE_optlc_28172	0	1.55556
PLACE_optlc_29911	0	1.48148
PLACE_optlc_32574	0	0.54321
PLACE_optlc_29760	0	1.54321
PLACE_optlc_36925	0	0.555556
PLACE_optlc_26896	0	0.518519
datamem/ram_reg[199][2]	0	0.991019
datamem/ram_reg[47][0]	0	2.37627
datamem/U1006	0	1.39307
PLACE_optlc_28615	0	0.530864
PLACE_optlc_30997	0	1.55556
PLACE_optlc_36972	0	0.469136
PLACE_optlc_29380	0	1.54321
PLACE_optlc_32443	0	1.53086
PLACE_optlc_35528	0	0.555556
PLACE_optlc_35873	0	1.55556
PLACE_optlc_26229	0	1.55556
PLACE_optlc_29387	0	1.53086
datamem/U933	0	0.577519
datamem/ram_reg[148][5]	0	1.84598
PLACE_optlc_29034	0	0.530864
PLACE_optlc_37527	0	0.555556
PLACE_optlc_31263	0	0.518519
PLACE_optlc_36450	0	0.555556
PLACE_optlc_29049	0	0.54321
datamem/U3739	0	1.74445
datamem/U4457	0	1.10017
datamem/U409	0	1.12028
datamem/ram_reg[22][10]	0	0.641316
datamem/ram_reg[224][14]	0	0.84392
datamem/U3305	0	0.724753
datamem/ram_reg[46][13]	0	1.66642
datamem/ram_reg[145][11]	0	1.49909
datamem/ram_reg[95][8]	0	0.979788
datamem/ram_reg[198][1]	0	0.618908
datamem/U4350	0	0.598125
PLACE_optlc_37019	0	0.54321
PLACE_optlc_31852	0	1.55556
PLACE_optlc_34298	0	0.555556
PLACE_optlc_31040	0	0.530864
PLACE_optlc_33972	0	0.54321
PLACE_optlc_30886	0	0.54321
PLACE_optlc_37119	0	1.55556
datamem/ram_reg[63][15]	0	1.29069
datamem/U3214	0	0.804448
datamem/U1855	0	0.606319
datamem/U1602	0	1.21511
PLACE_optlc_33785	0	0.506173
PLACE_optlc_29791	0	0.54321
PLACE_optlc_36978	0	1.54321
PLACE_optlc_37624	0	0.555556
PLACE_optlc_26388	0	1.54321
PLACE_optlc_38307	0	1.55556
datamem/ram_reg[167][5]	0	1.19092
datamem/ram_reg[224][13]	0	0.634209
datamem/U4329	0	1.38925
PLACE_optlc_34134	0	0.555556
PLACE_optlc_37493	0	0.469136
PLACE_optlc_29710	0	1.55556
PLACE_optlc_34850	0	0.555556
PLACE_optlc_34668	0	0.530864
PLACE_optlc_26438	0	0.45679
PLACE_optlc_33370	0	0.54321
PLACE_optlc_33143	0	1.55556
PLACE_optlc_27058	0	0.518519
PLACE_optlc_27938	0	1.54321
PLACE_optlc_36303	0	0.555556
datamem/U3224	0	0.566493
datamem/ram_reg[228][9]	0	1.41885
datamem/U357	0	0.770509
datamem/U3423	0	0.993326
PLACE_optlc_30083	0	1.55556
PLACE_optlc_37672	0	1.54321
PLACE_optlc_27563	0	0.54321
PLACE_optlc_28075	0	1.55556
PLACE_optlc_31595	0	0.407407
PLACE_optlc_29389	0	0.54321
datamem/ram_reg[10][11]	0	0.905394
datamem/ram_reg[63][4]	0	0.897662
datamem/ram_reg[5][14]	0	2.11323
datamem/U3506	0	0.766632
datamem/ram_reg[96][5]	0	1.33334
PLACE_optlc_32048	0	0.518519
PLACE_optlc_28351	0	1.55556
PLACE_optlc_31905	0	1.55556
PLACE_optlc_30563	0	1.55556
PLACE_optlc_33369	0	0.518519
datamem/ram_reg[54][4]	0	0.673657
datamem/ram_reg[250][3]	0	0.882944
datamem/ram_reg[11][0]	0	0.943002
datamem/U3936	0	0.914853
datamem/U4513	0	0.926111
datamem/U1973	0	0.904043
datamem/ram_reg[140][11]	0	0.639016
datamem/ram_reg[7][11]	0	0.629907
PLACE_optlc_30364	0	0.506173
PLACE_optlc_28642	0	1.53086
PLACE_optlc_26015	0	0.555556
PLACE_optlc_34307	0	0.555556
PLACE_optlc_34185	0	0.555556
PLACE_optlc_30981	0	1.55556
PLACE_optlc_29482	0	0.54321
datamem/ram_reg[104][6]	0	0.667191
datamem/U2624	0	0.663179
datamem/U2744	0	1.00109
datamem/U2227	0	0.723665
PLACE_optlc_32793	0	0.54321
PLACE_optlc_28184	0	1.55556
PLACE_optlc_29535	0	0.54321
PLACE_optlc_32816	0	1.53086
PLACE_optlc_32125	0	1.48148
PLACE_optlc_37073	0	0.555556
PLACE_optlc_30826	0	0.555556
PLACE_optlc_33975	0	0.518519
PLACE_optlc_34826	0	0.555556
PLACE_optlc_27900	0	1.55556
PLACE_optlc_34051	0	0.54321
PLACE_optlc_33394	0	1.50617
PLACE_optlc_34377	0	1.53086
PLACE_optlc_36245	0	1.55556
datamem/U3185	0	1.19797
datamem/ram_reg[113][14]	0	0.924475
datamem/ram_reg[10][5]	0	0.57625
PLACE_optlc_30244	0	0.493827
PLACE_optlc_35683	0	0.530864
PLACE_optlc_37545	0	0.555556
PLACE_optlc_32459	0	0.493827
PLACE_optlc_27099	0	1.51852
PLACE_optlc_27822	0	0.530864
PLACE_optlc_26462	0	1.51852
PLACE_optlc_35467	0	0.518519
datamem/U3310	0	0.56088
datamem/ram_reg[201][11]	0	0.600721
datamem/ram_reg[111][8]	0	2.40256
datamem/ram_reg[197][3]	0	1.95284
datamem/ram_reg[107][5]	0	1.16651
datamem/U531	0	0.575891
datamem/ram_reg[197][10]	0	0.724228
PLACE_optlc_36942	0	0.481481
PLACE_optlc_28958	0	1.54321
PLACE_optlc_33213	0	0.530864
datamem/ram_reg[144][4]	0	1.18127
datamem/ram_reg[39][7]	0	0.836424
datamem/ram_reg[111][1]	0	1.72019
datamem/ram_reg[201][14]	0	1.36244
PLACE_optlc_36524	0	0.555556
PLACE_optlc_29078	0	1.55556
PLACE_optlc_29008	0	0.530864
PLACE_optlc_26619	0	1.50617
PLACE_optlc_35520	0	1.55556
PLACE_optlc_36676	0	0.555556
PLACE_optlc_34901	0	0.469136
PLACE_optlc_31056	0	0.54321
datamem/U845	0	0.897423
datamem/ram_reg[96][6]	0	0.844749
datamem/U3568	0	0.66434
datamem/ram_reg[158][14]	0	1.72003
datamem/U210	0	0.862677
datamem/U536	0	0.875251
datamem/U2683	0	0.68635
PLACE_optlc_27527	0	0.493827
PLACE_optlc_25708	0	1.55556
PLACE_optlc_34528	0	0.530864
PLACE_optlc_33052	0	1.55556
PLACE_optlc_25952	0	0.506173
datamem/ram_reg[144][9]	0	0.545926
datamem/ram_reg[162][4]	0	0.922558
datamem/U3651	0	0.820791
datamem/U3584	0	1.11093
PLACE_optlc_37271	0	0.555556
PLACE_optlc_36224	0	1.51852
PLACE_optlc_29539	0	0.54321
PLACE_optlc_33680	0	1.55556
PLACE_optlc_36127	0	0.555556
PLACE_optlc_26403	0	1.55556
PLACE_optlc_33758	0	0.530864
PLACE_optlc_26411	0	0.530864
PLACE_optlc_28787	0	0.555556
PLACE_optlc_31266	0	1.51852
datamem/ram_reg[191][5]	0	1.28426
datamem/ram_reg[192][4]	0	0.779174
PLACE_optlc_37249	0	1.55556
PLACE_optlc_32144	0	1.50617
PLACE_optlc_27040	0	1.55556
PLACE_optlc_36569	0	0.555556
PLACE_optlc_32408	0	0.530864
PLACE_optlc_37309	0	1.55556
PLACE_optlc_30462	0	1.53086
datamem/U850	0	1.8737
datamem/U3271	0	0.879244
datamem/U200	0	0.654252
datamem/U1599	0	1.09619
PLACE_optlc_28790	0	0.481481
PLACE_optlc_27510	0	0.45679
PLACE_optlc_35935	0	0.555556
PLACE_optlc_29035	0	0.518519
PLACE_optlc_31278	0	0.54321
datamem/U1924	0	1.0485
datamem/ram_reg[34][8]	0	0.57939
datamem/U3090	0	0.728873
datamem/U1743	0	1.40627
PLACE_optlc_30420	0	1.54321
PLACE_optlc_34215	0	0.555556
PLACE_optlc_26601	0	0.518519
PLACE_optlc_36853	0	0.555556
PLACE_optlc_26100	0	1.55556
datamem/U193	0	0.699086
datamem/ram_reg[66][10]	0	1.04448
datamem/ram_reg[175][8]	0	0.915478
PLACE_optlc_28873	0	0.54321
PLACE_optlc_30472	0	1.50617
PLACE_optlc_31124	0	0.54321
PLACE_optlc_30718	0	1.53086
PLACE_optlc_29897	0	1.53086
PLACE_optlc_27240	0	1.55556
datamem/ram_reg[4][14]	0	1.66507
datamem/U4070	0	1.3092
datamem/ram_reg[167][4]	0	1.44009
datamem/ram_reg[112][3]	0	1.23429
datamem/U2661	0	0.525829
datamem/U1685	0	1.39622
datamem/ram_reg[240][3]	0	0.675166
datamem/U643	0	0.878364
PLACE_optlc_25905	0	0.54321
PLACE_optlc_33079	0	1.54321
PLACE_optlc_37833	0	1.55556
PLACE_optlc_32622	0	0.481481
PLACE_optlc_33933	0	1.55556
PLACE_optlc_34763	0	0.555556
PLACE_optlc_34467	0	1.55556
datamem/U3648	0	0.995826
datamem/U548	0	1.45567
datamem/ram_reg[220][6]	0	1.16309
PLACE_optlc_35358	0	0.481481
PLACE_optlc_38289	0	1.53086
PLACE_optlc_34327	0	1.55556
PLACE_optlc_37011	0	0.469136
PLACE_optlc_27893	0	0.506173
PLACE_optlc_26872	0	0.54321
PLACE_optlc_29316	0	0.530864
PLACE_optlc_26297	0	0.54321
datamem/U3603	0	1.51912
datamem/ram_reg[207][8]	0	1.37607
datamem/ram_reg[212][6]	0	0.790976
datamem/ram_reg[147][1]	0	0.806574
datamem/U1742	0	0.829722
datamem/U624	0	1.16586
PLACE_optlc_32487	0	1.55556
PLACE_optlc_27207	0	1.55556
PLACE_optlc_34017	0	0.506173
PLACE_optlc_31157	0	0.54321
PLACE_optlc_33504	0	0.54321
datamem/U2587	0	0.664653
datamem/ram_reg[199][0]	0	1.01799
datamem/ram_reg[217][9]	0	0.66446
datamem/ram_reg[42][0]	0	0.550745
datamem/U2267	0	1.34343
PLACE_optlc_37344	0	0.555556
PLACE_optlc_35106	0	1.51852
PLACE_optlc_26731	0	1.55556
PLACE_optlc_38024	0	0.530864
PLACE_optlc_37054	0	1.55556
datamem/ram_reg[248][12]	0	0.956034
datamem/U4542	0	0.646964
datamem/U3030	0	0.626632
datamem/ram_reg[244][5]	0	0.798029
PLACE_optlc_26715	0	0.518519
PLACE_optlc_32977	0	0.54321
PLACE_optlc_38286	0	0.555556
PLACE_optlc_37834	0	0.469136
PLACE_optlc_36180	0	0.555556
PLACE_optlc_26792	0	1.55556
PLACE_optlc_33485	0	1.55556
PLACE_optlc_31844	0	1.51852
PLACE_optlc_28659	0	0.506173
datamem/ram_reg[187][6]	0	0.63711
datamem/U4492	0	0.888094
PLACE_optlc_27819	0	1.54321
PLACE_optlc_34394	0	1.53086
PLACE_optlc_30460	0	0.530864
PLACE_optlc_32602	0	0.45679
datamem/U3027	0	1.36437
datamem/U3354	0	1.25248
datamem/ram_reg[233][7]	0	1.88622
datamem/ram_reg[114][13]	0	1.21252
datamem/U1976	0	1.0816
PLACE_optlc_36738	0	1.55556
PLACE_optlc_27476	0	0.481481
PLACE_optlc_26667	0	0.54321
PLACE_optlc_36901	0	1.55556
PLACE_optlc_25636	0	1.55556
PLACE_optlc_34444	0	0.555556
PLACE_optlc_26700	0	1.55556
PLACE_optlc_29537	0	1.55556
datamem/U106	0	1.52511
datamem/ram_reg[236][9]	0	0.905544
PLACE_optlc_33841	0	0.518519
PLACE_optlc_26602	0	1.55556
PLACE_optlc_34789	0	1.54321
PLACE_optlc_29431	0	0.54321
PLACE_optlc_37471	0	0.555556
PLACE_optlc_32236	0	0.506173
PLACE_optlc_30380	0	1.50617
PLACE_optlc_34150	0	1.53086
datamem/U2615	0	1.07122
datamem/ram_reg[31][9]	0	1.1486
datamem/U4380	0	1.00358
datamem/ram_reg[75][2]	0	1.61595
datamem/U1143	0	0.749722
datamem/ram_reg[238][15]	0	1.56718
datamem/U2008	0	0.867593
PLACE_optlc_28738	0	0.54321
PLACE_optlc_31247	0	1.55556
PLACE_optlc_32640	0	0.45679
PLACE_optlc_33847	0	0.54321
PLACE_optlc_29873	0	0.481481
PLACE_optlc_35696	0	1.53086
PLACE_optlc_34159	0	1.54321
datamem/U3105	0	0.617508
datamem/ram_reg[101][2]	0	1.78383
datamem/ram_reg[79][1]	0	1.14494
datamem/ram_reg[68][3]	0	0.958974
datamem/U4225	0	0.633044
datamem/ram_reg[170][15]	0	1.04619
datamem/ram_reg[247][11]	0	1.71825
PLACE_optlc_29486	0	1.54321
PLACE_optlc_29641	0	0.518519
PLACE_optlc_31186	0	0.54321
PLACE_optlc_34526	0	0.555556
PLACE_optlc_27074	0	1.55556
PLACE_optlc_36073	0	0.469136
PLACE_optlc_30270	0	1.55556
PLACE_optlc_38158	0	0.555556
datamem/U2935	0	0.736296
datamem/U2544	0	0.897033
datamem/ram_reg[8][15]	0	1.28244
datamem/U3753	0	1.85595
datamem/ram_reg[23][13]	0	0.614174
datamem/U3459	0	1.76534
datamem/U3173	0	0.709147
PLACE_optlc_33572	0	0.54321
PLACE_optlc_26255	0	0.518519
PLACE_optlc_25693	0	0.530864
PLACE_optlc_30815	0	1.55556
PLACE_optlc_35496	0	0.469136
PLACE_optlc_33277	0	1.51852
PLACE_optlc_30676	0	0.518519
PLACE_optlc_35316	0	1.48148
PLACE_optlc_30582	0	1.53086
datamem/ram_reg[84][3]	0	0.751223
datamem/ram_reg[127][4]	0	1.47107
datamem/ram_reg[102][1]	0	0.583808
datamem/ram_reg[88][7]	0	1.19321
datamem/ram_reg[180][15]	0	2.20034
PLACE_optlc_37118	0	1.55556
PLACE_optlc_30027	0	1.53086
PLACE_optlc_33364	0	0.518519
datamem/ram_reg[106][7]	0	0.890093
datamem/U71	0	0.835139
datamem/ram_reg[120][10]	0	0.944923
datamem/ram_reg[129][13]	0	1.5624
PLACE_optlc_35178	0	1.55556
PLACE_optlc_32354	0	1.55556
PLACE_optlc_36674	0	0.530864
PLACE_optlc_27999	0	0.54321
PLACE_optlc_31432	0	0.518519
PLACE_optlc_27831	0	1.55556
PLACE_optlc_32430	0	1.53086
PLACE_optlc_27823	0	1.55556
PLACE_optlc_34525	0	0.555556
PLACE_optlc_26441	0	1.55556
datamem/U570	0	1.68394
datamem/U1523	0	0.917666
datamem/U2610	0	0.497215
datamem/U1726	0	0.857427
datamem/ram_reg[161][6]	0	0.709174
datamem/U1909	0	0.726451
datamem/U1154	0	1.00765
PLACE_optlc_32404	0	1.55556
PLACE_optlc_30361	0	0.54321
PLACE_optlc_29768	0	1.54321
PLACE_optlc_30868	0	1.51852
PLACE_optlc_25733	0	1.54321
PLACE_optlc_34554	0	1.54321
datamem/ram_reg[27][12]	0	0.997932
datamem/U3479	0	0.796578
datamem/U760	0	1.11643
datamem/ram_reg[30][5]	0	1.00848
datamem/ram_reg[178][7]	0	0.611809
datamem/U2192	0	0.902948
datamem/ram_reg[146][14]	0	0.630471
datamem/U4069	0	0.829857
PLACE_optlc_34892	0	0.555556
PLACE_optlc_33584	0	0.555556
PLACE_optlc_26874	0	1.51852
PLACE_optlc_28435	0	1.55556
PLACE_optlc_35309	0	1.48148
PLACE_optlc_29419	0	0.54321
PLACE_optlc_35188	0	0.555556
PLACE_optlc_37094	0	1.55556
datamem/ram_reg[102][6]	0	1.18976
datamem/U2058	0	1.70403
datamem/ram_reg[105][10]	0	1.1327
datamem/ram_reg[245][12]	0	1.04291
PLACE_optlc_37697	0	1.55556
PLACE_optlc_36964	0	1.53086
PLACE_optlc_26186	0	0.481481
PLACE_optlc_27588	0	0.518519
PLACE_optlc_30465	0	1.55556
datamem/ram_reg[239][4]	0	0.710856
datamem/ram_reg[147][15]	0	0.996894
datamem/U981	0	0.723935
PLACE_optlc_29740	0	0.54321
PLACE_optlc_30211	0	0.518519
PLACE_optlc_26548	0	0.518519
PLACE_optlc_35815	0	1.46914
PLACE_optlc_37639	0	0.555556
PLACE_optlc_32611	0	0.481481
PLACE_optlc_34369	0	1.54321
PLACE_optlc_37655	0	0.54321
PLACE_optlc_38236	0	0.555556
datamem/ram_reg[122][6]	0	0.696879
datamem/ram_reg[100][4]	0	1.18713
PLACE_optlc_26217	0	0.54321
PLACE_optlc_28836	0	0.518519
PLACE_optlc_27260	0	1.55556
PLACE_optlc_26271	0	1.53086
datamem/ram_reg[121][4]	0	0.7311
datamem/U3247	0	0.97517
datamem/U1887	0	0.758565
datamem/ram_reg[244][3]	0	1.12274
datamem/ram_reg[95][9]	0	0.921358
datamem/U139	0	1.12855
datamem/ram_reg[183][15]	0	0.771775
PLACE_optlc_32014	0	0.54321
PLACE_optlc_32285	0	0.54321
PLACE_optlc_31305	0	1.54321
PLACE_optlc_34026	0	0.469136
PLACE_optlc_32070	0	0.481481
PLACE_optlc_30468	0	0.481481
PLACE_optlc_38215	0	0.555556
datamem/ram_reg[167][9]	0	1.59496
datamem/ram_reg[235][11]	0	1.21021
PLACE_optlc_36859	0	0.555556
PLACE_optlc_34256	0	1.46914
PLACE_optlc_35848	0	0.555556
PLACE_optlc_26903	0	1.55556
PLACE_optlc_28968	0	1.55556
PLACE_optlc_37172	0	0.555556
PLACE_optlc_32136	0	1.54321
PLACE_optlc_37884	0	0.54321
datamem/U3575	0	0.963287
datamem/U1940	0	1.17041
datamem/U187	0	1.19291
PLACE_optlc_27577	0	0.530864
PLACE_optlc_25843	0	0.54321
PLACE_optlc_30572	0	1.55556
PLACE_optlc_36680	0	0.469136
PLACE_optlc_35070	0	0.555556
PLACE_optlc_34992	0	0.506173
PLACE_optlc_29862	0	1.49383
PLACE_optlc_28591	0	0.54321
PLACE_optlc_27492	0	1.49383
PLACE_optlc_25886	0	0.54321
PLACE_optlc_38173	0	0.555556
PLACE_optlc_30332	0	1.55556
PLACE_optlc_26036	0	1.45679
PLACE_optlc_37972	0	1.53086
datamem/U2015	0	0.66515
datamem/ram_reg[29][7]	0	1.57625
datamem/U713	0	0.601188
PLACE_optlc_30508	0	0.493827
PLACE_optlc_26326	0	0.530864
PLACE_optlc_36112	0	0.555556
PLACE_optlc_33647	0	0.54321
PLACE_optlc_31481	0	1.54321
datamem/ram_reg[255][12]	0	1.27969
datamem/U2872	0	0.864059
datamem/ram_reg[103][1]	0	0.963044
datamem/ram_reg[25][9]	0	0.563025
PLACE_optlc_32842	0	1.55556
PLACE_optlc_32157	0	1.48148
PLACE_optlc_33177	0	0.54321
datamem/U1430	0	1.07042
datamem/ram_reg[64][0]	0	1.08358
datamem/ram_reg[51][2]	0	1.69447
datamem/U1234	0	0.584904
datamem/ram_reg[190][4]	0	1.60261
datamem/ram_reg[229][0]	0	0.881763
datamem/ram_reg[246][6]	0	1.38997
datamem/ram_reg[249][14]	0	0.770891
datamem/ram_reg[107][12]	0	0.871952
PLACE_optlc_28662	0	0.530864
PLACE_optlc_28801	0	0.54321
PLACE_optlc_30762	0	0.54321
PLACE_optlc_32395	0	0.54321
PLACE_optlc_26989	0	0.530864
PLACE_optlc_29942	0	1.55556
PLACE_optlc_35699	0	0.506173
datamem/ram_reg[10][13]	0	0.488904
datamem/U1359	0	1.00911
datamem/U4429	0	0.772446
PLACE_optlc_37372	0	0.54321
PLACE_optlc_27644	0	1.53086
PLACE_optlc_30079	0	1.55556
PLACE_optlc_29146	0	0.518519
PLACE_optlc_38142	0	0.469136
PLACE_optlc_30215	0	0.54321
PLACE_optlc_33426	0	1.55556
PLACE_optlc_36235	0	0.555556
PLACE_optlc_33971	0	1.48148
PLACE_optlc_27221	0	1.53086
PLACE_optlc_33389	0	1.53086
PLACE_optlc_32362	0	0.481481
datamem/ram_reg[198][5]	0	1.4093
datamem/ram_reg[188][11]	0	1.01498
datamem/U3227	0	1.16519
PLACE_optlc_25906	0	0.493827
PLACE_optlc_31888	0	1.55556
PLACE_optlc_26876	0	0.54321
PLACE_optlc_27736	0	1.51852
PLACE_optlc_27485	0	1.55556
datamem/U2029	0	0.624008
datamem/U2300	0	1.60652
datamem/U88	0	0.950313
datamem/ram_reg[28][4]	0	1.5333
PLACE_optlc_27334	0	1.54321
PLACE_optlc_29617	0	1.54321
PLACE_optlc_26315	0	1.51852
PLACE_optlc_37113	0	1.55556
datamem/U4652	0	1.80045
datamem/ram_reg[245][5]	0	1.17477
datamem/U2675	0	1.45319
datamem/U4458	0	0.912458
datamem/ram_reg[3][15]	0	1.33556
datamem/ram_reg[110][2]	0	0.685309
datamem/ram_reg[3][12]	0	0.570926
PLACE_optlc_36352	0	0.555556
PLACE_optlc_34553	0	0.555556
PLACE_optlc_37721	0	1.55556
PLACE_optlc_32317	0	1.54321
PLACE_optlc_35058	0	0.555556
datamem/U3025	0	1.4663
datamem/U1571	0	0.666821
datamem/ram_reg[55][7]	0	2.07844
datamem/ram_reg[247][0]	0	0.91652
datamem/U161	0	0.625471
datamem/U1159	0	1.60196
PLACE_optlc_30109	0	0.54321
PLACE_optlc_34791	0	0.555556
PLACE_optlc_25844	0	1.50617
PLACE_optlc_29939	0	0.45679
PLACE_optlc_32633	0	0.530864
datamem/U4330	0	1.23433
datamem/U963	0	0.598256
datamem/U3987	0	1.04826
datamem/U1205	0	0.574923
datamem/U4281	0	0.890841
datamem/U4265	0	1.75295
PLACE_optlc_30049	0	1.53086
PLACE_optlc_29365	0	1.55556
PLACE_optlc_34882	0	0.45679
PLACE_optlc_38361	0	0.469136
datamem/ram_reg[104][4]	0	1.85494
datamem/ram_reg[191][1]	0	0.861802
datamem/U1851	0	0.742149
datamem/ram_reg[7][12]	0	0.554495
PLACE_optlc_30408	0	1.55556
PLACE_optlc_29867	0	0.530864
PLACE_optlc_27042	0	0.530864
PLACE_optlc_36578	0	0.555556
PLACE_optlc_33166	0	1.55556
datamem/ram_reg[198][12]	0	1.01218
datamem/U3843	0	0.815768
datamem/U4455	0	0.524846
datamem/U1424	0	0.967137
PLACE_optlc_28304	0	0.518519
PLACE_optlc_37610	0	0.481481
PLACE_optlc_29550	0	1.54321
datamem/ram_reg[5][15]	0	1.05939
datamem/ram_reg[187][11]	0	0.858063
datamem/ram_reg[179][9]	0	1.12523
datamem/ram_reg[244][11]	0	0.584699
PLACE_optlc_28531	0	1.54321
PLACE_optlc_34979	0	0.555556
PLACE_optlc_32685	0	1.55556
PLACE_optlc_29156	0	0.54321
PLACE_optlc_34443	0	0.555556
PLACE_optlc_30532	0	0.54321
PLACE_optlc_35241	0	0.555556
PLACE_optlc_36163	0	1.55556
PLACE_optlc_30898	0	1.55556
datamem/U4435	0	0.673846
datamem/ram_reg[35][14]	0	0.701725
datamem/U2656	0	1.10556
datamem/U3388	0	0.557269
datamem/U4534	0	0.849051
datamem/U3601	0	0.581763
datamem/U430	0	0.887832
PLACE_optlc_32897	0	1.51852
PLACE_optlc_32480	0	0.530864
PLACE_optlc_36239	0	1.53086
PLACE_optlc_32630	0	1.53086
PLACE_optlc_34329	0	0.555556
PLACE_optlc_35689	0	1.55556
datamem/U2919	0	1.03725
datamem/ram_reg[78][13]	0	0.614062
datamem/ram_reg[188][8]	0	0.718908
datamem/ram_reg[162][0]	0	1.64096
PLACE_optlc_32707	0	0.54321
PLACE_optlc_36128	0	0.555556
PLACE_optlc_26836	0	1.49383
PLACE_optlc_25924	0	0.469136
PLACE_optlc_35280	0	1.55556
PLACE_optlc_27964	0	0.506173
PLACE_optlc_29179	0	0.45679
PLACE_optlc_37951	0	0.54321
datamem/ram_reg[42][6]	0	1.20993
datamem/U2075	0	1.35537
datamem/U1891	0	1.01224
datamem/ram_reg[178][9]	0	0.943094
datamem/U1846	0	0.877157
datamem/U4146	0	0.730116
datamem/ram_reg[97][8]	0	1.1922
PLACE_optlc_27796	0	0.530864
PLACE_optlc_34425	0	1.55556
PLACE_optlc_28200	0	1.55556
PLACE_optlc_34241	0	0.555556
PLACE_optlc_38311	0	1.55556
PLACE_optlc_36044	0	0.555556
PLACE_optlc_35836	0	0.555556
PLACE_optlc_35088	0	1.54321
datamem/ram_reg[164][11]	0	1.70708
PLACE_optlc_37547	0	0.555556
PLACE_optlc_29322	0	0.54321
PLACE_optlc_30662	0	1.55556
PLACE_optlc_30655	0	0.54321
PLACE_optlc_35592	0	1.54321
PLACE_optlc_25990	0	0.518519
datamem/U4468	0	0.905756
datamem/ram_reg[145][7]	0	0.596424
datamem/ram_reg[58][2]	0	1.01777
datamem/ram_reg[26][11]	0	1.38078
datamem/U4323	0	0.876763
datamem/U3883	0	0.727847
PLACE_optlc_36905	0	0.469136
PLACE_optlc_25759	0	1.55556
PLACE_optlc_32867	0	0.555556
PLACE_optlc_26238	0	1.55556
PLACE_optlc_31016	0	1.54321
PLACE_optlc_27704	0	0.54321
datamem/ram_reg[104][10]	0	0.613773
datamem/ram_reg[120][8]	0	0.743356
datamem/ram_reg[107][11]	0	0.876713
PLACE_optlc_27759	0	1.55556
PLACE_optlc_31770	0	1.51852
PLACE_optlc_32176	0	0.530864
PLACE_optlc_33834	0	1.55556
PLACE_optlc_34814	0	0.493827
PLACE_optlc_32998	0	0.54321
PLACE_optlc_28232	0	1.54321
PLACE_optlc_36644	0	1.54321
PLACE_optlc_26719	0	1.55556
datamem/U1168	0	1.4336
datamem/ram_reg[165][11]	0	1.51255
datamem/U1991	0	0.868295
PLACE_optlc_33554	0	0.54321
PLACE_optlc_36518	0	0.555556
PLACE_optlc_28180	0	1.53086
PLACE_optlc_32262	0	0.54321
PLACE_optlc_34747	0	0.469136
PLACE_optlc_32681	0	0.54321
PLACE_optlc_36443	0	0.555556
PLACE_optlc_27707	0	1.55556
PLACE_optlc_33726	0	0.530864
PLACE_optlc_28018	0	1.55556
PLACE_optlc_35164	0	0.518519
PLACE_optlc_37734	0	1.53086
PLACE_optlc_28344	0	0.518519
PLACE_optlc_31174	0	1.54321
PLACE_optlc_35118	0	0.54321
PLACE_optlc_28349	0	1.54321
PLACE_optlc_29036	0	0.54321
datamem/U2180	0	0.694649
datamem/ram_reg[102][12]	0	1.73392
datamem/ram_reg[131][12]	0	0.646358
datamem/ram_reg[177][5]	0	1.04113
datamem/ram_reg[109][7]	0	2.46222
datamem/ram_reg[64][9]	0	0.956682
datamem/ram_reg[82][4]	0	0.638507
PLACE_optlc_36339	0	1.53086
PLACE_optlc_27055	0	1.48148
PLACE_optlc_33216	0	0.518519
PLACE_optlc_27219	0	1.55556
datamem/U2348	0	1.56348
datamem/ram_reg[163][13]	0	1.00651
PLACE_optlc_34399	0	0.469136
PLACE_optlc_31793	0	1.51852
PLACE_optlc_26354	0	1.55556
PLACE_optlc_30613	0	1.55556
PLACE_optlc_36123	0	0.555556
PLACE_optlc_32712	0	1.51852
PLACE_optlc_29427	0	0.469136
PLACE_optlc_32175	0	0.555556
PLACE_optlc_30861	0	1.55556
PLACE_optlc_35505	0	0.555556
PLACE_optlc_37071	0	1.53086
PLACE_optlc_30229	0	1.54321
datamem/U925	0	0.925204
datamem/U3588	0	0.952446
datamem/U501	0	0.999691
datamem/ram_reg[86][15]	0	0.553634
datamem/ram_reg[245][15]	0	0.985285
datamem/U3440	0	1.08619
datamem/ram_reg[53][4]	0	1.17333
datamem/ram_reg[244][6]	0	1.01459
PLACE_optlc_25940	0	1.46914
PLACE_optlc_27385	0	1.53086
datamem/U4427	0	0.843476
datamem/U1829	0	1.25996
datamem/U1727	0	1.37894
PLACE_optlc_29040	0	1.51852
PLACE_optlc_26698	0	0.54321
PLACE_optlc_28757	0	1.55556
PLACE_optlc_28372	0	0.54321
PLACE_optlc_27045	0	0.54321
PLACE_optlc_34299	0	0.518519
PLACE_optlc_27247	0	1.55556
PLACE_optlc_30051	0	1.49383
PLACE_optlc_34003	0	1.49383
PLACE_optlc_37088	0	0.530864
PLACE_optlc_34602	0	0.555556
datamem/ram_reg[60][3]	0	1.64521
datamem/U107	0	0.577056
datamem/ram_reg[217][6]	0	1.06773
datamem/U511	0	2.05021
PLACE_optlc_27597	0	1.55556
PLACE_optlc_30435	0	1.55556
PLACE_optlc_32694	0	1.55556
datamem/ram_reg[166][0]	0	0.703985
datamem/ram_reg[43][11]	0	0.680602
datamem/U1813	0	0.967921
datamem/ram_reg[100][1]	0	1.55215
PLACE_optlc_31475	0	1.45679
PLACE_optlc_30583	0	1.51852
PLACE_optlc_32987	0	0.530864
PLACE_optlc_32038	0	0.530864
PLACE_optlc_37147	0	0.469136
PLACE_optlc_26066	0	0.518519
PLACE_optlc_31951	0	0.54321
PLACE_optlc_31596	0	0.54321
PLACE_optlc_29875	0	0.45679
PLACE_optlc_32417	0	0.54321
PLACE_optlc_35698	0	0.530864
datamem/ram_reg[244][1]	0	1.0295
datamem/U1947	0	1.39776
datamem/U2212	0	0.703117
datamem/U3325	0	0.819934
datamem/ram_reg[34][13]	0	0.761015
datamem/U4481	0	1.40812
datamem/ram_reg[255][10]	0	1.53672
datamem/ram_reg[248][10]	0	0.713449
PLACE_optlc_31452	0	0.407407
PLACE_optlc_33339	0	1.53086
PLACE_optlc_34253	0	0.469136
PLACE_optlc_27551	0	1.53086
datamem/ram_reg[139][6]	0	0.8436
datamem/U195	0	1.00722
PLACE_optlc_36066	0	1.55556
PLACE_optlc_27460	0	0.518519
PLACE_optlc_30805	0	0.54321
PLACE_optlc_26180	0	1.55556
PLACE_optlc_29231	0	0.506173
datamem/ram_reg[171][3]	0	0.707623
datamem/ram_reg[53][13]	0	0.656921
datamem/U68	0	1.10278
datamem/ram_reg[96][0]	0	0.830856
datamem/U532	0	0.774047
datamem/U1946	0	0.717635
PLACE_optlc_38117	0	1.53086
PLACE_optlc_35173	0	0.555556
PLACE_optlc_28482	0	1.55556
PLACE_optlc_36290	0	1.55556
PLACE_optlc_35160	0	1.55556
datamem/ram_reg[214][10]	0	0.577122
datamem/U1088	0	0.893179
datamem/ram_reg[85][3]	0	1.16219
datamem/ram_reg[249][1]	0	0.690235
datamem/U2631	0	0.979367
PLACE_optlc_31753	0	1.54321
PLACE_optlc_34067	0	1.53086
PLACE_optlc_38048	0	0.444444
PLACE_optlc_36490	0	1.55556
PLACE_optlc_27293	0	1.55556
PLACE_optlc_31569	0	0.518519
PLACE_optlc_36810	0	0.469136
datamem/U1864	0	0.901705
PLACE_optlc_27082	0	1.53086
PLACE_optlc_32393	0	0.45679
PLACE_optlc_37599	0	1.55556
PLACE_optlc_34487	0	0.518519
datamem/U832	0	1.08452
datamem/U462	0	1.10779
datamem/ram_reg[114][15]	0	0.740116
datamem/U1002	0	0.555293
datamem/U1978	0	1.12142
PLACE_optlc_32505	0	1.51852
PLACE_optlc_25881	0	0.518519
PLACE_optlc_27587	0	1.55556
PLACE_optlc_36289	0	0.469136
datamem/ram_reg[203][1]	0	0.744047
datamem/ram_reg[132][5]	0	0.928287
datamem/ram_reg[190][1]	0	1.53304
datamem/U1857	0	0.887542
datamem/U2383	0	0.878148
datamem/U482	0	0.870413
datamem/ram_reg[101][15]	0	1.54242
PLACE_optlc_28156	0	1.51852
PLACE_optlc_33404	0	1.55556
PLACE_optlc_36431	0	0.555556
PLACE_optlc_29648	0	1.55556
PLACE_optlc_26412	0	0.518519
PLACE_optlc_34803	0	1.53086
PLACE_optlc_37477	0	1.55556
PLACE_optlc_28696	0	0.54321
datamem/U629	0	1.27232
datamem/ram_reg[111][10]	0	0.84436
datamem/ram_reg[104][15]	0	1.41988
datamem/ram_reg[46][0]	0	0.603183
datamem/U3411	0	2.30207
datamem/ram_reg[139][8]	0	1.64435
datamem/ram_reg[187][10]	0	1.53921
PLACE_optlc_33865	0	0.530864
PLACE_optlc_32610	0	1.54321
PLACE_optlc_26972	0	1.55556
PLACE_optlc_30534	0	1.55556
PLACE_optlc_30362	0	1.50617
PLACE_optlc_34353	0	1.53086
PLACE_optlc_31505	0	1.55556
PLACE_optlc_34648	0	0.555556
datamem/ram_reg[107][1]	0	1.55765
datamem/U648	0	1.26917
PLACE_optlc_31523	0	1.55556
PLACE_optlc_32274	0	1.54321
PLACE_optlc_35102	0	1.55556
PLACE_optlc_30659	0	0.469136
PLACE_optlc_35621	0	1.53086
PLACE_optlc_34871	0	0.555556
PLACE_optlc_26027	0	0.530864
PLACE_optlc_32740	0	1.55556
datamem/U4430	0	0.586906
datamem/U4448	0	1.06752
datamem/U3229	0	0.702369
PLACE_optlc_26406	0	0.45679
PLACE_optlc_36136	0	1.55556
PLACE_optlc_36166	0	0.469136
PLACE_optlc_25657	0	1.49383
PLACE_optlc_31806	0	0.45679
datamem/ram_reg[123][10]	0	1.05002
datamem/ram_reg[92][8]	0	0.559641
datamem/U1763	0	0.645637
datamem/ram_reg[170][10]	0	0.998908
datamem/ram_reg[124][4]	0	0.654668
datamem/ram_reg[156][13]	0	0.649228
PLACE_optlc_30509	0	1.51852
PLACE_optlc_37343	0	1.53086
PLACE_optlc_26592	0	0.54321
PLACE_optlc_26008	0	0.518519
PLACE_optlc_29616	0	0.530864
PLACE_optlc_32406	0	1.50617
datamem/ram_reg[255][5]	0	1.23783
datamem/U4650	0	1.03907
datamem/U3392	0	1.00889
datamem/U808	0	1.03502
datamem/U4117	0	0.848198
datamem/ram_reg[197][6]	0	0.615243
datamem/U3207	0	1.48639
PLACE_optlc_38354	0	0.530864
PLACE_optlc_34540	0	0.530864
PLACE_optlc_30173	0	0.54321
PLACE_optlc_29344	0	1.55556
PLACE_optlc_35010	0	1.46914
PLACE_optlc_35122	0	0.555556
PLACE_optlc_31552	0	1.55556
datamem/U3003	0	1.17955
datamem/U2978	0	1.044
PLACE_optlc_32167	0	0.518519
PLACE_optlc_36681	0	0.469136
PLACE_optlc_25709	0	0.54321
PLACE_optlc_33646	0	1.55556
PLACE_optlc_38062	0	0.555556
PLACE_optlc_28469	0	1.46914
PLACE_optlc_27459	0	0.54321
PLACE_optlc_37854	0	1.55556
PLACE_optlc_28098	0	0.518519
datamem/U1885	0	1.05438
datamem/U3455	0	0.847253
datamem/ram_reg[44][12]	0	0.564514
datamem/U3595	0	1.85674
PLACE_optlc_35039	0	0.555556
PLACE_optlc_31884	0	0.493827
PLACE_optlc_26686	0	1.55556
PLACE_optlc_28279	0	1.55556
PLACE_optlc_28125	0	0.518519
PLACE_optlc_27013	0	1.53086
PLACE_optlc_35205	0	0.555556
datamem/U3393	0	1.20712
datamem/U3674	0	0.841925
datamem/U3094	0	0.963005
datamem/U2318	0	1.35177
datamem/U2647	0	0.952041
PLACE_optlc_32172	0	0.518519
PLACE_optlc_32344	0	0.469136
PLACE_optlc_35329	0	0.555556
PLACE_optlc_32039	0	1.55556
datamem/U1051	0	0.687126
datamem/ram_reg[112][2]	0	1.16156
datamem/ram_reg[29][0]	0	0.864429
datamem/U1842	0	0.953329
datamem/U2962	0	0.616373
PLACE_optlc_34031	0	0.54321
PLACE_optlc_35833	0	0.530864
PLACE_optlc_34974	0	0.555556
PLACE_optlc_38214	0	0.555556
PLACE_optlc_29385	0	1.53086
PLACE_optlc_26878	0	0.518519
PLACE_optlc_29476	0	0.518519
PLACE_optlc_29534	0	0.481481
PLACE_optlc_28307	0	1.51852
datamem/ram_reg[111][6]	0	1.35482
datamem/ram_reg[216][3]	0	0.702539
datamem/U789	0	0.910019
datamem/U972	0	0.884441
PLACE_optlc_38114	0	1.55556
PLACE_optlc_28477	0	0.518519
PLACE_optlc_26499	0	1.53086
PLACE_optlc_31273	0	0.54321
PLACE_optlc_33183	0	1.53086
PLACE_optlc_26835	0	1.53086
PLACE_optlc_29582	0	1.55556
PLACE_optlc_33698	0	0.530864
datamem/U766	0	1.28411
datamem/U4425	0	0.580914
datamem/ram_reg[67][10]	0	0.712855
datamem/U2931	0	0.684938
datamem/U2521	0	1.36416
datamem/U3408	0	0.722546
datamem/U140	0	0.731555
datamem/ram_reg[67][8]	0	2.19118
PLACE_optlc_34936	0	1.53086
PLACE_optlc_34233	0	0.555556
PLACE_optlc_34273	0	0.555556
PLACE_optlc_30137	0	1.53086
PLACE_optlc_35928	0	0.530864
PLACE_optlc_33947	0	1.50617
PLACE_optlc_29180	0	0.54321
datamem/U3096	0	0.937569
datamem/ram_reg[68][13]	0	1.18611
datamem/ram_reg[18][10]	0	1.24152
PLACE_optlc_25986	0	0.54321
PLACE_optlc_38040	0	0.555556
PLACE_optlc_27534	0	1.53086
PLACE_optlc_31660	0	1.55556
PLACE_optlc_32691	0	1.55556
PLACE_optlc_37286	0	0.555556
PLACE_optlc_29849	0	1.55556
PLACE_optlc_35655	0	0.555556
datamem/ram_reg[81][15]	0	1.18354
datamem/ram_reg[235][13]	0	0.904992
PLACE_optlc_27959	0	0.54321
PLACE_optlc_30474	0	1.55556
PLACE_optlc_28035	0	0.54321
PLACE_optlc_38197	0	1.55556
PLACE_optlc_38144	0	1.55556
PLACE_optlc_32086	0	1.55556
datamem/U1223	0	0.931323
datamem/U2017	0	1.43737
datamem/U2178	0	0.778711
datamem/ram_reg[27][11]	0	0.947288
datamem/U525	0	0.691254
PLACE_optlc_35075	0	0.555556
PLACE_optlc_38008	0	0.555556
PLACE_optlc_29264	0	0.530864
PLACE_optlc_31756	0	1.55556
PLACE_optlc_37903	0	0.555556
PLACE_optlc_27173	0	1.54321
PLACE_optlc_37944	0	0.469136
PLACE_optlc_36999	0	1.53086
datamem/ram_reg[171][1]	0	1.37816
datamem/ram_reg[71][2]	0	1.23876
datamem/U4511	0	1.25996
datamem/ram_reg[161][7]	0	0.923711
PLACE_optlc_37150	0	1.54321
PLACE_optlc_25975	0	1.55556
PLACE_optlc_33110	0	0.518519
PLACE_optlc_31235	0	0.54321
PLACE_optlc_35893	0	1.46914
PLACE_optlc_31030	0	1.55556
PLACE_optlc_27267	0	0.54321
PLACE_optlc_37659	0	0.530864
PLACE_optlc_28256	0	1.53086
PLACE_optlc_36778	0	1.55556
datamem/U3085	0	1.50053
datamem/U2077	0	1.27521
datamem/U2996	0	1.38956
PLACE_optlc_33727	0	1.54321
PLACE_optlc_36256	0	0.555556
PLACE_optlc_36147	0	0.530864
PLACE_optlc_25773	0	1.55556
PLACE_optlc_27189	0	0.54321
PLACE_optlc_26094	0	0.54321
PLACE_optlc_27384	0	0.469136
datamem/U1488	0	0.694074
datamem/ram_reg[165][13]	0	0.99206
datamem/ram_reg[167][1]	0	0.946188
PLACE_optlc_31232	0	0.555556
PLACE_optlc_38023	0	0.469136
PLACE_optlc_29624	0	1.55556
PLACE_optlc_31419	0	0.54321
PLACE_optlc_32006	0	1.53086
PLACE_optlc_31992	0	0.518519
PLACE_optlc_35105	0	0.555556
PLACE_optlc_29297	0	1.54321
PLACE_optlc_36330	0	0.555556
PLACE_optlc_35500	0	1.55556
PLACE_optlc_31611	0	1.55556
PLACE_optlc_37869	0	0.469136
PLACE_optlc_35459	0	0.555556
datamem/U2028	0	1.68823
datamem/ram_reg[85][5]	0	0.815756
datamem/ram_reg[210][4]	0	0.773345
datamem/U2394	0	1.63039
PLACE_optlc_27761	0	0.530864
PLACE_optlc_27069	0	1.55556
PLACE_optlc_30236	0	0.45679
PLACE_optlc_33160	0	1.55556
PLACE_optlc_27473	0	0.54321
PLACE_optlc_36493	0	1.55556
PLACE_optlc_29516	0	1.55556
PLACE_optlc_32801	0	0.54321
PLACE_optlc_33782	0	0.518519
datamem/ram_reg[91][5]	0	1.03764
datamem/U899	0	0.684969
PLACE_optlc_29621	0	1.53086
PLACE_optlc_28396	0	0.407407
PLACE_optlc_32298	0	0.555556
PLACE_optlc_30505	0	0.518519
PLACE_optlc_30889	0	1.45679
PLACE_optlc_33244	0	1.55556
PLACE_optlc_29818	0	1.55556
datamem/ram_reg[16][8]	0	0.901613
datamem/ram_reg[120][1]	0	0.963546
datamem/ram_reg[69][12]	0	1.03
datamem/U1896	0	0.844649
datamem/U3933	0	1.03096
datamem/U1810	0	1.82378
datamem/ram_reg[191][6]	0	0.686883
datamem/U1651	0	0.556836
PLACE_optlc_37573	0	0.555556
PLACE_optlc_26007	0	0.518519
PLACE_optlc_26142	0	0.481481
PLACE_optlc_35850	0	0.555556
PLACE_optlc_26998	0	0.54321
PLACE_optlc_29505	0	0.530864
PLACE_optlc_34361	0	1.55556
PLACE_optlc_28362	0	1.40741
PLACE_optlc_33694	0	0.530864
PLACE_optlc_28026	0	0.54321
PLACE_optlc_29459	0	1.53086
PLACE_optlc_35712	0	1.53086
datamem/U1481	0	1.72645
datamem/ram_reg[32][3]	0	0.850961
datamem/U3437	0	0.987589
datamem/U3457	0	1.56393
datamem/U3571	0	0.968997
datamem/ram_reg[174][9]	0	0.856752
datamem/ram_reg[227][7]	0	1.22773
datamem/U1737	0	0.819676
datamem/U1672	0	1.02357
datamem/U1541	0	0.731447
PLACE_optlc_37239	0	1.55556
PLACE_optlc_25896	0	0.54321
PLACE_optlc_33788	0	0.45679
PLACE_optlc_26855	0	1.54321
PLACE_optlc_33191	0	0.54321
PLACE_optlc_32670	0	1.51852
datamem/ram_reg[226][0]	0	0.869877
datamem/U2967	0	0.573681
datamem/ram_reg[205][4]	0	1.42314
datamem/ram_reg[106][13]	0	2.06702
datamem/ram_reg[128][1]	0	0.717311
PLACE_optlc_32177	0	1.55556
PLACE_optlc_27584	0	1.55556
PLACE_optlc_31669	0	0.518519
PLACE_optlc_31993	0	0.481481
PLACE_optlc_35065	0	0.469136
PLACE_optlc_36221	0	0.555556
PLACE_optlc_34346	0	1.55556
PLACE_optlc_27513	0	1.48148
datamem/ram_reg[146][5]	0	0.719541
datamem/ram_reg[49][12]	0	0.855282
datamem/ram_reg[238][12]	0	0.794174
datamem/ram_reg[221][12]	0	1.09943
PLACE_optlc_31025	0	0.54321
PLACE_optlc_30946	0	1.45679
PLACE_optlc_31957	0	1.55556
PLACE_optlc_27547	0	0.506173
PLACE_optlc_37995	0	1.55556
datamem/ram_reg[246][15]	0	0.710517
datamem/ram_reg[247][13]	0	1.02808
datamem/ram_reg[62][4]	0	0.678268
datamem/ram_reg[199][14]	0	0.749124
datamem/ram_reg[23][5]	0	0.801312
datamem/ram_reg[249][3]	0	1.45807
PLACE_optlc_27073	0	0.481481
PLACE_optlc_28540	0	1.51852
PLACE_optlc_35446	0	0.555556
PLACE_optlc_31759	0	0.54321
PLACE_optlc_31990	0	1.49383
PLACE_optlc_29644	0	1.55556
datamem/ram_reg[250][11]	0	1.01989
datamem/U4521	0	0.865714
datamem/ram_reg[72][0]	0	1.34812
datamem/U996	0	0.893738
PLACE_optlc_34911	0	0.555556
PLACE_optlc_29583	0	1.55556
PLACE_optlc_33774	0	1.54321
PLACE_optlc_31871	0	0.530864
datamem/ram_reg[139][14]	0	0.597948
datamem/ram_reg[232][13]	0	0.825204
datamem/ram_reg[84][4]	0	0.770768
datamem/ram_reg[215][7]	0	0.896651
PLACE_optlc_37694	0	1.54321
PLACE_optlc_38341	0	0.555556
PLACE_optlc_33201	0	0.45679
PLACE_optlc_34866	0	0.555556
PLACE_optlc_37365	0	1.55556
PLACE_optlc_26916	0	0.54321
PLACE_optlc_30347	0	1.45679
PLACE_optlc_30977	0	0.54321
PLACE_optlc_27520	0	0.518519
datamem/U3746	0	1.29025
datamem/U1058	0	0.858148
datamem/U4267	0	2.40042
datamem/ram_reg[89][10]	0	1.29943
datamem/U3220	0	0.886651
datamem/ram_reg[178][0]	0	2.08089
datamem/U3022	0	1.40782
PLACE_optlc_35671	0	1.55556
PLACE_optlc_34828	0	0.555556
PLACE_optlc_36726	0	0.555556
PLACE_optlc_35625	0	0.555556
PLACE_optlc_36079	0	1.55556
PLACE_optlc_26959	0	0.530864
PLACE_optlc_33375	0	1.54321
PLACE_optlc_35025	0	1.55556
PLACE_optlc_37185	0	0.530864
datamem/U133	0	0.933947
datamem/ram_reg[141][4]	0	0.841944
datamem/ram_reg[244][7]	0	0.718106
datamem/ram_reg[218][0]	0	0.731944
datamem/ram_reg[6][12]	0	0.563754
PLACE_optlc_33816	0	1.54321
PLACE_optlc_34325	0	0.555556
PLACE_optlc_30004	0	1.55556
PLACE_optlc_27010	0	1.49383
PLACE_optlc_29414	0	0.54321
PLACE_optlc_28397	0	1.55556
PLACE_optlc_38191	0	0.54321
PLACE_optlc_26788	0	0.530864
datamem/ram_reg[55][1]	0	0.656061
datamem/ram_reg[255][7]	0	1.54762
datamem/U2733	0	1.81737
datamem/U851	0	0.625116
datamem/ram_reg[7][14]	0	1.52773
datamem/U2523	0	1.49102
datamem/U1859	0	0.840274
datamem/ram_reg[124][14]	0	0.662157
datamem/ram_reg[159][13]	0	2.42534
PLACE_optlc_31788	0	1.55556
PLACE_optlc_26707	0	0.518519
datamem/U1930	0	1.47192
datamem/ram_reg[47][1]	0	1.08477
datamem/U2920	0	0.716782
PLACE_optlc_27793	0	0.54321
PLACE_optlc_25950	0	1.51852
PLACE_optlc_34038	0	1.49383
PLACE_optlc_31300	0	0.54321
PLACE_optlc_31323	0	1.55556
datamem/U1936	0	1.24841
PLACE_optlc_26308	0	0.54321
PLACE_optlc_27896	0	0.518519
PLACE_optlc_34455	0	0.469136
PLACE_optlc_28455	0	0.54321
PLACE_optlc_29887	0	0.518519
PLACE_optlc_26942	0	1.53086
PLACE_optlc_26865	0	0.518519
PLACE_optlc_26599	0	0.54321
PLACE_optlc_32898	0	1.54321
PLACE_optlc_32899	0	0.518519
datamem/U2234	0	0.823206
datamem/U2246	0	1.34863
datamem/U4320	0	1.31472
datamem/U4645	0	1.54098
PLACE_optlc_32087	0	0.54321
PLACE_optlc_35152	0	1.54321
PLACE_optlc_33951	0	1.55556
PLACE_optlc_27475	0	1.55556
PLACE_optlc_26126	0	1.45679
PLACE_optlc_31492	0	0.530864
PLACE_optlc_31216	0	1.53086
datamem/U2171	0	1.43274
datamem/ram_reg[151][1]	0	0.83265
datamem/U2835	0	0.566215
datamem/ram_reg[220][9]	0	1.56983
datamem/ram_reg[207][1]	0	2.23294
datamem/U2889	0	1.18868
PLACE_optlc_36172	0	1.55556
PLACE_optlc_33888	0	0.481481
PLACE_optlc_32237	0	1.55556
PLACE_optlc_32912	0	0.481481
PLACE_optlc_35033	0	0.469136
PLACE_optlc_34927	0	0.555556
PLACE_optlc_27894	0	1.55556
PLACE_optlc_34920	0	1.50617
PLACE_optlc_31380	0	1.55556
PLACE_optlc_28841	0	1.54321
datamem/ram_reg[164][0]	0	1.5407
datamem/U500	0	1.53869
datamem/U4523	0	1.11921
datamem/ram_reg[138][14]	0	1.54341
datamem/ram_reg[225][0]	0	1.21882
datamem/ram_reg[36][3]	0	1.24039
datamem/U1543	0	1.29843
datamem/ram_reg[80][10]	0	0.609915
datamem/U337	0	0.605752
PLACE_optlc_34451	0	0.481481
PLACE_optlc_36916	0	1.55556
datamem/ram_reg[226][13]	0	0.692307
datamem/U3805	0	1.28078
datamem/ram_reg[209][13]	0	0.66414
datamem/U877	0	0.959718
datamem/ram_reg[191][3]	0	0.614306
datamem/ram_reg[43][0]	0	0.815853
datamem/U3713	0	1.13443
datamem/ram_reg[52][4]	0	0.792631
datamem/ram_reg[233][13]	0	2.03917
PLACE_optlc_35826	0	0.469136
PLACE_optlc_35461	0	0.555556
PLACE_optlc_32561	0	1.55556
PLACE_optlc_36712	0	0.555556
PLACE_optlc_36636	0	1.51852
PLACE_optlc_28831	0	1.55556
datamem/U1261	0	0.554024
datamem/ram_reg[58][9]	0	0.831046
datamem/U3156	0	1.40142
datamem/U876	0	0.773291
PLACE_optlc_37859	0	0.419753
datamem/ram_reg[31][7]	0	1.356
datamem/ram_reg[102][14]	0	0.657508
datamem/U1125	0	1.14734
PLACE_optlc_34230	0	0.469136
PLACE_optlc_26264	0	1.55556
PLACE_optlc_25871	0	0.530864
PLACE_optlc_29331	0	0.45679
PLACE_optlc_36878	0	0.54321
PLACE_optlc_27654	0	1.55556
PLACE_optlc_27783	0	0.54321
PLACE_optlc_33450	0	1.51852
PLACE_optlc_26207	0	0.54321
datamem/ram_reg[25][15]	0	0.572473
datamem/U2013	0	0.742527
datamem/ram_reg[160][15]	0	2.01326
datamem/U4092	0	1.58446
PLACE_optlc_38337	0	0.555556
PLACE_optlc_36647	0	0.555556
PLACE_optlc_32388	0	0.530864
PLACE_optlc_25721	0	1.55556
PLACE_optlc_36713	0	0.555556
PLACE_optlc_37686	0	0.469136
PLACE_optlc_33332	0	1.54321
datamem/U3912	0	0.968144
datamem/U1221	0	0.965135
datamem/U1244	0	0.998465
PLACE_optlc_31101	0	1.54321
PLACE_optlc_33596	0	1.49383
PLACE_optlc_30214	0	0.45679
PLACE_optlc_38314	0	0.555556
PLACE_optlc_31188	0	0.54321
PLACE_optlc_26350	0	0.54321
PLACE_optlc_29493	0	0.530864
PLACE_optlc_27139	0	0.518519
PLACE_optlc_32764	0	1.55556
PLACE_optlc_36941	0	0.555556
datamem/U2998	0	0.555147
datamem/U1524	0	0.822755
PLACE_optlc_32634	0	1.48148
PLACE_optlc_34511	0	0.555556
PLACE_optlc_34196	0	0.555556
PLACE_optlc_37743	0	1.55556
PLACE_optlc_33560	0	1.55556
PLACE_optlc_30945	0	1.55556
PLACE_optlc_32986	0	0.444444
PLACE_optlc_34469	0	1.54321
datamem/ram_reg[192][1]	0	0.782596
datamem/ram_reg[48][8]	0	0.691354
datamem/ram_reg[126][4]	0	1.35738
PLACE_optlc_30749	0	1.53086
PLACE_optlc_32356	0	0.530864
PLACE_optlc_27417	0	1.55556
PLACE_optlc_38103	0	0.54321
PLACE_optlc_26784	0	2.49383
PLACE_optlc_34657	0	1.55556
PLACE_optlc_36706	0	0.530864
PLACE_optlc_34164	0	1.53086
PLACE_optlc_26946	0	1.54321
datamem/ram_reg[7][5]	0	1.14331
datamem/U1287	0	0.919552
PLACE_optlc_31388	0	0.54321
PLACE_optlc_28402	0	1.55556
PLACE_optlc_26239	0	0.54321
PLACE_optlc_37314	0	0.530864
PLACE_optlc_28109	0	0.54321
PLACE_optlc_28306	0	1.55556
datamem/ram_reg[179][14]	0	0.988056
datamem/U2555	0	1.40695
datamem/ram_reg[153][2]	0	2.18956
PLACE_optlc_29227	0	1.55556
PLACE_optlc_30707	0	1.51852
PLACE_optlc_34180	0	1.55556
PLACE_optlc_36523	0	0.555556
PLACE_optlc_33251	0	1.50617
PLACE_optlc_29320	0	0.45679
PLACE_optlc_34844	0	1.55556
PLACE_optlc_28298	0	1.55556
PLACE_optlc_32807	0	0.54321
datamem/ram_reg[132][10]	0	2.36078
datamem/ram_reg[2][0]	0	0.877404
datamem/ram_reg[217][4]	0	0.68365
PLACE_optlc_32529	0	1.55556
PLACE_optlc_34374	0	1.55556
PLACE_optlc_32294	0	1.54321
PLACE_optlc_28248	0	0.54321
PLACE_optlc_29929	0	0.518519
PLACE_optlc_34343	0	1.53086
PLACE_optlc_32465	0	0.54321
PLACE_optlc_31149	0	1.46914
datamem/ram_reg[218][13]	0	1.63009
datamem/ram_reg[137][2]	0	1.01714
datamem/ram_reg[205][1]	0	1.0881
PLACE_optlc_29559	0	0.54321
PLACE_optlc_31230	0	0.518519
PLACE_optlc_28399	0	1.55556
PLACE_optlc_28207	0	0.530864
PLACE_optlc_37367	0	1.55556
PLACE_optlc_27031	0	1.55556
PLACE_optlc_26409	0	1.55556
PLACE_optlc_36621	0	0.555556
PLACE_optlc_27765	0	0.518519
datamem/U3796	0	0.939302
datamem/U2529	0	0.866586
datamem/ram_reg[234][2]	0	0.537751
datamem/ram_reg[239][5]	0	1.51111
PLACE_optlc_36030	0	0.54321
PLACE_optlc_36773	0	0.555556
PLACE_optlc_32938	0	1.55556
PLACE_optlc_28073	0	0.530864
PLACE_optlc_34077	0	0.518519
PLACE_optlc_31282	0	1.55556
PLACE_optlc_27499	0	0.469136
PLACE_optlc_27840	0	0.518519
PLACE_optlc_33904	0	0.481481
PLACE_optlc_34835	0	0.530864
datamem/U4550	0	0.746651
datamem/ram_reg[117][4]	0	1.06447
datamem/ram_reg[48][13]	0	0.906767
datamem/ram_reg[30][6]	0	0.817716
datamem/ram_reg[67][12]	0	0.883044
datamem/ram_reg[6][14]	0	0.632126
PLACE_optlc_28657	0	1.54321
PLACE_optlc_31554	0	1.55556
PLACE_optlc_33873	0	0.469136
datamem/U4331	0	0.844853
datamem/ram_reg[129][2]	0	1.09473
datamem/U299	0	0.746011
datamem/ram_reg[120][6]	0	1.32186
datamem/ram_reg[135][6]	0	0.956015
datamem/ram_reg[55][3]	0	0.956678
datamem/ram_reg[239][8]	0	0.828958
PLACE_optlc_26470	0	1.55556
PLACE_optlc_36392	0	0.530864
PLACE_optlc_27517	0	0.555556
PLACE_optlc_31582	0	1.51852
PLACE_optlc_29265	0	1.54321
datamem/U4477	0	1.08626
datamem/U2903	0	1.16948
datamem/U3460	0	0.719128
datamem/ram_reg[224][11]	0	1.60188
datamem/U583	0	1.34638
datamem/ram_reg[168][7]	0	1.31659
datamem/ram_reg[216][10]	0	0.780116
datamem/U1303	0	0.992365
datamem/ram_reg[99][0]	0	0.860116
datamem/U468	0	1.02893
PLACE_optlc_28768	0	0.54321
PLACE_optlc_28876	0	0.54321
PLACE_optlc_25877	0	1.54321
PLACE_optlc_37097	0	0.555556
PLACE_optlc_30888	0	0.493827
PLACE_optlc_30745	0	0.530864
datamem/U568	0	1.88367
datamem/U2256	0	1.08306
datamem/ram_reg[185][2]	0	0.635613
datamem/ram_reg[196][7]	0	1.41419
PLACE_optlc_30401	0	1.55556
PLACE_optlc_30731	0	0.530864
PLACE_optlc_26740	0	0.518519
PLACE_optlc_26133	0	0.530864
PLACE_optlc_26992	0	0.54321
datamem/ram_reg[22][12]	0	0.580829
datamem/ram_reg[237][9]	0	0.860718
PLACE_optlc_28889	0	0.481481
PLACE_optlc_28600	0	1.54321
datamem/ram_reg[93][9]	0	1.41351
datamem/U4011	0	0.551196
datamem/ram_reg[211][6]	0	1.32485
datamem/U2511	0	1.03908
datamem/ram_reg[81][9]	0	0.698522
datamem/ram_reg[65][12]	0	0.809865
datamem/ram_reg[64][5]	0	0.713148
datamem/U2770	0	0.636254
datamem/U4494	0	1.03915
datamem/U422	0	0.582076
datamem/U3252	0	0.659772
datamem/ram_reg[8][6]	0	0.930822
PLACE_optlc_34637	0	0.555556
PLACE_optlc_27818	0	1.54321
PLACE_optlc_31998	0	0.518519
PLACE_optlc_35929	0	1.54321
datamem/U3615	0	0.730633
datamem/ram_reg[48][7]	0	0.941508
datamem/U778	0	0.693272
datamem/ram_reg[79][15]	0	0.729514
datamem/ram_reg[129][0]	0	1.16702
PLACE_optlc_34792	0	0.555556
PLACE_optlc_29455	0	0.54321
datamem/ram_reg[205][6]	0	0.620965
datamem/ram_reg[18][8]	0	0.714425
datamem/ram_reg[41][9]	0	1.64367
PLACE_optlc_27158	0	1.55556
PLACE_optlc_38152	0	0.555556
PLACE_optlc_27006	0	0.481481
PLACE_optlc_38167	0	1.55556
datamem/U4213	0	0.863268
datamem/U3898	0	1.84355
datamem/U1620	0	0.895123
PLACE_optlc_35554	0	0.555556
PLACE_optlc_35227	0	1.55556
PLACE_optlc_33310	0	0.530864
PLACE_optlc_37530	0	0.555556
PLACE_optlc_35921	0	0.555556
PLACE_optlc_37463	0	0.555556
PLACE_optlc_36294	0	0.555556
datamem/U2399	0	1.21582
datamem/ram_reg[112][9]	0	1.55508
PLACE_optlc_35448	0	0.555556
PLACE_optlc_31621	0	0.481481
PLACE_optlc_35011	0	0.555556
datamem/U4431	0	0.80549
datamem/U122	0	1.25704
datamem/U4647	0	0.820791
datamem/ram_reg[69][4]	0	0.704383
datamem/U124	0	1.17826
datamem/U1458	0	0.841262
PLACE_optlc_28197	0	1.55556
PLACE_optlc_28084	0	0.54321
datamem/ram_reg[186][1]	0	1.3697
datamem/ram_reg[71][10]	0	0.818503
datamem/U4334	0	0.752477
datamem/U3990	0	1.18371
datamem/U142	0	0.591235
PLACE_optlc_28726	0	1.53086
PLACE_optlc_26823	0	0.444444
PLACE_optlc_32403	0	0.54321
PLACE_optlc_36837	0	0.555556
PLACE_optlc_34822	0	0.555556
PLACE_optlc_33393	0	1.55556
PLACE_optlc_34915	0	0.530864
PLACE_optlc_38163	0	0.530864
datamem/U748	0	0.776752
PLACE_optlc_33169	0	0.54321
PLACE_optlc_36548	0	0.555556
PLACE_optlc_31286	0	0.54321
PLACE_optlc_35502	0	0.555556
PLACE_optlc_32677	0	0.54321
PLACE_optlc_29130	0	0.54321
PLACE_optlc_31847	0	1.55556
PLACE_optlc_29567	0	0.54321
PLACE_optlc_34306	0	1.51852
PLACE_optlc_35031	0	0.444444
PLACE_optlc_30499	0	0.530864
PLACE_optlc_27982	0	1.55556
datamem/ram_reg[102][11]	0	1.38185
PLACE_optlc_29254	0	1.55556
PLACE_optlc_28751	0	0.54321
PLACE_optlc_27817	0	1.55556
PLACE_optlc_28538	0	1.53086
PLACE_optlc_26250	0	0.54321
PLACE_optlc_31833	0	1.55556
datamem/U3945	0	0.662982
datamem/ram_reg[10][9]	0	1.17312
datamem/ram_reg[195][1]	0	0.858974
datamem/U2337	0	1.44736
datamem/U3348	0	0.876512
datamem/U4231	0	0.984892
datamem/U3554	0	1.19669
PLACE_optlc_33681	0	1.55556
PLACE_optlc_27709	0	1.55556
PLACE_optlc_35516	0	0.555556
PLACE_optlc_36784	0	0.555556
PLACE_optlc_29706	0	1.54321
PLACE_optlc_32054	0	0.493827
PLACE_optlc_35295	0	0.555556
datamem/U4074	0	1.52715
datamem/U655	0	1.60606
datamem/U1475	0	1.30298
datamem/U1791	0	0.693202
datamem/U3958	0	1.91482
datamem/ram_reg[197][8]	0	1.16461
datamem/ram_reg[25][1]	0	1.41677
datamem/U549	0	0.823256
datamem/ram_reg[241][13]	0	0.934622
PLACE_optlc_35980	0	2.50617
PLACE_optlc_27810	0	1.55556
PLACE_optlc_31913	0	0.530864
PLACE_optlc_31376	0	0.54321
PLACE_optlc_28608	0	0.518519
PLACE_optlc_26831	0	0.54321
PLACE_optlc_30228	0	0.518519
datamem/U4067	0	1.02721
datamem/U1189	0	0.749603
datamem/ram_reg[36][12]	0	0.802002
datamem/U2120	0	0.53544
datamem/U9	0	0.772415
PLACE_optlc_32322	0	1.55556
PLACE_optlc_36785	0	0.493827
PLACE_optlc_29779	0	1.53086
PLACE_optlc_37955	0	0.469136
PLACE_optlc_37323	0	0.555556
PLACE_optlc_35820	0	1.54321
PLACE_optlc_32129	0	1.54321
datamem/ram_reg[253][7]	0	0.681196
datamem/ram_reg[160][8]	0	1.11414
datamem/ram_reg[131][1]	0	1.88796
datamem/ram_reg[81][5]	0	0.712562
datamem/ram_reg[77][4]	0	1.02152
PLACE_optlc_37612	0	0.481481
PLACE_optlc_30413	0	1.55556
PLACE_optlc_29612	0	1.54321
PLACE_optlc_32209	0	0.555556
PLACE_optlc_37046	0	1.55556
PLACE_optlc_26790	0	1.51852
PLACE_optlc_32514	0	1.54321
PLACE_optlc_30548	0	1.55556
PLACE_optlc_37250	0	1.51852
datamem/U4105	0	1.31471
datamem/U2449	0	1.49298
datamem/ram_reg[149][13]	0	0.570096
PLACE_optlc_33190	0	0.54321
PLACE_optlc_35932	0	0.530864
PLACE_optlc_34729	0	0.555556
PLACE_optlc_28280	0	0.54321
PLACE_optlc_29789	0	0.54321
PLACE_optlc_26927	0	1.50617
datamem/U191	0	1.00196
datamem/U945	0	0.803503
datamem/U1691	0	0.907118
PLACE_optlc_33385	0	1.50617
PLACE_optlc_30363	0	1.55556
PLACE_optlc_31066	0	1.51852
PLACE_optlc_29904	0	1.55556
datamem/U2910	0	1.29421
datamem/U3931	0	1.16651
datamem/ram_reg[132][0]	0	0.580008
datamem/U4544	0	1.25061
datamem/U3825	0	0.779136
datamem/ram_reg[150][14]	0	0.97115
datamem/ram_reg[203][15]	0	1.49224
PLACE_optlc_27451	0	0.506173
PLACE_optlc_26024	0	1.55556
PLACE_optlc_37042	0	1.55556
PLACE_optlc_29660	0	1.53086
PLACE_optlc_38280	0	0.469136
PLACE_optlc_34129	0	0.469136
PLACE_optlc_32453	0	0.45679
PLACE_optlc_33429	0	0.506173
PLACE_optlc_34246	0	0.530864
PLACE_optlc_29708	0	0.54321
PLACE_optlc_37373	0	0.469136
datamem/ram_reg[57][15]	0	0.749753
datamem/ram_reg[58][8]	0	1.14762
datamem/ram_reg[72][6]	0	0.90044
datamem/U3476	0	0.612303
datamem/ram_reg[69][11]	0	0.811173
datamem/ram_reg[8][5]	0	0.572334
PLACE_optlc_32579	0	0.518519
PLACE_optlc_36099	0	1.55556
PLACE_optlc_33954	0	1.53086
PLACE_optlc_26227	0	0.530864
PLACE_optlc_29123	0	0.518519
PLACE_optlc_27702	0	0.530864
PLACE_optlc_35802	0	0.555556
PLACE_optlc_29197	0	0.493827
PLACE_optlc_35807	0	0.555556
PLACE_optlc_35623	0	1.55556
PLACE_optlc_32745	0	0.555556
PLACE_optlc_38087	0	1.49383
datamem/ram_reg[152][15]	0	0.559618
datamem/U4238	0	1.15926
datamem/U2282	0	0.779556
datamem/ram_reg[17][12]	0	0.654576
datamem/U38	0	0.586937
PLACE_optlc_33633	0	0.518519
PLACE_optlc_36572	0	0.481481
PLACE_optlc_27441	0	1.46914
PLACE_optlc_36892	0	1.55556
PLACE_optlc_33791	0	1.48148
PLACE_optlc_27932	0	0.506173
PLACE_optlc_36420	0	0.493827
PLACE_optlc_36988	0	0.530864
datamem/U2728	0	0.630853
datamem/ram_reg[156][2]	0	1.13017
datamem/U1164	0	1.28859
datamem/ram_reg[144][5]	0	1.14358
datamem/ram_reg[72][3]	0	1.37819
PLACE_optlc_33312	0	0.493827
PLACE_optlc_34533	0	0.555556
PLACE_optlc_33976	0	1.49383
PLACE_optlc_26417	0	1.55556
datamem/U2372	0	0.762296
PLACE_optlc_28819	0	1.55556
PLACE_optlc_31737	0	0.518519
PLACE_optlc_27538	0	1.55556
PLACE_optlc_28389	0	1.55556
PLACE_optlc_33603	0	0.45679
PLACE_optlc_37485	0	0.469136
PLACE_optlc_37587	0	1.55556
PLACE_optlc_25951	0	1.54321
datamem/ram_reg[76][0]	0	0.631061
datamem/ram_reg[241][9]	0	0.795671
datamem/ram_reg[95][7]	0	1.33097
datamem/U4299	0	0.591377
datamem/ram_reg[136][7]	0	1.67314
datamem/ram_reg[42][7]	0	0.824533
PLACE_optlc_31709	0	0.530864
PLACE_optlc_28986	0	0.518519
PLACE_optlc_33795	0	0.54321
PLACE_optlc_26209	0	0.54321
PLACE_optlc_27265	0	0.54321
PLACE_optlc_36625	0	0.555556
PLACE_optlc_31789	0	1.54321
PLACE_optlc_37478	0	0.530864
PLACE_optlc_26332	0	1.53086
PLACE_optlc_35136	0	1.53086
datamem/ram_reg[93][4]	0	0.602635
datamem/ram_reg[127][12]	0	1.13677
PLACE_optlc_26218	0	0.530864
PLACE_optlc_33679	0	1.51852
PLACE_optlc_27827	0	1.53086
PLACE_optlc_33089	0	0.518519
PLACE_optlc_32215	0	1.51852
PLACE_optlc_30250	0	1.55556
PLACE_optlc_38266	0	1.54321
PLACE_optlc_35790	0	1.55556
PLACE_optlc_26996	0	1.54321
PLACE_optlc_32368	0	1.51852
PLACE_optlc_34946	0	0.555556
PLACE_optlc_28009	0	0.518519
PLACE_optlc_31953	0	1.55556
PLACE_optlc_36364	0	1.53086
datamem/ram_reg[29][8]	0	0.785042
datamem/ram_reg[26][5]	0	0.648075
datamem/U1309	0	0.733418
PLACE_optlc_29606	0	1.50617
PLACE_optlc_33522	0	1.54321
PLACE_optlc_33354	0	1.51852
PLACE_optlc_36522	0	1.55556
PLACE_optlc_27478	0	1.55556
PLACE_optlc_31960	0	1.55556
datamem/U1295	0	0.74821
datamem/U3710	0	1.03794
datamem/U1225	0	0.573985
datamem/ram_reg[41][6]	0	1.64497
PLACE_optlc_35605	0	1.55556
PLACE_optlc_33937	0	1.54321
PLACE_optlc_37934	0	0.555556
PLACE_optlc_33054	0	1.55556
PLACE_optlc_29726	0	0.518519
PLACE_optlc_34762	0	1.53086
PLACE_optlc_33239	0	1.55556
PLACE_optlc_31050	0	0.506173
datamem/U3919	0	1.87645
datamem/ram_reg[145][13]	0	0.573638
datamem/ram_reg[34][14]	0	0.944938
datamem/ram_reg[30][8]	0	1.05095
datamem/ram_reg[26][15]	0	1.78603
datamem/U882	0	0.888299
datamem/ram_reg[166][11]	0	0.967728
datamem/U2176	0	1.33595
datamem/U998	0	0.941034
PLACE_optlc_25995	0	0.54321
PLACE_optlc_26379	0	1.51852
PLACE_optlc_35977	0	0.530864
PLACE_optlc_30059	0	0.518519
PLACE_optlc_35046	0	0.530864
datamem/U2481	0	1.8711
datamem/ram_reg[84][9]	0	0.566227
datamem/U4196	0	0.742704
datamem/ram_reg[227][3]	0	1.02797
datamem/U3046	0	0.951813
PLACE_optlc_29962	0	1.46914
PLACE_optlc_31769	0	0.530864
PLACE_optlc_31853	0	0.481481
PLACE_optlc_25714	0	0.54321
PLACE_optlc_29159	0	1.55556
PLACE_optlc_32754	0	1.51852
PLACE_optlc_35474	0	0.555556
datamem/ram_reg[58][14]	0	1.44251
datamem/ram_reg[123][7]	0	0.774645
datamem/ram_reg[250][5]	0	0.916755
datamem/U411	0	1.08557
datamem/ram_reg[89][0]	0	1.06165
PLACE_optlc_31544	0	0.481481
PLACE_optlc_31985	0	1.55556
PLACE_optlc_26311	0	1.54321
PLACE_optlc_37090	0	0.555556
PLACE_optlc_30219	0	1.55556
datamem/U1686	0	1.09498
datamem/U2389	0	1.00793
datamem/ram_reg[0][7]	0	1.15787
datamem/U4103	0	0.659657
SpareCell_3	0	0.867284
SpareCell_0	0	0.929012
SpareCell_1_1	0	1.67901
PLACE_optlc_8655	0	1.42901
datamem/ram_reg[77][8]	0	0.854977
PLACE_optlc_31136	0	0.54321
PLACE_optlc_32270	0	0.518519
PLACE_optlc_27357	0	1.51852
PLACE_optlc_31974	0	0.54321
PLACE_optlc_29935	0	0.54321
datamem/U1444	0	0.62738
datamem/ram_reg[231][14]	0	0.88784
datamem/U1397	0	1.48017
datamem/ram_reg[132][6]	0	0.729753
datamem/U152	0	0.946007
PLACE_optlc_26882	0	1.49383
PLACE_optlc_26819	0	1.55556
PLACE_optlc_31027	0	1.55556
PLACE_optlc_28454	0	1.51852
PLACE_optlc_35490	0	0.469136
PLACE_optlc_28669	0	0.518519
PLACE_optlc_31931	0	0.555556
datamem/U3573	0	1.61675
datamem/ram_reg[231][4]	0	1.89291
datamem/ram_reg[184][10]	0	0.76338
datamem/U2308	0	1.60659
datamem/U3715	0	0.792106
datamem/U2395	0	1.33262
datamem/U1917	0	0.803129
datamem/ram_reg[68][11]	0	0.93762
datamem/U2335	0	1.08763
datamem/ram_reg[223][0]	0	0.989703
PLACE_optlc_31855	0	0.444444
PLACE_optlc_36362	0	1.50617
PLACE_optlc_28188	0	0.506173
PLACE_optlc_28486	0	1.55556
PLACE_optlc_30882	0	1.48148
PLACE_optlc_31261	0	0.530864
PLACE_optlc_34529	0	1.53086
PLACE_optlc_33516	0	1.53086
PLACE_optlc_33511	0	0.54321
PLACE_optlc_34559	0	0.555556
datamem/ram_reg[99][2]	0	0.969799
datamem/ram_reg[178][15]	0	1.18008
datamem/ram_reg[45][5]	0	0.625
PLACE_optlc_29357	0	0.54321
PLACE_optlc_37464	0	1.55556
PLACE_optlc_34578	0	0.555556
PLACE_optlc_37678	0	0.493827
datamem/U4375	0	1.3673
datamem/U335	0	1.47952
datamem/ram_reg[37][2]	0	0.99034
datamem/ram_reg[144][15]	0	1.5704
PLACE_optlc_36313	0	1.54321
PLACE_optlc_28566	0	1.44444
PLACE_optlc_34397	0	0.530864
PLACE_optlc_36987	0	0.555556
PLACE_optlc_28835	0	1.55556
datamem/ram_reg[136][10]	0	2.02623
datamem/U751	0	1.14657
datamem/ram_reg[111][4]	0	1.48267
datamem/U2035	0	0.631204
datamem/U576	0	0.929958
PLACE_optlc_35040	0	0.469136
PLACE_optlc_37378	0	1.55556
PLACE_optlc_32350	0	1.46914
PLACE_optlc_30832	0	0.506173
datamem/U1306	0	0.860343
datamem/U1253	0	0.674005
datamem/ram_reg[110][4]	0	0.818947
datamem/U664	0	0.803511
PLACE_optlc_33448	0	1.51852
PLACE_optlc_33000	0	0.518519
PLACE_optlc_27135	0	1.41975
PLACE_optlc_29332	0	0.530864
PLACE_optlc_36252	0	0.469136
PLACE_optlc_38260	0	0.555556
PLACE_optlc_38332	0	0.555556
PLACE_optlc_31795	0	1.55556
datamem/ram_reg[186][6]	0	1.18671
PLACE_optlc_25941	0	0.419753
PLACE_optlc_32697	0	2.55556
PLACE_optlc_27064	0	0.530864
PLACE_optlc_31173	0	1.51852
PLACE_optlc_37236	0	1.55556
PLACE_optlc_37350	0	1.55556
PLACE_optlc_36307	0	1.55556
PLACE_optlc_31314	0	0.518519
PLACE_optlc_29236	0	1.50617
PLACE_optlc_27096	0	1.51852
PLACE_optlc_26028	0	1.53086
datamem/ram_reg[38][4]	0	1.05653
datamem/U454	0	1.20239
PLACE_optlc_35602	0	0.518519
PLACE_optlc_30205	0	0.54321
PLACE_optlc_27530	0	0.518519
PLACE_optlc_38140	0	0.555556
PLACE_optlc_29725	0	0.518519
PLACE_optlc_37315	0	0.555556
PLACE_optlc_37426	0	0.530864
PLACE_optlc_35992	0	0.54321
PLACE_optlc_34305	0	0.555556
PLACE_optlc_27390	0	1.55556
datamem/ram_reg[132][2]	0	1.00294
datamem/U3365	0	0.826165
datamem/ram_reg[106][0]	0	0.78635
PLACE_optlc_31682	0	0.45679
PLACE_optlc_30463	0	0.54321
PLACE_optlc_26257	0	1.53086
PLACE_optlc_29288	0	0.506173
PLACE_optlc_32509	0	1.53086
PLACE_optlc_28728	0	1.55556
datamem/U4606	0	1.74981
datamem/ram_reg[124][9]	0	1.29365
datamem/U1529	0	1.00796
datamem/ram_reg[50][13]	0	0.597523
datamem/ram_reg[205][7]	0	1.00006
PLACE_optlc_31584	0	0.54321
PLACE_optlc_33056	0	1.54321
PLACE_optlc_25849	0	1.55556
PLACE_optlc_29594	0	0.54321
PLACE_optlc_34371	0	0.530864
PLACE_optlc_37878	0	0.469136
datamem/ram_reg[168][15]	0	1.16892
datamem/ram_reg[31][15]	0	0.685212
datamem/ram_reg[76][15]	0	0.723453
PLACE_optlc_26481	0	1.53086
PLACE_optlc_28358	0	1.55556
PLACE_optlc_29328	0	0.518519
PLACE_optlc_29631	0	1.55556
PLACE_optlc_30824	0	0.469136
PLACE_optlc_33752	0	0.518519
PLACE_optlc_36043	0	1.55556
PLACE_optlc_38047	0	0.530864
datamem/U3014	0	0.578731
datamem/U551	0	1.56253
datamem/U1653	0	0.954483
datamem/U2611	0	1.5041
datamem/U4379	0	1.37645
datamem/U1375	0	1.16065
datamem/U1260	0	0.721636
datamem/U3530	0	1.58005
PLACE_optlc_36742	0	0.54321
PLACE_optlc_33138	0	1.55556
PLACE_optlc_25865	0	1.55556
PLACE_optlc_32767	0	0.506173
PLACE_optlc_35722	0	1.55556
PLACE_optlc_30789	0	1.55556
PLACE_optlc_26086	0	0.469136
PLACE_optlc_29819	0	0.54321
PLACE_optlc_38084	0	1.49383
PLACE_optlc_27416	0	0.54321
PLACE_optlc_33269	0	0.54321
datamem/U1856	0	1.39169
datamem/ram_reg[206][10]	0	0.636798
datamem/ram_reg[69][6]	0	0.718025
PLACE_optlc_30412	0	0.530864
PLACE_optlc_31245	0	0.54321
PLACE_optlc_29675	0	0.493827
PLACE_optlc_30935	0	1.55556
PLACE_optlc_25658	0	0.45679
PLACE_optlc_35778	0	1.54321
datamem/U321	0	1.04194
datamem/ram_reg[91][7]	0	0.658272
datamem/U1471	0	0.674379
datamem/U2709	0	0.565637
PLACE_optlc_32051	0	0.45679
PLACE_optlc_34973	0	1.55556
PLACE_optlc_27035	0	0.555556
PLACE_optlc_28126	0	0.518519
PLACE_optlc_27420	0	1.54321
PLACE_optlc_32348	0	1.54321
datamem/U630	0	1.49917
datamem/ram_reg[74][3]	0	0.784487
datamem/ram_reg[226][11]	0	0.624556
datamem/ram_reg[215][4]	0	0.945563
datamem/U1610	0	1.55037
datamem/ram_reg[63][2]	0	0.672396
datamem/U1174	0	1.24416
datamem/ram_reg[17][2]	0	0.681389
PLACE_optlc_33717	0	1.55556
PLACE_optlc_32384	0	1.55556
PLACE_optlc_31237	0	0.518519
PLACE_optlc_28088	0	0.518519
PLACE_optlc_27426	0	1.55556
PLACE_optlc_36370	0	0.530864
datamem/ram_reg[91][14]	0	0.944012
datamem/ram_reg[45][6]	0	0.837045
datamem/ram_reg[148][3]	0	0.814884
datamem/ram_reg[117][9]	0	0.703434
PLACE_optlc_27083	0	0.518519
PLACE_optlc_26196	0	1.51852
PLACE_optlc_36555	0	0.555556
PLACE_optlc_36438	0	0.493827
PLACE_optlc_28784	0	1.55556
datamem/U1046	0	0.832373
datamem/ram_reg[37][4]	0	0.616964
datamem/U3688	0	0.988611
datamem/U2765	0	1.001
datamem/ram_reg[184][5]	0	0.66517
datamem/U1057	0	0.664344
datamem/U1401	0	0.745918
PLACE_optlc_31206	0	1.54321
PLACE_optlc_30581	0	1.49383
PLACE_optlc_29491	0	0.481481
PLACE_optlc_26779	0	0.54321
PLACE_optlc_31681	0	1.55556
datamem/U1242	0	0.669892
datamem/U767	0	0.758434
datamem/ram_reg[64][15]	0	1.35706
datamem/U2468	0	1.17113
datamem/ram_reg[110][11]	0	0.872103
datamem/ram_reg[184][8]	0	1.07483
PLACE_optlc_37751	0	1.54321
PLACE_optlc_31021	0	1.55556
PLACE_optlc_34719	0	1.55556
PLACE_optlc_36741	0	1.55556
PLACE_optlc_38198	0	1.53086
PLACE_optlc_34459	0	0.555556
PLACE_optlc_33631	0	0.518519
PLACE_optlc_34766	0	0.530864
PLACE_optlc_37623	0	0.555556
datamem/U2824	0	0.736142
datamem/U3895	0	1.46006
datamem/ram_reg[244][12]	0	0.54907
PLACE_optlc_34804	0	0.481481
PLACE_optlc_31494	0	0.518519
PLACE_optlc_29823	0	1.50617
PLACE_optlc_36398	0	1.55556
datamem/ram_reg[147][4]	0	0.565278
datamem/ram_reg[241][1]	0	0.801285
datamem/ram_reg[114][0]	0	1.10221
datamem/ram_reg[212][12]	0	0.799383
PLACE_optlc_25807	0	1.53086
PLACE_optlc_30774	0	0.54321
PLACE_optlc_29440	0	0.481481
PLACE_optlc_38077	0	1.51852
PLACE_optlc_37704	0	0.506173
PLACE_optlc_36391	0	0.469136
datamem/U1725	0	1.21557
datamem/U1793	0	1.51086
PLACE_optlc_35399	0	0.555556
PLACE_optlc_36140	0	0.555556
PLACE_optlc_37329	0	0.555556
PLACE_optlc_26856	0	0.493827
datamem/ram_reg[50][3]	0	1.26481
datamem/ram_reg[189][1]	0	0.831007
datamem/U692	0	1.51769
datamem/U151	0	0.85539
datamem/U2000	0	1.37529
datamem/ram_reg[182][0]	0	0.97343
datamem/ram_reg[180][6]	0	0.748376
datamem/U476	0	0.659055
PLACE_optlc_30172	0	0.530864
PLACE_optlc_27539	0	0.45679
PLACE_optlc_32576	0	0.518519
PLACE_optlc_26474	0	0.54321
PLACE_optlc_25822	0	0.54321
PLACE_optlc_31626	0	0.518519
PLACE_optlc_32004	0	0.444444
PLACE_optlc_27526	0	0.518519
PLACE_optlc_31128	0	1.54321
datamem/ram_reg[202][7]	0	1.47119
datamem/U533	0	0.790478
datamem/ram_reg[132][7]	0	0.578796
PLACE_optlc_26798	0	1.55556
PLACE_optlc_30055	0	1.49383
PLACE_optlc_31690	0	1.55556
PLACE_optlc_27740	0	0.518519
PLACE_optlc_30651	0	0.493827
PLACE_optlc_34360	0	0.555556
PLACE_optlc_38069	0	0.555556
PLACE_optlc_30610	0	1.53086
PLACE_optlc_34983	0	0.555556
PLACE_optlc_35543	0	0.555556
PLACE_optlc_36101	0	0.469136
datamem/U645	0	1.49761
datamem/U3054	0	1.65787
datamem/U2637	0	0.633002
PLACE_optlc_31720	0	0.419753
PLACE_optlc_34205	0	1.53086
PLACE_optlc_27669	0	1.55556
PLACE_optlc_31677	0	1.49383
PLACE_optlc_31405	0	1.51852
PLACE_optlc_29326	0	1.54321
PLACE_optlc_36050	0	0.469136
PLACE_optlc_36695	0	0.555556
PLACE_optlc_25676	0	1.54321
PLACE_optlc_26818	0	0.45679
datamem/U918	0	1.06498
datamem/U4436	0	1.05612
datamem/U2231	0	0.829483
datamem/U486	0	1.44009
datamem/U3716	0	1.54164
datamem/U820	0	0.813167
datamem/ram_reg[35][0]	0	0.589923
datamem/U1255	0	1.22166
PLACE_optlc_31739	0	0.54321
PLACE_optlc_32333	0	1.55556
PLACE_optlc_28730	0	0.54321
PLACE_optlc_31604	0	0.54321
PLACE_optlc_34478	0	0.555556
PLACE_optlc_35876	0	0.555556
datamem/ram_reg[255][3]	0	0.957342
datamem/U1993	0	0.677585
datamem/U4186	0	1.5041
datamem/ram_reg[126][3]	0	1.09233
datamem/U3849	0	1.2873
datamem/U4113	0	1.09925
PLACE_optlc_28087	0	0.518519
PLACE_optlc_27100	0	1.55556
PLACE_optlc_28707	0	1.53086
PLACE_optlc_31342	0	1.55556
datamem/ram_reg[104][1]	0	0.582863
datamem/ram_reg[198][3]	0	0.618804
datamem/U1063	0	0.77414
PLACE_optlc_35292	0	1.55556
PLACE_optlc_26327	0	1.55556
PLACE_optlc_35129	0	0.555556
PLACE_optlc_33489	0	0.54321
PLACE_optlc_25798	0	1.55556
PLACE_optlc_28634	0	0.54321
PLACE_optlc_26356	0	0.54321
PLACE_optlc_32287	0	0.54321
datamem/U792	0	1.31223
datamem/U3662	0	1.17226
datamem/ram_reg[248][7]	0	0.79488
datamem/ram_reg[197][15]	0	0.998881
datamem/ram_reg[154][13]	0	1.0004
datamem/ram_reg[234][14]	0	0.60865
PLACE_optlc_33098	0	1.53086
PLACE_optlc_34947	0	0.555556
PLACE_optlc_37593	0	1.55556
PLACE_optlc_37050	0	0.555556
PLACE_optlc_29503	0	1.55556
PLACE_optlc_32826	0	0.469136
PLACE_optlc_32732	0	0.54321
PLACE_optlc_27688	0	1.55556
PLACE_optlc_35486	0	1.55556
PLACE_optlc_32748	0	0.45679
PLACE_optlc_32026	0	0.518519
datamem/U1660	0	1.43866
PLACE_optlc_37540	0	0.555556
PLACE_optlc_25826	0	1.55556
PLACE_optlc_33532	0	0.54321
PLACE_optlc_27716	0	1.55556
PLACE_optlc_29501	0	1.53086
PLACE_optlc_27960	0	0.54321
datamem/U2251	0	0.946655
datamem/ram_reg[179][11]	0	1.51401
datamem/ram_reg[43][14]	0	0.741177
datamem/ram_reg[108][2]	0	1.15846
PLACE_optlc_34629	0	1.55556
PLACE_optlc_28914	0	1.55556
PLACE_optlc_35053	0	0.555556
datamem/ram_reg[105][4]	0	1.10342
datamem/ram_reg[180][8]	0	0.559421
datamem/ram_reg[134][0]	0	0.638206
datamem/U4035	0	0.634205
datamem/U672	0	1.08539
datamem/ram_reg[45][15]	0	1.07562
datamem/U1342	0	0.864147
datamem/U674	0	1.15384
PLACE_optlc_35594	0	0.530864
PLACE_optlc_28800	0	1.54321
PLACE_optlc_30759	0	1.54321
PLACE_optlc_37228	0	0.469136
PLACE_optlc_30057	0	1.53086
PLACE_optlc_36428	0	0.481481
PLACE_optlc_36685	0	1.55556
PLACE_optlc_34576	0	1.46914
PLACE_optlc_34728	0	1.54321
PLACE_optlc_37014	0	0.555556
PLACE_optlc_30482	0	0.54321
datamem/U3235	0	0.979522
datamem/ram_reg[254][1]	0	1.02372
datamem/U311	0	1.2448
datamem/ram_reg[164][9]	0	0.665864
datamem/ram_reg[240][6]	0	0.822566
PLACE_optlc_36278	0	0.555556
PLACE_optlc_37904	0	1.55556
PLACE_optlc_32440	0	1.55556
PLACE_optlc_31678	0	0.530864
PLACE_optlc_34120	0	0.469136
PLACE_optlc_27535	0	0.518519
PLACE_optlc_35808	0	0.555556
PLACE_optlc_26330	0	0.54321
PLACE_optlc_27337	0	0.54321
PLACE_optlc_37525	0	0.469136
datamem/U3338	0	0.816921
datamem/U2621	0	1.01199
datamem/U3419	0	1.29854
datamem/U819	0	0.620617
datamem/U2471	0	1.40186
datamem/U2129	0	1.0277
datamem/ram_reg[183][2]	0	1.31476
datamem/U2011	0	0.973785
PLACE_optlc_28382	0	0.506173
PLACE_optlc_30635	0	0.54321
PLACE_optlc_35595	0	0.444444
PLACE_optlc_28428	0	1.55556
datamem/ram_reg[173][13]	0	0.69103
datamem/ram_reg[47][15]	0	1.18983
datamem/ram_reg[213][12]	0	0.956852
datamem/ram_reg[158][3]	0	0.965062
PLACE_optlc_37299	0	0.555556
PLACE_optlc_30550	0	0.506173
PLACE_optlc_25944	0	0.54321
PLACE_optlc_35341	0	1.55556
PLACE_optlc_31364	0	0.506173
PLACE_optlc_33137	0	1.55556
PLACE_optlc_32251	0	0.45679
PLACE_optlc_29936	0	0.54321
datamem/U2425	0	1.13803
datamem/ram_reg[244][10]	0	1.18897
datamem/U1390	0	0.99034
datamem/U3370	0	0.747793
PLACE_optlc_30086	0	0.518519
PLACE_optlc_28846	0	1.51852
PLACE_optlc_27358	0	1.55556
PLACE_optlc_28865	0	0.530864
PLACE_optlc_27062	0	0.518519
PLACE_optlc_37814	0	0.555556
PLACE_optlc_28361	0	0.45679
PLACE_optlc_31920	0	0.506173
PLACE_optlc_31521	0	0.54321
PLACE_optlc_32396	0	0.518519
datamem/U2319	0	1.60618
datamem/ram_reg[151][5]	0	2.31422
datamem/U390	0	1.21355
PLACE_optlc_33005	0	1.55556
PLACE_optlc_30734	0	0.45679
PLACE_optlc_28512	0	1.55556
PLACE_optlc_30306	0	0.54321
PLACE_optlc_26871	0	0.469136
PLACE_optlc_31255	0	0.407407
PLACE_optlc_28392	0	0.469136
PLACE_optlc_34530	0	1.55556
PLACE_optlc_28292	0	1.54321
PLACE_optlc_26909	0	1.55556
PLACE_optlc_30682	0	1.54321
PLACE_optlc_31914	0	0.469136
PLACE_optlc_27660	0	1.53086
datamem/U2396	0	1.08012
datamem/ram_reg[33][4]	0	1.29242
datamem/ram_reg[189][10]	0	1.57155
datamem/U1882	0	1.03646
datamem/U2391	0	1.05524
PLACE_optlc_25788	0	0.432099
PLACE_optlc_27059	0	0.493827
PLACE_optlc_33514	0	1.55556
PLACE_optlc_35314	0	1.55556
PLACE_optlc_38210	0	1.55556
PLACE_optlc_36480	0	0.469136
PLACE_optlc_35609	0	1.53086
PLACE_optlc_31574	0	1.54321
PLACE_optlc_26305	0	0.530864
PLACE_optlc_29449	0	0.530864
datamem/ram_reg[154][9]	0	0.550073
datamem/ram_reg[197][12]	0	0.624742
PLACE_optlc_30288	0	0.481481
PLACE_optlc_35068	0	1.50617
PLACE_optlc_38287	0	0.45679
PLACE_optlc_27352	0	1.55556
datamem/ram_reg[35][11]	0	0.536809
datamem/ram_reg[99][11]	0	0.987396
datamem/U3586	0	0.974726
datamem/ram_reg[140][14]	0	0.683962
datamem/U2664	0	0.969379
PLACE_optlc_36133	0	0.555556
PLACE_optlc_28205	0	0.530864
PLACE_optlc_38310	0	0.555556
PLACE_optlc_38363	0	0.469136
PLACE_optlc_37617	0	1.55556
PLACE_optlc_37843	0	1.55556
PLACE_optlc_33733	0	1.53086
PLACE_optlc_28101	0	0.54321
PLACE_optlc_32896	0	0.395062
PLACE_optlc_36285	0	1.55556
datamem/U2062	0	1.50713
datamem/U908	0	1.27696
datamem/ram_reg[241][0]	0	0.807454
datamem/U3737	0	0.980397
PLACE_optlc_29121	0	0.506173
PLACE_optlc_37747	0	1.55556
datamem/ram_reg[48][5]	0	1.46107
datamem/U4250	0	1.11014
datamem/ram_reg[54][0]	0	1.07522
PLACE_optlc_29826	0	0.518519
PLACE_optlc_34251	0	0.555556
PLACE_optlc_34830	0	0.555556
PLACE_optlc_30966	0	0.518519
PLACE_optlc_27266	0	1.50617
PLACE_optlc_26211	0	0.45679
PLACE_optlc_33929	0	1.51852
PLACE_optlc_30691	0	1.55556
PLACE_optlc_34283	0	0.555556
datamem/U1141	0	0.664421
datamem/ram_reg[107][0]	0	1.25356
datamem/U4353	0	1.39102
datamem/ram_reg[81][7]	0	0.786748
datamem/U4620	0	0.618391
PLACE_optlc_33883	0	1.55556
PLACE_optlc_38278	0	0.555556
PLACE_optlc_30185	0	1.55556
PLACE_optlc_33753	0	0.518519
PLACE_optlc_30234	0	1.53086
datamem/ram_reg[160][5]	0	0.613715
PLACE_optlc_31874	0	0.54321
PLACE_optlc_32735	0	1.54321
PLACE_optlc_31592	0	0.54321
PLACE_optlc_36261	0	0.469136
PLACE_optlc_34175	0	0.555556
PLACE_optlc_27902	0	1.53086
PLACE_optlc_25696	0	0.518519
PLACE_optlc_29127	0	1.54321
PLACE_optlc_33819	0	0.54321
PLACE_optlc_36132	0	0.555556
PLACE_optlc_31836	0	1.50617
PLACE_optlc_34274	0	0.555556
PLACE_optlc_30852	0	0.45679
PLACE_optlc_27762	0	1.55556
datamem/ram_reg[109][6]	0	1.15516
datamem/U1045	0	0.665532
datamem/ram_reg[87][7]	0	1.02168
datamem/U4508	0	0.876547
PLACE_optlc_31502	0	0.518519
PLACE_optlc_28988	0	1.55556
PLACE_optlc_27708	0	1.53086
PLACE_optlc_29587	0	1.55556
PLACE_optlc_28264	0	1.55556
datamem/U3142	0	1.1333
datamem/U2681	0	0.786995
datamem/U1955	0	0.973638
datamem/ram_reg[85][15]	0	0.564448
datamem/ram_reg[121][0]	0	0.690316
datamem/ram_reg[254][6]	0	0.692149
datamem/ram_reg[155][9]	0	0.577018
datamem/U2813	0	1.05139
datamem/ram_reg[230][3]	0	0.936397
PLACE_optlc_33859	0	0.54321
PLACE_optlc_32812	0	0.54321
PLACE_optlc_30892	0	0.54321
PLACE_optlc_26910	0	1.55556
PLACE_optlc_35362	0	1.55556
PLACE_optlc_36028	0	0.555556
PLACE_optlc_28781	0	1.49383
PLACE_optlc_31330	0	0.54321
datamem/U3333	0	1.1733
datamem/ram_reg[66][2]	0	1.12896
datamem/U634	0	0.847963
datamem/U3249	0	1.01075
datamem/U3867	0	0.609734
datamem/U1935	0	1.74993
datamem/U3336	0	0.982542
PLACE_optlc_34035	0	0.54321
PLACE_optlc_28977	0	1.53086
PLACE_optlc_37063	0	0.555556
PLACE_optlc_36968	0	0.555556
PLACE_optlc_32531	0	0.530864
PLACE_optlc_36448	0	1.55556
datamem/U1903	0	1.58982
datamem/ram_reg[207][12]	0	0.889992
PLACE_optlc_34049	0	0.54321
PLACE_optlc_26665	0	1.55556
PLACE_optlc_35019	0	0.555556
PLACE_optlc_25694	0	1.55556
PLACE_optlc_27992	0	0.54321
PLACE_optlc_33561	0	0.45679
PLACE_optlc_27196	0	1.55556
datamem/ram_reg[117][13]	0	0.996968
datamem/ram_reg[221][8]	0	0.650899
datamem/ram_reg[194][12]	0	1.03321
datamem/ram_reg[94][14]	0	0.96005
datamem/U4367	0	0.961802
datamem/ram_reg[9][4]	0	1.79674
datamem/ram_reg[205][13]	0	0.618059
PLACE_optlc_33617	0	1.55556
PLACE_optlc_37340	0	0.555556
PLACE_optlc_35469	0	0.530864
PLACE_optlc_28480	0	1.55556
datamem/ram_reg[44][10]	0	1.1227
datamem/ram_reg[177][7]	0	0.560382
datamem/ram_reg[57][14]	0	0.945413
datamem/ram_reg[99][13]	0	1.95244
datamem/ram_reg[191][15]	0	0.855309
datamem/U3292	0	0.689348
datamem/U2976	0	0.987762
PLACE_optlc_37435	0	1.54321
PLACE_optlc_30221	0	1.55556
PLACE_optlc_28754	0	0.518519
PLACE_optlc_25792	0	1.55556
PLACE_optlc_33595	0	0.54321
datamem/U977	0	1.59985
datamem/ram_reg[128][2]	0	0.689498
datamem/U4227	0	1.10189
datamem/U1802	0	0.589533
datamem/U246	0	0.569796
datamem/U2547	0	1.09257
datamem/U3523	0	1.53538
datamem/U3262	0	1.49535
datamem/U3040	0	0.76848
PLACE_optlc_31635	0	0.518519
PLACE_optlc_36571	0	0.555556
PLACE_optlc_28168	0	0.54321
PLACE_optlc_37279	0	1.55556
PLACE_optlc_27647	0	0.54321
datamem/ram_reg[21][9]	0	0.954171
datamem/ram_reg[13][10]	0	0.94314
datamem/U3954	0	0.809163
datamem/U2125	0	1.47213
PLACE_optlc_27014	0	1.55556
PLACE_optlc_36203	0	0.530864
PLACE_optlc_32005	0	0.481481
PLACE_optlc_31900	0	1.53086
PLACE_optlc_32061	0	0.54321
PLACE_optlc_36768	0	1.55556
PLACE_optlc_35325	0	1.53086
PLACE_optlc_36444	0	1.55556
PLACE_optlc_28853	0	1.54321
datamem/ram_reg[81][6]	0	0.683225
PLACE_optlc_29033	0	0.54321
PLACE_optlc_38216	0	0.555556
PLACE_optlc_27080	0	0.518519
PLACE_optlc_35788	0	0.530864
PLACE_optlc_32010	0	1.54321
PLACE_optlc_35509	0	0.469136
PLACE_optlc_35052	0	1.55556
PLACE_optlc_36095	0	1.55556
PLACE_optlc_29721	0	1.55556
datamem/U874	0	0.979398
PLACE_optlc_38161	0	1.49383
PLACE_optlc_28532	0	1.55556
PLACE_optlc_27922	0	1.53086
PLACE_optlc_37507	0	1.55556
datamem/U4643	0	0.899448
datamem/U1553	0	1.04592
datamem/ram_reg[79][14]	0	0.674591
PLACE_optlc_27502	0	0.54321
PLACE_optlc_30709	0	0.506173
PLACE_optlc_28864	0	0.54321
PLACE_optlc_37680	0	1.55556
PLACE_optlc_30780	0	1.54321
PLACE_optlc_33534	0	0.518519
datamem/ram_reg[31][13]	0	0.904371
datamem/U2281	0	0.870305
datamem/ram_reg[218][9]	0	1.06549
datamem/U829	0	0.724792
datamem/ram_reg[85][13]	0	0.858387
PLACE_optlc_29370	0	0.469136
PLACE_optlc_33355	0	1.51852
PLACE_optlc_27435	0	0.518519
PLACE_optlc_31130	0	1.55556
PLACE_optlc_37922	0	1.55556
datamem/ram_reg[232][2]	0	1.63318
datamem/U2799	0	1.04555
datamem/U3580	0	0.945355
datamem/U3469	0	1.3377
datamem/ram_reg[115][2]	0	0.892735
datamem/U2188	0	0.951157
datamem/ram_reg[70][2]	0	1.39963
PLACE_optlc_37662	0	1.54321
PLACE_optlc_28543	0	0.530864
PLACE_optlc_26419	0	1.53086
PLACE_optlc_34736	0	1.51852
PLACE_optlc_27724	0	1.55556
PLACE_optlc_37072	0	0.530864
PLACE_optlc_28403	0	1.55556
PLACE_optlc_28916	0	1.55556
PLACE_optlc_35579	0	1.55556
PLACE_optlc_38181	0	0.54321
PLACE_optlc_26517	0	0.54321
PLACE_optlc_37723	0	0.555556
PLACE_optlc_33189	0	0.518519
PLACE_optlc_35184	0	0.555556
PLACE_optlc_35344	0	0.54321
PLACE_optlc_31665	0	0.45679
PLACE_optlc_36363	0	0.555556
PLACE_optlc_28006	0	0.518519
PLACE_optlc_33249	0	1.55556
datamem/ram_reg[72][8]	0	1.63523
datamem/ram_reg[213][4]	0	0.814784
datamem/ram_reg[140][9]	0	1.00353
datamem/U574	0	0.694105
datamem/U1977	0	1.69416
datamem/U4625	0	0.956053
datamem/U3209	0	0.942558
PLACE_optlc_29362	0	1.55556
PLACE_optlc_37630	0	0.555556
PLACE_optlc_35012	0	0.555556
PLACE_optlc_31567	0	1.55556
PLACE_optlc_26683	0	0.518519
datamem/U1714	0	1.52394
datamem/ram_reg[1][6]	0	0.606752
datamem/ram_reg[153][14]	0	0.755953
datamem/ram_reg[129][14]	0	1.07922
datamem/ram_reg[213][1]	0	0.689101
datamem/U2418	0	0.9387
PLACE_optlc_33187	0	1.51852
PLACE_optlc_32902	0	1.55556
PLACE_optlc_31119	0	0.481481
PLACE_optlc_26058	0	0.481481
PLACE_optlc_25653	0	0.518519
PLACE_optlc_30391	0	0.54321
PLACE_optlc_29124	0	1.49383
datamem/U3264	0	0.772917
datamem/ram_reg[45][11]	0	1.46151
datamem/ram_reg[158][8]	0	0.927782
PLACE_optlc_29734	0	0.518519
PLACE_optlc_32243	0	1.51852
PLACE_optlc_35042	0	0.555556
datamem/ram_reg[10][0]	0	1.16204
datamem/ram_reg[76][7]	0	0.671979
datamem/U4007	0	1.53039
datamem/ram_reg[160][4]	0	0.848198
datamem/ram_reg[87][13]	0	0.861964
datamem/ram_reg[233][9]	0	0.793769
datamem/ram_reg[254][7]	0	0.996215
datamem/U182	0	0.704097
PLACE_optlc_33536	0	0.518519
PLACE_optlc_30915	0	1.54321
PLACE_optlc_26165	0	1.55556
PLACE_optlc_31134	0	1.50617
PLACE_optlc_35212	0	1.53086
PLACE_optlc_28618	0	0.54321
PLACE_optlc_28981	0	1.54321
PLACE_optlc_28022	0	0.555556
PLACE_optlc_29863	0	0.54321
PLACE_optlc_31287	0	0.54321
datamem/U1551	0	0.732697
datamem/U602	0	1.51804
datamem/U3880	0	0.686424
datamem/ram_reg[24][5]	0	1.33633
PLACE_optlc_26941	0	0.530864
PLACE_optlc_29020	0	1.53086
PLACE_optlc_31393	0	0.493827
PLACE_optlc_37674	0	0.530864
PLACE_optlc_30124	0	0.54321
PLACE_optlc_34885	0	0.555556
PLACE_optlc_26385	0	0.518519
PLACE_optlc_31560	0	0.493827
PLACE_optlc_30403	0	0.54321
PLACE_optlc_25965	0	1.53086
PLACE_optlc_38145	0	0.481481
PLACE_optlc_27578	0	1.54321
datamem/U865	0	0.847971
datamem/ram_reg[221][5]	0	1.29146
PLACE_optlc_36012	0	1.53086
PLACE_optlc_34755	0	0.530864
PLACE_optlc_32137	0	1.55556
PLACE_optlc_31318	0	0.530864
PLACE_optlc_35710	0	0.530864
PLACE_optlc_31304	0	1.55556
PLACE_optlc_31213	0	0.54321
PLACE_optlc_38108	0	0.555556
datamem/ram_reg[211][12]	0	1.05363
datamem/U2861	0	0.570509
datamem/ram_reg[169][13]	0	1.57867
datamem/U1804	0	1.60385
datamem/ram_reg[97][11]	0	1.22218
datamem/U4434	0	0.672666
PLACE_optlc_37858	0	0.555556
PLACE_optlc_36514	0	0.555556
PLACE_optlc_27501	0	1.55556
PLACE_optlc_36291	0	0.555556
PLACE_optlc_28166	0	1.54321
PLACE_optlc_34206	0	0.555556
datamem/U2737	0	0.626296
PLACE_optlc_26585	0	1.50617
PLACE_optlc_34078	0	1.51852
PLACE_optlc_34943	0	0.555556
PLACE_optlc_29776	0	1.55556
datamem/ram_reg[13][4]	0	1.19526
datamem/ram_reg[168][1]	0	1.28308
datamem/ram_reg[23][9]	0	1.48678
datamem/U2795	0	1.26184
datamem/U2082	0	0.696917
datamem/U3428	0	0.569259
datamem/ram_reg[49][10]	0	1.01074
datamem/U1436	0	0.944086
PLACE_optlc_33699	0	0.518519
PLACE_optlc_37328	0	0.555556
PLACE_optlc_25621	0	0.530864
PLACE_optlc_38071	0	1.53086
PLACE_optlc_26122	0	0.54321
datamem/ram_reg[154][11]	0	0.91522
datamem/ram_reg[127][15]	0	0.788858
datamem/ram_reg[174][6]	0	0.725517
datamem/ram_reg[196][1]	0	0.831752
datamem/ram_reg[30][11]	0	1.87678
datamem/ram_reg[235][9]	0	0.891127
datamem/U2542	0	0.554942
PLACE_optlc_31724	0	0.518519
PLACE_optlc_33258	0	0.518519
PLACE_optlc_36026	0	0.530864
PLACE_optlc_25985	0	0.54321
PLACE_optlc_31600	0	1.51852
PLACE_optlc_32392	0	1.46914
PLACE_optlc_32201	0	1.55556
datamem/U3577	0	1.70882
PLACE_optlc_26035	0	0.54321
PLACE_optlc_38125	0	0.493827
PLACE_optlc_37648	0	1.55556
PLACE_optlc_27611	0	0.54321
PLACE_optlc_27232	0	0.54321
PLACE_optlc_27576	0	1.54321
PLACE_optlc_31484	0	0.54321
PLACE_optlc_28910	0	0.469136
PLACE_optlc_37913	0	0.469136
PLACE_optlc_36459	0	0.530864
datamem/ram_reg[79][7]	0	0.563422
datamem/ram_reg[61][4]	0	0.609398
datamem/U293	0	1.22699
datamem/U4366	0	0.557353
PLACE_optlc_32581	0	1.55556
PLACE_optlc_27427	0	1.54321
PLACE_optlc_32106	0	0.518519
PLACE_optlc_29076	0	0.54321
PLACE_optlc_35784	0	1.46914
PLACE_optlc_27946	0	0.54321
PLACE_optlc_28660	0	1.55556
datamem/ram_reg[175][4]	0	1.01463
datamem/U806	0	0.760444
datamem/ram_reg[232][9]	0	0.568021
datamem/U3312	0	0.90512
datamem/ram_reg[249][4]	0	1.70098
PLACE_optlc_30617	0	1.55556
PLACE_optlc_34345	0	1.55556
PLACE_optlc_33571	0	1.55556
PLACE_optlc_29691	0	1.55556
PLACE_optlc_32338	0	0.54321
PLACE_optlc_36610	0	0.469136
PLACE_optlc_31384	0	0.506173
datamem/U1473	0	1.11573
datamem/U2553	0	0.805606
PLACE_optlc_26595	0	0.469136
PLACE_optlc_27574	0	1.55556
PLACE_optlc_35009	0	1.55556
PLACE_optlc_32972	0	0.518519
PLACE_optlc_26150	0	1.53086
PLACE_optlc_34597	0	0.555556
datamem/ram_reg[11][2]	0	1.40803
datamem/ram_reg[24][3]	0	0.718966
datamem/U2900	0	0.70189
datamem/U168	0	0.971146
PLACE_optlc_35629	0	0.555556
PLACE_optlc_33395	0	1.49383
PLACE_optlc_30111	0	1.55556
PLACE_optlc_34311	0	1.55556
PLACE_optlc_33165	0	0.518519
PLACE_optlc_37346	0	0.555556
PLACE_optlc_27945	0	0.45679
datamem/U3859	0	0.838268
datamem/U4586	0	0.811238
datamem/ram_reg[2][6]	0	0.604506
datamem/ram_reg[57][1]	0	0.81169
datamem/U4626	0	1.53108
datamem/U1581	0	1.2087
datamem/ram_reg[77][3]	0	0.758681
datamem/U1766	0	1.67342
datamem/ram_reg[200][13]	0	1.15579
datamem/U426	0	0.973272
PLACE_optlc_28778	0	1.44444
PLACE_optlc_26960	0	1.45679
PLACE_optlc_26270	0	0.469136
PLACE_optlc_35504	0	1.49383
PLACE_optlc_30070	0	1.55556
PLACE_optlc_30082	0	1.54321
datamem/U1197	0	0.845386
datamem/ram_reg[16][2]	0	0.665509
datamem/U3537	0	0.836493
datamem/ram_reg[49][4]	0	1.34742
PLACE_optlc_26937	0	1.51852
PLACE_optlc_37886	0	0.54321
PLACE_optlc_28497	0	1.54321
PLACE_optlc_36279	0	0.555556
PLACE_optlc_30514	0	0.45679
datamem/ram_reg[58][1]	0	0.820883
datamem/ram_reg[98][2]	0	0.731647
datamem/ram_reg[213][13]	0	1.08513
datamem/U4167	0	1.09494
datamem/U897	0	0.606103
PLACE_optlc_38123	0	0.469136
PLACE_optlc_31924	0	1.41975
PLACE_optlc_35748	0	0.555556
PLACE_optlc_33173	0	1.53086
PLACE_optlc_32628	0	0.54321
datamem/ram_reg[110][13]	0	0.708816
datamem/ram_reg[188][9]	0	0.713391
datamem/U440	0	1.78545
datamem/ram_reg[141][2]	0	1.19519
datamem/ram_reg[196][15]	0	1.71913
datamem/ram_reg[139][13]	0	0.759101
datamem/ram_reg[214][7]	0	2.72156
datamem/ram_reg[26][0]	0	0.727025
PLACE_optlc_29554	0	1.55556
PLACE_optlc_36791	0	0.469136
PLACE_optlc_37043	0	0.555556
PLACE_optlc_28113	0	0.54321
PLACE_optlc_28123	0	0.481481
PLACE_optlc_25617	0	1.51852
PLACE_optlc_31598	0	1.54321
PLACE_optlc_29085	0	1.54321
PLACE_optlc_31980	0	0.54321
datamem/ram_reg[133][11]	0	0.703013
datamem/ram_reg[107][15]	0	0.944421
datamem/U554	0	1.38578
PLACE_optlc_36657	0	0.555556
PLACE_optlc_26019	0	0.518519
PLACE_optlc_30918	0	1.55556
PLACE_optlc_34644	0	0.555556
datamem/U3722	0	0.836227
datamem/U1472	0	1.0565
datamem/ram_reg[107][2]	0	1.33848
datamem/U26	0	1.04219
datamem/U202	0	1.90791
PLACE_optlc_29683	0	0.54321
PLACE_optlc_34490	0	1.55556
PLACE_optlc_28443	0	0.506173
PLACE_optlc_29714	0	1.55556
PLACE_optlc_30609	0	1.49383
datamem/U1382	0	1.2003
datamem/U3757	0	0.899394
datamem/ram_reg[170][3]	0	1.15259
datamem/U438	0	1.23968
datamem/ram_reg[158][1]	0	0.979572
datamem/ram_reg[22][7]	0	0.873025
datamem/ram_reg[76][3]	0	1.6511
PLACE_optlc_35288	0	0.555556
PLACE_optlc_31718	0	1.54321
PLACE_optlc_38072	0	0.481481
PLACE_optlc_34499	0	0.555556
PLACE_optlc_35967	0	0.555556
PLACE_optlc_38284	0	0.555556
PLACE_optlc_32158	0	0.54321
PLACE_optlc_35450	0	1.54321
PLACE_optlc_32833	0	0.45679
PLACE_optlc_25862	0	1.55556
PLACE_optlc_35006	0	0.469136
datamem/ram_reg[81][11]	0	0.714888
datamem/ram_reg[252][7]	0	1.41057
PLACE_optlc_29424	0	0.45679
PLACE_optlc_26780	0	0.54321
PLACE_optlc_35081	0	0.530864
PLACE_optlc_36821	0	0.530864
PLACE_optlc_29004	0	1.46914
datamem/ram_reg[233][0]	0	0.575536
datamem/U4004	0	1.33599
datamem/ram_reg[204][3]	0	0.915417
datamem/ram_reg[61][12]	0	1.03448
datamem/U240	0	0.722056
PLACE_optlc_33038	0	0.54321
PLACE_optlc_26580	0	1.54321
PLACE_optlc_31700	0	1.55556
PLACE_optlc_38305	0	0.518519
PLACE_optlc_29909	0	0.54321
PLACE_optlc_34242	0	1.53086
datamem/U891	0	1.87521
PLACE_optlc_31972	0	1.55556
PLACE_optlc_31041	0	1.55556
PLACE_optlc_32715	0	1.55556
PLACE_optlc_35719	0	0.555556
PLACE_optlc_32650	0	1.49383
PLACE_optlc_33076	0	0.506173
PLACE_optlc_28442	0	0.45679
PLACE_optlc_27609	0	1.55556
datamem/U1396	0	1.25019
datamem/U3070	0	1.18302
PLACE_optlc_36838	0	1.55556
PLACE_optlc_31121	0	0.54321
PLACE_optlc_26606	0	0.54321
PLACE_optlc_27976	0	0.54321
PLACE_optlc_30324	0	0.54321
datamem/U825	0	0.904475
datamem/ram_reg[72][13]	0	1.23615
datamem/U1443	0	0.615721
PLACE_optlc_29313	0	0.518519
PLACE_optlc_27244	0	1.53086
PLACE_optlc_36039	0	1.46914
PLACE_optlc_26469	0	0.54321
PLACE_optlc_32591	0	1.55556
PLACE_optlc_30690	0	0.518519
PLACE_optlc_27989	0	1.55556
PLACE_optlc_30266	0	1.51852
PLACE_optlc_25729	0	1.50617
PLACE_optlc_37647	0	0.530864
datamem/U4209	0	1.0791
datamem/U1269	0	0.688816
datamem/ram_reg[158][6]	0	0.984487
datamem/ram_reg[40][6]	0	1.71579
PLACE_optlc_30349	0	1.51852
PLACE_optlc_34816	0	1.48148
PLACE_optlc_32120	0	0.506173
PLACE_optlc_36651	0	0.481481
PLACE_optlc_29670	0	1.55556
PLACE_optlc_35831	0	1.55556
PLACE_optlc_33314	0	1.55556
PLACE_optlc_36327	0	0.555556
PLACE_optlc_36357	0	0.555556
PLACE_optlc_31873	0	0.469136
datamem/U44	0	0.862508
datamem/U1311	0	0.756404
datamem/U4202	0	1.51745
datamem/ram_reg[9][13]	0	0.639417
datamem/U1050	0	1.30287
datamem/U2141	0	1.21991
datamem/ram_reg[195][8]	0	0.596362
PLACE_optlc_29390	0	0.54321
PLACE_optlc_27238	0	1.54321
datamem/U3359	0	0.687311
datamem/U1107	0	1.12744
datamem/U2782	0	1.27282
datamem/U2349	0	0.715004
PLACE_optlc_28872	0	1.55556
PLACE_optlc_26496	0	1.54321
PLACE_optlc_32102	0	0.54321
PLACE_optlc_35637	0	1.55556
PLACE_optlc_28514	0	1.55556
datamem/U3856	0	0.717828
datamem/ram_reg[156][7]	0	0.926547
datamem/U2899	0	0.787261
PLACE_optlc_29557	0	0.530864
PLACE_optlc_28430	0	1.45679
PLACE_optlc_29903	0	0.518519
PLACE_optlc_33377	0	1.45679
PLACE_optlc_38207	0	0.555556
PLACE_optlc_26083	0	1.55556
PLACE_optlc_37932	0	0.555556
datamem/ram_reg[185][13]	0	0.966119
datamem/U172	0	0.809437
datamem/U4524	0	0.882407
datamem/U3153	0	0.713634
datamem/U1587	0	1.25497
datamem/U3694	0	1.44319
datamem/U2859	0	0.60929
datamem/ram_reg[144][13]	0	1.3714
datamem/ram_reg[126][5]	0	0.637593
datamem/U1316	0	1.77287
datamem/U3831	0	1.0089
datamem/U3539	0	0.976852
PLACE_optlc_32851	0	0.54321
PLACE_optlc_34544	0	1.55556
PLACE_optlc_27928	0	1.40741
PLACE_optlc_33360	0	1.54321
PLACE_optlc_33171	0	0.518519
PLACE_optlc_36936	0	0.469136
datamem/ram_reg[94][2]	0	0.919321
datamem/U2864	0	0.68441
datamem/U3520	0	0.739923
datamem/ram_reg[234][0]	0	0.802569
datamem/ram_reg[162][2]	0	0.660085
PLACE_optlc_30043	0	0.481481
PLACE_optlc_27332	0	0.530864
PLACE_optlc_36244	0	0.555556
PLACE_optlc_38093	0	1.55556
PLACE_optlc_28062	0	1.53086
PLACE_optlc_31051	0	1.44444
PLACE_optlc_27187	0	0.481481
PLACE_optlc_32307	0	0.493827
datamem/U2311	0	0.606289
datamem/ram_reg[229][11]	0	0.831821
datamem/ram_reg[242][7]	0	1.15762
PLACE_optlc_28732	0	1.55556
PLACE_optlc_33100	0	1.55556
PLACE_optlc_37040	0	1.55556
PLACE_optlc_37305	0	1.55556
datamem/U2866	0	0.578025
datamem/ram_reg[212][1]	0	1.30513
datamem/ram_reg[8][1]	0	1.48642
datamem/ram_reg[159][14]	0	0.822218
PLACE_optlc_34776	0	0.555556
PLACE_optlc_33457	0	0.530864
PLACE_optlc_35027	0	0.518519
PLACE_optlc_35179	0	0.530864
PLACE_optlc_32072	0	0.54321
PLACE_optlc_34561	0	0.506173
PLACE_optlc_35237	0	0.555556
datamem/ram_reg[194][9]	0	1.24123
datamem/ram_reg[158][5]	0	1.6177
datamem/ram_reg[29][9]	0	0.709321
PLACE_optlc_34395	0	0.555556
PLACE_optlc_25875	0	0.555556
PLACE_optlc_33374	0	0.530864
PLACE_optlc_35532	0	1.55556
PLACE_optlc_31169	0	1.55556
PLACE_optlc_34645	0	1.53086
PLACE_optlc_35374	0	0.530864
PLACE_optlc_33099	0	0.518519
datamem/ram_reg[86][11]	0	0.98233
datamem/U3443	0	0.909213
datamem/U4263	0	0.985968
datamem/ram_reg[182][14]	0	0.645972
datamem/U2670	0	0.814155
PLACE_optlc_36599	0	0.555556
PLACE_optlc_33049	0	1.54321
PLACE_optlc_27996	0	0.469136
PLACE_optlc_26228	0	1.55556
PLACE_optlc_28919	0	1.55556
datamem/U3548	0	0.55662
datamem/U2797	0	1.1478
datamem/U3169	0	1.59897
datamem/ram_reg[102][8]	0	0.761034
datamem/U471	0	0.856211
PLACE_optlc_36495	0	0.555556
PLACE_optlc_33327	0	0.518519
PLACE_optlc_34472	0	0.506173
PLACE_optlc_35938	0	0.555556
PLACE_optlc_38230	0	0.419753
PLACE_optlc_27794	0	1.55556
PLACE_optlc_34504	0	1.55556
PLACE_optlc_37594	0	0.481481
PLACE_optlc_37635	0	0.555556
PLACE_optlc_37838	0	1.55556
PLACE_optlc_26285	0	0.506173
PLACE_optlc_30666	0	0.506173
datamem/ram_reg[155][2]	0	1.2484
datamem/U3562	0	0.791103
PLACE_optlc_27282	0	1.53086
PLACE_optlc_26162	0	1.55556
PLACE_optlc_37045	0	0.555556
PLACE_optlc_32220	0	1.53086
PLACE_optlc_37852	0	0.555556
PLACE_optlc_29166	0	1.55556
PLACE_optlc_29870	0	0.54321
PLACE_optlc_29226	0	0.54321
PLACE_optlc_36188	0	1.55556
PLACE_optlc_28056	0	1.54321
PLACE_optlc_34344	0	0.555556
datamem/ram_reg[12][4]	0	0.583341
datamem/U1937	0	0.898206
datamem/ram_reg[71][12]	0	0.786856
PLACE_optlc_33814	0	1.55556
PLACE_optlc_37069	0	1.55556
PLACE_optlc_32260	0	0.518519
PLACE_optlc_32497	0	1.53086
PLACE_optlc_31028	0	1.55556
PLACE_optlc_32016	0	0.54321
PLACE_optlc_28734	0	1.53086
PLACE_optlc_33223	0	0.518519
datamem/ram_reg[187][7]	0	1.0384
datamem/ram_reg[102][5]	0	0.870455
PLACE_optlc_32947	0	1.55556
PLACE_optlc_31971	0	1.54321
PLACE_optlc_26182	0	0.54321
PLACE_optlc_35835	0	0.530864
PLACE_optlc_28692	0	0.518519
PLACE_optlc_30384	0	1.50617
PLACE_optlc_29713	0	1.53086
PLACE_optlc_28805	0	1.53086
datamem/U3228	0	0.548187
datamem/ram_reg[118][7]	0	0.806443
datamem/U3868	0	1.37057
datamem/ram_reg[192][7]	0	1.35177
PLACE_optlc_30143	0	1.55556
PLACE_optlc_27190	0	0.518519
PLACE_optlc_30271	0	0.54321
PLACE_optlc_31625	0	0.54321
PLACE_optlc_30742	0	0.518519
PLACE_optlc_25981	0	0.530864
PLACE_optlc_26477	0	0.54321
PLACE_optlc_26366	0	1.55556
PLACE_optlc_32953	0	0.54321
PLACE_optlc_30874	0	0.518519
PLACE_optlc_32777	0	1.51852
datamem/U2528	0	0.965355
datamem/ram_reg[46][10]	0	0.648465
datamem/U2655	0	0.617334
PLACE_optlc_38315	0	0.469136
PLACE_optlc_28029	0	1.53086
PLACE_optlc_27625	0	1.53086
PLACE_optlc_27085	0	0.54321
PLACE_optlc_26590	0	1.55556
PLACE_optlc_29861	0	1.51852
PLACE_optlc_30277	0	1.51852
PLACE_optlc_33669	0	1.55556
PLACE_optlc_37496	0	1.51852
PLACE_optlc_28099	0	0.54321
datamem/U3306	0	1.02139
datamem/U1032	0	0.786173
datamem/U3632	0	1.46981
datamem/ram_reg[195][12]	0	1.30587
datamem/ram_reg[148][4]	0	0.502774
datamem/U3400	0	0.843183
datamem/ram_reg[178][8]	0	1.017
datamem/ram_reg[54][7]	0	0.820494
datamem/ram_reg[189][7]	0	0.813854
datamem/ram_reg[210][6]	0	0.956238
datamem/ram_reg[238][8]	0	1.26885
PLACE_optlc_34362	0	1.55556
PLACE_optlc_35475	0	1.55556
PLACE_optlc_28337	0	0.481481
PLACE_optlc_31723	0	1.53086
PLACE_optlc_28195	0	1.55556
PLACE_optlc_35653	0	1.55556
PLACE_optlc_32768	0	1.55556
PLACE_optlc_26336	0	1.54321
PLACE_optlc_37541	0	1.55556
PLACE_optlc_37803	0	1.55556
PLACE_optlc_33743	0	0.54321
PLACE_optlc_26617	0	1.55556
datamem/ram_reg[246][4]	0	1.28069
datamem/U1850	0	0.757319
datamem/ram_reg[31][8]	0	1.6023
datamem/U406	0	0.610135
datamem/ram_reg[205][8]	0	0.976887
datamem/U2002	0	1.05455
PLACE_optlc_31927	0	1.55556
PLACE_optlc_36263	0	1.55556
datamem/U4236	0	1.27056
datamem/ram_reg[9][8]	0	1.16033
datamem/U1931	0	0.69463
datamem/ram_reg[73][5]	0	0.731991
datamem/U1477	0	0.806987
datamem/U1775	0	0.574329
datamem/ram_reg[237][14]	0	0.767319
datamem/ram_reg[31][3]	0	1.12369
datamem/U147	0	1.0076
PLACE_optlc_27019	0	0.530864
PLACE_optlc_32493	0	1.55556
PLACE_optlc_34862	0	0.555556
datamem/U3409	0	0.685833
datamem/U4218	0	0.785266
datamem/ram_reg[195][10]	0	1.28547
datamem/ram_reg[106][14]	0	0.525536
datamem/U2863	0	1.13446
PLACE_optlc_32595	0	1.55556
PLACE_optlc_29053	0	1.55556
PLACE_optlc_29737	0	0.518519
datamem/U534	0	1.15039
datamem/ram_reg[214][1]	0	1.23701
datamem/U1950	0	0.898731
datamem/ram_reg[72][15]	0	0.878557
datamem/ram_reg[171][4]	0	0.557504
datamem/ram_reg[64][13]	0	0.639869
datamem/ram_reg[150][2]	0	1.02281
PLACE_optlc_27036	0	1.54321
PLACE_optlc_32002	0	0.518519
PLACE_optlc_25747	0	1.55556
PLACE_optlc_31817	0	0.518519
PLACE_optlc_33484	0	1.50617
PLACE_optlc_35126	0	1.55556
PLACE_optlc_35086	0	1.55556
datamem/ram_reg[251][11]	0	0.593221
datamem/ram_reg[34][1]	0	1.21345
datamem/U3807	0	0.620887
datamem/U1438	0	0.931755
datamem/ram_reg[215][12]	0	1.63012
datamem/ram_reg[39][6]	0	1.37797
PLACE_optlc_29423	0	1.55556
PLACE_optlc_34456	0	1.53086
PLACE_optlc_26528	0	0.54321
PLACE_optlc_32743	0	1.53086
PLACE_optlc_26913	0	1.53086
PLACE_optlc_27166	0	1.54321
PLACE_optlc_34574	0	0.469136
PLACE_optlc_25858	0	1.55556
datamem/U3078	0	1.02493
datamem/ram_reg[164][2]	0	0.831165
datamem/U497	0	0.9312
datamem/ram_reg[190][7]	0	1.29606
datamem/ram_reg[147][10]	0	0.834846
datamem/U3389	0	1.5261
PLACE_optlc_31415	0	1.55556
PLACE_optlc_38270	0	1.55556
PLACE_optlc_35414	0	0.555556
PLACE_optlc_32969	0	0.530864
PLACE_optlc_32331	0	0.54321
PLACE_optlc_36888	0	1.49383
PLACE_optlc_37895	0	1.53086
datamem/U1378	0	1.59425
datamem/U2933	0	1.16882
datamem/ram_reg[32][4]	0	1.72554
datamem/ram_reg[226][14]	0	1.30699
datamem/ram_reg[136][4]	0	1.38703
datamem/U2682	0	1.07524
PLACE_optlc_36157	0	0.555556
PLACE_optlc_38233	0	0.555556
datamem/ram_reg[27][8]	0	0.644552
datamem/U1297	0	0.808704
datamem/ram_reg[249][12]	0	1.81073
PLACE_optlc_26519	0	1.55556
PLACE_optlc_38217	0	1.55556
PLACE_optlc_31692	0	0.444444
PLACE_optlc_37433	0	1.55556
PLACE_optlc_35183	0	0.555556
PLACE_optlc_26977	0	1.51852
PLACE_optlc_28818	0	1.54321
PLACE_optlc_38180	0	1.55556
PLACE_optlc_35139	0	1.51852
datamem/ram_reg[112][14]	0	0.671898
datamem/U1115	0	0.910999
datamem/U1702	0	0.584336
PLACE_optlc_37120	0	0.555556
PLACE_optlc_31701	0	1.51852
PLACE_optlc_32535	0	1.53086
PLACE_optlc_36989	0	1.55556
PLACE_optlc_36924	0	0.530864
datamem/U2173	0	1.08421
PLACE_optlc_38159	0	1.54321
PLACE_optlc_31594	0	0.54321
PLACE_optlc_33001	0	1.55556
PLACE_optlc_38231	0	0.555556
PLACE_optlc_34742	0	1.55556
PLACE_optlc_28142	0	0.518519
PLACE_optlc_32824	0	0.54321
PLACE_optlc_26957	0	0.407407
PLACE_optlc_31822	0	0.518519
datamem/U1816	0	1.56316
datamem/U584	0	1.79108
PLACE_optlc_36933	0	0.555556
PLACE_optlc_28999	0	1.53086
PLACE_optlc_37880	0	0.555556
PLACE_optlc_26492	0	0.54321
PLACE_optlc_29727	0	1.55556
PLACE_optlc_30843	0	0.530864
PLACE_optlc_26990	0	0.54321
PLACE_optlc_26114	0	0.530864
PLACE_optlc_27749	0	0.518519
datamem/ram_reg[146][13]	0	1.78735
datamem/U2619	0	0.752427
datamem/U2283	0	1.17726
datamem/U1853	0	1.19234
PLACE_optlc_32233	0	1.50617
PLACE_optlc_27202	0	0.54321
PLACE_optlc_34491	0	0.555556
PLACE_optlc_33344	0	0.530864
PLACE_optlc_31257	0	1.53086
PLACE_optlc_27012	0	1.54321
PLACE_optlc_25825	0	1.51852
PLACE_optlc_38175	0	1.55556
PLACE_optlc_30957	0	1.54321
datamem/U177	0	0.867133
datamem/U2969	0	0.800367
datamem/U4641	0	1.02414
datamem/ram_reg[201][7]	0	0.971346
datamem/ram_reg[193][2]	0	0.742018
PLACE_optlc_25789	0	1.49383
PLACE_optlc_34239	0	0.555556
PLACE_optlc_36500	0	0.555556
PLACE_optlc_27901	0	1.55556
PLACE_optlc_25912	0	0.518519
PLACE_optlc_31203	0	1.55556
PLACE_optlc_31471	0	0.493827
PLACE_optlc_36691	0	0.555556
PLACE_optlc_30846	0	1.55556
PLACE_optlc_32597	0	0.530864
PLACE_optlc_25900	0	1.49383
datamem/U3541	0	1.8635
datamem/U2829	0	0.566759
datamem/ram_reg[188][0]	0	0.642307
datamem/U730	0	0.614911
datamem/U1326	0	1.2981
datamem/ram_reg[20][12]	0	1.45216
datamem/ram_reg[163][14]	0	0.734464
PLACE_optlc_32183	0	1.53086
PLACE_optlc_31316	0	0.518519
PLACE_optlc_35108	0	1.55556
PLACE_optlc_34310	0	0.555556
PLACE_optlc_27884	0	0.54321
PLACE_optlc_27323	0	0.530864
PLACE_optlc_26424	0	1.55556
datamem/U712	0	1.23388
datamem/ram_reg[239][1]	0	1.00954
datamem/U1172	0	2.13544
datamem/ram_reg[133][2]	0	0.645737
PLACE_optlc_28107	0	0.54321
PLACE_optlc_28211	0	1.55556
PLACE_optlc_30398	0	1.55556
PLACE_optlc_30483	0	1.54321
PLACE_optlc_38350	0	1.50617
PLACE_optlc_32326	0	0.54321
PLACE_optlc_34267	0	1.55556
PLACE_optlc_31967	0	1.45679
datamem/U4569	0	1.06243
datamem/ram_reg[184][15]	0	1.48362
datamem/U3717	0	1.50948
datamem/ram_reg[6][7]	0	1.2493
PLACE_optlc_25737	0	1.55556
PLACE_optlc_30193	0	1.55556
PLACE_optlc_37130	0	0.530864
PLACE_optlc_31172	0	1.51852
PLACE_optlc_33496	0	1.53086
PLACE_optlc_29742	0	0.54321
PLACE_optlc_26494	0	1.55556
datamem/U4304	0	1.37544
datamem/U3838	0	0.690698
datamem/ram_reg[7][9]	0	1.35907
datamem/U3425	0	0.767137
datamem/U1479	0	0.947955
PLACE_optlc_30554	0	0.518519
PLACE_optlc_28517	0	1.53086
PLACE_optlc_34091	0	0.395062
PLACE_optlc_28842	0	0.530864
PLACE_optlc_36220	0	1.55556
PLACE_optlc_28737	0	0.54321
datamem/U4466	0	1.3148
datamem/ram_reg[181][6]	0	2.36034
datamem/U4392	0	1.0369
datamem/ram_reg[8][11]	0	0.731964
datamem/ram_reg[172][11]	0	0.626605
datamem/U2890	0	0.871852
datamem/U564	0	0.605764
datamem/U4157	0	0.72664
PLACE_optlc_31092	0	0.518519
PLACE_optlc_34439	0	0.54321
PLACE_optlc_28817	0	0.555556
PLACE_optlc_33539	0	0.555556
PLACE_optlc_30132	0	1.55556
datamem/U2716	0	0.554834
datamem/U3097	0	1.07269
datamem/ram_reg[79][9]	0	0.897407
PLACE_optlc_37735	0	1.55556
PLACE_optlc_32349	0	0.518519
PLACE_optlc_38150	0	1.53086
PLACE_optlc_28825	0	1.55556
PLACE_optlc_31702	0	1.54321
PLACE_optlc_35903	0	0.555556
PLACE_optlc_26410	0	1.51852
PLACE_optlc_34130	0	0.555556
PLACE_optlc_35259	0	0.555556
datamem/U157	0	0.883187
datamem/ram_reg[36][10]	0	0.549043
datamem/ram_reg[35][15]	0	0.984498
datamem/ram_reg[222][0]	0	0.821528
PLACE_optlc_36304	0	0.555556
PLACE_optlc_26544	0	0.518519
PLACE_optlc_34260	0	0.506173
PLACE_optlc_36727	0	0.555556
PLACE_optlc_29201	0	1.51852
PLACE_optlc_34309	0	1.55556
datamem/ram_reg[158][12]	0	0.932407
PLACE_optlc_31154	0	1.55556
PLACE_optlc_37253	0	0.469136
PLACE_optlc_33730	0	0.518519
PLACE_optlc_38235	0	0.481481
PLACE_optlc_32917	0	0.469136
PLACE_optlc_33507	0	2.55556
datamem/ram_reg[120][3]	0	1.92202
datamem/U2409	0	1.17809
datamem/ram_reg[1][3]	0	0.720131
datamem/ram_reg[34][9]	0	0.93265
datamem/U2806	0	1.19838
PLACE_optlc_29735	0	1.50617
PLACE_optlc_32008	0	0.530864
PLACE_optlc_37948	0	0.555556
PLACE_optlc_28556	0	0.530864
PLACE_optlc_25684	0	0.518519
datamem/ram_reg[154][2]	0	1.13115
datamem/U1567	0	1.1083
datamem/ram_reg[30][7]	0	1.28684
datamem/ram_reg[100][7]	0	1.48413
PLACE_optlc_34163	0	0.555556
PLACE_optlc_38298	0	0.555556
PLACE_optlc_36725	0	1.50617
PLACE_optlc_31254	0	0.54321
PLACE_optlc_29402	0	0.54321
PLACE_optlc_31357	0	0.54321
PLACE_optlc_36052	0	0.555556
PLACE_optlc_26591	0	2.54321
PLACE_optlc_34715	0	0.530864
datamem/ram_reg[226][9]	0	1.37914
datamem/ram_reg[177][4]	0	0.787639
datamem/U222	0	0.667338
PLACE_optlc_37216	0	1.55556
PLACE_optlc_29953	0	1.55556
PLACE_optlc_38308	0	0.506173
PLACE_optlc_32319	0	1.55556
PLACE_optlc_27767	0	0.54321
PLACE_optlc_26439	0	1.54321
PLACE_optlc_31754	0	0.54321
PLACE_optlc_32046	0	0.54321
PLACE_optlc_36744	0	1.55556
PLACE_optlc_32444	0	1.54321
PLACE_optlc_34033	0	1.55556
PLACE_optlc_36735	0	0.530864
PLACE_optlc_26570	0	1.53086
datamem/ram_reg[31][6]	0	0.692813
datamem/ram_reg[213][6]	0	0.805386
datamem/U2465	0	2.0083
datamem/U4116	0	0.677126
datamem/U3122	0	0.97282
PLACE_optlc_26722	0	1.55556
PLACE_optlc_31140	0	0.469136
PLACE_optlc_28295	0	0.45679
PLACE_optlc_29771	0	0.506173
PLACE_optlc_35572	0	1.55556
PLACE_optlc_36302	0	0.555556
PLACE_optlc_35733	0	0.555556
PLACE_optlc_33583	0	0.506173
PLACE_optlc_30146	0	1.55556
pc_current_reg_7_	0	0.544981
datamem/U2040	0	0.894769
datamem/ram_reg[18][3]	0	0.68657
datamem/U619	0	1.33932
datamem/ram_reg[165][14]	0	1.08226
datamem/ram_reg[156][0]	0	0.969823
PLACE_optlc_31942	0	1.54321
PLACE_optlc_34532	0	0.469136
PLACE_optlc_28030	0	0.530864
PLACE_optlc_31666	0	0.54321
datamem/U117	0	1.76559
datamem/U3482	0	0.669333
datamem/ram_reg[255][1]	0	1.34459
datamem/U2999	0	1.64208
PLACE_optlc_25799	0	1.55556
PLACE_optlc_28852	0	0.518519
PLACE_optlc_31896	0	1.55556
PLACE_optlc_27648	0	0.54321
PLACE_optlc_25638	0	1.50617
PLACE_optlc_31707	0	0.518519
PLACE_optlc_29032	0	0.54321
datamem/U4101	0	0.888399
datamem/U842	0	0.80463
datamem/U4141	0	1.0283
U166	0	1.38203
datamem/ram_reg[195][9]	0	1.56672
datamem/ram_reg[132][12]	0	0.9561
datamem/ram_reg[137][3]	0	0.808021
datamem/U569	0	1.116
datamem/U984	0	1.1051
PLACE_optlc_27185	0	0.518519
PLACE_optlc_29943	0	1.54321
PLACE_optlc_29931	0	0.469136
PLACE_optlc_30207	0	1.55556
PLACE_optlc_33759	0	0.493827
PLACE_optlc_26020	0	0.518519
PLACE_optlc_28940	0	1.55556
PLACE_optlc_38147	0	0.530864
PLACE_optlc_26594	0	0.530864
datamem/ram_reg[47][9]	0	1.28396
U165	0	0.899402
datamem/U3874	0	1.83395
datamem/U4106	0	0.871204
datamem/ram_reg[92][4]	0	0.611898
datamem/U4316	0	0.801651
PLACE_optlc_32413	0	0.506173
PLACE_optlc_34737	0	1.54321
PLACE_optlc_36120	0	0.555556
PLACE_optlc_33956	0	0.54321
PLACE_optlc_34021	0	1.50617
PLACE_optlc_31504	0	0.481481
PLACE_optlc_33401	0	0.530864
PLACE_optlc_32647	0	1.55556
datamem/U662	0	0.979591
datamem/U375	0	0.925718
datamem/ram_reg[37][10]	0	1.02067
datamem/ram_reg[48][15]	0	0.726416
datamem/ram_reg[220][15]	0	1.57607
datamem/ram_reg[238][10]	0	0.705143
PLACE_optlc_31167	0	0.45679
PLACE_optlc_27372	0	1.55556
PLACE_optlc_33555	0	1.55556
PLACE_optlc_28645	0	0.54321
PLACE_optlc_27022	0	1.55556
PLACE_optlc_33948	0	0.481481
datamem/U3861	0	0.86316
PLACE_optlc_34231	0	0.555556
PLACE_optlc_35436	0	0.481481
PLACE_optlc_29543	0	1.55556
PLACE_optlc_37170	0	0.555556
U62	0	1.04413
datamem/ram_reg[172][13]	0	1.19473
datamem/ram_reg[113][5]	0	0.842215
datamem/ram_reg[81][13]	0	0.842118
PLACE_optlc_37083	0	0.493827
PLACE_optlc_26733	0	0.518519
PLACE_optlc_35616	0	0.555556
PLACE_optlc_33229	0	1.51852
PLACE_optlc_37504	0	1.54321
datamem/ram_reg[5][3]	0	0.773488
datamem/U1318	0	0.854907
datamem/ram_reg[95][1]	0	0.78517
U195	0	0.928314
datamem/U617	0	0.934545
datamem/ram_reg[23][11]	0	0.615864
PLACE_optlc_37248	0	0.555556
PLACE_optlc_35402	0	0.555556
PLACE_optlc_33566	0	1.53086
PLACE_optlc_32606	0	0.54321
U395	0	1.54297
datamem/ram_reg[151][10]	0	0.935486
U197	0	1.10389
datamem/ram_reg[21][12]	0	0.597427
datamem/ram_reg[196][5]	0	1.44351
datamem/ram_reg[54][11]	0	1.42163
datamem/ram_reg[227][6]	0	1.13145
U171	0	1.03489
datamem/U3495	0	1.00843
PLACE_optlc_35727	0	0.555556
PLACE_optlc_36961	0	0.469136
PLACE_optlc_27226	0	0.54321
PLACE_optlc_34726	0	0.530864
PLACE_optlc_33444	0	0.45679
PLACE_optlc_37375	0	0.530864
datamem/U3903	0	0.775737
datamem/ram_reg[186][7]	0	0.712407
datamem/ram_reg[181][9]	0	1.38052
datamem/U3538	0	1.02551
PLACE_optlc_27760	0	0.518519
PLACE_optlc_27947	0	1.54321
PLACE_optlc_34099	0	0.555556
PLACE_optlc_34805	0	0.555556
PLACE_optlc_34245	0	0.555556
PLACE_optlc_36704	0	1.55556
PLACE_optlc_26237	0	0.54321
PLACE_optlc_29885	0	0.54321
PLACE_optlc_38005	0	1.55556
datamem/ram_reg[87][9]	0	0.817623
datamem/ram_reg[136][15]	0	0.962465
datamem/ram_reg[131][15]	0	0.981073
datamem/U3206	0	0.753302
datamem/U2049	0	1.30255
datamem/ram_reg[202][0]	0	1.76558
datamem/U3644	0	0.647635
datamem/U4532	0	0.728437
PLACE_optlc_32519	0	0.493827
PLACE_optlc_31073	0	0.481481
PLACE_optlc_36898	0	0.469136
PLACE_optlc_37194	0	1.55556
PLACE_optlc_27849	0	1.55556
PLACE_optlc_31641	0	1.55556
PLACE_optlc_32710	0	0.54321
datamem/ram_reg[45][13]	0	0.585332
PLACE_optlc_30961	0	1.54321
PLACE_optlc_27217	0	1.55556
PLACE_optlc_25819	0	0.555556
PLACE_optlc_33372	0	0.54321
PLACE_optlc_31539	0	0.530864
PLACE_optlc_29696	0	0.54321
PLACE_optlc_37889	0	0.530864
PLACE_optlc_29094	0	1.49383
U228	0	0.921304
PLACE_optlc_30771	0	0.518519
PLACE_optlc_32625	0	1.55556
PLACE_optlc_33384	0	0.530864
PLACE_optlc_33675	0	1.55556
PLACE_optlc_32101	0	0.518519
PLACE_optlc_33900	0	0.45679
datamem/ram_reg[181][14]	0	1.25207
datamem/U23	0	1.31556
datamem/U1668	0	1.12677
datamem/U3343	0	1.30364
PLACE_optlc_27345	0	0.54321
PLACE_optlc_28970	0	1.55556
PLACE_optlc_27410	0	0.469136
PLACE_optlc_26299	0	1.55556
PLACE_optlc_26648	0	0.518519
PLACE_optlc_30457	0	0.518519
PLACE_optlc_35618	0	1.55556
PLACE_optlc_31285	0	0.54321
PLACE_optlc_27490	0	0.469136
PLACE_optlc_36432	0	0.555556
PLACE_optlc_29377	0	1.55556
pc_current_reg_1_	0	0.584352
datamem/ram_reg[175][15]	0	0.734035
datamem/U2870	0	1.28252
datamem/ram_reg[85][6]	0	1.8285
PLACE_optlc_29699	0	1.55556
PLACE_optlc_30634	0	1.55556
PLACE_optlc_25956	0	0.54321
PLACE_optlc_33464	0	1.55556
PLACE_optlc_30893	0	1.54321
PLACE_optlc_25762	0	1.55556
datamem/ram_reg[34][3]	0	1.19601
pc_current_reg_2_	0	0.921871
pc_current_reg_9_	0	0.77213
datamem/ram_reg[195][4]	0	0.802755
datamem/U2416	0	0.789564
datamem/ram_reg[207][5]	0	1.2508
PLACE_optlc_26866	0	0.518519
PLACE_optlc_35814	0	1.54321
PLACE_optlc_35827	0	0.555556
PLACE_optlc_33164	0	0.481481
PLACE_optlc_32268	0	1.54321
PLACE_optlc_35003	0	0.555556
PLACE_optlc_27279	0	0.530864
PLACE_optlc_29187	0	0.469136
datamem/ram_reg[228][13]	0	2.02821
pc_current_reg_10_	0	2.31189
datamem/U2963	0	0.938781
datamem/U2788	0	0.659317
datamem/ram_reg[67][4]	0	0.563383
PLACE_optlc_29880	0	1.53086
PLACE_optlc_38309	0	0.555556
PLACE_optlc_34829	0	0.555556
PLACE_optlc_36863	0	1.55556
PLACE_optlc_38078	0	0.555556
datamem/U4614	0	0.855262
datamem/ram_reg[137][11]	0	0.597728
datamem/U884	0	0.851682
datamem/U680	0	1.52836
U199	0	0.637404
datamem/ram_reg[151][3]	0	1.76043
PLACE_optlc_35209	0	0.54321
PLACE_optlc_26675	0	0.54321
PLACE_optlc_29783	0	0.518519
PLACE_optlc_34746	0	1.51852
datamem/U2482	0	0.793681
datamem/ram_reg[109][4]	0	0.744695
datamem/U4327	0	1.15005
datamem/ram_reg[253][15]	0	2.37283
datamem/U859	0	0.816362
U172	0	1.30918
datamem/ram_reg[133][9]	0	1.27307
datamem/ram_reg[73][15]	0	1.02704
datamem/ram_reg[134][9]	0	1.72988
U206	0	0.860988
PLACE_optlc_32617	0	1.55556
PLACE_optlc_29388	0	1.55556
datamem/U95	0	0.777404
datamem/U2466	0	0.881728
datamem/ram_reg[5][13]	0	1.0388
datamem/U2401	0	1.45835
datamem/ram_reg[60][7]	0	0.679144
datamem/U3283	0	0.831975
datamem/ram_reg[136][5]	0	1.35665
datamem/U4318	0	0.946154
PLACE_optlc_35513	0	0.530864
PLACE_optlc_26203	0	0.54321
PLACE_optlc_30804	0	0.506173
PLACE_optlc_36332	0	1.50617
PLACE_optlc_26433	0	0.54321
datamem/ram_reg[27][5]	0	0.742801
datamem/U2386	0	0.587342
datamem/ram_reg[246][8]	0	1.26931
datamem/U3996	0	1.02868
PLACE_optlc_29629	0	0.54321
PLACE_optlc_31496	0	0.54321
PLACE_optlc_35894	0	1.53086
PLACE_optlc_30175	0	0.518519
PLACE_optlc_29203	0	0.54321
PLACE_optlc_34984	0	0.481481
PLACE_optlc_27523	0	0.518519
PLACE_optlc_28058	0	1.53086
datamem/U137	0	1.46421
datamem/U3280	0	0.995367
datamem/U494	0	0.841146
U375	0	1.11178
U386	0	0.924853
PLACE_optlc_35073	0	1.44444
PLACE_optlc_33737	0	0.506173
PLACE_optlc_30379	0	1.55556
datamem/ram_reg[190][5]	0	0.901211
datamem/U1975	0	1.34583
datamem/U2490	0	1.08922
PLACE_optlc_30459	0	1.54321
PLACE_optlc_35708	0	1.49383
PLACE_optlc_34020	0	1.54321
PLACE_optlc_28417	0	1.54321
PLACE_optlc_37590	0	1.53086
datamem/U1719	0	0.691296
datamem/ram_reg[145][9]	0	1.37657
datamem/ram_reg[255][8]	0	1.25421
datamem/U649	0	1.16843
datamem/U4017	0	1.31662
U230	0	1.25771
PLACE_optlc_31042	0	0.45679
PLACE_optlc_30729	0	0.518519
PLACE_optlc_37625	0	0.555556
PLACE_optlc_34638	0	0.555556
PLACE_optlc_35306	0	0.555556
PLACE_optlc_30429	0	1.49383
datamem/U3124	0	0.6688
datamem/ram_reg[143][5]	0	0.81414
datamem/U2592	0	1.32918
datamem/ram_reg[251][14]	0	1.06387
datamem/U3099	0	0.544433
PLACE_optlc_36732	0	1.53086
PLACE_optlc_27322	0	1.44444
PLACE_optlc_35591	0	0.555556
PLACE_optlc_37183	0	1.55556
PLACE_optlc_26905	0	1.51852
datamem/U625	0	0.596215
U225	0	0.627365
datamem/ram_reg[213][3]	0	0.782423
U168	0	0.745922
PLACE_optlc_28674	0	0.506173
PLACE_optlc_31079	0	1.4321
PLACE_optlc_28855	0	1.54321
PLACE_optlc_34843	0	0.530864
PLACE_optlc_32352	0	0.530864
PLACE_optlc_26778	0	1.55556
PLACE_optlc_36117	0	0.469136
PLACE_optlc_35861	0	0.555556
PLACE_optlc_35235	0	1.53086
PLACE_optlc_36979	0	1.49383
datamem/U2434	0	0.803252
datamem/U2822	0	0.934657
PLACE_optlc_28023	0	0.518519
PLACE_optlc_38006	0	0.54321
PLACE_optlc_27163	0	2.49383
PLACE_optlc_27497	0	0.518519
datamem/ram_reg[91][15]	0	1.08466
datamem/U3441	0	1.37061
datamem/U567	0	0.763329
PLACE_optlc_28723	0	0.54321
PLACE_optlc_32438	0	1.49383
PLACE_optlc_32589	0	0.54321
PLACE_optlc_38222	0	0.555556
PLACE_optlc_37486	0	0.469136
PLACE_optlc_36532	0	1.55556
PLACE_optlc_35798	0	1.54321
PLACE_optlc_36146	0	0.555556
PLACE_optlc_33232	0	0.54321
datamem/ram_reg[29][3]	0	0.70689
datamem/U330	0	2.45846
datamem/U2918	0	0.618885
datamem/ram_reg[224][4]	0	0.596798
datamem/U550	0	1.59389
PLACE_optlc_33563	0	1.55556
PLACE_optlc_32351	0	0.54321
PLACE_optlc_26136	0	1.55556
PLACE_optlc_31541	0	1.55556
PLACE_optlc_27813	0	1.55556
PLACE_optlc_38297	0	0.555556
PLACE_optlc_26817	0	0.493827
PLACE_optlc_37420	0	0.555556
PLACE_optlc_26103	0	0.493827
datamem/ram_reg[221][3]	0	2.2554
U184	0	1.00829
datamem/ram_reg[35][8]	0	1.04673
datamem/ram_reg[107][13]	0	0.860367
PLACE_optlc_37689	0	1.55556
PLACE_optlc_26720	0	0.54321
PLACE_optlc_32330	0	1.48148
PLACE_optlc_34247	0	0.555556
PLACE_optlc_25719	0	0.518519
PLACE_optlc_37068	0	0.555556
PLACE_optlc_31572	0	0.530864
PLACE_optlc_33175	0	0.45679
PLACE_optlc_29355	0	1.55556
PLACE_optlc_27627	0	0.518519
datamem/ram_reg[20][4]	0	1.71981
datamem/U1544	0	0.734985
U236	0	0.923781
datamem/ram_reg[51][12]	0	1.5226
U205	0	0.910085
datamem/U988	0	0.876073
PLACE_optlc_29984	0	1.53086
PLACE_optlc_36466	0	0.555556
PLACE_optlc_32150	0	1.55556
PLACE_optlc_27328	0	0.54321
PLACE_optlc_34405	0	0.555556
PLACE_optlc_31955	0	1.54321
PLACE_optlc_27223	0	0.407407
PLACE_optlc_30760	0	1.53086
PLACE_optlc_36333	0	1.55556
U196	0	1.24126
U306	0	0.8263
datamem/U1562	0	0.890895
datamem/ram_reg[252][6]	0	0.681929
PLACE_optlc_30903	0	0.506173
PLACE_optlc_37381	0	0.54321
PLACE_optlc_32304	0	0.518519
PLACE_optlc_29168	0	0.54321
PLACE_optlc_30446	0	0.54321
PLACE_optlc_26030	0	0.493827
PLACE_optlc_36748	0	0.555556
PLACE_optlc_27301	0	0.45679
datamem/U827	0	1.10918
datamem/ram_reg[118][10]	0	1.43943
datamem/U3180	0	0.821003
PLACE_optlc_30955	0	1.55556
PLACE_optlc_34624	0	1.55556
PLACE_optlc_28049	0	0.54321
PLACE_optlc_33418	0	1.55556
PLACE_optlc_35834	0	1.55556
PLACE_optlc_27404	0	1.49383
PLACE_optlc_30037	0	0.518519
PLACE_optlc_26645	0	0.54321
datamem/ram_reg[105][7]	0	0.765312
datamem/ram_reg[145][2]	0	1.30622
U393	0	1.05791
datamem/ram_reg[90][4]	0	0.920054
datamem/ram_reg[194][0]	0	0.969556
datamem/ram_reg[108][11]	0	0.601775
U234	0	1.04936
PLACE_optlc_25649	0	1.54321
PLACE_optlc_31640	0	1.55556
PLACE_optlc_29813	0	0.54321
PLACE_optlc_37070	0	1.55556
PLACE_optlc_36176	0	0.530864
PLACE_optlc_31979	0	0.54321
datamem/ram_reg[86][7]	0	1.47137
datamem/U2735	0	1.88134
U396	0	0.638353
datamem/ram_reg[213][5]	0	0.776802
PLACE_optlc_33702	0	0.54321
PLACE_optlc_35030	0	1.55556
PLACE_optlc_30186	0	1.53086
PLACE_optlc_37294	0	1.51852
PLACE_optlc_32779	0	1.55556
PLACE_optlc_25972	0	0.54321
PLACE_optlc_31646	0	1.55556
PLACE_optlc_38224	0	1.54321
PLACE_optlc_33286	0	1.54321
datamem/U4572	0	1.53731
pc_current_reg_8_	0	0.942203
U314	0	0.767909
datamem/ram_reg[159][11]	0	0.933765
datamem/U428	0	1.48425
U312	0	0.630822
datamem/ram_reg[86][6]	0	0.645721
datamem/ram_reg[223][9]	0	0.761123
datamem/ram_reg[254][12]	0	1.15642
datamem/ram_reg[184][1]	0	0.911111
PLACE_optlc_28992	0	1.54321
PLACE_optlc_27782	0	0.530864
PLACE_optlc_26175	0	0.493827
PLACE_optlc_29211	0	0.530864
U377	0	1.5644
datamem/ram_reg[198][0]	0	1.07925
datamem/ram_reg[60][6]	0	0.661817
datamem/U393	0	0.965428
datamem/U3552	0	1.27686
datamem/U2633	0	0.837793
datamem/ram_reg[222][2]	0	0.85762
datamem/ram_reg[101][9]	0	1.24186
PLACE_optlc_36419	0	1.53086
PLACE_optlc_37160	0	0.555556
PLACE_optlc_26767	0	0.518519
PLACE_optlc_27068	0	1.55556
PLACE_optlc_31178	0	0.506173
PLACE_optlc_30181	0	1.53086
datamem/U711	0	1.03777
datamem/ram_reg[6][3]	0	0.561258
datamem/U3655	0	1.04558
datamem/U2742	0	1.08351
U394	0	1.29763
datamem/ram_reg[178][1]	0	0.6236
PLACE_optlc_32154	0	0.530864
PLACE_optlc_31674	0	0.518519
PLACE_optlc_31402	0	1.55556
PLACE_optlc_38164	0	0.555556
PLACE_optlc_31159	0	1.53086
PLACE_optlc_35121	0	0.530864
PLACE_optlc_35589	0	1.55556
datamem/ram_reg[170][1]	0	1.47277
datamem/ram_reg[211][10]	0	0.647492
datamem/ram_reg[63][10]	0	0.605023
datamem/U2476	0	0.555799
PLACE_optlc_32808	0	0.518519
PLACE_optlc_31205	0	0.518519
PLACE_optlc_34386	0	0.555556
PLACE_optlc_30473	0	1.51852
datamem/ram_reg[98][12]	0	0.934174
datamem/U1583	0	1.55694
datamem/ram_reg[216][12]	0	1.18261
U238	0	1.4244
datamem/ram_reg[57][11]	0	0.968549
PLACE_optlc_28116	0	1.54321
PLACE_optlc_36323	0	1.55556
PLACE_optlc_35791	0	0.506173
PLACE_optlc_28927	0	0.54321
U189	0	0.925486
U371	0	1.00021
datamem/U3858	0	1.3278
datamem/ram_reg[85][11]	0	1.27907
PLACE_optlc_29588	0	0.530864
PLACE_optlc_29315	0	1.55556
PLACE_optlc_27407	0	1.53086
PLACE_optlc_29467	0	1.55556
PLACE_optlc_30728	0	1.51852
PLACE_optlc_37112	0	0.555556
U170	0	1.02564
datamem/U4631	0	0.526817
datamem/U3288	0	1.39293
datamem/U3371	0	0.601049
datamem/ram_reg[22][2]	0	0.720795
datamem/ram_reg[80][12]	0	0.76838
PLACE_optlc_36216	0	0.555556
PLACE_optlc_32783	0	0.54321
PLACE_optlc_26991	0	0.530864
PLACE_optlc_37727	0	0.555556
datamem/ram_reg[13][3]	0	1.92944
datamem/ram_reg[178][12]	0	1.00254
datamem/U3860	0	1.27697
datamem/U1092	0	1.00454
U380	0	1.74869
datamem/ram_reg[25][8]	0	0.835216
datamem/ram_reg[44][2]	0	0.666566
PLACE_optlc_31044	0	0.54321
PLACE_optlc_36071	0	0.530864
PLACE_optlc_32208	0	0.54321
PLACE_optlc_35612	0	1.55556
PLACE_optlc_37356	0	0.469136
PLACE_optlc_38376	0	0.555556
PLACE_optlc_25840	0	1.49383
datamem/U113	0	1.04342
datamem/U3750	0	1.22618
U258	0	0.702666
datamem/ram_reg[145][14]	0	1.82235
datamem/U3533	0	0.569406
datamem/ram_reg[186][12]	0	0.929579
datamem/ram_reg[161][5]	0	1.40758
datamem/U4019	0	0.702739
PLACE_optlc_28070	0	1.55556
PLACE_optlc_29465	0	1.55556
PLACE_optlc_38246	0	0.530864
PLACE_optlc_37592	0	0.469136
PLACE_optlc_37741	0	0.555556
datamem/U3921	0	0.644988
datamem/U1661	0	0.567724
datamem/U642	0	1.58621
datamem/U969	0	0.939614
U226	0	1.09316
datamem/ram_reg[171][6]	0	1.46519
datamem/U1217	0	0.997909
PLACE_optlc_33850	0	1.45679
PLACE_optlc_34740	0	0.481481
PLACE_optlc_33818	0	0.54321
datamem/ram_reg[157][2]	0	0.88576
datamem/ram_reg[53][10]	0	0.67218
datamem/ram_reg[34][15]	0	0.83973
PLACE_optlc_31803	0	0.555556
PLACE_optlc_32988	0	0.54321
PLACE_optlc_36393	0	0.518519
PLACE_optlc_34211	0	0.469136
datamem/U1336	0	0.869931
datamem/U2887	0	1.39231
datamem/U1964	0	1.0888
PLACE_optlc_34579	0	1.55556
PLACE_optlc_32693	0	0.45679
PLACE_optlc_33977	0	0.518519
PLACE_optlc_36430	0	0.555556
PLACE_optlc_29531	0	1.54321
PLACE_optlc_26382	0	1.54321
PLACE_optlc_29764	0	1.55556
PLACE_optlc_27883	0	0.493827
datamem/U105	0	1.48859
datamem/U3511	0	0.650367
U323	0	0.941466
datamem/ram_reg[85][0]	0	1.77975
datamem/ram_reg[200][14]	0	1.65596
datamem/U3829	0	1.2629
datamem/ram_reg[35][7]	0	1.20515
PLACE_optlc_26117	0	1.55556
PLACE_optlc_26018	0	0.45679
PLACE_optlc_26857	0	1.53086
PLACE_optlc_36909	0	0.555556
PLACE_optlc_32194	0	0.54321
PLACE_optlc_34155	0	1.49383
PLACE_optlc_30628	0	1.51852
PLACE_optlc_37580	0	1.55556
datamem/U4002	0	1.34982
U378	0	1.69088
datamem/ram_reg[54][3]	0	0.89061
datamem/U1906	0	1.23592
datamem/U4470	0	0.965505
PLACE_optlc_30200	0	0.518519
PLACE_optlc_33906	0	0.407407
PLACE_optlc_26099	0	1.55556
PLACE_optlc_32961	0	1.51852
PLACE_optlc_30162	0	0.530864
PLACE_optlc_34967	0	0.469136
PLACE_optlc_37293	0	0.555556
datamem/ram_reg[211][1]	0	0.636775
datamem/U239	0	0.660698
PLACE_optlc_38267	0	0.555556
PLACE_optlc_28589	0	0.45679
PLACE_optlc_37925	0	0.469136
PLACE_optlc_34873	0	1.55556
PLACE_optlc_36014	0	0.530864
PLACE_optlc_37670	0	0.530864
pc_current_reg_3_	0	0.58076
U200	0	0.972052
datamem/ram_reg[26][13]	0	1.21742
datamem/U1460	0	1.32567
pc_current_reg_4_	0	1.6622
datamem/U3820	0	0.925698
datamem/U935	0	1.00832
datamem/ram_reg[73][6]	0	0.664715
pc_current_reg_5_	0	0.647276
datamem/U3221	0	1.12494
datamem/U3329	0	0.710077
datamem/U528	0	1.21294
PLACE_optlc_30724	0	0.518519
PLACE_optlc_28340	0	1.55556
PLACE_optlc_36585	0	1.53086
PLACE_optlc_36271	0	1.41975
PLACE_optlc_37862	0	0.555556
PLACE_optlc_37847	0	1.55556
PLACE_optlc_36047	0	1.55556
PLACE_optlc_28702	0	0.493827
datamem/ram_reg[220][14]	0	0.608553
datamem/U3583	0	1.61771
datamem/ram_reg[39][5]	0	0.941343
datamem/U4648	0	0.941265
U255	0	0.845085
PLACE_optlc_33023	0	0.518519
PLACE_optlc_28024	0	1.48148
PLACE_optlc_30050	0	1.55556
datamem/ram_reg[174][11]	0	0.633137
U190	0	1.51003
datamem/U631	0	0.77135
datamem/U4044	0	0.815691
datamem/ram_reg[77][12]	0	0.655162
U253	0	0.622002
PLACE_optlc_33600	0	1.55556
PLACE_optlc_28096	0	1.55556
PLACE_optlc_34276	0	0.555556
PLACE_optlc_28527	0	1.53086
PLACE_optlc_35799	0	1.55556
PLACE_optlc_37151	0	0.555556
PLACE_optlc_26816	0	0.54321
PLACE_optlc_27292	0	1.51852
PLACE_optlc_30848	0	0.493827
datamem/U1836	0	1.24164
pc_current_reg_6_	0	0.661424
U397	0	1.01821
datamem/ram_reg[217][8]	0	0.71691
PLACE_optlc_26068	0	1.51852
PLACE_optlc_31831	0	0.518519
PLACE_optlc_37475	0	1.53086
PLACE_optlc_25705	0	0.518519
PLACE_optlc_37764	0	0.555556
PLACE_optlc_32012	0	1.53086
PLACE_optlc_31968	0	0.54321
PLACE_optlc_34421	0	1.55556
PLACE_optlc_32554	0	0.469136
PLACE_optlc_28894	0	0.407407
PLACE_optlc_26137	0	1.55556
PLACE_optlc_28558	0	1.53086
PLACE_optlc_28687	0	0.518519
PLACE_optlc_36380	0	0.469136
PLACE_optlc_36587	0	0.530864
PLACE_optlc_32223	0	0.54321
PLACE_optlc_36119	0	0.555556
PLACE_optlc_28594	0	0.469136
PLACE_optlc_33311	0	0.469136
PLACE_optlc_26272	0	0.518519
datamem/U3633	0	0.945374
U208	0	0.911709
PLACE_optlc_30864	0	0.530864
PLACE_optlc_33179	0	1.41975
PLACE_optlc_26184	0	1.55556
PLACE_optlc_30267	0	1.54321
PLACE_optlc_34381	0	0.555556
PLACE_optlc_26840	0	1.55556
datamem/ram_reg[122][10]	0	0.564348
datamem/U1327	0	1.16009
U169	0	1.03513
datamem/ram_reg[82][10]	0	0.577423
datamem/U4060	0	0.898846
U330	0	0.93907
datamem/U1091	0	0.703372
PLACE_optlc_35805	0	0.555556
PLACE_optlc_37243	0	1.54321
PLACE_optlc_25984	0	0.518519
PLACE_optlc_36108	0	0.555556
PLACE_optlc_33228	0	1.55556
PLACE_optlc_27291	0	0.54321
PLACE_optlc_31123	0	0.54321
datamem/ram_reg[183][4]	0	0.932388
datamem/ram_reg[211][8]	0	1.05841
datamem/ram_reg[131][3]	0	0.629576
datamem/U1549	0	0.912716
datamem/ram_reg[141][13]	0	1.01619
U249	0	0.604927
datamem/ram_reg[47][14]	0	0.88576
datamem/ram_reg[212][2]	0	1.1454
U248	0	0.851196
PLACE_optlc_34639	0	1.48148
PLACE_optlc_37719	0	0.555556
PLACE_optlc_31408	0	1.55556
PLACE_optlc_37557	0	1.53086
PLACE_optlc_35368	0	1.55556
PLACE_optlc_38058	0	0.54321
PLACE_optlc_32049	0	0.518519
PLACE_optlc_31394	0	0.555556
PLACE_optlc_37699	0	0.555556
PLACE_optlc_25961	0	1.55556
PLACE_optlc_29212	0	1.54321
datamem/U1948	0	1.00948
datamem/ram_reg[161][4]	0	0.87032
datamem/ram_reg[42][3]	0	1.39468
datamem/U401	0	0.901894
datamem/ram_reg[43][13]	0	1.1025
datamem/ram_reg[10][15]	0	1.37647
datamem/U367	0	1.7709
datamem/U2144	0	0.655216
datamem/ram_reg[39][0]	0	0.771759
datamem/ram_reg[205][15]	0	1.0232
datamem/ram_reg[132][8]	0	1.04556
datamem/ram_reg[142][11]	0	0.560343
PLACE_optlc_29504	0	0.506173
PLACE_optlc_30938	0	0.530864
PLACE_optlc_33315	0	1.51852
PLACE_optlc_29363	0	0.518519
PLACE_optlc_26508	0	1.53086
PLACE_optlc_37688	0	0.530864
PLACE_optlc_32017	0	0.54321
PLACE_optlc_35855	0	0.555556
datamem/ram_reg[128][14]	0	1.4923
datamem/ram_reg[160][10]	0	0.839487
datamem/U2638	0	1.33102
datamem/ram_reg[162][5]	0	1.88993
datamem/ram_reg[178][3]	0	1.19423
datamem/ram_reg[224][2]	0	1.6969
PLACE_optlc_30035	0	1.54321
PLACE_optlc_25751	0	0.469136
PLACE_optlc_34109	0	0.469136
PLACE_optlc_28000	0	0.518519
datamem/U4585	0	1.2126
datamem/ram_reg[167][7]	0	1.13071
U191	0	0.947346
PLACE_optlc_31352	0	0.54321
PLACE_optlc_30444	0	0.518519
PLACE_optlc_32387	0	0.481481
PLACE_optlc_34594	0	0.555556
PLACE_optlc_32752	0	0.530864
PLACE_optlc_31171	0	0.54321
PLACE_optlc_30531	0	0.530864
PLACE_optlc_25736	0	0.506173
PLACE_optlc_29141	0	0.518519
datamem/ram_reg[17][4]	0	0.703329
datamem/ram_reg[119][10]	0	0.627307
datamem/U1149	0	0.952033
datamem/U1563	0	0.556119
datamem/U2626	0	0.636551
PLACE_optlc_27137	0	1.51852
PLACE_optlc_30990	0	1.54321
PLACE_optlc_29568	0	1.53086
PLACE_optlc_27303	0	0.518519
PLACE_optlc_34633	0	1.55556
datamem/U1632	0	1.20773
datamem/U3448	0	1.07335
datamem/ram_reg[247][2]	0	1.09054
PLACE_optlc_33240	0	1.51852
PLACE_optlc_35103	0	0.555556
PLACE_optlc_26928	0	0.54321
PLACE_optlc_26653	0	1.55556
PLACE_optlc_28493	0	1.55556
PLACE_optlc_36223	0	0.555556
PLACE_optlc_31776	0	0.481481
PLACE_optlc_34690	0	1.55556
PLACE_optlc_25989	0	1.55556
PLACE_optlc_31964	0	1.48148
PLACE_optlc_30469	0	1.54321
datamem/ram_reg[255][6]	0	0.908194
datamem/ram_reg[230][8]	0	0.647438
datamem/ram_reg[112][13]	0	1.57227
datamem/ram_reg[169][14]	0	1.07566
PLACE_optlc_27801	0	0.45679
PLACE_optlc_30053	0	1.54321
PLACE_optlc_34660	0	1.55556
datamem/ram_reg[206][8]	0	0.838719
datamem/U798	0	0.908345
datamem/ram_reg[239][6]	0	1.12958
datamem/ram_reg[197][5]	0	1.23709
datamem/ram_reg[80][3]	0	0.749699
datamem/ram_reg[25][3]	0	2.38718
datamem/ram_reg[19][4]	0	0.654915
datamem/ram_reg[64][14]	0	0.763711
datamem/ram_reg[161][15]	0	0.843067
datamem/ram_reg[227][15]	0	1.39977
PLACE_optlc_35523	0	1.55556
PLACE_optlc_37479	0	0.555556
PLACE_optlc_32409	0	0.506173
PLACE_optlc_32190	0	1.55556
PLACE_optlc_25761	0	0.54321
PLACE_optlc_34420	0	0.530864
PLACE_optlc_35297	0	0.469136
datamem/ram_reg[38][2]	0	0.794907
datamem/ram_reg[87][6]	0	1.23794
datamem/ram_reg[99][6]	0	1.76024
datamem/ram_reg[201][1]	0	0.584954
datamem/ram_reg[27][6]	0	1.91061
datamem/ram_reg[57][13]	0	0.567076
datamem/ram_reg[115][11]	0	0.675556
datamem/ram_reg[108][0]	0	1.23717
datamem/ram_reg[86][9]	0	0.856204
PLACE_optlc_38283	0	0.555556
PLACE_optlc_32076	0	0.518519
U177	0	1.50715
datamem/U2842	0	0.741871
datamem/ram_reg[190][12]	0	1.60122
datamem/ram_reg[167][8]	0	0.653735
datamem/ram_reg[149][9]	0	0.78591
datamem/U3076	0	0.765799
datamem/U1042	0	0.95233
datamem/ram_reg[131][10]	0	0.720559
U268	0	0.887828
PLACE_optlc_30712	0	0.518519
PLACE_optlc_31349	0	0.54321
PLACE_optlc_30220	0	0.54321
PLACE_optlc_38318	0	0.518519
PLACE_optlc_28175	0	1.55556
datamem/U1785	0	1.95878
datamem/ram_reg[107][14]	0	2.1382
datamem/U3376	0	0.914313
PLACE_optlc_32311	0	1.55556
PLACE_optlc_35939	0	1.46914
PLACE_optlc_28356	0	1.55556
PLACE_optlc_35116	0	1.55556
datamem/ram_reg[13][12]	0	1.47036
U209	0	0.94282
PLACE_optlc_37123	0	0.530864
PLACE_optlc_32904	0	0.493827
PLACE_optlc_25671	0	0.54321
PLACE_optlc_29323	0	1.55556
PLACE_optlc_35757	0	0.555556
PLACE_optlc_36475	0	1.54321
PLACE_optlc_26082	0	1.51852
PLACE_optlc_32235	0	0.518519
PLACE_optlc_31585	0	1.55556
datamem/ram_reg[126][10]	0	1.13043
U175	0	1.15696
PLACE_optlc_28451	0	1.51852
PLACE_optlc_32890	0	0.54321
PLACE_optlc_27206	0	1.53086
PLACE_optlc_32780	0	1.55556
PLACE_optlc_31487	0	1.46914
PLACE_optlc_27174	0	0.54321
datamem/ram_reg[146][0]	0	1.09753
U263	0	0.581103
U241	0	0.643468
datamem/U3232	0	0.939051
datamem/U641	0	1.81242
datamem/ram_reg[219][14]	0	0.797049
datamem/U461	0	0.965031
datamem/ram_reg[124][13]	0	1.24507
PLACE_optlc_27730	0	1.55556
PLACE_optlc_34878	0	0.530864
PLACE_optlc_25866	0	0.506173
PLACE_optlc_35465	0	0.469136
datamem/ram_reg[73][7]	0	1.015
datamem/ram_reg[39][13]	0	1.25804
datamem/ram_reg[220][0]	0	0.94603
datamem/ram_reg[11][4]	0	1.31549
datamem/ram_reg[199][9]	0	0.863889
datamem/ram_reg[187][8]	0	0.829877
PLACE_optlc_27222	0	0.518519
PLACE_optlc_29247	0	1.54321
PLACE_optlc_30586	0	1.45679
PLACE_optlc_28839	0	0.45679
datamem/ram_reg[18][13]	0	1.26598
datamem/ram_reg[49][2]	0	0.94988
datamem/ram_reg[24][9]	0	1.36524
datamem/ram_reg[62][2]	0	0.856358
datamem/ram_reg[254][4]	0	2.28351
PLACE_optlc_33950	0	0.54321
PLACE_optlc_35153	0	0.469136
PLACE_optlc_32324	0	0.518519
PLACE_optlc_36267	0	0.555556
PLACE_optlc_37482	0	0.555556
datamem/U706	0	0.862434
PLACE_optlc_31880	0	0.530864
PLACE_optlc_38355	0	0.518519
PLACE_optlc_30121	0	1.54321
PLACE_optlc_26071	0	1.41975
PLACE_optlc_35267	0	0.555556
PLACE_optlc_31440	0	1.51852
PLACE_optlc_25908	0	1.55556
PLACE_optlc_28387	0	0.481481
PLACE_optlc_34406	0	0.555556
datamem/U2381	0	1.18686
datamem/U1538	0	1.82148
datamem/U3827	0	1.58922
U173	0	0.948098
PLACE_optlc_34782	0	0.469136
PLACE_optlc_35828	0	0.555556
PLACE_optlc_30992	0	0.54321
PLACE_optlc_35535	0	0.555556
PLACE_optlc_28554	0	0.481481
PLACE_optlc_33568	0	0.45679
PLACE_optlc_30405	0	0.54321
datamem/U495	0	1.70127
datamem/ram_reg[110][9]	0	0.844147
datamem/ram_reg[217][10]	0	0.609255
PLACE_optlc_26923	0	0.530864
PLACE_optlc_28191	0	0.54321
PLACE_optlc_27396	0	1.55556
datamem/U3028	0	0.66441
datamem/U313	0	1.20194
datamem/U980	0	1.00472
datamem/U2642	0	0.577369
PLACE_optlc_25749	0	1.55556
PLACE_optlc_25902	0	1.55556
datamem/U4483	0	2.57639
datamem/U456	0	1.25437
datamem/U2162	0	1.17637
datamem/U1405	0	1.03315
U176	0	1.51485
U251	0	0.572002
U202	0	0.871358
PLACE_optlc_34054	0	1.55556
PLACE_optlc_31390	0	1.55556
PLACE_optlc_34087	0	0.555556
datamem/U2288	0	0.627022
datamem/U3029	0	1.15681
datamem/U1797	0	1.78424
datamem/U2580	0	0.924209
datamem/U1565	0	1.35088
datamem/U3158	0	0.929421
datamem/U1998	0	1.42132
PLACE_optlc_33670	0	1.55556
PLACE_optlc_31055	0	0.54321
PLACE_optlc_28071	0	0.54321
datamem/U2905	0	0.672894
datamem/U3995	0	1.38631
datamem/U1044	0	0.730127
datamem/U4125	0	0.872087
datamem/U3937	0	0.943924
datamem/U3935	0	0.730675
U210	0	1.16104
PLACE_optlc_26029	0	1.50617
PLACE_optlc_36234	0	0.555556
PLACE_optlc_36769	0	0.555556
PLACE_optlc_28077	0	1.53086
U317	0	0.613565
datamem/U3610	0	0.774402
PLACE_optlc_33666	0	1.55556
PLACE_optlc_36027	0	0.518519
PLACE_optlc_34781	0	1.55556
datamem/U1494	0	0.730922
PLACE_optlc_34596	0	0.555556
PLACE_optlc_33638	0	0.54321
U270	0	1.06591
PLACE_optlc_35333	0	1.55556
PLACE_optlc_34677	0	0.530864
PLACE_optlc_37055	0	1.51852
PLACE_optlc_37576	0	0.555556
datamem/U3314	0	0.617361
datamem/U2397	0	1.00471
datamem/U2216	0	0.78635
datamem/U340	0	0.79939
datamem/U2705	0	0.857145
datamem/U791	0	1.40852
datamem/U1123	0	0.727797
datamem/U197	0	0.773615
datamem/U1328	0	0.651204
datamem/U719	0	1.77054
datamem/U3981	0	1.48817
datamem/U3839	0	0.653565
datamem/U1953	0	1.32092
datamem/U2564	0	0.706555
datamem/U864	0	0.88218
PLACE_optlc_34646	0	0.54321
PLACE_optlc_38189	0	0.493827
PLACE_optlc_37211	0	0.555556
PLACE_optlc_34124	0	1.53086
PLACE_optlc_28875	0	0.506173
PLACE_optlc_28297	0	0.54321
PLACE_optlc_28286	0	0.54321
datamem/U1451	0	0.764383
datamem/U3977	0	1.32764
datamem/U2331	0	0.829603
datamem/U763	0	1.44236
datamem/U2917	0	0.965421
datamem/U2255	0	0.720918
datamem/U3724	0	0.944255
datamem/U204	0	0.799414
datamem/U2374	0	0.745637
datamem/U248	0	1.16676
datamem/U889	0	0.638573
datamem/U4058	0	0.653148
PLACE_optlc_35529	0	0.481481
PLACE_optlc_34650	0	1.55556
PLACE_optlc_27847	0	1.53086
PLACE_optlc_32928	0	0.493827
PLACE_optlc_34351	0	1.55556
PLACE_optlc_34223	0	1.55556
PLACE_optlc_27000	0	0.518519
PLACE_optlc_38251	0	0.555556
PLACE_optlc_34341	0	1.55556
datamem/U484	0	1.20753
datamem/U3223	0	0.851022
datamem/U2936	0	0.891944
U164	0	0.612199
U304	0	0.809456
PLACE_optlc_37900	0	0.555556
PLACE_optlc_37663	0	0.555556
PLACE_optlc_33529	0	0.469136
PLACE_optlc_36504	0	0.555556
PLACE_optlc_36281	0	1.55556
PLACE_optlc_35154	0	1.55556
PLACE_optlc_34775	0	0.555556
PLACE_optlc_30370	0	0.54321
U266	0	0.632303
PLACE_optlc_25725	0	1.55556
PLACE_optlc_34696	0	0.555556
PLACE_optlc_36276	0	0.518519
PLACE_optlc_27369	0	0.518519
PLACE_optlc_29700	0	0.54321
PLACE_optlc_29992	0	0.518519
PLACE_optlc_30803	0	1.49383
PLACE_optlc_30588	0	1.55556
PLACE_optlc_36609	0	0.555556
PLACE_optlc_30419	0	1.54321
PLACE_optlc_29707	0	1.51852
PLACE_optlc_33778	0	0.530864
PLACE_optlc_33967	0	0.54321
U305	0	0.766601
U204	0	0.817141
U273	0	0.597064
PLACE_optlc_27850	0	0.530864
PLACE_optlc_33420	0	1.54321
PLACE_optlc_30667	0	0.54321
PLACE_optlc_27412	0	1.55556
PLACE_optlc_28628	0	0.530864
PLACE_optlc_30693	0	1.55556
PLACE_optlc_32476	0	1.54321
PLACE_optlc_30273	0	1.55556
PLACE_optlc_28342	0	0.518519
PLACE_optlc_32217	0	1.54321
PLACE_optlc_27573	0	1.53086
PLACE_optlc_29709	0	1.51852
PLACE_optlc_27803	0	1.54321
U309	0	1.19699
datamem/U349	0	0.923823
U101	0	0.628465
datamem/U3390	0	0.757546
datamem/U3071	0	0.541987
PLACE_optlc_35119	0	1.55556
PLACE_optlc_35145	0	0.555556
PLACE_optlc_25785	0	1.54321
PLACE_optlc_36698	0	0.555556
PLACE_optlc_34287	0	0.555556
PLACE_optlc_25683	0	0.54321
PLACE_optlc_32619	0	0.54321
PLACE_optlc_27457	0	0.530864
PLACE_optlc_36457	0	0.555556
PLACE_optlc_37053	0	0.469136
PLACE_optlc_36638	0	1.53086
PLACE_optlc_36506	0	0.555556
PLACE_optlc_33573	0	0.518519
PLACE_optlc_37231	0	1.51852
PLACE_optlc_37392	0	1.55556
PLACE_optlc_34980	0	1.54321
PLACE_optlc_28220	0	1.53086
PLACE_optlc_31099	0	0.518519
PLACE_optlc_27683	0	1.55556
PLACE_optlc_36847	0	1.53086
PLACE_optlc_34752	0	0.518519
PLACE_optlc_28162	0	1.53086
PLACE_optlc_35611	0	1.51852
PLACE_optlc_29426	0	1.55556
PLACE_optlc_29883	0	0.54321
datamem/U1949	0	1.11701
datamem/U4646	0	0.806312
datamem/U4172	0	0.680694
U183	0	1.18791
datamem/U3638	0	0.711883
datamem/U4623	0	0.757863
datamem/U444	0	0.921894
datamem/U2091	0	0.940351
datamem/U3735	0	0.7661
datamem/U2039	0	0.919221
datamem/U690	0	1.46039
datamem/U3570	0	1.45149
datamem/U4332	0	0.810617
datamem/U1173	0	0.652666
datamem/U2928	0	0.835301
datamem/U1580	0	0.623059
U192	0	1.2198
PLACE_optlc_37423	0	1.53086
PLACE_optlc_35334	0	0.555556
PLACE_optlc_37783	0	1.55556
PLACE_optlc_35066	0	1.55556
PLACE_optlc_27911	0	0.54321
PLACE_optlc_36093	0	0.555556
PLACE_optlc_29525	0	1.49383
PLACE_optlc_37413	0	1.53086
PLACE_optlc_35663	0	0.555556
PLACE_optlc_32242	0	0.54321
PLACE_optlc_35140	0	0.530864
PLACE_optlc_37930	0	1.55556
PLACE_optlc_33609	0	1.54321
PLACE_optlc_35896	0	1.55556
PLACE_optlc_35628	0	0.518519
PLACE_optlc_32228	0	1.50617
PLACE_optlc_36655	0	0.469136
PLACE_optlc_29805	0	1.55556
PLACE_optlc_36206	0	1.53086
PLACE_optlc_29827	0	0.493827
PLACE_optlc_34066	0	1.55556
PLACE_optlc_30490	0	0.54321
PLACE_optlc_36277	0	1.55556
PLACE_optlc_35141	0	1.53086
PLACE_optlc_37875	0	1.55556
PLACE_optlc_33527	0	1.54321
PLACE_optlc_37716	0	1.55556
PLACE_optlc_31065	0	1.55556
PLACE_optlc_34998	0	0.506173
PLACE_optlc_38293	0	0.518519
PLACE_optlc_28522	0	1.54321
PLACE_optlc_30314	0	0.506173
PLACE_optlc_29527	0	0.54321
PLACE_optlc_33986	0	0.518519
PLACE_optlc_28860	0	0.518519
PLACE_optlc_27401	0	1.51852
PLACE_optlc_31155	0	0.54321
PLACE_optlc_32374	0	0.54321
PLACE_optlc_28725	0	0.54321
PLACE_optlc_28458	0	1.51852
PLACE_optlc_32823	0	0.530864
PLACE_optlc_28055	0	0.518519
PLACE_optlc_33845	0	0.518519
PLACE_optlc_26232	0	1.53086
PLACE_optlc_25626	0	1.53086
PLACE_optlc_27214	0	1.55556
PLACE_optlc_32030	0	0.518519
PLACE_optlc_33336	0	0.54321
PLACE_optlc_26102	0	1.54321
PLACE_optlc_33765	0	0.54321
PLACE_optlc_29160	0	1.54321
PLACE_optlc_31302	0	0.518519
PLACE_optlc_26135	0	1.55556
PLACE_optlc_27446	0	1.55556
PLACE_optlc_26739	0	0.530864
PLACE_optlc_25915	0	1.53086
PLACE_optlc_33605	0	1.51852
PLACE_optlc_34007	0	1.55556
PLACE_optlc_33591	0	0.54321
PLACE_optlc_28158	0	1.55556
PLACE_optlc_26125	0	1.51852
PLACE_optlc_31424	0	1.55556
U256	0	0.599857
U269	0	0.836829
PLACE_optlc_34201	0	1.55556
PLACE_optlc_27343	0	0.530864
PLACE_optlc_33478	0	0.518519
PLACE_optlc_30386	0	0.54321
PLACE_optlc_32336	0	0.506173
PLACE_optlc_27373	0	1.55556
PLACE_optlc_30510	0	0.518519
PLACE_optlc_26347	0	0.530864
PLACE_optlc_29762	0	1.55556
PLACE_optlc_32556	0	1.53086
PLACE_optlc_34238	0	1.55556
PLACE_optlc_32147	0	1.55556
PLACE_optlc_31907	0	1.55556
PLACE_optlc_31498	0	1.51852
PLACE_optlc_26287	0	1.54321
PLACE_optlc_27125	0	0.518519
PLACE_optlc_31137	0	0.481481
PLACE_optlc_34050	0	1.55556
PLACE_optlc_25846	0	1.53086
PLACE_optlc_28090	0	1.54321
PLACE_optlc_33068	0	0.530864
PLACE_optlc_26750	0	1.55556
PLACE_optlc_33090	0	1.51852
PLACE_optlc_37338	0	1.55556
PLACE_optlc_30237	0	1.55556
PLACE_optlc_26157	0	1.55556
PLACE_optlc_36607	0	0.555556
PLACE_optlc_36591	0	0.555556
PLACE_optlc_37828	0	0.555556
PLACE_optlc_34887	0	0.530864
PLACE_optlc_37349	0	1.54321
PLACE_optlc_37099	0	0.555556
PLACE_optlc_36902	0	1.55556
PLACE_optlc_34811	0	0.555556
PLACE_optlc_27659	0	1.55556
PLACE_optlc_35562	0	0.555556
PLACE_optlc_33868	0	0.530864
PLACE_optlc_30705	0	0.54321
PLACE_optlc_34686	0	1.55556
PLACE_optlc_26834	0	0.530864
PLACE_optlc_36803	0	0.555556
PLACE_optlc_36535	0	1.55556
PLACE_optlc_34568	0	0.555556
PLACE_optlc_33921	0	0.530864
PLACE_optlc_30580	0	1.55556
PLACE_optlc_33157	0	1.55556
PLACE_optlc_37976	0	0.469136
PLACE_optlc_35886	0	1.55556
U303	0	1.00646
U308	0	0.784371
PLACE_optlc_33626	0	1.55556
PLACE_optlc_27524	0	1.55556
PLACE_optlc_26663	0	1.55556
PLACE_optlc_27682	0	0.518519
PLACE_optlc_31397	0	0.518519
PLACE_optlc_32878	0	0.506173
PLACE_optlc_29417	0	1.50617
PLACE_optlc_34018	0	0.518519
PLACE_optlc_32040	0	1.55556
PLACE_optlc_27506	0	1.55556
PLACE_optlc_27084	0	0.493827
PLACE_optlc_28678	0	1.55556
PLACE_optlc_31350	0	1.55556
PLACE_optlc_26485	0	0.506173
PLACE_optlc_33271	0	1.49383
PLACE_optlc_26427	0	1.55556
PLACE_optlc_33348	0	1.55556
PLACE_optlc_30230	0	0.518519
PLACE_optlc_32646	0	1.55556
PLACE_optlc_26799	0	1.51852
PLACE_optlc_25855	0	1.55556
PLACE_optlc_29136	0	0.518519
PLACE_optlc_32151	0	0.518519
PLACE_optlc_27985	0	1.53086
PLACE_optlc_31160	0	1.51852
PLACE_optlc_33682	0	1.51852
PLACE_optlc_31694	0	1.55556
PLACE_optlc_25879	0	0.493827
PLACE_optlc_28270	0	1.55556
PLACE_optlc_26259	0	0.518519
PLACE_optlc_26394	0	1.51852
PLACE_optlc_33093	0	1.51852
PLACE_optlc_32892	0	1.55556
PLACE_optlc_30110	0	1.55556
PLACE_optlc_29208	0	1.51852
PLACE_optlc_32782	0	1.55556
End_Cell_Waste
Total_Cell_Waste	4
