****************************************
Report : cell
Design : mips_16
Version: O-2018.06-SP1
Date   : Sat Aug 29 10:04:34 2026
****************************************

Attributes
    b - black-box (unknown)
    h - hierarchical
    n - noncombinational
    u - contains unmapped logic
    E - extracted timing model
    Q - Quick timing model
    U - Unbound (missing)
    s - user size_only
    S - implicit size_only
    d - user dont_touch
    D - derived dont_touch
    o - synthetic operator


Cell                      Reference       Library          Attributes
--------------------------------------------------------------------------------
ALU_Control_unit          ALUControl                       h
JRControl_unit            JR_Control                       h
PLACE_HFSBUF_7503_25584   NBUFFX2         saed90nm_max     
PLACE_HFSINV_305_25572    INVX4           saed90nm_max     
PLACE_HFSINV_455_25600    INVX2           saed90nm_max     
PLACE_HFSINV_8186_25586   INVX2           saed90nm_max     
PLACE_optlc_12675         TIEH            saed90nm_max     
PLACE_optlc_25603         TIEL            saed90nm_max     
PLACE_optlc_25604         TIEL            saed90nm_max     
PLACE_optlc_25605         TIEL            saed90nm_max     
PLACE_optlc_25606         TIEL            saed90nm_max     
PLACE_optlc_25607         TIEL            saed90nm_max     
PLACE_optlc_25608         TIEL            saed90nm_max     
PLACE_optlc_25609         TIEL            saed90nm_max     
PLACE_optlc_25610         TIEL            saed90nm_max     
PLACE_optlc_25611         TIEL            saed90nm_max     
PLACE_optlc_25612         TIEL            saed90nm_max     
PLACE_optlc_25613         TIEL            saed90nm_max     
PLACE_optlc_25614         TIEL            saed90nm_max     
PLACE_optlc_25615         TIEL            saed90nm_max     
PLACE_optlc_25616         TIEL            saed90nm_max     
PLACE_optlc_25617         TIEL            saed90nm_max     
PLACE_optlc_25618         TIEL            saed90nm_max     
PLACE_optlc_25619         TIEL            saed90nm_max     
PLACE_optlc_25620         TIEL            saed90nm_max     
PLACE_optlc_25621         TIEL            saed90nm_max     
PLACE_optlc_25622         TIEL            saed90nm_max     
PLACE_optlc_25623         TIEL            saed90nm_max     
PLACE_optlc_25624         TIEL            saed90nm_max     
PLACE_optlc_25625         TIEL            saed90nm_max     
PLACE_optlc_25626         TIEL            saed90nm_max     
PLACE_optlc_25627         TIEL            saed90nm_max     
PLACE_optlc_25628         TIEL            saed90nm_max     
PLACE_optlc_25629         TIEL            saed90nm_max     
PLACE_optlc_25630         TIEL            saed90nm_max     
PLACE_optlc_25631         TIEL            saed90nm_max     
PLACE_optlc_25632         TIEL            saed90nm_max     
PLACE_optlc_25633         TIEL            saed90nm_max     
PLACE_optlc_25634         TIEL            saed90nm_max     
PLACE_optlc_25635         TIEL            saed90nm_max     
PLACE_optlc_25636         TIEL            saed90nm_max     
PLACE_optlc_25637         TIEL            saed90nm_max     
PLACE_optlc_25638         TIEL            saed90nm_max     
PLACE_optlc_25639         TIEL            saed90nm_max     
PLACE_optlc_25640         TIEL            saed90nm_max     
PLACE_optlc_25641         TIEL            saed90nm_max     
PLACE_optlc_25642         TIEL            saed90nm_max     
PLACE_optlc_25643         TIEL            saed90nm_max     
PLACE_optlc_25644         TIEL            saed90nm_max     
PLACE_optlc_25645         TIEL            saed90nm_max     
PLACE_optlc_25646         TIEL            saed90nm_max     
PLACE_optlc_25647         TIEL            saed90nm_max     
PLACE_optlc_25648         TIEL            saed90nm_max     
PLACE_optlc_25649         TIEL            saed90nm_max     
PLACE_optlc_25650         TIEL            saed90nm_max     
PLACE_optlc_25651         TIEL            saed90nm_max     
PLACE_optlc_25652         TIEL            saed90nm_max     
PLACE_optlc_25653         TIEL            saed90nm_max     
PLACE_optlc_25654         TIEL            saed90nm_max     
PLACE_optlc_25655         TIEL            saed90nm_max     
PLACE_optlc_25656         TIEL            saed90nm_max     
PLACE_optlc_25657         TIEL            saed90nm_max     
PLACE_optlc_25658         TIEL            saed90nm_max     
PLACE_optlc_25659         TIEL            saed90nm_max     
PLACE_optlc_25660         TIEL            saed90nm_max     
PLACE_optlc_25661         TIEL            saed90nm_max     
PLACE_optlc_25662         TIEL            saed90nm_max     
PLACE_optlc_25663         TIEL            saed90nm_max     
PLACE_optlc_25664         TIEL            saed90nm_max     
PLACE_optlc_25665         TIEL            saed90nm_max     
PLACE_optlc_25666         TIEL            saed90nm_max     
PLACE_optlc_25667         TIEL            saed90nm_max     
PLACE_optlc_25668         TIEL            saed90nm_max     
PLACE_optlc_25669         TIEL            saed90nm_max     
PLACE_optlc_25670         TIEL            saed90nm_max     
PLACE_optlc_25671         TIEL            saed90nm_max     
PLACE_optlc_25672         TIEL            saed90nm_max     
PLACE_optlc_25673         TIEL            saed90nm_max     
PLACE_optlc_25674         TIEL            saed90nm_max     
PLACE_optlc_25675         TIEL            saed90nm_max     
PLACE_optlc_25676         TIEL            saed90nm_max     
PLACE_optlc_25677         TIEL            saed90nm_max     
PLACE_optlc_25678         TIEL            saed90nm_max     
PLACE_optlc_25679         TIEL            saed90nm_max     
PLACE_optlc_25681         TIEL            saed90nm_max     
PLACE_optlc_25682         TIEL            saed90nm_max     
PLACE_optlc_25683         TIEL            saed90nm_max     
PLACE_optlc_25684         TIEL            saed90nm_max     
PLACE_optlc_25685         TIEL            saed90nm_max     
PLACE_optlc_25686         TIEL            saed90nm_max     
PLACE_optlc_25687         TIEL            saed90nm_max     
PLACE_optlc_25688         TIEL            saed90nm_max     
PLACE_optlc_25689         TIEL            saed90nm_max     
PLACE_optlc_25690         TIEL            saed90nm_max     
PLACE_optlc_25691         TIEL            saed90nm_max     
PLACE_optlc_25692         TIEL            saed90nm_max     
PLACE_optlc_25693         TIEL            saed90nm_max     
PLACE_optlc_25694         TIEL            saed90nm_max     
PLACE_optlc_25695         TIEL            saed90nm_max     
PLACE_optlc_25696         TIEL            saed90nm_max     
PLACE_optlc_25697         TIEL            saed90nm_max     
PLACE_optlc_25698         TIEL            saed90nm_max     
PLACE_optlc_25699         TIEL            saed90nm_max     
PLACE_optlc_25700         TIEL            saed90nm_max     
PLACE_optlc_25701         TIEL            saed90nm_max     
PLACE_optlc_25702         TIEL            saed90nm_max     
PLACE_optlc_25703         TIEL            saed90nm_max     
PLACE_optlc_25704         TIEL            saed90nm_max     
PLACE_optlc_25705         TIEL            saed90nm_max     
PLACE_optlc_25706         TIEL            saed90nm_max     
PLACE_optlc_25707         TIEL            saed90nm_max     
PLACE_optlc_25708         TIEL            saed90nm_max     
PLACE_optlc_25709         TIEL            saed90nm_max     
PLACE_optlc_25710         TIEL            saed90nm_max     
PLACE_optlc_25711         TIEL            saed90nm_max     
PLACE_optlc_25712         TIEL            saed90nm_max     
PLACE_optlc_25713         TIEL            saed90nm_max     
PLACE_optlc_25714         TIEL            saed90nm_max     
PLACE_optlc_25715         TIEL            saed90nm_max     
PLACE_optlc_25716         TIEL            saed90nm_max     
PLACE_optlc_25717         TIEL            saed90nm_max     
PLACE_optlc_25718         TIEL            saed90nm_max     
PLACE_optlc_25719         TIEL            saed90nm_max     
PLACE_optlc_25720         TIEL            saed90nm_max     
PLACE_optlc_25721         TIEL            saed90nm_max     
PLACE_optlc_25722         TIEL            saed90nm_max     
PLACE_optlc_25723         TIEL            saed90nm_max     
PLACE_optlc_25724         TIEL            saed90nm_max     
PLACE_optlc_25725         TIEL            saed90nm_max     
PLACE_optlc_25726         TIEL            saed90nm_max     
PLACE_optlc_25727         TIEL            saed90nm_max     
PLACE_optlc_25728         TIEL            saed90nm_max     
PLACE_optlc_25729         TIEL            saed90nm_max     
PLACE_optlc_25730         TIEL            saed90nm_max     
PLACE_optlc_25731         TIEL            saed90nm_max     
PLACE_optlc_25732         TIEL            saed90nm_max     
PLACE_optlc_25733         TIEL            saed90nm_max     
PLACE_optlc_25734         TIEL            saed90nm_max     
PLACE_optlc_25735         TIEL            saed90nm_max     
PLACE_optlc_25736         TIEL            saed90nm_max     
PLACE_optlc_25737         TIEL            saed90nm_max     
PLACE_optlc_25738         TIEL            saed90nm_max     
PLACE_optlc_25739         TIEL            saed90nm_max     
PLACE_optlc_25740         TIEL            saed90nm_max     
PLACE_optlc_25741         TIEL            saed90nm_max     
PLACE_optlc_25742         TIEL            saed90nm_max     
PLACE_optlc_25743         TIEL            saed90nm_max     
PLACE_optlc_25744         TIEL            saed90nm_max     
PLACE_optlc_25745         TIEL            saed90nm_max     
PLACE_optlc_25746         TIEL            saed90nm_max     
PLACE_optlc_25747         TIEL            saed90nm_max     
PLACE_optlc_25748         TIEL            saed90nm_max     
PLACE_optlc_25749         TIEL            saed90nm_max     
PLACE_optlc_25750         TIEL            saed90nm_max     
PLACE_optlc_25751         TIEL            saed90nm_max     
PLACE_optlc_25752         TIEL            saed90nm_max     
PLACE_optlc_25753         TIEL            saed90nm_max     
PLACE_optlc_25754         TIEL            saed90nm_max     
PLACE_optlc_25755         TIEL            saed90nm_max     
PLACE_optlc_25756         TIEL            saed90nm_max     
PLACE_optlc_25757         TIEL            saed90nm_max     
PLACE_optlc_25758         TIEL            saed90nm_max     
PLACE_optlc_25759         TIEL            saed90nm_max     
PLACE_optlc_25760         TIEL            saed90nm_max     
PLACE_optlc_25761         TIEL            saed90nm_max     
PLACE_optlc_25762         TIEL            saed90nm_max     
PLACE_optlc_25763         TIEL            saed90nm_max     
PLACE_optlc_25764         TIEL            saed90nm_max     
PLACE_optlc_25765         TIEL            saed90nm_max     
PLACE_optlc_25766         TIEL            saed90nm_max     
PLACE_optlc_25767         TIEL            saed90nm_max     
PLACE_optlc_25768         TIEL            saed90nm_max     
PLACE_optlc_25769         TIEL            saed90nm_max     
PLACE_optlc_25770         TIEL            saed90nm_max     
PLACE_optlc_25771         TIEL            saed90nm_max     
PLACE_optlc_25772         TIEL            saed90nm_max     
PLACE_optlc_25773         TIEL            saed90nm_max     
PLACE_optlc_25774         TIEL            saed90nm_max     
PLACE_optlc_25775         TIEL            saed90nm_max     
PLACE_optlc_25776         TIEL            saed90nm_max     
PLACE_optlc_25777         TIEL            saed90nm_max     
PLACE_optlc_25778         TIEL            saed90nm_max     
PLACE_optlc_25779         TIEL            saed90nm_max     
PLACE_optlc_25780         TIEL            saed90nm_max     
PLACE_optlc_25781         TIEL            saed90nm_max     
PLACE_optlc_25782         TIEL            saed90nm_max     
PLACE_optlc_25783         TIEL            saed90nm_max     
PLACE_optlc_25784         TIEL            saed90nm_max     
PLACE_optlc_25785         TIEL            saed90nm_max     
PLACE_optlc_25786         TIEL            saed90nm_max     
PLACE_optlc_25787         TIEL            saed90nm_max     
PLACE_optlc_25788         TIEL            saed90nm_max     
PLACE_optlc_25789         TIEL            saed90nm_max     
PLACE_optlc_25790         TIEL            saed90nm_max     
PLACE_optlc_25791         TIEL            saed90nm_max     
PLACE_optlc_25792         TIEL            saed90nm_max     
PLACE_optlc_25793         TIEL            saed90nm_max     
PLACE_optlc_25794         TIEL            saed90nm_max     
PLACE_optlc_25795         TIEL            saed90nm_max     
PLACE_optlc_25796         TIEL            saed90nm_max     
PLACE_optlc_25797         TIEL            saed90nm_max     
PLACE_optlc_25798         TIEL            saed90nm_max     
PLACE_optlc_25799         TIEL            saed90nm_max     
PLACE_optlc_25800         TIEL            saed90nm_max     
PLACE_optlc_25801         TIEL            saed90nm_max     
PLACE_optlc_25802         TIEL            saed90nm_max     
PLACE_optlc_25803         TIEL            saed90nm_max     
PLACE_optlc_25804         TIEL            saed90nm_max     
PLACE_optlc_25805         TIEL            saed90nm_max     
PLACE_optlc_25806         TIEL            saed90nm_max     
PLACE_optlc_25807         TIEL            saed90nm_max     
PLACE_optlc_25808         TIEL            saed90nm_max     
PLACE_optlc_25809         TIEL            saed90nm_max     
PLACE_optlc_25810         TIEL            saed90nm_max     
PLACE_optlc_25811         TIEL            saed90nm_max     
PLACE_optlc_25812         TIEL            saed90nm_max     
PLACE_optlc_25813         TIEL            saed90nm_max     
PLACE_optlc_25814         TIEL            saed90nm_max     
PLACE_optlc_25815         TIEL            saed90nm_max     
PLACE_optlc_25816         TIEL            saed90nm_max     
PLACE_optlc_25817         TIEL            saed90nm_max     
PLACE_optlc_25818         TIEL            saed90nm_max     
PLACE_optlc_25819         TIEL            saed90nm_max     
PLACE_optlc_25820         TIEL            saed90nm_max     
PLACE_optlc_25821         TIEL            saed90nm_max     
PLACE_optlc_25822         TIEL            saed90nm_max     
PLACE_optlc_25823         TIEL            saed90nm_max     
PLACE_optlc_25824         TIEL            saed90nm_max     
PLACE_optlc_25825         TIEL            saed90nm_max     
PLACE_optlc_25826         TIEL            saed90nm_max     
PLACE_optlc_25827         TIEL            saed90nm_max     
PLACE_optlc_25828         TIEL            saed90nm_max     
PLACE_optlc_25829         TIEL            saed90nm_max     
PLACE_optlc_25830         TIEL            saed90nm_max     
PLACE_optlc_25831         TIEL            saed90nm_max     
PLACE_optlc_25832         TIEL            saed90nm_max     
PLACE_optlc_25833         TIEL            saed90nm_max     
PLACE_optlc_25834         TIEL            saed90nm_max     
PLACE_optlc_25835         TIEL            saed90nm_max     
PLACE_optlc_25836         TIEL            saed90nm_max     
PLACE_optlc_25837         TIEL            saed90nm_max     
PLACE_optlc_25838         TIEL            saed90nm_max     
PLACE_optlc_25839         TIEL            saed90nm_max     
PLACE_optlc_25840         TIEL            saed90nm_max     
PLACE_optlc_25841         TIEL            saed90nm_max     
PLACE_optlc_25842         TIEL            saed90nm_max     
PLACE_optlc_25843         TIEL            saed90nm_max     
PLACE_optlc_25844         TIEL            saed90nm_max     
PLACE_optlc_25845         TIEL            saed90nm_max     
PLACE_optlc_25846         TIEL            saed90nm_max     
PLACE_optlc_25847         TIEL            saed90nm_max     
PLACE_optlc_25848         TIEL            saed90nm_max     
PLACE_optlc_25849         TIEL            saed90nm_max     
PLACE_optlc_25850         TIEL            saed90nm_max     
PLACE_optlc_25851         TIEL            saed90nm_max     
PLACE_optlc_25852         TIEL            saed90nm_max     
PLACE_optlc_25853         TIEL            saed90nm_max     
PLACE_optlc_25854         TIEL            saed90nm_max     
PLACE_optlc_25855         TIEL            saed90nm_max     
PLACE_optlc_25856         TIEL            saed90nm_max     
PLACE_optlc_25857         TIEL            saed90nm_max     
PLACE_optlc_25858         TIEL            saed90nm_max     
PLACE_optlc_25859         TIEL            saed90nm_max     
PLACE_optlc_25860         TIEL            saed90nm_max     
PLACE_optlc_25861         TIEL            saed90nm_max     
PLACE_optlc_25862         TIEL            saed90nm_max     
PLACE_optlc_25863         TIEL            saed90nm_max     
PLACE_optlc_25864         TIEL            saed90nm_max     
PLACE_optlc_25865         TIEL            saed90nm_max     
PLACE_optlc_25866         TIEL            saed90nm_max     
PLACE_optlc_25867         TIEL            saed90nm_max     
PLACE_optlc_25868         TIEL            saed90nm_max     
PLACE_optlc_25869         TIEL            saed90nm_max     
PLACE_optlc_25870         TIEL            saed90nm_max     
PLACE_optlc_25871         TIEL            saed90nm_max     
PLACE_optlc_25872         TIEL            saed90nm_max     
PLACE_optlc_25873         TIEL            saed90nm_max     
PLACE_optlc_25874         TIEL            saed90nm_max     
PLACE_optlc_25875         TIEL            saed90nm_max     
PLACE_optlc_25876         TIEL            saed90nm_max     
PLACE_optlc_25877         TIEL            saed90nm_max     
PLACE_optlc_25878         TIEL            saed90nm_max     
PLACE_optlc_25879         TIEL            saed90nm_max     
PLACE_optlc_25880         TIEL            saed90nm_max     
PLACE_optlc_25881         TIEL            saed90nm_max     
PLACE_optlc_25882         TIEL            saed90nm_max     
PLACE_optlc_25883         TIEL            saed90nm_max     
PLACE_optlc_25884         TIEL            saed90nm_max     
PLACE_optlc_25885         TIEL            saed90nm_max     
PLACE_optlc_25886         TIEL            saed90nm_max     
PLACE_optlc_25887         TIEL            saed90nm_max     
PLACE_optlc_25888         TIEL            saed90nm_max     
PLACE_optlc_25889         TIEL            saed90nm_max     
PLACE_optlc_25890         TIEL            saed90nm_max     
PLACE_optlc_25891         TIEL            saed90nm_max     
PLACE_optlc_25892         TIEL            saed90nm_max     
PLACE_optlc_25893         TIEL            saed90nm_max     
PLACE_optlc_25894         TIEL            saed90nm_max     
PLACE_optlc_25895         TIEL            saed90nm_max     
PLACE_optlc_25896         TIEL            saed90nm_max     
PLACE_optlc_25897         TIEL            saed90nm_max     
PLACE_optlc_25898         TIEL            saed90nm_max     
PLACE_optlc_25899         TIEL            saed90nm_max     
PLACE_optlc_25900         TIEL            saed90nm_max     
PLACE_optlc_25901         TIEL            saed90nm_max     
PLACE_optlc_25902         TIEL            saed90nm_max     
PLACE_optlc_25903         TIEL            saed90nm_max     
PLACE_optlc_25904         TIEL            saed90nm_max     
PLACE_optlc_25905         TIEL            saed90nm_max     
PLACE_optlc_25906         TIEL            saed90nm_max     
PLACE_optlc_25907         TIEL            saed90nm_max     
PLACE_optlc_25908         TIEL            saed90nm_max     
PLACE_optlc_25909         TIEL            saed90nm_max     
PLACE_optlc_25910         TIEL            saed90nm_max     
PLACE_optlc_25911         TIEL            saed90nm_max     
PLACE_optlc_25912         TIEL            saed90nm_max     
PLACE_optlc_25913         TIEL            saed90nm_max     
PLACE_optlc_25914         TIEL            saed90nm_max     
PLACE_optlc_25915         TIEL            saed90nm_max     
PLACE_optlc_25916         TIEL            saed90nm_max     
PLACE_optlc_25917         TIEL            saed90nm_max     
PLACE_optlc_25918         TIEL            saed90nm_max     
PLACE_optlc_25919         TIEL            saed90nm_max     
PLACE_optlc_25920         TIEL            saed90nm_max     
PLACE_optlc_25921         TIEL            saed90nm_max     
PLACE_optlc_25922         TIEL            saed90nm_max     
PLACE_optlc_25923         TIEL            saed90nm_max     
PLACE_optlc_25924         TIEL            saed90nm_max     
PLACE_optlc_25925         TIEL            saed90nm_max     
PLACE_optlc_25926         TIEL            saed90nm_max     
PLACE_optlc_25927         TIEL            saed90nm_max     
PLACE_optlc_25928         TIEL            saed90nm_max     
PLACE_optlc_25929         TIEL            saed90nm_max     
PLACE_optlc_25930         TIEL            saed90nm_max     
PLACE_optlc_25931         TIEL            saed90nm_max     
PLACE_optlc_25932         TIEL            saed90nm_max     
PLACE_optlc_25933         TIEL            saed90nm_max     
PLACE_optlc_25934         TIEL            saed90nm_max     
PLACE_optlc_25935         TIEL            saed90nm_max     
PLACE_optlc_25936         TIEL            saed90nm_max     
PLACE_optlc_25937         TIEL            saed90nm_max     
PLACE_optlc_25938         TIEL            saed90nm_max     
PLACE_optlc_25939         TIEL            saed90nm_max     
PLACE_optlc_25940         TIEL            saed90nm_max     
PLACE_optlc_25941         TIEL            saed90nm_max     
PLACE_optlc_25942         TIEL            saed90nm_max     
PLACE_optlc_25943         TIEL            saed90nm_max     
PLACE_optlc_25944         TIEL            saed90nm_max     
PLACE_optlc_25945         TIEL            saed90nm_max     
PLACE_optlc_25946         TIEL            saed90nm_max     
PLACE_optlc_25947         TIEL            saed90nm_max     
PLACE_optlc_25948         TIEL            saed90nm_max     
PLACE_optlc_25949         TIEL            saed90nm_max     
PLACE_optlc_25950         TIEL            saed90nm_max     
PLACE_optlc_25951         TIEL            saed90nm_max     
PLACE_optlc_25952         TIEL            saed90nm_max     
PLACE_optlc_25953         TIEL            saed90nm_max     
PLACE_optlc_25954         TIEL            saed90nm_max     
PLACE_optlc_25955         TIEL            saed90nm_max     
PLACE_optlc_25956         TIEL            saed90nm_max     
PLACE_optlc_25957         TIEL            saed90nm_max     
PLACE_optlc_25958         TIEL            saed90nm_max     
PLACE_optlc_25959         TIEL            saed90nm_max     
PLACE_optlc_25960         TIEL            saed90nm_max     
PLACE_optlc_25961         TIEL            saed90nm_max     
PLACE_optlc_25962         TIEL            saed90nm_max     
PLACE_optlc_25963         TIEL            saed90nm_max     
PLACE_optlc_25964         TIEL            saed90nm_max     
PLACE_optlc_25965         TIEL            saed90nm_max     
PLACE_optlc_25967         TIEL            saed90nm_max     
PLACE_optlc_25968         TIEL            saed90nm_max     
PLACE_optlc_25969         TIEL            saed90nm_max     
PLACE_optlc_25970         TIEL            saed90nm_max     
PLACE_optlc_25971         TIEL            saed90nm_max     
PLACE_optlc_25972         TIEL            saed90nm_max     
PLACE_optlc_25973         TIEL            saed90nm_max     
PLACE_optlc_25974         TIEL            saed90nm_max     
PLACE_optlc_25975         TIEL            saed90nm_max     
PLACE_optlc_25976         TIEL            saed90nm_max     
PLACE_optlc_25977         TIEL            saed90nm_max     
PLACE_optlc_25978         TIEL            saed90nm_max     
PLACE_optlc_25979         TIEL            saed90nm_max     
PLACE_optlc_25980         TIEL            saed90nm_max     
PLACE_optlc_25981         TIEL            saed90nm_max     
PLACE_optlc_25982         TIEL            saed90nm_max     
PLACE_optlc_25983         TIEL            saed90nm_max     
PLACE_optlc_25984         TIEL            saed90nm_max     
PLACE_optlc_25985         TIEL            saed90nm_max     
PLACE_optlc_25986         TIEL            saed90nm_max     
PLACE_optlc_25987         TIEL            saed90nm_max     
PLACE_optlc_25988         TIEL            saed90nm_max     
PLACE_optlc_25989         TIEL            saed90nm_max     
PLACE_optlc_25990         TIEL            saed90nm_max     
PLACE_optlc_25991         TIEL            saed90nm_max     
PLACE_optlc_25992         TIEL            saed90nm_max     
PLACE_optlc_25993         TIEL            saed90nm_max     
PLACE_optlc_25994         TIEL            saed90nm_max     
PLACE_optlc_25995         TIEL            saed90nm_max     
PLACE_optlc_25996         TIEL            saed90nm_max     
PLACE_optlc_25997         TIEL            saed90nm_max     
PLACE_optlc_25998         TIEL            saed90nm_max     
PLACE_optlc_25999         TIEL            saed90nm_max     
PLACE_optlc_26000         TIEL            saed90nm_max     
PLACE_optlc_26001         TIEL            saed90nm_max     
PLACE_optlc_26002         TIEL            saed90nm_max     
PLACE_optlc_26003         TIEL            saed90nm_max     
PLACE_optlc_26004         TIEL            saed90nm_max     
PLACE_optlc_26005         TIEL            saed90nm_max     
PLACE_optlc_26006         TIEL            saed90nm_max     
PLACE_optlc_26007         TIEL            saed90nm_max     
PLACE_optlc_26008         TIEL            saed90nm_max     
PLACE_optlc_26009         TIEL            saed90nm_max     
PLACE_optlc_26010         TIEL            saed90nm_max     
PLACE_optlc_26011         TIEL            saed90nm_max     
PLACE_optlc_26012         TIEL            saed90nm_max     
PLACE_optlc_26013         TIEL            saed90nm_max     
PLACE_optlc_26014         TIEL            saed90nm_max     
PLACE_optlc_26015         TIEL            saed90nm_max     
PLACE_optlc_26016         TIEL            saed90nm_max     
PLACE_optlc_26017         TIEL            saed90nm_max     
PLACE_optlc_26018         TIEL            saed90nm_max     
PLACE_optlc_26019         TIEL            saed90nm_max     
PLACE_optlc_26020         TIEL            saed90nm_max     
PLACE_optlc_26021         TIEL            saed90nm_max     
PLACE_optlc_26022         TIEL            saed90nm_max     
PLACE_optlc_26023         TIEL            saed90nm_max     
PLACE_optlc_26024         TIEL            saed90nm_max     
PLACE_optlc_26025         TIEL            saed90nm_max     
PLACE_optlc_26026         TIEL            saed90nm_max     
PLACE_optlc_26027         TIEL            saed90nm_max     
PLACE_optlc_26028         TIEL            saed90nm_max     
PLACE_optlc_26029         TIEL            saed90nm_max     
PLACE_optlc_26030         TIEL            saed90nm_max     
PLACE_optlc_26031         TIEL            saed90nm_max     
PLACE_optlc_26032         TIEL            saed90nm_max     
PLACE_optlc_26033         TIEL            saed90nm_max     
PLACE_optlc_26034         TIEL            saed90nm_max     
PLACE_optlc_26035         TIEL            saed90nm_max     
PLACE_optlc_26036         TIEL            saed90nm_max     
PLACE_optlc_26037         TIEL            saed90nm_max     
PLACE_optlc_26038         TIEL            saed90nm_max     
PLACE_optlc_26039         TIEL            saed90nm_max     
PLACE_optlc_26040         TIEL            saed90nm_max     
PLACE_optlc_26041         TIEL            saed90nm_max     
PLACE_optlc_26042         TIEL            saed90nm_max     
PLACE_optlc_26043         TIEL            saed90nm_max     
PLACE_optlc_26044         TIEL            saed90nm_max     
PLACE_optlc_26045         TIEL            saed90nm_max     
PLACE_optlc_26046         TIEL            saed90nm_max     
PLACE_optlc_26047         TIEL            saed90nm_max     
PLACE_optlc_26048         TIEL            saed90nm_max     
PLACE_optlc_26049         TIEL            saed90nm_max     
PLACE_optlc_26050         TIEL            saed90nm_max     
PLACE_optlc_26051         TIEL            saed90nm_max     
PLACE_optlc_26052         TIEL            saed90nm_max     
PLACE_optlc_26053         TIEL            saed90nm_max     
PLACE_optlc_26054         TIEL            saed90nm_max     
PLACE_optlc_26055         TIEL            saed90nm_max     
PLACE_optlc_26056         TIEL            saed90nm_max     
PLACE_optlc_26057         TIEL            saed90nm_max     
PLACE_optlc_26058         TIEL            saed90nm_max     
PLACE_optlc_26059         TIEL            saed90nm_max     
PLACE_optlc_26060         TIEL            saed90nm_max     
PLACE_optlc_26061         TIEL            saed90nm_max     
PLACE_optlc_26062         TIEL            saed90nm_max     
PLACE_optlc_26063         TIEL            saed90nm_max     
PLACE_optlc_26064         TIEL            saed90nm_max     
PLACE_optlc_26065         TIEL            saed90nm_max     
PLACE_optlc_26066         TIEL            saed90nm_max     
PLACE_optlc_26067         TIEL            saed90nm_max     
PLACE_optlc_26068         TIEL            saed90nm_max     
PLACE_optlc_26069         TIEL            saed90nm_max     
PLACE_optlc_26070         TIEL            saed90nm_max     
PLACE_optlc_26071         TIEL            saed90nm_max     
PLACE_optlc_26072         TIEL            saed90nm_max     
PLACE_optlc_26073         TIEL            saed90nm_max     
PLACE_optlc_26074         TIEL            saed90nm_max     
PLACE_optlc_26075         TIEL            saed90nm_max     
PLACE_optlc_26076         TIEL            saed90nm_max     
PLACE_optlc_26077         TIEL            saed90nm_max     
PLACE_optlc_26078         TIEL            saed90nm_max     
PLACE_optlc_26079         TIEL            saed90nm_max     
PLACE_optlc_26080         TIEL            saed90nm_max     
PLACE_optlc_26081         TIEL            saed90nm_max     
PLACE_optlc_26082         TIEL            saed90nm_max     
PLACE_optlc_26083         TIEL            saed90nm_max     
PLACE_optlc_26084         TIEL            saed90nm_max     
PLACE_optlc_26085         TIEL            saed90nm_max     
PLACE_optlc_26086         TIEL            saed90nm_max     
PLACE_optlc_26087         TIEL            saed90nm_max     
PLACE_optlc_26088         TIEL            saed90nm_max     
PLACE_optlc_26089         TIEL            saed90nm_max     
PLACE_optlc_26090         TIEL            saed90nm_max     
PLACE_optlc_26091         TIEL            saed90nm_max     
PLACE_optlc_26092         TIEL            saed90nm_max     
PLACE_optlc_26093         TIEL            saed90nm_max     
PLACE_optlc_26094         TIEL            saed90nm_max     
PLACE_optlc_26095         TIEL            saed90nm_max     
PLACE_optlc_26096         TIEL            saed90nm_max     
PLACE_optlc_26097         TIEL            saed90nm_max     
PLACE_optlc_26098         TIEL            saed90nm_max     
PLACE_optlc_26099         TIEL            saed90nm_max     
PLACE_optlc_26100         TIEL            saed90nm_max     
PLACE_optlc_26101         TIEL            saed90nm_max     
PLACE_optlc_26102         TIEL            saed90nm_max     
PLACE_optlc_26103         TIEL            saed90nm_max     
PLACE_optlc_26104         TIEL            saed90nm_max     
PLACE_optlc_26105         TIEL            saed90nm_max     
PLACE_optlc_26106         TIEL            saed90nm_max     
PLACE_optlc_26107         TIEL            saed90nm_max     
PLACE_optlc_26108         TIEL            saed90nm_max     
PLACE_optlc_26109         TIEL            saed90nm_max     
PLACE_optlc_26110         TIEL            saed90nm_max     
PLACE_optlc_26111         TIEL            saed90nm_max     
PLACE_optlc_26112         TIEL            saed90nm_max     
PLACE_optlc_26113         TIEL            saed90nm_max     
PLACE_optlc_26114         TIEL            saed90nm_max     
PLACE_optlc_26115         TIEL            saed90nm_max     
PLACE_optlc_26116         TIEL            saed90nm_max     
PLACE_optlc_26117         TIEL            saed90nm_max     
PLACE_optlc_26118         TIEL            saed90nm_max     
PLACE_optlc_26119         TIEL            saed90nm_max     
PLACE_optlc_26120         TIEL            saed90nm_max     
PLACE_optlc_26121         TIEL            saed90nm_max     
PLACE_optlc_26122         TIEL            saed90nm_max     
PLACE_optlc_26123         TIEL            saed90nm_max     
PLACE_optlc_26124         TIEL            saed90nm_max     
PLACE_optlc_26125         TIEL            saed90nm_max     
PLACE_optlc_26126         TIEL            saed90nm_max     
PLACE_optlc_26127         TIEL            saed90nm_max     
PLACE_optlc_26128         TIEL            saed90nm_max     
PLACE_optlc_26129         TIEL            saed90nm_max     
PLACE_optlc_26130         TIEL            saed90nm_max     
PLACE_optlc_26131         TIEL            saed90nm_max     
PLACE_optlc_26132         TIEL            saed90nm_max     
PLACE_optlc_26133         TIEL            saed90nm_max     
PLACE_optlc_26134         TIEL            saed90nm_max     
PLACE_optlc_26135         TIEL            saed90nm_max     
PLACE_optlc_26136         TIEL            saed90nm_max     
PLACE_optlc_26137         TIEL            saed90nm_max     
PLACE_optlc_26138         TIEL            saed90nm_max     
PLACE_optlc_26139         TIEL            saed90nm_max     
PLACE_optlc_26140         TIEL            saed90nm_max     
PLACE_optlc_26141         TIEL            saed90nm_max     
PLACE_optlc_26142         TIEL            saed90nm_max     
PLACE_optlc_26143         TIEL            saed90nm_max     
PLACE_optlc_26144         TIEL            saed90nm_max     
PLACE_optlc_26146         TIEL            saed90nm_max     
PLACE_optlc_26147         TIEL            saed90nm_max     
PLACE_optlc_26148         TIEL            saed90nm_max     
PLACE_optlc_26149         TIEL            saed90nm_max     
PLACE_optlc_26150         TIEL            saed90nm_max     
PLACE_optlc_26151         TIEL            saed90nm_max     
PLACE_optlc_26152         TIEL            saed90nm_max     
PLACE_optlc_26153         TIEL            saed90nm_max     
PLACE_optlc_26154         TIEL            saed90nm_max     
PLACE_optlc_26155         TIEL            saed90nm_max     
PLACE_optlc_26156         TIEL            saed90nm_max     
PLACE_optlc_26157         TIEL            saed90nm_max     
PLACE_optlc_26158         TIEL            saed90nm_max     
PLACE_optlc_26159         TIEL            saed90nm_max     
PLACE_optlc_26160         TIEL            saed90nm_max     
PLACE_optlc_26161         TIEL            saed90nm_max     
PLACE_optlc_26162         TIEL            saed90nm_max     
PLACE_optlc_26163         TIEL            saed90nm_max     
PLACE_optlc_26164         TIEL            saed90nm_max     
PLACE_optlc_26165         TIEL            saed90nm_max     
PLACE_optlc_26166         TIEL            saed90nm_max     
PLACE_optlc_26167         TIEL            saed90nm_max     
PLACE_optlc_26168         TIEL            saed90nm_max     
PLACE_optlc_26169         TIEL            saed90nm_max     
PLACE_optlc_26170         TIEL            saed90nm_max     
PLACE_optlc_26171         TIEL            saed90nm_max     
PLACE_optlc_26172         TIEL            saed90nm_max     
PLACE_optlc_26173         TIEL            saed90nm_max     
PLACE_optlc_26174         TIEL            saed90nm_max     
PLACE_optlc_26175         TIEL            saed90nm_max     
PLACE_optlc_26176         TIEL            saed90nm_max     
PLACE_optlc_26177         TIEL            saed90nm_max     
PLACE_optlc_26178         TIEL            saed90nm_max     
PLACE_optlc_26179         TIEL            saed90nm_max     
PLACE_optlc_26180         TIEL            saed90nm_max     
PLACE_optlc_26181         TIEL            saed90nm_max     
PLACE_optlc_26182         TIEL            saed90nm_max     
PLACE_optlc_26183         TIEL            saed90nm_max     
PLACE_optlc_26184         TIEL            saed90nm_max     
PLACE_optlc_26185         TIEL            saed90nm_max     
PLACE_optlc_26186         TIEL            saed90nm_max     
PLACE_optlc_26187         TIEL            saed90nm_max     
PLACE_optlc_26188         TIEL            saed90nm_max     
PLACE_optlc_26189         TIEL            saed90nm_max     
PLACE_optlc_26190         TIEL            saed90nm_max     
PLACE_optlc_26191         TIEL            saed90nm_max     
PLACE_optlc_26193         TIEL            saed90nm_max     
PLACE_optlc_26194         TIEL            saed90nm_max     
PLACE_optlc_26195         TIEL            saed90nm_max     
PLACE_optlc_26196         TIEL            saed90nm_max     
PLACE_optlc_26197         TIEL            saed90nm_max     
PLACE_optlc_26198         TIEL            saed90nm_max     
PLACE_optlc_26199         TIEL            saed90nm_max     
PLACE_optlc_26200         TIEL            saed90nm_max     
PLACE_optlc_26202         TIEL            saed90nm_max     
PLACE_optlc_26203         TIEL            saed90nm_max     
PLACE_optlc_26204         TIEL            saed90nm_max     
PLACE_optlc_26205         TIEL            saed90nm_max     
PLACE_optlc_26206         TIEL            saed90nm_max     
PLACE_optlc_26207         TIEL            saed90nm_max     
PLACE_optlc_26208         TIEL            saed90nm_max     
PLACE_optlc_26209         TIEL            saed90nm_max     
PLACE_optlc_26210         TIEL            saed90nm_max     
PLACE_optlc_26211         TIEL            saed90nm_max     
PLACE_optlc_26212         TIEL            saed90nm_max     
PLACE_optlc_26213         TIEL            saed90nm_max     
PLACE_optlc_26214         TIEL            saed90nm_max     
PLACE_optlc_26215         TIEL            saed90nm_max     
PLACE_optlc_26216         TIEL            saed90nm_max     
PLACE_optlc_26217         TIEL            saed90nm_max     
PLACE_optlc_26218         TIEL            saed90nm_max     
PLACE_optlc_26219         TIEL            saed90nm_max     
PLACE_optlc_26220         TIEL            saed90nm_max     
PLACE_optlc_26221         TIEL            saed90nm_max     
PLACE_optlc_26222         TIEL            saed90nm_max     
PLACE_optlc_26223         TIEL            saed90nm_max     
PLACE_optlc_26224         TIEL            saed90nm_max     
PLACE_optlc_26225         TIEL            saed90nm_max     
PLACE_optlc_26226         TIEL            saed90nm_max     
PLACE_optlc_26227         TIEL            saed90nm_max     
PLACE_optlc_26228         TIEL            saed90nm_max     
PLACE_optlc_26229         TIEL            saed90nm_max     
PLACE_optlc_26230         TIEL            saed90nm_max     
PLACE_optlc_26231         TIEL            saed90nm_max     
PLACE_optlc_26232         TIEL            saed90nm_max     
PLACE_optlc_26233         TIEL            saed90nm_max     
PLACE_optlc_26234         TIEL            saed90nm_max     
PLACE_optlc_26235         TIEL            saed90nm_max     
PLACE_optlc_26236         TIEL            saed90nm_max     
PLACE_optlc_26237         TIEL            saed90nm_max     
PLACE_optlc_26238         TIEL            saed90nm_max     
PLACE_optlc_26239         TIEL            saed90nm_max     
PLACE_optlc_26240         TIEL            saed90nm_max     
PLACE_optlc_26241         TIEL            saed90nm_max     
PLACE_optlc_26242         TIEL            saed90nm_max     
PLACE_optlc_26243         TIEL            saed90nm_max     
PLACE_optlc_26244         TIEL            saed90nm_max     
PLACE_optlc_26245         TIEL            saed90nm_max     
PLACE_optlc_26246         TIEL            saed90nm_max     
PLACE_optlc_26247         TIEL            saed90nm_max     
PLACE_optlc_26248         TIEL            saed90nm_max     
PLACE_optlc_26249         TIEL            saed90nm_max     
PLACE_optlc_26250         TIEL            saed90nm_max     
PLACE_optlc_26251         TIEL            saed90nm_max     
PLACE_optlc_26252         TIEL            saed90nm_max     
PLACE_optlc_26253         TIEL            saed90nm_max     
PLACE_optlc_26254         TIEL            saed90nm_max     
PLACE_optlc_26255         TIEL            saed90nm_max     
PLACE_optlc_26256         TIEL            saed90nm_max     
PLACE_optlc_26257         TIEL            saed90nm_max     
PLACE_optlc_26258         TIEL            saed90nm_max     
PLACE_optlc_26259         TIEL            saed90nm_max     
PLACE_optlc_26260         TIEL            saed90nm_max     
PLACE_optlc_26261         TIEL            saed90nm_max     
PLACE_optlc_26262         TIEL            saed90nm_max     
PLACE_optlc_26263         TIEL            saed90nm_max     
PLACE_optlc_26264         TIEL            saed90nm_max     
PLACE_optlc_26265         TIEL            saed90nm_max     
PLACE_optlc_26266         TIEL            saed90nm_max     
PLACE_optlc_26267         TIEL            saed90nm_max     
PLACE_optlc_26268         TIEL            saed90nm_max     
PLACE_optlc_26269         TIEL            saed90nm_max     
PLACE_optlc_26270         TIEL            saed90nm_max     
PLACE_optlc_26271         TIEL            saed90nm_max     
PLACE_optlc_26272         TIEL            saed90nm_max     
PLACE_optlc_26273         TIEL            saed90nm_max     
PLACE_optlc_26274         TIEL            saed90nm_max     
PLACE_optlc_26275         TIEL            saed90nm_max     
PLACE_optlc_26276         TIEL            saed90nm_max     
PLACE_optlc_26277         TIEL            saed90nm_max     
PLACE_optlc_26278         TIEL            saed90nm_max     
PLACE_optlc_26279         TIEL            saed90nm_max     
PLACE_optlc_26280         TIEL            saed90nm_max     
PLACE_optlc_26281         TIEL            saed90nm_max     
PLACE_optlc_26282         TIEL            saed90nm_max     
PLACE_optlc_26283         TIEL            saed90nm_max     
PLACE_optlc_26284         TIEL            saed90nm_max     
PLACE_optlc_26285         TIEL            saed90nm_max     
PLACE_optlc_26286         TIEL            saed90nm_max     
PLACE_optlc_26287         TIEL            saed90nm_max     
PLACE_optlc_26288         TIEL            saed90nm_max     
PLACE_optlc_26289         TIEL            saed90nm_max     
PLACE_optlc_26290         TIEL            saed90nm_max     
PLACE_optlc_26291         TIEL            saed90nm_max     
PLACE_optlc_26292         TIEL            saed90nm_max     
PLACE_optlc_26293         TIEL            saed90nm_max     
PLACE_optlc_26294         TIEL            saed90nm_max     
PLACE_optlc_26295         TIEL            saed90nm_max     
PLACE_optlc_26296         TIEL            saed90nm_max     
PLACE_optlc_26297         TIEL            saed90nm_max     
PLACE_optlc_26298         TIEL            saed90nm_max     
PLACE_optlc_26299         TIEL            saed90nm_max     
PLACE_optlc_26300         TIEL            saed90nm_max     
PLACE_optlc_26301         TIEL            saed90nm_max     
PLACE_optlc_26302         TIEL            saed90nm_max     
PLACE_optlc_26303         TIEL            saed90nm_max     
PLACE_optlc_26304         TIEL            saed90nm_max     
PLACE_optlc_26305         TIEL            saed90nm_max     
PLACE_optlc_26306         TIEL            saed90nm_max     
PLACE_optlc_26307         TIEL            saed90nm_max     
PLACE_optlc_26308         TIEL            saed90nm_max     
PLACE_optlc_26309         TIEL            saed90nm_max     
PLACE_optlc_26310         TIEL            saed90nm_max     
PLACE_optlc_26311         TIEL            saed90nm_max     
PLACE_optlc_26312         TIEL            saed90nm_max     
PLACE_optlc_26313         TIEL            saed90nm_max     
PLACE_optlc_26314         TIEL            saed90nm_max     
PLACE_optlc_26315         TIEL            saed90nm_max     
PLACE_optlc_26316         TIEL            saed90nm_max     
PLACE_optlc_26317         TIEL            saed90nm_max     
PLACE_optlc_26318         TIEL            saed90nm_max     
PLACE_optlc_26319         TIEL            saed90nm_max     
PLACE_optlc_26320         TIEL            saed90nm_max     
PLACE_optlc_26321         TIEL            saed90nm_max     
PLACE_optlc_26323         TIEL            saed90nm_max     
PLACE_optlc_26324         TIEL            saed90nm_max     
PLACE_optlc_26325         TIEL            saed90nm_max     
PLACE_optlc_26326         TIEL            saed90nm_max     
PLACE_optlc_26327         TIEL            saed90nm_max     
PLACE_optlc_26328         TIEL            saed90nm_max     
PLACE_optlc_26329         TIEL            saed90nm_max     
PLACE_optlc_26330         TIEL            saed90nm_max     
PLACE_optlc_26331         TIEL            saed90nm_max     
PLACE_optlc_26332         TIEL            saed90nm_max     
PLACE_optlc_26333         TIEL            saed90nm_max     
PLACE_optlc_26334         TIEL            saed90nm_max     
PLACE_optlc_26335         TIEL            saed90nm_max     
PLACE_optlc_26336         TIEL            saed90nm_max     
PLACE_optlc_26337         TIEL            saed90nm_max     
PLACE_optlc_26338         TIEL            saed90nm_max     
PLACE_optlc_26339         TIEL            saed90nm_max     
PLACE_optlc_26340         TIEL            saed90nm_max     
PLACE_optlc_26341         TIEL            saed90nm_max     
PLACE_optlc_26342         TIEL            saed90nm_max     
PLACE_optlc_26343         TIEL            saed90nm_max     
PLACE_optlc_26344         TIEL            saed90nm_max     
PLACE_optlc_26345         TIEL            saed90nm_max     
PLACE_optlc_26346         TIEL            saed90nm_max     
PLACE_optlc_26347         TIEL            saed90nm_max     
PLACE_optlc_26348         TIEL            saed90nm_max     
PLACE_optlc_26349         TIEL            saed90nm_max     
PLACE_optlc_26350         TIEL            saed90nm_max     
PLACE_optlc_26351         TIEL            saed90nm_max     
PLACE_optlc_26352         TIEL            saed90nm_max     
PLACE_optlc_26353         TIEL            saed90nm_max     
PLACE_optlc_26354         TIEL            saed90nm_max     
PLACE_optlc_26355         TIEL            saed90nm_max     
PLACE_optlc_26356         TIEL            saed90nm_max     
PLACE_optlc_26357         TIEL            saed90nm_max     
PLACE_optlc_26358         TIEL            saed90nm_max     
PLACE_optlc_26359         TIEL            saed90nm_max     
PLACE_optlc_26360         TIEL            saed90nm_max     
PLACE_optlc_26361         TIEL            saed90nm_max     
PLACE_optlc_26362         TIEL            saed90nm_max     
PLACE_optlc_26363         TIEL            saed90nm_max     
PLACE_optlc_26364         TIEL            saed90nm_max     
PLACE_optlc_26365         TIEL            saed90nm_max     
PLACE_optlc_26366         TIEL            saed90nm_max     
PLACE_optlc_26367         TIEL            saed90nm_max     
PLACE_optlc_26368         TIEL            saed90nm_max     
PLACE_optlc_26369         TIEL            saed90nm_max     
PLACE_optlc_26370         TIEL            saed90nm_max     
PLACE_optlc_26371         TIEL            saed90nm_max     
PLACE_optlc_26372         TIEL            saed90nm_max     
PLACE_optlc_26373         TIEL            saed90nm_max     
PLACE_optlc_26374         TIEL            saed90nm_max     
PLACE_optlc_26375         TIEL            saed90nm_max     
PLACE_optlc_26376         TIEL            saed90nm_max     
PLACE_optlc_26377         TIEL            saed90nm_max     
PLACE_optlc_26378         TIEL            saed90nm_max     
PLACE_optlc_26379         TIEL            saed90nm_max     
PLACE_optlc_26380         TIEL            saed90nm_max     
PLACE_optlc_26381         TIEL            saed90nm_max     
PLACE_optlc_26382         TIEL            saed90nm_max     
PLACE_optlc_26383         TIEL            saed90nm_max     
PLACE_optlc_26384         TIEL            saed90nm_max     
PLACE_optlc_26385         TIEL            saed90nm_max     
PLACE_optlc_26386         TIEL            saed90nm_max     
PLACE_optlc_26387         TIEL            saed90nm_max     
PLACE_optlc_26388         TIEL            saed90nm_max     
PLACE_optlc_26389         TIEL            saed90nm_max     
PLACE_optlc_26390         TIEL            saed90nm_max     
PLACE_optlc_26391         TIEL            saed90nm_max     
PLACE_optlc_26392         TIEL            saed90nm_max     
PLACE_optlc_26393         TIEL            saed90nm_max     
PLACE_optlc_26394         TIEL            saed90nm_max     
PLACE_optlc_26395         TIEL            saed90nm_max     
PLACE_optlc_26396         TIEL            saed90nm_max     
PLACE_optlc_26397         TIEL            saed90nm_max     
PLACE_optlc_26398         TIEL            saed90nm_max     
PLACE_optlc_26399         TIEL            saed90nm_max     
PLACE_optlc_26400         TIEL            saed90nm_max     
PLACE_optlc_26401         TIEL            saed90nm_max     
PLACE_optlc_26402         TIEL            saed90nm_max     
PLACE_optlc_26403         TIEL            saed90nm_max     
PLACE_optlc_26404         TIEL            saed90nm_max     
PLACE_optlc_26405         TIEL            saed90nm_max     
PLACE_optlc_26406         TIEL            saed90nm_max     
PLACE_optlc_26407         TIEL            saed90nm_max     
PLACE_optlc_26408         TIEL            saed90nm_max     
PLACE_optlc_26409         TIEL            saed90nm_max     
PLACE_optlc_26410         TIEL            saed90nm_max     
PLACE_optlc_26411         TIEL            saed90nm_max     
PLACE_optlc_26412         TIEL            saed90nm_max     
PLACE_optlc_26413         TIEL            saed90nm_max     
PLACE_optlc_26414         TIEL            saed90nm_max     
PLACE_optlc_26415         TIEL            saed90nm_max     
PLACE_optlc_26416         TIEL            saed90nm_max     
PLACE_optlc_26417         TIEL            saed90nm_max     
PLACE_optlc_26418         TIEL            saed90nm_max     
PLACE_optlc_26419         TIEL            saed90nm_max     
PLACE_optlc_26420         TIEL            saed90nm_max     
PLACE_optlc_26421         TIEL            saed90nm_max     
PLACE_optlc_26422         TIEL            saed90nm_max     
PLACE_optlc_26423         TIEL            saed90nm_max     
PLACE_optlc_26424         TIEL            saed90nm_max     
PLACE_optlc_26425         TIEL            saed90nm_max     
PLACE_optlc_26426         TIEL            saed90nm_max     
PLACE_optlc_26427         TIEL            saed90nm_max     
PLACE_optlc_26428         TIEL            saed90nm_max     
PLACE_optlc_26429         TIEL            saed90nm_max     
PLACE_optlc_26430         TIEL            saed90nm_max     
PLACE_optlc_26431         TIEL            saed90nm_max     
PLACE_optlc_26432         TIEL            saed90nm_max     
PLACE_optlc_26433         TIEL            saed90nm_max     
PLACE_optlc_26434         TIEL            saed90nm_max     
PLACE_optlc_26435         TIEL            saed90nm_max     
PLACE_optlc_26436         TIEL            saed90nm_max     
PLACE_optlc_26437         TIEL            saed90nm_max     
PLACE_optlc_26438         TIEL            saed90nm_max     
PLACE_optlc_26439         TIEL            saed90nm_max     
PLACE_optlc_26440         TIEL            saed90nm_max     
PLACE_optlc_26441         TIEL            saed90nm_max     
PLACE_optlc_26442         TIEL            saed90nm_max     
PLACE_optlc_26443         TIEL            saed90nm_max     
PLACE_optlc_26444         TIEL            saed90nm_max     
PLACE_optlc_26445         TIEL            saed90nm_max     
PLACE_optlc_26446         TIEL            saed90nm_max     
PLACE_optlc_26447         TIEL            saed90nm_max     
PLACE_optlc_26448         TIEL            saed90nm_max     
PLACE_optlc_26449         TIEL            saed90nm_max     
PLACE_optlc_26450         TIEL            saed90nm_max     
PLACE_optlc_26451         TIEL            saed90nm_max     
PLACE_optlc_26452         TIEL            saed90nm_max     
PLACE_optlc_26453         TIEL            saed90nm_max     
PLACE_optlc_26454         TIEL            saed90nm_max     
PLACE_optlc_26455         TIEL            saed90nm_max     
PLACE_optlc_26456         TIEL            saed90nm_max     
PLACE_optlc_26457         TIEL            saed90nm_max     
PLACE_optlc_26458         TIEL            saed90nm_max     
PLACE_optlc_26459         TIEL            saed90nm_max     
PLACE_optlc_26460         TIEL            saed90nm_max     
PLACE_optlc_26461         TIEL            saed90nm_max     
PLACE_optlc_26462         TIEL            saed90nm_max     
PLACE_optlc_26463         TIEL            saed90nm_max     
PLACE_optlc_26464         TIEL            saed90nm_max     
PLACE_optlc_26465         TIEL            saed90nm_max     
PLACE_optlc_26466         TIEL            saed90nm_max     
PLACE_optlc_26467         TIEL            saed90nm_max     
PLACE_optlc_26468         TIEL            saed90nm_max     
PLACE_optlc_26469         TIEL            saed90nm_max     
PLACE_optlc_26470         TIEL            saed90nm_max     
PLACE_optlc_26471         TIEL            saed90nm_max     
PLACE_optlc_26472         TIEL            saed90nm_max     
PLACE_optlc_26473         TIEL            saed90nm_max     
PLACE_optlc_26474         TIEL            saed90nm_max     
PLACE_optlc_26475         TIEL            saed90nm_max     
PLACE_optlc_26476         TIEL            saed90nm_max     
PLACE_optlc_26477         TIEL            saed90nm_max     
PLACE_optlc_26478         TIEL            saed90nm_max     
PLACE_optlc_26479         TIEL            saed90nm_max     
PLACE_optlc_26480         TIEL            saed90nm_max     
PLACE_optlc_26481         TIEL            saed90nm_max     
PLACE_optlc_26482         TIEL            saed90nm_max     
PLACE_optlc_26483         TIEL            saed90nm_max     
PLACE_optlc_26484         TIEL            saed90nm_max     
PLACE_optlc_26485         TIEL            saed90nm_max     
PLACE_optlc_26486         TIEL            saed90nm_max     
PLACE_optlc_26487         TIEL            saed90nm_max     
PLACE_optlc_26488         TIEL            saed90nm_max     
PLACE_optlc_26489         TIEL            saed90nm_max     
PLACE_optlc_26490         TIEL            saed90nm_max     
PLACE_optlc_26491         TIEL            saed90nm_max     
PLACE_optlc_26492         TIEL            saed90nm_max     
PLACE_optlc_26493         TIEL            saed90nm_max     
PLACE_optlc_26494         TIEL            saed90nm_max     
PLACE_optlc_26495         TIEL            saed90nm_max     
PLACE_optlc_26496         TIEL            saed90nm_max     
PLACE_optlc_26497         TIEL            saed90nm_max     
PLACE_optlc_26498         TIEL            saed90nm_max     
PLACE_optlc_26499         TIEL            saed90nm_max     
PLACE_optlc_26500         TIEL            saed90nm_max     
PLACE_optlc_26501         TIEL            saed90nm_max     
PLACE_optlc_26502         TIEL            saed90nm_max     
PLACE_optlc_26503         TIEL            saed90nm_max     
PLACE_optlc_26504         TIEL            saed90nm_max     
PLACE_optlc_26505         TIEL            saed90nm_max     
PLACE_optlc_26506         TIEL            saed90nm_max     
PLACE_optlc_26507         TIEL            saed90nm_max     
PLACE_optlc_26508         TIEL            saed90nm_max     
PLACE_optlc_26509         TIEL            saed90nm_max     
PLACE_optlc_26510         TIEL            saed90nm_max     
PLACE_optlc_26511         TIEL            saed90nm_max     
PLACE_optlc_26512         TIEL            saed90nm_max     
PLACE_optlc_26513         TIEL            saed90nm_max     
PLACE_optlc_26514         TIEL            saed90nm_max     
PLACE_optlc_26515         TIEL            saed90nm_max     
PLACE_optlc_26516         TIEL            saed90nm_max     
PLACE_optlc_26517         TIEL            saed90nm_max     
PLACE_optlc_26518         TIEL            saed90nm_max     
PLACE_optlc_26519         TIEL            saed90nm_max     
PLACE_optlc_26520         TIEL            saed90nm_max     
PLACE_optlc_26521         TIEL            saed90nm_max     
PLACE_optlc_26522         TIEL            saed90nm_max     
PLACE_optlc_26523         TIEL            saed90nm_max     
PLACE_optlc_26524         TIEL            saed90nm_max     
PLACE_optlc_26525         TIEL            saed90nm_max     
PLACE_optlc_26526         TIEL            saed90nm_max     
PLACE_optlc_26527         TIEL            saed90nm_max     
PLACE_optlc_26528         TIEL            saed90nm_max     
PLACE_optlc_26529         TIEL            saed90nm_max     
PLACE_optlc_26530         TIEL            saed90nm_max     
PLACE_optlc_26531         TIEL            saed90nm_max     
PLACE_optlc_26532         TIEL            saed90nm_max     
PLACE_optlc_26533         TIEL            saed90nm_max     
PLACE_optlc_26534         TIEL            saed90nm_max     
PLACE_optlc_26535         TIEL            saed90nm_max     
PLACE_optlc_26536         TIEL            saed90nm_max     
PLACE_optlc_26537         TIEL            saed90nm_max     
PLACE_optlc_26538         TIEL            saed90nm_max     
PLACE_optlc_26539         TIEL            saed90nm_max     
PLACE_optlc_26540         TIEL            saed90nm_max     
PLACE_optlc_26541         TIEL            saed90nm_max     
PLACE_optlc_26542         TIEL            saed90nm_max     
PLACE_optlc_26543         TIEL            saed90nm_max     
PLACE_optlc_26544         TIEL            saed90nm_max     
PLACE_optlc_26545         TIEL            saed90nm_max     
PLACE_optlc_26546         TIEL            saed90nm_max     
PLACE_optlc_26547         TIEL            saed90nm_max     
PLACE_optlc_26548         TIEL            saed90nm_max     
PLACE_optlc_26549         TIEL            saed90nm_max     
PLACE_optlc_26550         TIEL            saed90nm_max     
PLACE_optlc_26551         TIEL            saed90nm_max     
PLACE_optlc_26552         TIEL            saed90nm_max     
PLACE_optlc_26553         TIEL            saed90nm_max     
PLACE_optlc_26554         TIEL            saed90nm_max     
PLACE_optlc_26555         TIEL            saed90nm_max     
PLACE_optlc_26556         TIEL            saed90nm_max     
PLACE_optlc_26557         TIEL            saed90nm_max     
PLACE_optlc_26558         TIEL            saed90nm_max     
PLACE_optlc_26559         TIEL            saed90nm_max     
PLACE_optlc_26560         TIEL            saed90nm_max     
PLACE_optlc_26561         TIEL            saed90nm_max     
PLACE_optlc_26562         TIEL            saed90nm_max     
PLACE_optlc_26563         TIEL            saed90nm_max     
PLACE_optlc_26564         TIEL            saed90nm_max     
PLACE_optlc_26565         TIEL            saed90nm_max     
PLACE_optlc_26566         TIEL            saed90nm_max     
PLACE_optlc_26567         TIEL            saed90nm_max     
PLACE_optlc_26568         TIEL            saed90nm_max     
PLACE_optlc_26569         TIEL            saed90nm_max     
PLACE_optlc_26570         TIEL            saed90nm_max     
PLACE_optlc_26571         TIEL            saed90nm_max     
PLACE_optlc_26572         TIEL            saed90nm_max     
PLACE_optlc_26573         TIEL            saed90nm_max     
PLACE_optlc_26574         TIEL            saed90nm_max     
PLACE_optlc_26575         TIEL            saed90nm_max     
PLACE_optlc_26576         TIEL            saed90nm_max     
PLACE_optlc_26577         TIEL            saed90nm_max     
PLACE_optlc_26578         TIEL            saed90nm_max     
PLACE_optlc_26579         TIEL            saed90nm_max     
PLACE_optlc_26580         TIEL            saed90nm_max     
PLACE_optlc_26581         TIEL            saed90nm_max     
PLACE_optlc_26582         TIEL            saed90nm_max     
PLACE_optlc_26583         TIEL            saed90nm_max     
PLACE_optlc_26584         TIEL            saed90nm_max     
PLACE_optlc_26585         TIEL            saed90nm_max     
PLACE_optlc_26586         TIEL            saed90nm_max     
PLACE_optlc_26587         TIEL            saed90nm_max     
PLACE_optlc_26588         TIEL            saed90nm_max     
PLACE_optlc_26589         TIEL            saed90nm_max     
PLACE_optlc_26590         TIEL            saed90nm_max     
PLACE_optlc_26591         TIEL            saed90nm_max     
PLACE_optlc_26592         TIEL            saed90nm_max     
PLACE_optlc_26593         TIEL            saed90nm_max     
PLACE_optlc_26594         TIEL            saed90nm_max     
PLACE_optlc_26595         TIEL            saed90nm_max     
PLACE_optlc_26596         TIEL            saed90nm_max     
PLACE_optlc_26597         TIEL            saed90nm_max     
PLACE_optlc_26598         TIEL            saed90nm_max     
PLACE_optlc_26599         TIEL            saed90nm_max     
PLACE_optlc_26600         TIEL            saed90nm_max     
PLACE_optlc_26601         TIEL            saed90nm_max     
PLACE_optlc_26602         TIEL            saed90nm_max     
PLACE_optlc_26603         TIEL            saed90nm_max     
PLACE_optlc_26604         TIEL            saed90nm_max     
PLACE_optlc_26605         TIEL            saed90nm_max     
PLACE_optlc_26606         TIEL            saed90nm_max     
PLACE_optlc_26607         TIEL            saed90nm_max     
PLACE_optlc_26608         TIEL            saed90nm_max     
PLACE_optlc_26609         TIEL            saed90nm_max     
PLACE_optlc_26610         TIEL            saed90nm_max     
PLACE_optlc_26611         TIEL            saed90nm_max     
PLACE_optlc_26612         TIEL            saed90nm_max     
PLACE_optlc_26613         TIEL            saed90nm_max     
PLACE_optlc_26614         TIEL            saed90nm_max     
PLACE_optlc_26615         TIEL            saed90nm_max     
PLACE_optlc_26616         TIEL            saed90nm_max     
PLACE_optlc_26617         TIEL            saed90nm_max     
PLACE_optlc_26618         TIEL            saed90nm_max     
PLACE_optlc_26619         TIEL            saed90nm_max     
PLACE_optlc_26620         TIEL            saed90nm_max     
PLACE_optlc_26621         TIEL            saed90nm_max     
PLACE_optlc_26622         TIEL            saed90nm_max     
PLACE_optlc_26623         TIEL            saed90nm_max     
PLACE_optlc_26624         TIEL            saed90nm_max     
PLACE_optlc_26625         TIEL            saed90nm_max     
PLACE_optlc_26626         TIEL            saed90nm_max     
PLACE_optlc_26627         TIEL            saed90nm_max     
PLACE_optlc_26628         TIEL            saed90nm_max     
PLACE_optlc_26629         TIEL            saed90nm_max     
PLACE_optlc_26630         TIEL            saed90nm_max     
PLACE_optlc_26631         TIEL            saed90nm_max     
PLACE_optlc_26632         TIEL            saed90nm_max     
PLACE_optlc_26633         TIEL            saed90nm_max     
PLACE_optlc_26634         TIEL            saed90nm_max     
PLACE_optlc_26635         TIEL            saed90nm_max     
PLACE_optlc_26636         TIEL            saed90nm_max     
PLACE_optlc_26637         TIEL            saed90nm_max     
PLACE_optlc_26638         TIEL            saed90nm_max     
PLACE_optlc_26639         TIEL            saed90nm_max     
PLACE_optlc_26640         TIEL            saed90nm_max     
PLACE_optlc_26641         TIEL            saed90nm_max     
PLACE_optlc_26642         TIEL            saed90nm_max     
PLACE_optlc_26643         TIEL            saed90nm_max     
PLACE_optlc_26644         TIEL            saed90nm_max     
PLACE_optlc_26645         TIEL            saed90nm_max     
PLACE_optlc_26646         TIEL            saed90nm_max     
PLACE_optlc_26647         TIEL            saed90nm_max     
PLACE_optlc_26648         TIEL            saed90nm_max     
PLACE_optlc_26649         TIEL            saed90nm_max     
PLACE_optlc_26650         TIEL            saed90nm_max     
PLACE_optlc_26651         TIEL            saed90nm_max     
PLACE_optlc_26652         TIEL            saed90nm_max     
PLACE_optlc_26653         TIEL            saed90nm_max     
PLACE_optlc_26654         TIEL            saed90nm_max     
PLACE_optlc_26655         TIEL            saed90nm_max     
PLACE_optlc_26656         TIEL            saed90nm_max     
PLACE_optlc_26657         TIEL            saed90nm_max     
PLACE_optlc_26658         TIEL            saed90nm_max     
PLACE_optlc_26659         TIEL            saed90nm_max     
PLACE_optlc_26660         TIEL            saed90nm_max     
PLACE_optlc_26661         TIEL            saed90nm_max     
PLACE_optlc_26662         TIEL            saed90nm_max     
PLACE_optlc_26663         TIEL            saed90nm_max     
PLACE_optlc_26664         TIEL            saed90nm_max     
PLACE_optlc_26665         TIEL            saed90nm_max     
PLACE_optlc_26666         TIEL            saed90nm_max     
PLACE_optlc_26667         TIEL            saed90nm_max     
PLACE_optlc_26668         TIEL            saed90nm_max     
PLACE_optlc_26669         TIEL            saed90nm_max     
PLACE_optlc_26670         TIEL            saed90nm_max     
PLACE_optlc_26671         TIEL            saed90nm_max     
PLACE_optlc_26672         TIEL            saed90nm_max     
PLACE_optlc_26673         TIEL            saed90nm_max     
PLACE_optlc_26674         TIEL            saed90nm_max     
PLACE_optlc_26675         TIEL            saed90nm_max     
PLACE_optlc_26676         TIEL            saed90nm_max     
PLACE_optlc_26677         TIEL            saed90nm_max     
PLACE_optlc_26678         TIEL            saed90nm_max     
PLACE_optlc_26679         TIEL            saed90nm_max     
PLACE_optlc_26680         TIEL            saed90nm_max     
PLACE_optlc_26681         TIEL            saed90nm_max     
PLACE_optlc_26682         TIEL            saed90nm_max     
PLACE_optlc_26683         TIEL            saed90nm_max     
PLACE_optlc_26684         TIEL            saed90nm_max     
PLACE_optlc_26685         TIEL            saed90nm_max     
PLACE_optlc_26686         TIEL            saed90nm_max     
PLACE_optlc_26688         TIEL            saed90nm_max     
PLACE_optlc_26689         TIEL            saed90nm_max     
PLACE_optlc_26690         TIEL            saed90nm_max     
PLACE_optlc_26691         TIEL            saed90nm_max     
PLACE_optlc_26692         TIEL            saed90nm_max     
PLACE_optlc_26693         TIEL            saed90nm_max     
PLACE_optlc_26694         TIEL            saed90nm_max     
PLACE_optlc_26695         TIEL            saed90nm_max     
PLACE_optlc_26696         TIEL            saed90nm_max     
PLACE_optlc_26697         TIEL            saed90nm_max     
PLACE_optlc_26698         TIEL            saed90nm_max     
PLACE_optlc_26699         TIEL            saed90nm_max     
PLACE_optlc_26700         TIEL            saed90nm_max     
PLACE_optlc_26701         TIEL            saed90nm_max     
PLACE_optlc_26702         TIEL            saed90nm_max     
PLACE_optlc_26703         TIEL            saed90nm_max     
PLACE_optlc_26704         TIEL            saed90nm_max     
PLACE_optlc_26705         TIEL            saed90nm_max     
PLACE_optlc_26706         TIEL            saed90nm_max     
PLACE_optlc_26707         TIEL            saed90nm_max     
PLACE_optlc_26708         TIEL            saed90nm_max     
PLACE_optlc_26709         TIEL            saed90nm_max     
PLACE_optlc_26710         TIEL            saed90nm_max     
PLACE_optlc_26711         TIEL            saed90nm_max     
PLACE_optlc_26712         TIEL            saed90nm_max     
PLACE_optlc_26713         TIEL            saed90nm_max     
PLACE_optlc_26714         TIEL            saed90nm_max     
PLACE_optlc_26715         TIEL            saed90nm_max     
PLACE_optlc_26716         TIEL            saed90nm_max     
PLACE_optlc_26717         TIEL            saed90nm_max     
PLACE_optlc_26718         TIEL            saed90nm_max     
PLACE_optlc_26719         TIEL            saed90nm_max     
PLACE_optlc_26720         TIEL            saed90nm_max     
PLACE_optlc_26721         TIEL            saed90nm_max     
PLACE_optlc_26722         TIEL            saed90nm_max     
PLACE_optlc_26723         TIEL            saed90nm_max     
PLACE_optlc_26724         TIEL            saed90nm_max     
PLACE_optlc_26725         TIEL            saed90nm_max     
PLACE_optlc_26726         TIEL            saed90nm_max     
PLACE_optlc_26727         TIEL            saed90nm_max     
PLACE_optlc_26728         TIEL            saed90nm_max     
PLACE_optlc_26729         TIEL            saed90nm_max     
PLACE_optlc_26730         TIEL            saed90nm_max     
PLACE_optlc_26731         TIEL            saed90nm_max     
PLACE_optlc_26732         TIEL            saed90nm_max     
PLACE_optlc_26733         TIEL            saed90nm_max     
PLACE_optlc_26734         TIEL            saed90nm_max     
PLACE_optlc_26735         TIEL            saed90nm_max     
PLACE_optlc_26736         TIEL            saed90nm_max     
PLACE_optlc_26737         TIEL            saed90nm_max     
PLACE_optlc_26738         TIEL            saed90nm_max     
PLACE_optlc_26739         TIEL            saed90nm_max     
PLACE_optlc_26740         TIEL            saed90nm_max     
PLACE_optlc_26741         TIEL            saed90nm_max     
PLACE_optlc_26742         TIEL            saed90nm_max     
PLACE_optlc_26743         TIEL            saed90nm_max     
PLACE_optlc_26744         TIEL            saed90nm_max     
PLACE_optlc_26745         TIEL            saed90nm_max     
PLACE_optlc_26746         TIEL            saed90nm_max     
PLACE_optlc_26747         TIEL            saed90nm_max     
PLACE_optlc_26748         TIEL            saed90nm_max     
PLACE_optlc_26749         TIEL            saed90nm_max     
PLACE_optlc_26750         TIEL            saed90nm_max     
PLACE_optlc_26751         TIEL            saed90nm_max     
PLACE_optlc_26752         TIEL            saed90nm_max     
PLACE_optlc_26753         TIEL            saed90nm_max     
PLACE_optlc_26754         TIEL            saed90nm_max     
PLACE_optlc_26755         TIEL            saed90nm_max     
PLACE_optlc_26756         TIEL            saed90nm_max     
PLACE_optlc_26757         TIEL            saed90nm_max     
PLACE_optlc_26758         TIEL            saed90nm_max     
PLACE_optlc_26759         TIEL            saed90nm_max     
PLACE_optlc_26760         TIEL            saed90nm_max     
PLACE_optlc_26761         TIEL            saed90nm_max     
PLACE_optlc_26762         TIEL            saed90nm_max     
PLACE_optlc_26763         TIEL            saed90nm_max     
PLACE_optlc_26764         TIEL            saed90nm_max     
PLACE_optlc_26765         TIEL            saed90nm_max     
PLACE_optlc_26766         TIEL            saed90nm_max     
PLACE_optlc_26767         TIEL            saed90nm_max     
PLACE_optlc_26768         TIEL            saed90nm_max     
PLACE_optlc_26769         TIEL            saed90nm_max     
PLACE_optlc_26770         TIEL            saed90nm_max     
PLACE_optlc_26771         TIEL            saed90nm_max     
PLACE_optlc_26772         TIEL            saed90nm_max     
PLACE_optlc_26773         TIEL            saed90nm_max     
PLACE_optlc_26774         TIEL            saed90nm_max     
PLACE_optlc_26775         TIEL            saed90nm_max     
PLACE_optlc_26776         TIEL            saed90nm_max     
PLACE_optlc_26777         TIEL            saed90nm_max     
PLACE_optlc_26778         TIEL            saed90nm_max     
PLACE_optlc_26779         TIEL            saed90nm_max     
PLACE_optlc_26780         TIEL            saed90nm_max     
PLACE_optlc_26781         TIEL            saed90nm_max     
PLACE_optlc_26782         TIEL            saed90nm_max     
PLACE_optlc_26783         TIEL            saed90nm_max     
PLACE_optlc_26784         TIEL            saed90nm_max     
PLACE_optlc_26785         TIEL            saed90nm_max     
PLACE_optlc_26786         TIEL            saed90nm_max     
PLACE_optlc_26787         TIEL            saed90nm_max     
PLACE_optlc_26788         TIEL            saed90nm_max     
PLACE_optlc_26789         TIEL            saed90nm_max     
PLACE_optlc_26790         TIEL            saed90nm_max     
PLACE_optlc_26791         TIEL            saed90nm_max     
PLACE_optlc_26792         TIEL            saed90nm_max     
PLACE_optlc_26793         TIEL            saed90nm_max     
PLACE_optlc_26794         TIEL            saed90nm_max     
PLACE_optlc_26795         TIEL            saed90nm_max     
PLACE_optlc_26796         TIEL            saed90nm_max     
PLACE_optlc_26797         TIEL            saed90nm_max     
PLACE_optlc_26798         TIEL            saed90nm_max     
PLACE_optlc_26799         TIEL            saed90nm_max     
PLACE_optlc_26800         TIEL            saed90nm_max     
PLACE_optlc_26801         TIEL            saed90nm_max     
PLACE_optlc_26802         TIEL            saed90nm_max     
PLACE_optlc_26803         TIEL            saed90nm_max     
PLACE_optlc_26804         TIEL            saed90nm_max     
PLACE_optlc_26805         TIEL            saed90nm_max     
PLACE_optlc_26806         TIEL            saed90nm_max     
PLACE_optlc_26807         TIEL            saed90nm_max     
PLACE_optlc_26808         TIEL            saed90nm_max     
PLACE_optlc_26809         TIEL            saed90nm_max     
PLACE_optlc_26810         TIEL            saed90nm_max     
PLACE_optlc_26811         TIEL            saed90nm_max     
PLACE_optlc_26812         TIEL            saed90nm_max     
PLACE_optlc_26813         TIEL            saed90nm_max     
PLACE_optlc_26814         TIEL            saed90nm_max     
PLACE_optlc_26815         TIEL            saed90nm_max     
PLACE_optlc_26816         TIEL            saed90nm_max     
PLACE_optlc_26817         TIEL            saed90nm_max     
PLACE_optlc_26818         TIEL            saed90nm_max     
PLACE_optlc_26819         TIEL            saed90nm_max     
PLACE_optlc_26820         TIEL            saed90nm_max     
PLACE_optlc_26821         TIEL            saed90nm_max     
PLACE_optlc_26822         TIEL            saed90nm_max     
PLACE_optlc_26823         TIEL            saed90nm_max     
PLACE_optlc_26824         TIEL            saed90nm_max     
PLACE_optlc_26825         TIEL            saed90nm_max     
PLACE_optlc_26826         TIEL            saed90nm_max     
PLACE_optlc_26827         TIEL            saed90nm_max     
PLACE_optlc_26828         TIEL            saed90nm_max     
PLACE_optlc_26829         TIEL            saed90nm_max     
PLACE_optlc_26830         TIEL            saed90nm_max     
PLACE_optlc_26831         TIEL            saed90nm_max     
PLACE_optlc_26832         TIEL            saed90nm_max     
PLACE_optlc_26833         TIEL            saed90nm_max     
PLACE_optlc_26834         TIEL            saed90nm_max     
PLACE_optlc_26835         TIEL            saed90nm_max     
PLACE_optlc_26836         TIEL            saed90nm_max     
PLACE_optlc_26837         TIEL            saed90nm_max     
PLACE_optlc_26838         TIEL            saed90nm_max     
PLACE_optlc_26839         TIEL            saed90nm_max     
PLACE_optlc_26840         TIEL            saed90nm_max     
PLACE_optlc_26841         TIEL            saed90nm_max     
PLACE_optlc_26842         TIEL            saed90nm_max     
PLACE_optlc_26843         TIEL            saed90nm_max     
PLACE_optlc_26844         TIEL            saed90nm_max     
PLACE_optlc_26845         TIEL            saed90nm_max     
PLACE_optlc_26846         TIEL            saed90nm_max     
PLACE_optlc_26847         TIEL            saed90nm_max     
PLACE_optlc_26848         TIEL            saed90nm_max     
PLACE_optlc_26849         TIEL            saed90nm_max     
PLACE_optlc_26850         TIEL            saed90nm_max     
PLACE_optlc_26851         TIEL            saed90nm_max     
PLACE_optlc_26852         TIEL            saed90nm_max     
PLACE_optlc_26853         TIEL            saed90nm_max     
PLACE_optlc_26854         TIEL            saed90nm_max     
PLACE_optlc_26855         TIEL            saed90nm_max     
PLACE_optlc_26856         TIEL            saed90nm_max     
PLACE_optlc_26857         TIEL            saed90nm_max     
PLACE_optlc_26858         TIEL            saed90nm_max     
PLACE_optlc_26859         TIEL            saed90nm_max     
PLACE_optlc_26860         TIEL            saed90nm_max     
PLACE_optlc_26861         TIEL            saed90nm_max     
PLACE_optlc_26862         TIEL            saed90nm_max     
PLACE_optlc_26863         TIEL            saed90nm_max     
PLACE_optlc_26864         TIEL            saed90nm_max     
PLACE_optlc_26865         TIEL            saed90nm_max     
PLACE_optlc_26866         TIEL            saed90nm_max     
PLACE_optlc_26867         TIEL            saed90nm_max     
PLACE_optlc_26868         TIEL            saed90nm_max     
PLACE_optlc_26869         TIEL            saed90nm_max     
PLACE_optlc_26870         TIEL            saed90nm_max     
PLACE_optlc_26871         TIEL            saed90nm_max     
PLACE_optlc_26872         TIEL            saed90nm_max     
PLACE_optlc_26873         TIEL            saed90nm_max     
PLACE_optlc_26874         TIEL            saed90nm_max     
PLACE_optlc_26875         TIEL            saed90nm_max     
PLACE_optlc_26876         TIEL            saed90nm_max     
PLACE_optlc_26877         TIEL            saed90nm_max     
PLACE_optlc_26878         TIEL            saed90nm_max     
PLACE_optlc_26879         TIEL            saed90nm_max     
PLACE_optlc_26880         TIEL            saed90nm_max     
PLACE_optlc_26881         TIEL            saed90nm_max     
PLACE_optlc_26883         TIEL            saed90nm_max     
PLACE_optlc_26884         TIEL            saed90nm_max     
PLACE_optlc_26885         TIEL            saed90nm_max     
PLACE_optlc_26886         TIEL            saed90nm_max     
PLACE_optlc_26887         TIEL            saed90nm_max     
PLACE_optlc_26888         TIEL            saed90nm_max     
PLACE_optlc_26889         TIEL            saed90nm_max     
PLACE_optlc_26890         TIEL            saed90nm_max     
PLACE_optlc_26891         TIEL            saed90nm_max     
PLACE_optlc_26892         TIEL            saed90nm_max     
PLACE_optlc_26893         TIEL            saed90nm_max     
PLACE_optlc_26894         TIEL            saed90nm_max     
PLACE_optlc_26895         TIEL            saed90nm_max     
PLACE_optlc_26896         TIEL            saed90nm_max     
PLACE_optlc_26897         TIEL            saed90nm_max     
PLACE_optlc_26898         TIEL            saed90nm_max     
PLACE_optlc_26899         TIEL            saed90nm_max     
PLACE_optlc_26900         TIEL            saed90nm_max     
PLACE_optlc_26901         TIEL            saed90nm_max     
PLACE_optlc_26902         TIEL            saed90nm_max     
PLACE_optlc_26903         TIEL            saed90nm_max     
PLACE_optlc_26904         TIEL            saed90nm_max     
PLACE_optlc_26905         TIEL            saed90nm_max     
PLACE_optlc_26907         TIEL            saed90nm_max     
PLACE_optlc_26908         TIEL            saed90nm_max     
PLACE_optlc_26909         TIEL            saed90nm_max     
PLACE_optlc_26910         TIEL            saed90nm_max     
PLACE_optlc_26911         TIEL            saed90nm_max     
PLACE_optlc_26912         TIEL            saed90nm_max     
PLACE_optlc_26913         TIEL            saed90nm_max     
PLACE_optlc_26914         TIEL            saed90nm_max     
PLACE_optlc_26915         TIEL            saed90nm_max     
PLACE_optlc_26916         TIEL            saed90nm_max     
PLACE_optlc_26917         TIEL            saed90nm_max     
PLACE_optlc_26918         TIEL            saed90nm_max     
PLACE_optlc_26919         TIEL            saed90nm_max     
PLACE_optlc_26920         TIEL            saed90nm_max     
PLACE_optlc_26921         TIEL            saed90nm_max     
PLACE_optlc_26922         TIEL            saed90nm_max     
PLACE_optlc_26923         TIEL            saed90nm_max     
PLACE_optlc_26924         TIEL            saed90nm_max     
PLACE_optlc_26925         TIEL            saed90nm_max     
PLACE_optlc_26926         TIEL            saed90nm_max     
PLACE_optlc_26927         TIEL            saed90nm_max     
PLACE_optlc_26928         TIEL            saed90nm_max     
PLACE_optlc_26929         TIEL            saed90nm_max     
PLACE_optlc_26930         TIEL            saed90nm_max     
PLACE_optlc_26931         TIEL            saed90nm_max     
PLACE_optlc_26932         TIEL            saed90nm_max     
PLACE_optlc_26933         TIEL            saed90nm_max     
PLACE_optlc_26934         TIEL            saed90nm_max     
PLACE_optlc_26935         TIEL            saed90nm_max     
PLACE_optlc_26936         TIEL            saed90nm_max     
PLACE_optlc_26937         TIEL            saed90nm_max     
PLACE_optlc_26938         TIEL            saed90nm_max     
PLACE_optlc_26939         TIEL            saed90nm_max     
PLACE_optlc_26940         TIEL            saed90nm_max     
PLACE_optlc_26941         TIEL            saed90nm_max     
PLACE_optlc_26942         TIEL            saed90nm_max     
PLACE_optlc_26943         TIEL            saed90nm_max     
PLACE_optlc_26944         TIEL            saed90nm_max     
PLACE_optlc_26945         TIEL            saed90nm_max     
PLACE_optlc_26946         TIEL            saed90nm_max     
PLACE_optlc_26947         TIEL            saed90nm_max     
PLACE_optlc_26948         TIEL            saed90nm_max     
PLACE_optlc_26949         TIEL            saed90nm_max     
PLACE_optlc_26950         TIEL            saed90nm_max     
PLACE_optlc_26951         TIEL            saed90nm_max     
PLACE_optlc_26952         TIEL            saed90nm_max     
PLACE_optlc_26953         TIEL            saed90nm_max     
PLACE_optlc_26954         TIEL            saed90nm_max     
PLACE_optlc_26955         TIEL            saed90nm_max     
PLACE_optlc_26956         TIEL            saed90nm_max     
PLACE_optlc_26957         TIEL            saed90nm_max     
PLACE_optlc_26958         TIEL            saed90nm_max     
PLACE_optlc_26959         TIEL            saed90nm_max     
PLACE_optlc_26960         TIEL            saed90nm_max     
PLACE_optlc_26961         TIEL            saed90nm_max     
PLACE_optlc_26962         TIEL            saed90nm_max     
PLACE_optlc_26963         TIEL            saed90nm_max     
PLACE_optlc_26964         TIEL            saed90nm_max     
PLACE_optlc_26965         TIEL            saed90nm_max     
PLACE_optlc_26966         TIEL            saed90nm_max     
PLACE_optlc_26967         TIEL            saed90nm_max     
PLACE_optlc_26968         TIEL            saed90nm_max     
PLACE_optlc_26969         TIEL            saed90nm_max     
PLACE_optlc_26970         TIEL            saed90nm_max     
PLACE_optlc_26971         TIEL            saed90nm_max     
PLACE_optlc_26972         TIEL            saed90nm_max     
PLACE_optlc_26973         TIEL            saed90nm_max     
PLACE_optlc_26974         TIEL            saed90nm_max     
PLACE_optlc_26975         TIEL            saed90nm_max     
PLACE_optlc_26976         TIEL            saed90nm_max     
PLACE_optlc_26977         TIEL            saed90nm_max     
PLACE_optlc_26978         TIEL            saed90nm_max     
PLACE_optlc_26979         TIEL            saed90nm_max     
PLACE_optlc_26980         TIEL            saed90nm_max     
PLACE_optlc_26981         TIEL            saed90nm_max     
PLACE_optlc_26982         TIEL            saed90nm_max     
PLACE_optlc_26983         TIEL            saed90nm_max     
PLACE_optlc_26984         TIEL            saed90nm_max     
PLACE_optlc_26985         TIEL            saed90nm_max     
PLACE_optlc_26986         TIEL            saed90nm_max     
PLACE_optlc_26987         TIEL            saed90nm_max     
PLACE_optlc_26988         TIEL            saed90nm_max     
PLACE_optlc_26989         TIEL            saed90nm_max     
PLACE_optlc_26990         TIEL            saed90nm_max     
PLACE_optlc_26991         TIEL            saed90nm_max     
PLACE_optlc_26992         TIEL            saed90nm_max     
PLACE_optlc_26993         TIEL            saed90nm_max     
PLACE_optlc_26994         TIEL            saed90nm_max     
PLACE_optlc_26995         TIEL            saed90nm_max     
PLACE_optlc_26996         TIEL            saed90nm_max     
PLACE_optlc_26997         TIEL            saed90nm_max     
PLACE_optlc_26998         TIEL            saed90nm_max     
PLACE_optlc_26999         TIEL            saed90nm_max     
PLACE_optlc_27000         TIEL            saed90nm_max     
PLACE_optlc_27001         TIEL            saed90nm_max     
PLACE_optlc_27002         TIEL            saed90nm_max     
PLACE_optlc_27003         TIEL            saed90nm_max     
PLACE_optlc_27004         TIEL            saed90nm_max     
PLACE_optlc_27005         TIEL            saed90nm_max     
PLACE_optlc_27006         TIEL            saed90nm_max     
PLACE_optlc_27007         TIEL            saed90nm_max     
PLACE_optlc_27008         TIEL            saed90nm_max     
PLACE_optlc_27009         TIEL            saed90nm_max     
PLACE_optlc_27010         TIEL            saed90nm_max     
PLACE_optlc_27011         TIEL            saed90nm_max     
PLACE_optlc_27012         TIEL            saed90nm_max     
PLACE_optlc_27013         TIEL            saed90nm_max     
PLACE_optlc_27014         TIEL            saed90nm_max     
PLACE_optlc_27015         TIEL            saed90nm_max     
PLACE_optlc_27016         TIEL            saed90nm_max     
PLACE_optlc_27017         TIEL            saed90nm_max     
PLACE_optlc_27018         TIEL            saed90nm_max     
PLACE_optlc_27019         TIEL            saed90nm_max     
PLACE_optlc_27020         TIEL            saed90nm_max     
PLACE_optlc_27021         TIEL            saed90nm_max     
PLACE_optlc_27022         TIEL            saed90nm_max     
PLACE_optlc_27023         TIEL            saed90nm_max     
PLACE_optlc_27024         TIEL            saed90nm_max     
PLACE_optlc_27025         TIEL            saed90nm_max     
PLACE_optlc_27026         TIEL            saed90nm_max     
PLACE_optlc_27027         TIEL            saed90nm_max     
PLACE_optlc_27028         TIEL            saed90nm_max     
PLACE_optlc_27029         TIEL            saed90nm_max     
PLACE_optlc_27030         TIEL            saed90nm_max     
PLACE_optlc_27031         TIEL            saed90nm_max     
PLACE_optlc_27032         TIEL            saed90nm_max     
PLACE_optlc_27033         TIEL            saed90nm_max     
PLACE_optlc_27034         TIEL            saed90nm_max     
PLACE_optlc_27035         TIEL            saed90nm_max     
PLACE_optlc_27036         TIEL            saed90nm_max     
PLACE_optlc_27037         TIEL            saed90nm_max     
PLACE_optlc_27038         TIEL            saed90nm_max     
PLACE_optlc_27039         TIEL            saed90nm_max     
PLACE_optlc_27040         TIEL            saed90nm_max     
PLACE_optlc_27041         TIEL            saed90nm_max     
PLACE_optlc_27042         TIEL            saed90nm_max     
PLACE_optlc_27043         TIEL            saed90nm_max     
PLACE_optlc_27044         TIEL            saed90nm_max     
PLACE_optlc_27045         TIEL            saed90nm_max     
PLACE_optlc_27046         TIEL            saed90nm_max     
PLACE_optlc_27047         TIEL            saed90nm_max     
PLACE_optlc_27048         TIEL            saed90nm_max     
PLACE_optlc_27049         TIEL            saed90nm_max     
PLACE_optlc_27050         TIEL            saed90nm_max     
PLACE_optlc_27051         TIEL            saed90nm_max     
PLACE_optlc_27052         TIEL            saed90nm_max     
PLACE_optlc_27053         TIEL            saed90nm_max     
PLACE_optlc_27054         TIEL            saed90nm_max     
PLACE_optlc_27055         TIEL            saed90nm_max     
PLACE_optlc_27056         TIEL            saed90nm_max     
PLACE_optlc_27057         TIEL            saed90nm_max     
PLACE_optlc_27058         TIEL            saed90nm_max     
PLACE_optlc_27059         TIEL            saed90nm_max     
PLACE_optlc_27060         TIEL            saed90nm_max     
PLACE_optlc_27061         TIEL            saed90nm_max     
PLACE_optlc_27062         TIEL            saed90nm_max     
PLACE_optlc_27063         TIEL            saed90nm_max     
PLACE_optlc_27064         TIEL            saed90nm_max     
PLACE_optlc_27065         TIEL            saed90nm_max     
PLACE_optlc_27066         TIEL            saed90nm_max     
PLACE_optlc_27067         TIEL            saed90nm_max     
PLACE_optlc_27068         TIEL            saed90nm_max     
PLACE_optlc_27069         TIEL            saed90nm_max     
PLACE_optlc_27070         TIEL            saed90nm_max     
PLACE_optlc_27071         TIEL            saed90nm_max     
PLACE_optlc_27072         TIEL            saed90nm_max     
PLACE_optlc_27073         TIEL            saed90nm_max     
PLACE_optlc_27074         TIEL            saed90nm_max     
PLACE_optlc_27075         TIEL            saed90nm_max     
PLACE_optlc_27076         TIEL            saed90nm_max     
PLACE_optlc_27077         TIEL            saed90nm_max     
PLACE_optlc_27078         TIEL            saed90nm_max     
PLACE_optlc_27079         TIEL            saed90nm_max     
PLACE_optlc_27080         TIEL            saed90nm_max     
PLACE_optlc_27081         TIEL            saed90nm_max     
PLACE_optlc_27082         TIEL            saed90nm_max     
PLACE_optlc_27083         TIEL            saed90nm_max     
PLACE_optlc_27084         TIEL            saed90nm_max     
PLACE_optlc_27085         TIEL            saed90nm_max     
PLACE_optlc_27086         TIEL            saed90nm_max     
PLACE_optlc_27087         TIEL            saed90nm_max     
PLACE_optlc_27088         TIEL            saed90nm_max     
PLACE_optlc_27089         TIEL            saed90nm_max     
PLACE_optlc_27090         TIEL            saed90nm_max     
PLACE_optlc_27091         TIEL            saed90nm_max     
PLACE_optlc_27092         TIEL            saed90nm_max     
PLACE_optlc_27093         TIEL            saed90nm_max     
PLACE_optlc_27094         TIEL            saed90nm_max     
PLACE_optlc_27095         TIEL            saed90nm_max     
PLACE_optlc_27096         TIEL            saed90nm_max     
PLACE_optlc_27097         TIEL            saed90nm_max     
PLACE_optlc_27098         TIEL            saed90nm_max     
PLACE_optlc_27099         TIEL            saed90nm_max     
PLACE_optlc_27100         TIEL            saed90nm_max     
PLACE_optlc_27101         TIEL            saed90nm_max     
PLACE_optlc_27102         TIEL            saed90nm_max     
PLACE_optlc_27103         TIEL            saed90nm_max     
PLACE_optlc_27104         TIEL            saed90nm_max     
PLACE_optlc_27105         TIEL            saed90nm_max     
PLACE_optlc_27106         TIEL            saed90nm_max     
PLACE_optlc_27107         TIEL            saed90nm_max     
PLACE_optlc_27108         TIEL            saed90nm_max     
PLACE_optlc_27109         TIEL            saed90nm_max     
PLACE_optlc_27110         TIEL            saed90nm_max     
PLACE_optlc_27111         TIEL            saed90nm_max     
PLACE_optlc_27112         TIEL            saed90nm_max     
PLACE_optlc_27113         TIEL            saed90nm_max     
PLACE_optlc_27114         TIEL            saed90nm_max     
PLACE_optlc_27115         TIEL            saed90nm_max     
PLACE_optlc_27116         TIEL            saed90nm_max     
PLACE_optlc_27117         TIEL            saed90nm_max     
PLACE_optlc_27118         TIEL            saed90nm_max     
PLACE_optlc_27119         TIEL            saed90nm_max     
PLACE_optlc_27120         TIEL            saed90nm_max     
PLACE_optlc_27121         TIEL            saed90nm_max     
PLACE_optlc_27122         TIEL            saed90nm_max     
PLACE_optlc_27123         TIEL            saed90nm_max     
PLACE_optlc_27124         TIEL            saed90nm_max     
PLACE_optlc_27125         TIEL            saed90nm_max     
PLACE_optlc_27126         TIEL            saed90nm_max     
PLACE_optlc_27127         TIEL            saed90nm_max     
PLACE_optlc_27128         TIEL            saed90nm_max     
PLACE_optlc_27129         TIEL            saed90nm_max     
PLACE_optlc_27130         TIEL            saed90nm_max     
PLACE_optlc_27131         TIEL            saed90nm_max     
PLACE_optlc_27132         TIEL            saed90nm_max     
PLACE_optlc_27133         TIEL            saed90nm_max     
PLACE_optlc_27134         TIEL            saed90nm_max     
PLACE_optlc_27136         TIEL            saed90nm_max     
PLACE_optlc_27137         TIEL            saed90nm_max     
PLACE_optlc_27138         TIEL            saed90nm_max     
PLACE_optlc_27139         TIEL            saed90nm_max     
PLACE_optlc_27140         TIEL            saed90nm_max     
PLACE_optlc_27141         TIEL            saed90nm_max     
PLACE_optlc_27142         TIEL            saed90nm_max     
PLACE_optlc_27143         TIEL            saed90nm_max     
PLACE_optlc_27144         TIEL            saed90nm_max     
PLACE_optlc_27145         TIEL            saed90nm_max     
PLACE_optlc_27146         TIEL            saed90nm_max     
PLACE_optlc_27147         TIEL            saed90nm_max     
PLACE_optlc_27148         TIEL            saed90nm_max     
PLACE_optlc_27149         TIEL            saed90nm_max     
PLACE_optlc_27150         TIEL            saed90nm_max     
PLACE_optlc_27151         TIEL            saed90nm_max     
PLACE_optlc_27152         TIEL            saed90nm_max     
PLACE_optlc_27153         TIEL            saed90nm_max     
PLACE_optlc_27154         TIEL            saed90nm_max     
PLACE_optlc_27155         TIEL            saed90nm_max     
PLACE_optlc_27156         TIEL            saed90nm_max     
PLACE_optlc_27157         TIEL            saed90nm_max     
PLACE_optlc_27158         TIEL            saed90nm_max     
PLACE_optlc_27159         TIEL            saed90nm_max     
PLACE_optlc_27160         TIEL            saed90nm_max     
PLACE_optlc_27161         TIEL            saed90nm_max     
PLACE_optlc_27162         TIEL            saed90nm_max     
PLACE_optlc_27163         TIEL            saed90nm_max     
PLACE_optlc_27164         TIEL            saed90nm_max     
PLACE_optlc_27165         TIEL            saed90nm_max     
PLACE_optlc_27166         TIEL            saed90nm_max     
PLACE_optlc_27167         TIEL            saed90nm_max     
PLACE_optlc_27168         TIEL            saed90nm_max     
PLACE_optlc_27169         TIEL            saed90nm_max     
PLACE_optlc_27171         TIEL            saed90nm_max     
PLACE_optlc_27172         TIEL            saed90nm_max     
PLACE_optlc_27173         TIEL            saed90nm_max     
PLACE_optlc_27174         TIEL            saed90nm_max     
PLACE_optlc_27175         TIEL            saed90nm_max     
PLACE_optlc_27176         TIEL            saed90nm_max     
PLACE_optlc_27177         TIEL            saed90nm_max     
PLACE_optlc_27178         TIEL            saed90nm_max     
PLACE_optlc_27179         TIEL            saed90nm_max     
PLACE_optlc_27180         TIEL            saed90nm_max     
PLACE_optlc_27181         TIEL            saed90nm_max     
PLACE_optlc_27182         TIEL            saed90nm_max     
PLACE_optlc_27183         TIEL            saed90nm_max     
PLACE_optlc_27184         TIEL            saed90nm_max     
PLACE_optlc_27185         TIEL            saed90nm_max     
PLACE_optlc_27186         TIEL            saed90nm_max     
PLACE_optlc_27187         TIEL            saed90nm_max     
PLACE_optlc_27188         TIEL            saed90nm_max     
PLACE_optlc_27189         TIEL            saed90nm_max     
PLACE_optlc_27190         TIEL            saed90nm_max     
PLACE_optlc_27191         TIEL            saed90nm_max     
PLACE_optlc_27192         TIEL            saed90nm_max     
PLACE_optlc_27193         TIEL            saed90nm_max     
PLACE_optlc_27194         TIEL            saed90nm_max     
PLACE_optlc_27195         TIEL            saed90nm_max     
PLACE_optlc_27196         TIEL            saed90nm_max     
PLACE_optlc_27197         TIEL            saed90nm_max     
PLACE_optlc_27198         TIEL            saed90nm_max     
PLACE_optlc_27199         TIEL            saed90nm_max     
PLACE_optlc_27200         TIEL            saed90nm_max     
PLACE_optlc_27201         TIEL            saed90nm_max     
PLACE_optlc_27202         TIEL            saed90nm_max     
PLACE_optlc_27203         TIEL            saed90nm_max     
PLACE_optlc_27204         TIEL            saed90nm_max     
PLACE_optlc_27205         TIEL            saed90nm_max     
PLACE_optlc_27206         TIEL            saed90nm_max     
PLACE_optlc_27207         TIEL            saed90nm_max     
PLACE_optlc_27208         TIEL            saed90nm_max     
PLACE_optlc_27209         TIEL            saed90nm_max     
PLACE_optlc_27210         TIEL            saed90nm_max     
PLACE_optlc_27211         TIEL            saed90nm_max     
PLACE_optlc_27212         TIEL            saed90nm_max     
PLACE_optlc_27213         TIEL            saed90nm_max     
PLACE_optlc_27214         TIEL            saed90nm_max     
PLACE_optlc_27215         TIEL            saed90nm_max     
PLACE_optlc_27216         TIEL            saed90nm_max     
PLACE_optlc_27217         TIEL            saed90nm_max     
PLACE_optlc_27218         TIEL            saed90nm_max     
PLACE_optlc_27219         TIEL            saed90nm_max     
PLACE_optlc_27220         TIEL            saed90nm_max     
PLACE_optlc_27221         TIEL            saed90nm_max     
PLACE_optlc_27222         TIEL            saed90nm_max     
PLACE_optlc_27223         TIEL            saed90nm_max     
PLACE_optlc_27224         TIEL            saed90nm_max     
PLACE_optlc_27225         TIEL            saed90nm_max     
PLACE_optlc_27226         TIEL            saed90nm_max     
PLACE_optlc_27227         TIEL            saed90nm_max     
PLACE_optlc_27228         TIEL            saed90nm_max     
PLACE_optlc_27229         TIEL            saed90nm_max     
PLACE_optlc_27230         TIEL            saed90nm_max     
PLACE_optlc_27231         TIEL            saed90nm_max     
PLACE_optlc_27232         TIEL            saed90nm_max     
PLACE_optlc_27233         TIEL            saed90nm_max     
PLACE_optlc_27234         TIEL            saed90nm_max     
PLACE_optlc_27235         TIEL            saed90nm_max     
PLACE_optlc_27236         TIEL            saed90nm_max     
PLACE_optlc_27237         TIEL            saed90nm_max     
PLACE_optlc_27238         TIEL            saed90nm_max     
PLACE_optlc_27239         TIEL            saed90nm_max     
PLACE_optlc_27240         TIEL            saed90nm_max     
PLACE_optlc_27241         TIEL            saed90nm_max     
PLACE_optlc_27242         TIEL            saed90nm_max     
PLACE_optlc_27243         TIEL            saed90nm_max     
PLACE_optlc_27244         TIEL            saed90nm_max     
PLACE_optlc_27245         TIEL            saed90nm_max     
PLACE_optlc_27246         TIEL            saed90nm_max     
PLACE_optlc_27247         TIEL            saed90nm_max     
PLACE_optlc_27248         TIEL            saed90nm_max     
PLACE_optlc_27249         TIEL            saed90nm_max     
PLACE_optlc_27250         TIEL            saed90nm_max     
PLACE_optlc_27251         TIEL            saed90nm_max     
PLACE_optlc_27252         TIEL            saed90nm_max     
PLACE_optlc_27253         TIEL            saed90nm_max     
PLACE_optlc_27254         TIEL            saed90nm_max     
PLACE_optlc_27255         TIEL            saed90nm_max     
PLACE_optlc_27256         TIEL            saed90nm_max     
PLACE_optlc_27257         TIEL            saed90nm_max     
PLACE_optlc_27258         TIEL            saed90nm_max     
PLACE_optlc_27259         TIEL            saed90nm_max     
PLACE_optlc_27260         TIEL            saed90nm_max     
PLACE_optlc_27261         TIEL            saed90nm_max     
PLACE_optlc_27262         TIEL            saed90nm_max     
PLACE_optlc_27263         TIEL            saed90nm_max     
PLACE_optlc_27264         TIEL            saed90nm_max     
PLACE_optlc_27265         TIEL            saed90nm_max     
PLACE_optlc_27266         TIEL            saed90nm_max     
PLACE_optlc_27267         TIEL            saed90nm_max     
PLACE_optlc_27268         TIEL            saed90nm_max     
PLACE_optlc_27269         TIEL            saed90nm_max     
PLACE_optlc_27270         TIEL            saed90nm_max     
PLACE_optlc_27271         TIEL            saed90nm_max     
PLACE_optlc_27272         TIEL            saed90nm_max     
PLACE_optlc_27273         TIEL            saed90nm_max     
PLACE_optlc_27274         TIEL            saed90nm_max     
PLACE_optlc_27275         TIEL            saed90nm_max     
PLACE_optlc_27276         TIEL            saed90nm_max     
PLACE_optlc_27277         TIEL            saed90nm_max     
PLACE_optlc_27278         TIEL            saed90nm_max     
PLACE_optlc_27279         TIEL            saed90nm_max     
PLACE_optlc_27280         TIEL            saed90nm_max     
PLACE_optlc_27281         TIEL            saed90nm_max     
PLACE_optlc_27282         TIEL            saed90nm_max     
PLACE_optlc_27283         TIEL            saed90nm_max     
PLACE_optlc_27284         TIEL            saed90nm_max     
PLACE_optlc_27285         TIEL            saed90nm_max     
PLACE_optlc_27286         TIEL            saed90nm_max     
PLACE_optlc_27287         TIEL            saed90nm_max     
PLACE_optlc_27288         TIEL            saed90nm_max     
PLACE_optlc_27289         TIEL            saed90nm_max     
PLACE_optlc_27290         TIEL            saed90nm_max     
PLACE_optlc_27291         TIEL            saed90nm_max     
PLACE_optlc_27292         TIEL            saed90nm_max     
PLACE_optlc_27293         TIEL            saed90nm_max     
PLACE_optlc_27294         TIEL            saed90nm_max     
PLACE_optlc_27295         TIEL            saed90nm_max     
PLACE_optlc_27296         TIEL            saed90nm_max     
PLACE_optlc_27297         TIEL            saed90nm_max     
PLACE_optlc_27298         TIEL            saed90nm_max     
PLACE_optlc_27299         TIEL            saed90nm_max     
PLACE_optlc_27300         TIEL            saed90nm_max     
PLACE_optlc_27301         TIEL            saed90nm_max     
PLACE_optlc_27302         TIEL            saed90nm_max     
PLACE_optlc_27303         TIEL            saed90nm_max     
PLACE_optlc_27304         TIEL            saed90nm_max     
PLACE_optlc_27305         TIEL            saed90nm_max     
PLACE_optlc_27306         TIEL            saed90nm_max     
PLACE_optlc_27307         TIEL            saed90nm_max     
PLACE_optlc_27308         TIEL            saed90nm_max     
PLACE_optlc_27309         TIEL            saed90nm_max     
PLACE_optlc_27310         TIEL            saed90nm_max     
PLACE_optlc_27311         TIEL            saed90nm_max     
PLACE_optlc_27312         TIEL            saed90nm_max     
PLACE_optlc_27313         TIEL            saed90nm_max     
PLACE_optlc_27314         TIEL            saed90nm_max     
PLACE_optlc_27315         TIEL            saed90nm_max     
PLACE_optlc_27316         TIEL            saed90nm_max     
PLACE_optlc_27317         TIEL            saed90nm_max     
PLACE_optlc_27318         TIEL            saed90nm_max     
PLACE_optlc_27319         TIEL            saed90nm_max     
PLACE_optlc_27320         TIEL            saed90nm_max     
PLACE_optlc_27321         TIEL            saed90nm_max     
PLACE_optlc_27322         TIEL            saed90nm_max     
PLACE_optlc_27323         TIEL            saed90nm_max     
PLACE_optlc_27324         TIEL            saed90nm_max     
PLACE_optlc_27325         TIEL            saed90nm_max     
PLACE_optlc_27326         TIEL            saed90nm_max     
PLACE_optlc_27327         TIEL            saed90nm_max     
PLACE_optlc_27328         TIEL            saed90nm_max     
PLACE_optlc_27329         TIEL            saed90nm_max     
PLACE_optlc_27330         TIEL            saed90nm_max     
PLACE_optlc_27331         TIEL            saed90nm_max     
PLACE_optlc_27332         TIEL            saed90nm_max     
PLACE_optlc_27333         TIEL            saed90nm_max     
PLACE_optlc_27334         TIEL            saed90nm_max     
PLACE_optlc_27335         TIEL            saed90nm_max     
PLACE_optlc_27336         TIEL            saed90nm_max     
PLACE_optlc_27337         TIEL            saed90nm_max     
PLACE_optlc_27338         TIEL            saed90nm_max     
PLACE_optlc_27339         TIEL            saed90nm_max     
PLACE_optlc_27340         TIEL            saed90nm_max     
PLACE_optlc_27341         TIEL            saed90nm_max     
PLACE_optlc_27342         TIEL            saed90nm_max     
PLACE_optlc_27343         TIEL            saed90nm_max     
PLACE_optlc_27344         TIEL            saed90nm_max     
PLACE_optlc_27345         TIEL            saed90nm_max     
PLACE_optlc_27346         TIEL            saed90nm_max     
PLACE_optlc_27347         TIEL            saed90nm_max     
PLACE_optlc_27348         TIEL            saed90nm_max     
PLACE_optlc_27349         TIEL            saed90nm_max     
PLACE_optlc_27350         TIEL            saed90nm_max     
PLACE_optlc_27351         TIEL            saed90nm_max     
PLACE_optlc_27352         TIEL            saed90nm_max     
PLACE_optlc_27353         TIEL            saed90nm_max     
PLACE_optlc_27354         TIEL            saed90nm_max     
PLACE_optlc_27355         TIEL            saed90nm_max     
PLACE_optlc_27356         TIEL            saed90nm_max     
PLACE_optlc_27357         TIEL            saed90nm_max     
PLACE_optlc_27358         TIEL            saed90nm_max     
PLACE_optlc_27359         TIEL            saed90nm_max     
PLACE_optlc_27360         TIEL            saed90nm_max     
PLACE_optlc_27361         TIEL            saed90nm_max     
PLACE_optlc_27362         TIEL            saed90nm_max     
PLACE_optlc_27363         TIEL            saed90nm_max     
PLACE_optlc_27364         TIEL            saed90nm_max     
PLACE_optlc_27365         TIEL            saed90nm_max     
PLACE_optlc_27366         TIEL            saed90nm_max     
PLACE_optlc_27367         TIEL            saed90nm_max     
PLACE_optlc_27368         TIEL            saed90nm_max     
PLACE_optlc_27369         TIEL            saed90nm_max     
PLACE_optlc_27370         TIEL            saed90nm_max     
PLACE_optlc_27371         TIEL            saed90nm_max     
PLACE_optlc_27372         TIEL            saed90nm_max     
PLACE_optlc_27373         TIEL            saed90nm_max     
PLACE_optlc_27374         TIEL            saed90nm_max     
PLACE_optlc_27375         TIEL            saed90nm_max     
PLACE_optlc_27376         TIEL            saed90nm_max     
PLACE_optlc_27377         TIEL            saed90nm_max     
PLACE_optlc_27378         TIEL            saed90nm_max     
PLACE_optlc_27379         TIEL            saed90nm_max     
PLACE_optlc_27380         TIEL            saed90nm_max     
PLACE_optlc_27381         TIEL            saed90nm_max     
PLACE_optlc_27382         TIEL            saed90nm_max     
PLACE_optlc_27383         TIEL            saed90nm_max     
PLACE_optlc_27384         TIEL            saed90nm_max     
PLACE_optlc_27385         TIEL            saed90nm_max     
PLACE_optlc_27386         TIEL            saed90nm_max     
PLACE_optlc_27387         TIEL            saed90nm_max     
PLACE_optlc_27388         TIEL            saed90nm_max     
PLACE_optlc_27389         TIEL            saed90nm_max     
PLACE_optlc_27390         TIEL            saed90nm_max     
PLACE_optlc_27391         TIEL            saed90nm_max     
PLACE_optlc_27392         TIEL            saed90nm_max     
PLACE_optlc_27393         TIEL            saed90nm_max     
PLACE_optlc_27394         TIEL            saed90nm_max     
PLACE_optlc_27395         TIEL            saed90nm_max     
PLACE_optlc_27396         TIEL            saed90nm_max     
PLACE_optlc_27397         TIEL            saed90nm_max     
PLACE_optlc_27398         TIEL            saed90nm_max     
PLACE_optlc_27399         TIEL            saed90nm_max     
PLACE_optlc_27400         TIEL            saed90nm_max     
PLACE_optlc_27401         TIEL            saed90nm_max     
PLACE_optlc_27402         TIEL            saed90nm_max     
PLACE_optlc_27403         TIEL            saed90nm_max     
PLACE_optlc_27404         TIEL            saed90nm_max     
PLACE_optlc_27405         TIEL            saed90nm_max     
PLACE_optlc_27406         TIEL            saed90nm_max     
PLACE_optlc_27407         TIEL            saed90nm_max     
PLACE_optlc_27408         TIEL            saed90nm_max     
PLACE_optlc_27409         TIEL            saed90nm_max     
PLACE_optlc_27410         TIEL            saed90nm_max     
PLACE_optlc_27411         TIEL            saed90nm_max     
PLACE_optlc_27412         TIEL            saed90nm_max     
PLACE_optlc_27413         TIEL            saed90nm_max     
PLACE_optlc_27414         TIEL            saed90nm_max     
PLACE_optlc_27415         TIEL            saed90nm_max     
PLACE_optlc_27416         TIEL            saed90nm_max     
PLACE_optlc_27417         TIEL            saed90nm_max     
PLACE_optlc_27418         TIEL            saed90nm_max     
PLACE_optlc_27419         TIEL            saed90nm_max     
PLACE_optlc_27420         TIEL            saed90nm_max     
PLACE_optlc_27421         TIEL            saed90nm_max     
PLACE_optlc_27422         TIEL            saed90nm_max     
PLACE_optlc_27423         TIEL            saed90nm_max     
PLACE_optlc_27424         TIEL            saed90nm_max     
PLACE_optlc_27425         TIEL            saed90nm_max     
PLACE_optlc_27426         TIEL            saed90nm_max     
PLACE_optlc_27427         TIEL            saed90nm_max     
PLACE_optlc_27428         TIEL            saed90nm_max     
PLACE_optlc_27429         TIEL            saed90nm_max     
PLACE_optlc_27430         TIEL            saed90nm_max     
PLACE_optlc_27431         TIEL            saed90nm_max     
PLACE_optlc_27432         TIEL            saed90nm_max     
PLACE_optlc_27433         TIEL            saed90nm_max     
PLACE_optlc_27434         TIEL            saed90nm_max     
PLACE_optlc_27435         TIEL            saed90nm_max     
PLACE_optlc_27436         TIEL            saed90nm_max     
PLACE_optlc_27437         TIEL            saed90nm_max     
PLACE_optlc_27438         TIEL            saed90nm_max     
PLACE_optlc_27439         TIEL            saed90nm_max     
PLACE_optlc_27440         TIEL            saed90nm_max     
PLACE_optlc_27441         TIEL            saed90nm_max     
PLACE_optlc_27442         TIEL            saed90nm_max     
PLACE_optlc_27443         TIEL            saed90nm_max     
PLACE_optlc_27444         TIEL            saed90nm_max     
PLACE_optlc_27445         TIEL            saed90nm_max     
PLACE_optlc_27446         TIEL            saed90nm_max     
PLACE_optlc_27447         TIEL            saed90nm_max     
PLACE_optlc_27448         TIEL            saed90nm_max     
PLACE_optlc_27449         TIEL            saed90nm_max     
PLACE_optlc_27450         TIEL            saed90nm_max     
PLACE_optlc_27451         TIEL            saed90nm_max     
PLACE_optlc_27452         TIEL            saed90nm_max     
PLACE_optlc_27454         TIEL            saed90nm_max     
PLACE_optlc_27455         TIEL            saed90nm_max     
PLACE_optlc_27456         TIEL            saed90nm_max     
PLACE_optlc_27457         TIEL            saed90nm_max     
PLACE_optlc_27458         TIEL            saed90nm_max     
PLACE_optlc_27459         TIEL            saed90nm_max     
PLACE_optlc_27460         TIEL            saed90nm_max     
PLACE_optlc_27461         TIEL            saed90nm_max     
PLACE_optlc_27462         TIEL            saed90nm_max     
PLACE_optlc_27463         TIEL            saed90nm_max     
PLACE_optlc_27464         TIEL            saed90nm_max     
PLACE_optlc_27465         TIEL            saed90nm_max     
PLACE_optlc_27466         TIEL            saed90nm_max     
PLACE_optlc_27467         TIEL            saed90nm_max     
PLACE_optlc_27468         TIEL            saed90nm_max     
PLACE_optlc_27469         TIEL            saed90nm_max     
PLACE_optlc_27470         TIEL            saed90nm_max     
PLACE_optlc_27471         TIEL            saed90nm_max     
PLACE_optlc_27472         TIEL            saed90nm_max     
PLACE_optlc_27473         TIEL            saed90nm_max     
PLACE_optlc_27474         TIEL            saed90nm_max     
PLACE_optlc_27475         TIEL            saed90nm_max     
PLACE_optlc_27476         TIEL            saed90nm_max     
PLACE_optlc_27477         TIEL            saed90nm_max     
PLACE_optlc_27478         TIEL            saed90nm_max     
PLACE_optlc_27479         TIEL            saed90nm_max     
PLACE_optlc_27480         TIEL            saed90nm_max     
PLACE_optlc_27481         TIEL            saed90nm_max     
PLACE_optlc_27482         TIEL            saed90nm_max     
PLACE_optlc_27483         TIEL            saed90nm_max     
PLACE_optlc_27484         TIEL            saed90nm_max     
PLACE_optlc_27485         TIEL            saed90nm_max     
PLACE_optlc_27486         TIEL            saed90nm_max     
PLACE_optlc_27487         TIEL            saed90nm_max     
PLACE_optlc_27488         TIEL            saed90nm_max     
PLACE_optlc_27489         TIEL            saed90nm_max     
PLACE_optlc_27490         TIEL            saed90nm_max     
PLACE_optlc_27491         TIEL            saed90nm_max     
PLACE_optlc_27492         TIEL            saed90nm_max     
PLACE_optlc_27493         TIEL            saed90nm_max     
PLACE_optlc_27494         TIEL            saed90nm_max     
PLACE_optlc_27495         TIEL            saed90nm_max     
PLACE_optlc_27497         TIEL            saed90nm_max     
PLACE_optlc_27498         TIEL            saed90nm_max     
PLACE_optlc_27499         TIEL            saed90nm_max     
PLACE_optlc_27500         TIEL            saed90nm_max     
PLACE_optlc_27501         TIEL            saed90nm_max     
PLACE_optlc_27502         TIEL            saed90nm_max     
PLACE_optlc_27503         TIEL            saed90nm_max     
PLACE_optlc_27504         TIEL            saed90nm_max     
PLACE_optlc_27505         TIEL            saed90nm_max     
PLACE_optlc_27506         TIEL            saed90nm_max     
PLACE_optlc_27507         TIEL            saed90nm_max     
PLACE_optlc_27508         TIEL            saed90nm_max     
PLACE_optlc_27509         TIEL            saed90nm_max     
PLACE_optlc_27510         TIEL            saed90nm_max     
PLACE_optlc_27511         TIEL            saed90nm_max     
PLACE_optlc_27512         TIEL            saed90nm_max     
PLACE_optlc_27513         TIEL            saed90nm_max     
PLACE_optlc_27514         TIEL            saed90nm_max     
PLACE_optlc_27515         TIEL            saed90nm_max     
PLACE_optlc_27516         TIEL            saed90nm_max     
PLACE_optlc_27517         TIEL            saed90nm_max     
PLACE_optlc_27518         TIEL            saed90nm_max     
PLACE_optlc_27519         TIEL            saed90nm_max     
PLACE_optlc_27520         TIEL            saed90nm_max     
PLACE_optlc_27521         TIEL            saed90nm_max     
PLACE_optlc_27522         TIEL            saed90nm_max     
PLACE_optlc_27523         TIEL            saed90nm_max     
PLACE_optlc_27524         TIEL            saed90nm_max     
PLACE_optlc_27525         TIEL            saed90nm_max     
PLACE_optlc_27526         TIEL            saed90nm_max     
PLACE_optlc_27527         TIEL            saed90nm_max     
PLACE_optlc_27528         TIEL            saed90nm_max     
PLACE_optlc_27529         TIEL            saed90nm_max     
PLACE_optlc_27530         TIEL            saed90nm_max     
PLACE_optlc_27531         TIEL            saed90nm_max     
PLACE_optlc_27532         TIEL            saed90nm_max     
PLACE_optlc_27533         TIEL            saed90nm_max     
PLACE_optlc_27534         TIEL            saed90nm_max     
PLACE_optlc_27535         TIEL            saed90nm_max     
PLACE_optlc_27536         TIEL            saed90nm_max     
PLACE_optlc_27537         TIEL            saed90nm_max     
PLACE_optlc_27538         TIEL            saed90nm_max     
PLACE_optlc_27539         TIEL            saed90nm_max     
PLACE_optlc_27540         TIEL            saed90nm_max     
PLACE_optlc_27541         TIEL            saed90nm_max     
PLACE_optlc_27542         TIEL            saed90nm_max     
PLACE_optlc_27543         TIEL            saed90nm_max     
PLACE_optlc_27544         TIEL            saed90nm_max     
PLACE_optlc_27545         TIEL            saed90nm_max     
PLACE_optlc_27546         TIEL            saed90nm_max     
PLACE_optlc_27547         TIEL            saed90nm_max     
PLACE_optlc_27548         TIEL            saed90nm_max     
PLACE_optlc_27549         TIEL            saed90nm_max     
PLACE_optlc_27550         TIEL            saed90nm_max     
PLACE_optlc_27551         TIEL            saed90nm_max     
PLACE_optlc_27552         TIEL            saed90nm_max     
PLACE_optlc_27553         TIEL            saed90nm_max     
PLACE_optlc_27554         TIEL            saed90nm_max     
PLACE_optlc_27555         TIEL            saed90nm_max     
PLACE_optlc_27556         TIEL            saed90nm_max     
PLACE_optlc_27557         TIEL            saed90nm_max     
PLACE_optlc_27558         TIEL            saed90nm_max     
PLACE_optlc_27559         TIEL            saed90nm_max     
PLACE_optlc_27560         TIEL            saed90nm_max     
PLACE_optlc_27561         TIEL            saed90nm_max     
PLACE_optlc_27562         TIEL            saed90nm_max     
PLACE_optlc_27563         TIEL            saed90nm_max     
PLACE_optlc_27564         TIEL            saed90nm_max     
PLACE_optlc_27565         TIEL            saed90nm_max     
PLACE_optlc_27566         TIEL            saed90nm_max     
PLACE_optlc_27567         TIEL            saed90nm_max     
PLACE_optlc_27568         TIEL            saed90nm_max     
PLACE_optlc_27569         TIEL            saed90nm_max     
PLACE_optlc_27570         TIEL            saed90nm_max     
PLACE_optlc_27571         TIEL            saed90nm_max     
PLACE_optlc_27572         TIEL            saed90nm_max     
PLACE_optlc_27573         TIEL            saed90nm_max     
PLACE_optlc_27574         TIEL            saed90nm_max     
PLACE_optlc_27575         TIEL            saed90nm_max     
PLACE_optlc_27576         TIEL            saed90nm_max     
PLACE_optlc_27577         TIEL            saed90nm_max     
PLACE_optlc_27578         TIEL            saed90nm_max     
PLACE_optlc_27579         TIEL            saed90nm_max     
PLACE_optlc_27580         TIEL            saed90nm_max     
PLACE_optlc_27581         TIEL            saed90nm_max     
PLACE_optlc_27582         TIEL            saed90nm_max     
PLACE_optlc_27583         TIEL            saed90nm_max     
PLACE_optlc_27584         TIEL            saed90nm_max     
PLACE_optlc_27585         TIEL            saed90nm_max     
PLACE_optlc_27586         TIEL            saed90nm_max     
PLACE_optlc_27587         TIEL            saed90nm_max     
PLACE_optlc_27588         TIEL            saed90nm_max     
PLACE_optlc_27589         TIEL            saed90nm_max     
PLACE_optlc_27590         TIEL            saed90nm_max     
PLACE_optlc_27591         TIEL            saed90nm_max     
PLACE_optlc_27592         TIEL            saed90nm_max     
PLACE_optlc_27593         TIEL            saed90nm_max     
PLACE_optlc_27594         TIEL            saed90nm_max     
PLACE_optlc_27595         TIEL            saed90nm_max     
PLACE_optlc_27596         TIEL            saed90nm_max     
PLACE_optlc_27597         TIEL            saed90nm_max     
PLACE_optlc_27598         TIEL            saed90nm_max     
PLACE_optlc_27599         TIEL            saed90nm_max     
PLACE_optlc_27600         TIEL            saed90nm_max     
PLACE_optlc_27601         TIEL            saed90nm_max     
PLACE_optlc_27602         TIEL            saed90nm_max     
PLACE_optlc_27603         TIEL            saed90nm_max     
PLACE_optlc_27604         TIEL            saed90nm_max     
PLACE_optlc_27605         TIEL            saed90nm_max     
PLACE_optlc_27606         TIEL            saed90nm_max     
PLACE_optlc_27607         TIEL            saed90nm_max     
PLACE_optlc_27608         TIEL            saed90nm_max     
PLACE_optlc_27609         TIEL            saed90nm_max     
PLACE_optlc_27610         TIEL            saed90nm_max     
PLACE_optlc_27611         TIEL            saed90nm_max     
PLACE_optlc_27612         TIEL            saed90nm_max     
PLACE_optlc_27613         TIEL            saed90nm_max     
PLACE_optlc_27614         TIEL            saed90nm_max     
PLACE_optlc_27615         TIEL            saed90nm_max     
PLACE_optlc_27616         TIEL            saed90nm_max     
PLACE_optlc_27617         TIEL            saed90nm_max     
PLACE_optlc_27618         TIEL            saed90nm_max     
PLACE_optlc_27619         TIEL            saed90nm_max     
PLACE_optlc_27620         TIEL            saed90nm_max     
PLACE_optlc_27621         TIEL            saed90nm_max     
PLACE_optlc_27622         TIEL            saed90nm_max     
PLACE_optlc_27623         TIEL            saed90nm_max     
PLACE_optlc_27624         TIEL            saed90nm_max     
PLACE_optlc_27625         TIEL            saed90nm_max     
PLACE_optlc_27626         TIEL            saed90nm_max     
PLACE_optlc_27627         TIEL            saed90nm_max     
PLACE_optlc_27628         TIEL            saed90nm_max     
PLACE_optlc_27629         TIEL            saed90nm_max     
PLACE_optlc_27630         TIEL            saed90nm_max     
PLACE_optlc_27631         TIEL            saed90nm_max     
PLACE_optlc_27632         TIEL            saed90nm_max     
PLACE_optlc_27633         TIEL            saed90nm_max     
PLACE_optlc_27634         TIEL            saed90nm_max     
PLACE_optlc_27635         TIEL            saed90nm_max     
PLACE_optlc_27636         TIEL            saed90nm_max     
PLACE_optlc_27637         TIEL            saed90nm_max     
PLACE_optlc_27638         TIEL            saed90nm_max     
PLACE_optlc_27639         TIEL            saed90nm_max     
PLACE_optlc_27640         TIEL            saed90nm_max     
PLACE_optlc_27641         TIEL            saed90nm_max     
PLACE_optlc_27642         TIEL            saed90nm_max     
PLACE_optlc_27643         TIEL            saed90nm_max     
PLACE_optlc_27644         TIEL            saed90nm_max     
PLACE_optlc_27645         TIEL            saed90nm_max     
PLACE_optlc_27646         TIEL            saed90nm_max     
PLACE_optlc_27647         TIEL            saed90nm_max     
PLACE_optlc_27648         TIEL            saed90nm_max     
PLACE_optlc_27649         TIEL            saed90nm_max     
PLACE_optlc_27650         TIEL            saed90nm_max     
PLACE_optlc_27651         TIEL            saed90nm_max     
PLACE_optlc_27652         TIEL            saed90nm_max     
PLACE_optlc_27653         TIEL            saed90nm_max     
PLACE_optlc_27654         TIEL            saed90nm_max     
PLACE_optlc_27655         TIEL            saed90nm_max     
PLACE_optlc_27656         TIEL            saed90nm_max     
PLACE_optlc_27657         TIEL            saed90nm_max     
PLACE_optlc_27658         TIEL            saed90nm_max     
PLACE_optlc_27659         TIEL            saed90nm_max     
PLACE_optlc_27660         TIEL            saed90nm_max     
PLACE_optlc_27661         TIEL            saed90nm_max     
PLACE_optlc_27662         TIEL            saed90nm_max     
PLACE_optlc_27663         TIEL            saed90nm_max     
PLACE_optlc_27664         TIEL            saed90nm_max     
PLACE_optlc_27665         TIEL            saed90nm_max     
PLACE_optlc_27666         TIEL            saed90nm_max     
PLACE_optlc_27667         TIEL            saed90nm_max     
PLACE_optlc_27668         TIEL            saed90nm_max     
PLACE_optlc_27669         TIEL            saed90nm_max     
PLACE_optlc_27670         TIEL            saed90nm_max     
PLACE_optlc_27671         TIEL            saed90nm_max     
PLACE_optlc_27672         TIEL            saed90nm_max     
PLACE_optlc_27673         TIEL            saed90nm_max     
PLACE_optlc_27674         TIEL            saed90nm_max     
PLACE_optlc_27675         TIEL            saed90nm_max     
PLACE_optlc_27676         TIEL            saed90nm_max     
PLACE_optlc_27677         TIEL            saed90nm_max     
PLACE_optlc_27678         TIEL            saed90nm_max     
PLACE_optlc_27679         TIEL            saed90nm_max     
PLACE_optlc_27680         TIEL            saed90nm_max     
PLACE_optlc_27681         TIEL            saed90nm_max     
PLACE_optlc_27682         TIEL            saed90nm_max     
PLACE_optlc_27683         TIEL            saed90nm_max     
PLACE_optlc_27684         TIEL            saed90nm_max     
PLACE_optlc_27685         TIEL            saed90nm_max     
PLACE_optlc_27686         TIEL            saed90nm_max     
PLACE_optlc_27687         TIEL            saed90nm_max     
PLACE_optlc_27688         TIEL            saed90nm_max     
PLACE_optlc_27689         TIEL            saed90nm_max     
PLACE_optlc_27690         TIEL            saed90nm_max     
PLACE_optlc_27691         TIEL            saed90nm_max     
PLACE_optlc_27692         TIEL            saed90nm_max     
PLACE_optlc_27693         TIEL            saed90nm_max     
PLACE_optlc_27694         TIEL            saed90nm_max     
PLACE_optlc_27695         TIEL            saed90nm_max     
PLACE_optlc_27696         TIEL            saed90nm_max     
PLACE_optlc_27697         TIEL            saed90nm_max     
PLACE_optlc_27698         TIEL            saed90nm_max     
PLACE_optlc_27699         TIEL            saed90nm_max     
PLACE_optlc_27700         TIEL            saed90nm_max     
PLACE_optlc_27701         TIEL            saed90nm_max     
PLACE_optlc_27702         TIEL            saed90nm_max     
PLACE_optlc_27703         TIEL            saed90nm_max     
PLACE_optlc_27704         TIEL            saed90nm_max     
PLACE_optlc_27705         TIEL            saed90nm_max     
PLACE_optlc_27706         TIEL            saed90nm_max     
PLACE_optlc_27707         TIEL            saed90nm_max     
PLACE_optlc_27708         TIEL            saed90nm_max     
PLACE_optlc_27709         TIEL            saed90nm_max     
PLACE_optlc_27710         TIEL            saed90nm_max     
PLACE_optlc_27711         TIEL            saed90nm_max     
PLACE_optlc_27712         TIEL            saed90nm_max     
PLACE_optlc_27713         TIEL            saed90nm_max     
PLACE_optlc_27714         TIEL            saed90nm_max     
PLACE_optlc_27715         TIEL            saed90nm_max     
PLACE_optlc_27716         TIEL            saed90nm_max     
PLACE_optlc_27717         TIEL            saed90nm_max     
PLACE_optlc_27718         TIEL            saed90nm_max     
PLACE_optlc_27719         TIEL            saed90nm_max     
PLACE_optlc_27720         TIEL            saed90nm_max     
PLACE_optlc_27721         TIEL            saed90nm_max     
PLACE_optlc_27722         TIEL            saed90nm_max     
PLACE_optlc_27723         TIEL            saed90nm_max     
PLACE_optlc_27724         TIEL            saed90nm_max     
PLACE_optlc_27725         TIEL            saed90nm_max     
PLACE_optlc_27726         TIEL            saed90nm_max     
PLACE_optlc_27727         TIEL            saed90nm_max     
PLACE_optlc_27728         TIEL            saed90nm_max     
PLACE_optlc_27729         TIEL            saed90nm_max     
PLACE_optlc_27730         TIEL            saed90nm_max     
PLACE_optlc_27732         TIEL            saed90nm_max     
PLACE_optlc_27733         TIEL            saed90nm_max     
PLACE_optlc_27734         TIEL            saed90nm_max     
PLACE_optlc_27735         TIEL            saed90nm_max     
PLACE_optlc_27736         TIEL            saed90nm_max     
PLACE_optlc_27737         TIEL            saed90nm_max     
PLACE_optlc_27738         TIEL            saed90nm_max     
PLACE_optlc_27739         TIEL            saed90nm_max     
PLACE_optlc_27740         TIEL            saed90nm_max     
PLACE_optlc_27741         TIEL            saed90nm_max     
PLACE_optlc_27742         TIEL            saed90nm_max     
PLACE_optlc_27743         TIEL            saed90nm_max     
PLACE_optlc_27744         TIEL            saed90nm_max     
PLACE_optlc_27745         TIEL            saed90nm_max     
PLACE_optlc_27746         TIEL            saed90nm_max     
PLACE_optlc_27747         TIEL            saed90nm_max     
PLACE_optlc_27748         TIEL            saed90nm_max     
PLACE_optlc_27749         TIEL            saed90nm_max     
PLACE_optlc_27750         TIEL            saed90nm_max     
PLACE_optlc_27751         TIEL            saed90nm_max     
PLACE_optlc_27752         TIEL            saed90nm_max     
PLACE_optlc_27753         TIEL            saed90nm_max     
PLACE_optlc_27754         TIEL            saed90nm_max     
PLACE_optlc_27755         TIEL            saed90nm_max     
PLACE_optlc_27756         TIEL            saed90nm_max     
PLACE_optlc_27757         TIEL            saed90nm_max     
PLACE_optlc_27758         TIEL            saed90nm_max     
PLACE_optlc_27759         TIEL            saed90nm_max     
PLACE_optlc_27760         TIEL            saed90nm_max     
PLACE_optlc_27761         TIEL            saed90nm_max     
PLACE_optlc_27762         TIEL            saed90nm_max     
PLACE_optlc_27763         TIEL            saed90nm_max     
PLACE_optlc_27764         TIEL            saed90nm_max     
PLACE_optlc_27765         TIEL            saed90nm_max     
PLACE_optlc_27766         TIEL            saed90nm_max     
PLACE_optlc_27767         TIEL            saed90nm_max     
PLACE_optlc_27768         TIEL            saed90nm_max     
PLACE_optlc_27769         TIEL            saed90nm_max     
PLACE_optlc_27770         TIEL            saed90nm_max     
PLACE_optlc_27771         TIEL            saed90nm_max     
PLACE_optlc_27773         TIEL            saed90nm_max     
PLACE_optlc_27774         TIEL            saed90nm_max     
PLACE_optlc_27775         TIEL            saed90nm_max     
PLACE_optlc_27776         TIEL            saed90nm_max     
PLACE_optlc_27777         TIEL            saed90nm_max     
PLACE_optlc_27778         TIEL            saed90nm_max     
PLACE_optlc_27779         TIEL            saed90nm_max     
PLACE_optlc_27780         TIEL            saed90nm_max     
PLACE_optlc_27781         TIEL            saed90nm_max     
PLACE_optlc_27782         TIEL            saed90nm_max     
PLACE_optlc_27783         TIEL            saed90nm_max     
PLACE_optlc_27784         TIEL            saed90nm_max     
PLACE_optlc_27785         TIEL            saed90nm_max     
PLACE_optlc_27786         TIEL            saed90nm_max     
PLACE_optlc_27787         TIEL            saed90nm_max     
PLACE_optlc_27788         TIEL            saed90nm_max     
PLACE_optlc_27789         TIEL            saed90nm_max     
PLACE_optlc_27790         TIEL            saed90nm_max     
PLACE_optlc_27791         TIEL            saed90nm_max     
PLACE_optlc_27792         TIEL            saed90nm_max     
PLACE_optlc_27793         TIEL            saed90nm_max     
PLACE_optlc_27794         TIEL            saed90nm_max     
PLACE_optlc_27795         TIEL            saed90nm_max     
PLACE_optlc_27796         TIEL            saed90nm_max     
PLACE_optlc_27797         TIEL            saed90nm_max     
PLACE_optlc_27798         TIEL            saed90nm_max     
PLACE_optlc_27799         TIEL            saed90nm_max     
PLACE_optlc_27800         TIEL            saed90nm_max     
PLACE_optlc_27801         TIEL            saed90nm_max     
PLACE_optlc_27802         TIEL            saed90nm_max     
PLACE_optlc_27803         TIEL            saed90nm_max     
PLACE_optlc_27804         TIEL            saed90nm_max     
PLACE_optlc_27805         TIEL            saed90nm_max     
PLACE_optlc_27806         TIEL            saed90nm_max     
PLACE_optlc_27807         TIEL            saed90nm_max     
PLACE_optlc_27808         TIEL            saed90nm_max     
PLACE_optlc_27809         TIEL            saed90nm_max     
PLACE_optlc_27810         TIEL            saed90nm_max     
PLACE_optlc_27811         TIEL            saed90nm_max     
PLACE_optlc_27812         TIEL            saed90nm_max     
PLACE_optlc_27813         TIEL            saed90nm_max     
PLACE_optlc_27814         TIEL            saed90nm_max     
PLACE_optlc_27815         TIEL            saed90nm_max     
PLACE_optlc_27816         TIEL            saed90nm_max     
PLACE_optlc_27817         TIEL            saed90nm_max     
PLACE_optlc_27818         TIEL            saed90nm_max     
PLACE_optlc_27819         TIEL            saed90nm_max     
PLACE_optlc_27820         TIEL            saed90nm_max     
PLACE_optlc_27821         TIEL            saed90nm_max     
PLACE_optlc_27822         TIEL            saed90nm_max     
PLACE_optlc_27823         TIEL            saed90nm_max     
PLACE_optlc_27824         TIEL            saed90nm_max     
PLACE_optlc_27825         TIEL            saed90nm_max     
PLACE_optlc_27826         TIEL            saed90nm_max     
PLACE_optlc_27827         TIEL            saed90nm_max     
PLACE_optlc_27828         TIEL            saed90nm_max     
PLACE_optlc_27829         TIEL            saed90nm_max     
PLACE_optlc_27830         TIEL            saed90nm_max     
PLACE_optlc_27831         TIEL            saed90nm_max     
PLACE_optlc_27832         TIEL            saed90nm_max     
PLACE_optlc_27833         TIEL            saed90nm_max     
PLACE_optlc_27834         TIEL            saed90nm_max     
PLACE_optlc_27835         TIEL            saed90nm_max     
PLACE_optlc_27836         TIEL            saed90nm_max     
PLACE_optlc_27837         TIEL            saed90nm_max     
PLACE_optlc_27838         TIEL            saed90nm_max     
PLACE_optlc_27839         TIEL            saed90nm_max     
PLACE_optlc_27840         TIEL            saed90nm_max     
PLACE_optlc_27841         TIEL            saed90nm_max     
PLACE_optlc_27842         TIEL            saed90nm_max     
PLACE_optlc_27843         TIEL            saed90nm_max     
PLACE_optlc_27844         TIEL            saed90nm_max     
PLACE_optlc_27845         TIEL            saed90nm_max     
PLACE_optlc_27846         TIEL            saed90nm_max     
PLACE_optlc_27847         TIEL            saed90nm_max     
PLACE_optlc_27848         TIEL            saed90nm_max     
PLACE_optlc_27849         TIEL            saed90nm_max     
PLACE_optlc_27850         TIEL            saed90nm_max     
PLACE_optlc_27851         TIEL            saed90nm_max     
PLACE_optlc_27852         TIEL            saed90nm_max     
PLACE_optlc_27853         TIEL            saed90nm_max     
PLACE_optlc_27854         TIEL            saed90nm_max     
PLACE_optlc_27855         TIEL            saed90nm_max     
PLACE_optlc_27856         TIEL            saed90nm_max     
PLACE_optlc_27857         TIEL            saed90nm_max     
PLACE_optlc_27858         TIEL            saed90nm_max     
PLACE_optlc_27859         TIEL            saed90nm_max     
PLACE_optlc_27860         TIEL            saed90nm_max     
PLACE_optlc_27861         TIEL            saed90nm_max     
PLACE_optlc_27862         TIEL            saed90nm_max     
PLACE_optlc_27863         TIEL            saed90nm_max     
PLACE_optlc_27864         TIEL            saed90nm_max     
PLACE_optlc_27865         TIEL            saed90nm_max     
PLACE_optlc_27866         TIEL            saed90nm_max     
PLACE_optlc_27867         TIEL            saed90nm_max     
PLACE_optlc_27868         TIEL            saed90nm_max     
PLACE_optlc_27869         TIEL            saed90nm_max     
PLACE_optlc_27870         TIEL            saed90nm_max     
PLACE_optlc_27871         TIEL            saed90nm_max     
PLACE_optlc_27872         TIEL            saed90nm_max     
PLACE_optlc_27873         TIEL            saed90nm_max     
PLACE_optlc_27874         TIEL            saed90nm_max     
PLACE_optlc_27875         TIEL            saed90nm_max     
PLACE_optlc_27876         TIEL            saed90nm_max     
PLACE_optlc_27877         TIEL            saed90nm_max     
PLACE_optlc_27878         TIEL            saed90nm_max     
PLACE_optlc_27879         TIEL            saed90nm_max     
PLACE_optlc_27880         TIEL            saed90nm_max     
PLACE_optlc_27881         TIEL            saed90nm_max     
PLACE_optlc_27882         TIEL            saed90nm_max     
PLACE_optlc_27883         TIEL            saed90nm_max     
PLACE_optlc_27884         TIEL            saed90nm_max     
PLACE_optlc_27885         TIEL            saed90nm_max     
PLACE_optlc_27886         TIEL            saed90nm_max     
PLACE_optlc_27887         TIEL            saed90nm_max     
PLACE_optlc_27888         TIEL            saed90nm_max     
PLACE_optlc_27889         TIEL            saed90nm_max     
PLACE_optlc_27890         TIEL            saed90nm_max     
PLACE_optlc_27891         TIEL            saed90nm_max     
PLACE_optlc_27892         TIEL            saed90nm_max     
PLACE_optlc_27893         TIEL            saed90nm_max     
PLACE_optlc_27894         TIEL            saed90nm_max     
PLACE_optlc_27895         TIEL            saed90nm_max     
PLACE_optlc_27896         TIEL            saed90nm_max     
PLACE_optlc_27897         TIEL            saed90nm_max     
PLACE_optlc_27898         TIEL            saed90nm_max     
PLACE_optlc_27899         TIEL            saed90nm_max     
PLACE_optlc_27900         TIEL            saed90nm_max     
PLACE_optlc_27901         TIEL            saed90nm_max     
PLACE_optlc_27902         TIEL            saed90nm_max     
PLACE_optlc_27903         TIEL            saed90nm_max     
PLACE_optlc_27904         TIEL            saed90nm_max     
PLACE_optlc_27905         TIEL            saed90nm_max     
PLACE_optlc_27906         TIEL            saed90nm_max     
PLACE_optlc_27907         TIEL            saed90nm_max     
PLACE_optlc_27908         TIEL            saed90nm_max     
PLACE_optlc_27909         TIEL            saed90nm_max     
PLACE_optlc_27910         TIEL            saed90nm_max     
PLACE_optlc_27911         TIEL            saed90nm_max     
PLACE_optlc_27912         TIEL            saed90nm_max     
PLACE_optlc_27913         TIEL            saed90nm_max     
PLACE_optlc_27914         TIEL            saed90nm_max     
PLACE_optlc_27915         TIEL            saed90nm_max     
PLACE_optlc_27916         TIEL            saed90nm_max     
PLACE_optlc_27917         TIEL            saed90nm_max     
PLACE_optlc_27918         TIEL            saed90nm_max     
PLACE_optlc_27919         TIEL            saed90nm_max     
PLACE_optlc_27920         TIEL            saed90nm_max     
PLACE_optlc_27921         TIEL            saed90nm_max     
PLACE_optlc_27922         TIEL            saed90nm_max     
PLACE_optlc_27923         TIEL            saed90nm_max     
PLACE_optlc_27924         TIEL            saed90nm_max     
PLACE_optlc_27925         TIEL            saed90nm_max     
PLACE_optlc_27926         TIEL            saed90nm_max     
PLACE_optlc_27927         TIEL            saed90nm_max     
PLACE_optlc_27928         TIEL            saed90nm_max     
PLACE_optlc_27929         TIEL            saed90nm_max     
PLACE_optlc_27930         TIEL            saed90nm_max     
PLACE_optlc_27931         TIEL            saed90nm_max     
PLACE_optlc_27932         TIEL            saed90nm_max     
PLACE_optlc_27933         TIEL            saed90nm_max     
PLACE_optlc_27934         TIEL            saed90nm_max     
PLACE_optlc_27935         TIEL            saed90nm_max     
PLACE_optlc_27936         TIEL            saed90nm_max     
PLACE_optlc_27937         TIEL            saed90nm_max     
PLACE_optlc_27938         TIEL            saed90nm_max     
PLACE_optlc_27939         TIEL            saed90nm_max     
PLACE_optlc_27940         TIEL            saed90nm_max     
PLACE_optlc_27941         TIEL            saed90nm_max     
PLACE_optlc_27942         TIEL            saed90nm_max     
PLACE_optlc_27943         TIEL            saed90nm_max     
PLACE_optlc_27944         TIEL            saed90nm_max     
PLACE_optlc_27945         TIEL            saed90nm_max     
PLACE_optlc_27946         TIEL            saed90nm_max     
PLACE_optlc_27947         TIEL            saed90nm_max     
PLACE_optlc_27948         TIEL            saed90nm_max     
PLACE_optlc_27949         TIEL            saed90nm_max     
PLACE_optlc_27950         TIEL            saed90nm_max     
PLACE_optlc_27952         TIEL            saed90nm_max     
PLACE_optlc_27953         TIEL            saed90nm_max     
PLACE_optlc_27954         TIEL            saed90nm_max     
PLACE_optlc_27955         TIEL            saed90nm_max     
PLACE_optlc_27956         TIEL            saed90nm_max     
PLACE_optlc_27957         TIEL            saed90nm_max     
PLACE_optlc_27958         TIEL            saed90nm_max     
PLACE_optlc_27959         TIEL            saed90nm_max     
PLACE_optlc_27960         TIEL            saed90nm_max     
PLACE_optlc_27961         TIEL            saed90nm_max     
PLACE_optlc_27962         TIEL            saed90nm_max     
PLACE_optlc_27963         TIEL            saed90nm_max     
PLACE_optlc_27964         TIEL            saed90nm_max     
PLACE_optlc_27965         TIEL            saed90nm_max     
PLACE_optlc_27966         TIEL            saed90nm_max     
PLACE_optlc_27967         TIEL            saed90nm_max     
PLACE_optlc_27968         TIEL            saed90nm_max     
PLACE_optlc_27969         TIEL            saed90nm_max     
PLACE_optlc_27970         TIEL            saed90nm_max     
PLACE_optlc_27971         TIEL            saed90nm_max     
PLACE_optlc_27972         TIEL            saed90nm_max     
PLACE_optlc_27973         TIEL            saed90nm_max     
PLACE_optlc_27974         TIEL            saed90nm_max     
PLACE_optlc_27975         TIEL            saed90nm_max     
PLACE_optlc_27976         TIEL            saed90nm_max     
PLACE_optlc_27977         TIEL            saed90nm_max     
PLACE_optlc_27978         TIEL            saed90nm_max     
PLACE_optlc_27979         TIEL            saed90nm_max     
PLACE_optlc_27980         TIEL            saed90nm_max     
PLACE_optlc_27981         TIEL            saed90nm_max     
PLACE_optlc_27982         TIEL            saed90nm_max     
PLACE_optlc_27983         TIEL            saed90nm_max     
PLACE_optlc_27984         TIEL            saed90nm_max     
PLACE_optlc_27985         TIEL            saed90nm_max     
PLACE_optlc_27986         TIEL            saed90nm_max     
PLACE_optlc_27987         TIEL            saed90nm_max     
PLACE_optlc_27988         TIEL            saed90nm_max     
PLACE_optlc_27989         TIEL            saed90nm_max     
PLACE_optlc_27990         TIEL            saed90nm_max     
PLACE_optlc_27991         TIEL            saed90nm_max     
PLACE_optlc_27992         TIEL            saed90nm_max     
PLACE_optlc_27993         TIEL            saed90nm_max     
PLACE_optlc_27994         TIEL            saed90nm_max     
PLACE_optlc_27995         TIEL            saed90nm_max     
PLACE_optlc_27996         TIEL            saed90nm_max     
PLACE_optlc_27997         TIEL            saed90nm_max     
PLACE_optlc_27998         TIEL            saed90nm_max     
PLACE_optlc_27999         TIEL            saed90nm_max     
PLACE_optlc_28000         TIEL            saed90nm_max     
PLACE_optlc_28001         TIEL            saed90nm_max     
PLACE_optlc_28002         TIEL            saed90nm_max     
PLACE_optlc_28003         TIEL            saed90nm_max     
PLACE_optlc_28004         TIEL            saed90nm_max     
PLACE_optlc_28005         TIEL            saed90nm_max     
PLACE_optlc_28006         TIEL            saed90nm_max     
PLACE_optlc_28007         TIEL            saed90nm_max     
PLACE_optlc_28008         TIEL            saed90nm_max     
PLACE_optlc_28009         TIEL            saed90nm_max     
PLACE_optlc_28010         TIEL            saed90nm_max     
PLACE_optlc_28011         TIEL            saed90nm_max     
PLACE_optlc_28012         TIEL            saed90nm_max     
PLACE_optlc_28013         TIEL            saed90nm_max     
PLACE_optlc_28014         TIEL            saed90nm_max     
PLACE_optlc_28015         TIEL            saed90nm_max     
PLACE_optlc_28016         TIEL            saed90nm_max     
PLACE_optlc_28017         TIEL            saed90nm_max     
PLACE_optlc_28018         TIEL            saed90nm_max     
PLACE_optlc_28019         TIEL            saed90nm_max     
PLACE_optlc_28020         TIEL            saed90nm_max     
PLACE_optlc_28021         TIEL            saed90nm_max     
PLACE_optlc_28022         TIEL            saed90nm_max     
PLACE_optlc_28023         TIEL            saed90nm_max     
PLACE_optlc_28024         TIEL            saed90nm_max     
PLACE_optlc_28025         TIEL            saed90nm_max     
PLACE_optlc_28026         TIEL            saed90nm_max     
PLACE_optlc_28027         TIEL            saed90nm_max     
PLACE_optlc_28028         TIEL            saed90nm_max     
PLACE_optlc_28029         TIEL            saed90nm_max     
PLACE_optlc_28030         TIEL            saed90nm_max     
PLACE_optlc_28031         TIEL            saed90nm_max     
PLACE_optlc_28032         TIEL            saed90nm_max     
PLACE_optlc_28033         TIEL            saed90nm_max     
PLACE_optlc_28034         TIEL            saed90nm_max     
PLACE_optlc_28035         TIEL            saed90nm_max     
PLACE_optlc_28036         TIEL            saed90nm_max     
PLACE_optlc_28037         TIEL            saed90nm_max     
PLACE_optlc_28038         TIEL            saed90nm_max     
PLACE_optlc_28039         TIEL            saed90nm_max     
PLACE_optlc_28040         TIEL            saed90nm_max     
PLACE_optlc_28041         TIEL            saed90nm_max     
PLACE_optlc_28042         TIEL            saed90nm_max     
PLACE_optlc_28043         TIEL            saed90nm_max     
PLACE_optlc_28044         TIEL            saed90nm_max     
PLACE_optlc_28045         TIEL            saed90nm_max     
PLACE_optlc_28046         TIEL            saed90nm_max     
PLACE_optlc_28047         TIEL            saed90nm_max     
PLACE_optlc_28048         TIEL            saed90nm_max     
PLACE_optlc_28049         TIEL            saed90nm_max     
PLACE_optlc_28050         TIEL            saed90nm_max     
PLACE_optlc_28051         TIEL            saed90nm_max     
PLACE_optlc_28052         TIEL            saed90nm_max     
PLACE_optlc_28053         TIEL            saed90nm_max     
PLACE_optlc_28054         TIEL            saed90nm_max     
PLACE_optlc_28055         TIEL            saed90nm_max     
PLACE_optlc_28056         TIEL            saed90nm_max     
PLACE_optlc_28057         TIEL            saed90nm_max     
PLACE_optlc_28058         TIEL            saed90nm_max     
PLACE_optlc_28059         TIEL            saed90nm_max     
PLACE_optlc_28060         TIEL            saed90nm_max     
PLACE_optlc_28061         TIEL            saed90nm_max     
PLACE_optlc_28062         TIEL            saed90nm_max     
PLACE_optlc_28063         TIEL            saed90nm_max     
PLACE_optlc_28064         TIEL            saed90nm_max     
PLACE_optlc_28065         TIEL            saed90nm_max     
PLACE_optlc_28066         TIEL            saed90nm_max     
PLACE_optlc_28067         TIEL            saed90nm_max     
PLACE_optlc_28068         TIEL            saed90nm_max     
PLACE_optlc_28069         TIEL            saed90nm_max     
PLACE_optlc_28070         TIEL            saed90nm_max     
PLACE_optlc_28071         TIEL            saed90nm_max     
PLACE_optlc_28072         TIEL            saed90nm_max     
PLACE_optlc_28073         TIEL            saed90nm_max     
PLACE_optlc_28074         TIEL            saed90nm_max     
PLACE_optlc_28075         TIEL            saed90nm_max     
PLACE_optlc_28076         TIEL            saed90nm_max     
PLACE_optlc_28077         TIEL            saed90nm_max     
PLACE_optlc_28078         TIEL            saed90nm_max     
PLACE_optlc_28079         TIEL            saed90nm_max     
PLACE_optlc_28080         TIEL            saed90nm_max     
PLACE_optlc_28081         TIEL            saed90nm_max     
PLACE_optlc_28082         TIEL            saed90nm_max     
PLACE_optlc_28083         TIEL            saed90nm_max     
PLACE_optlc_28084         TIEL            saed90nm_max     
PLACE_optlc_28085         TIEL            saed90nm_max     
PLACE_optlc_28086         TIEL            saed90nm_max     
PLACE_optlc_28087         TIEL            saed90nm_max     
PLACE_optlc_28088         TIEL            saed90nm_max     
PLACE_optlc_28089         TIEL            saed90nm_max     
PLACE_optlc_28090         TIEL            saed90nm_max     
PLACE_optlc_28091         TIEL            saed90nm_max     
PLACE_optlc_28092         TIEL            saed90nm_max     
PLACE_optlc_28093         TIEL            saed90nm_max     
PLACE_optlc_28094         TIEL            saed90nm_max     
PLACE_optlc_28095         TIEL            saed90nm_max     
PLACE_optlc_28096         TIEL            saed90nm_max     
PLACE_optlc_28097         TIEL            saed90nm_max     
PLACE_optlc_28098         TIEL            saed90nm_max     
PLACE_optlc_28099         TIEL            saed90nm_max     
PLACE_optlc_28100         TIEL            saed90nm_max     
PLACE_optlc_28101         TIEL            saed90nm_max     
PLACE_optlc_28102         TIEL            saed90nm_max     
PLACE_optlc_28103         TIEL            saed90nm_max     
PLACE_optlc_28104         TIEL            saed90nm_max     
PLACE_optlc_28105         TIEL            saed90nm_max     
PLACE_optlc_28106         TIEL            saed90nm_max     
PLACE_optlc_28107         TIEL            saed90nm_max     
PLACE_optlc_28108         TIEL            saed90nm_max     
PLACE_optlc_28109         TIEL            saed90nm_max     
PLACE_optlc_28110         TIEL            saed90nm_max     
PLACE_optlc_28111         TIEL            saed90nm_max     
PLACE_optlc_28112         TIEL            saed90nm_max     
PLACE_optlc_28113         TIEL            saed90nm_max     
PLACE_optlc_28114         TIEL            saed90nm_max     
PLACE_optlc_28115         TIEL            saed90nm_max     
PLACE_optlc_28116         TIEL            saed90nm_max     
PLACE_optlc_28117         TIEL            saed90nm_max     
PLACE_optlc_28118         TIEL            saed90nm_max     
PLACE_optlc_28119         TIEL            saed90nm_max     
PLACE_optlc_28120         TIEL            saed90nm_max     
PLACE_optlc_28121         TIEL            saed90nm_max     
PLACE_optlc_28122         TIEL            saed90nm_max     
PLACE_optlc_28123         TIEL            saed90nm_max     
PLACE_optlc_28124         TIEL            saed90nm_max     
PLACE_optlc_28125         TIEL            saed90nm_max     
PLACE_optlc_28126         TIEL            saed90nm_max     
PLACE_optlc_28127         TIEL            saed90nm_max     
PLACE_optlc_28128         TIEL            saed90nm_max     
PLACE_optlc_28129         TIEL            saed90nm_max     
PLACE_optlc_28130         TIEL            saed90nm_max     
PLACE_optlc_28131         TIEL            saed90nm_max     
PLACE_optlc_28132         TIEL            saed90nm_max     
PLACE_optlc_28133         TIEL            saed90nm_max     
PLACE_optlc_28134         TIEL            saed90nm_max     
PLACE_optlc_28135         TIEL            saed90nm_max     
PLACE_optlc_28136         TIEL            saed90nm_max     
PLACE_optlc_28137         TIEL            saed90nm_max     
PLACE_optlc_28138         TIEL            saed90nm_max     
PLACE_optlc_28139         TIEL            saed90nm_max     
PLACE_optlc_28140         TIEL            saed90nm_max     
PLACE_optlc_28141         TIEL            saed90nm_max     
PLACE_optlc_28142         TIEL            saed90nm_max     
PLACE_optlc_28143         TIEL            saed90nm_max     
PLACE_optlc_28144         TIEL            saed90nm_max     
PLACE_optlc_28145         TIEL            saed90nm_max     
PLACE_optlc_28146         TIEL            saed90nm_max     
PLACE_optlc_28147         TIEL            saed90nm_max     
PLACE_optlc_28148         TIEL            saed90nm_max     
PLACE_optlc_28149         TIEL            saed90nm_max     
PLACE_optlc_28150         TIEL            saed90nm_max     
PLACE_optlc_28151         TIEL            saed90nm_max     
PLACE_optlc_28152         TIEL            saed90nm_max     
PLACE_optlc_28153         TIEL            saed90nm_max     
PLACE_optlc_28154         TIEL            saed90nm_max     
PLACE_optlc_28155         TIEL            saed90nm_max     
PLACE_optlc_28156         TIEL            saed90nm_max     
PLACE_optlc_28157         TIEL            saed90nm_max     
PLACE_optlc_28158         TIEL            saed90nm_max     
PLACE_optlc_28159         TIEL            saed90nm_max     
PLACE_optlc_28160         TIEL            saed90nm_max     
PLACE_optlc_28161         TIEL            saed90nm_max     
PLACE_optlc_28162         TIEL            saed90nm_max     
PLACE_optlc_28163         TIEL            saed90nm_max     
PLACE_optlc_28164         TIEL            saed90nm_max     
PLACE_optlc_28165         TIEL            saed90nm_max     
PLACE_optlc_28166         TIEL            saed90nm_max     
PLACE_optlc_28167         TIEL            saed90nm_max     
PLACE_optlc_28168         TIEL            saed90nm_max     
PLACE_optlc_28169         TIEL            saed90nm_max     
PLACE_optlc_28170         TIEL            saed90nm_max     
PLACE_optlc_28171         TIEL            saed90nm_max     
PLACE_optlc_28172         TIEL            saed90nm_max     
PLACE_optlc_28173         TIEL            saed90nm_max     
PLACE_optlc_28174         TIEL            saed90nm_max     
PLACE_optlc_28175         TIEL            saed90nm_max     
PLACE_optlc_28176         TIEL            saed90nm_max     
PLACE_optlc_28177         TIEL            saed90nm_max     
PLACE_optlc_28178         TIEL            saed90nm_max     
PLACE_optlc_28179         TIEL            saed90nm_max     
PLACE_optlc_28180         TIEL            saed90nm_max     
PLACE_optlc_28181         TIEL            saed90nm_max     
PLACE_optlc_28182         TIEL            saed90nm_max     
PLACE_optlc_28183         TIEL            saed90nm_max     
PLACE_optlc_28184         TIEL            saed90nm_max     
PLACE_optlc_28185         TIEL            saed90nm_max     
PLACE_optlc_28186         TIEL            saed90nm_max     
PLACE_optlc_28187         TIEL            saed90nm_max     
PLACE_optlc_28189         TIEL            saed90nm_max     
PLACE_optlc_28190         TIEL            saed90nm_max     
PLACE_optlc_28191         TIEL            saed90nm_max     
PLACE_optlc_28192         TIEL            saed90nm_max     
PLACE_optlc_28193         TIEL            saed90nm_max     
PLACE_optlc_28194         TIEL            saed90nm_max     
PLACE_optlc_28195         TIEL            saed90nm_max     
PLACE_optlc_28196         TIEL            saed90nm_max     
PLACE_optlc_28197         TIEL            saed90nm_max     
PLACE_optlc_28198         TIEL            saed90nm_max     
PLACE_optlc_28199         TIEL            saed90nm_max     
PLACE_optlc_28200         TIEL            saed90nm_max     
PLACE_optlc_28201         TIEL            saed90nm_max     
PLACE_optlc_28202         TIEL            saed90nm_max     
PLACE_optlc_28203         TIEL            saed90nm_max     
PLACE_optlc_28204         TIEL            saed90nm_max     
PLACE_optlc_28205         TIEL            saed90nm_max     
PLACE_optlc_28206         TIEL            saed90nm_max     
PLACE_optlc_28207         TIEL            saed90nm_max     
PLACE_optlc_28208         TIEL            saed90nm_max     
PLACE_optlc_28209         TIEL            saed90nm_max     
PLACE_optlc_28210         TIEL            saed90nm_max     
PLACE_optlc_28211         TIEL            saed90nm_max     
PLACE_optlc_28212         TIEL            saed90nm_max     
PLACE_optlc_28213         TIEL            saed90nm_max     
PLACE_optlc_28214         TIEL            saed90nm_max     
PLACE_optlc_28215         TIEL            saed90nm_max     
PLACE_optlc_28216         TIEL            saed90nm_max     
PLACE_optlc_28217         TIEL            saed90nm_max     
PLACE_optlc_28218         TIEL            saed90nm_max     
PLACE_optlc_28219         TIEL            saed90nm_max     
PLACE_optlc_28220         TIEL            saed90nm_max     
PLACE_optlc_28221         TIEL            saed90nm_max     
PLACE_optlc_28222         TIEL            saed90nm_max     
PLACE_optlc_28223         TIEL            saed90nm_max     
PLACE_optlc_28224         TIEL            saed90nm_max     
PLACE_optlc_28225         TIEL            saed90nm_max     
PLACE_optlc_28226         TIEL            saed90nm_max     
PLACE_optlc_28227         TIEL            saed90nm_max     
PLACE_optlc_28228         TIEL            saed90nm_max     
PLACE_optlc_28229         TIEL            saed90nm_max     
PLACE_optlc_28230         TIEL            saed90nm_max     
PLACE_optlc_28231         TIEL            saed90nm_max     
PLACE_optlc_28232         TIEL            saed90nm_max     
PLACE_optlc_28233         TIEL            saed90nm_max     
PLACE_optlc_28234         TIEL            saed90nm_max     
PLACE_optlc_28236         TIEL            saed90nm_max     
PLACE_optlc_28237         TIEL            saed90nm_max     
PLACE_optlc_28238         TIEL            saed90nm_max     
PLACE_optlc_28239         TIEL            saed90nm_max     
PLACE_optlc_28240         TIEL            saed90nm_max     
PLACE_optlc_28241         TIEL            saed90nm_max     
PLACE_optlc_28242         TIEL            saed90nm_max     
PLACE_optlc_28243         TIEL            saed90nm_max     
PLACE_optlc_28244         TIEL            saed90nm_max     
PLACE_optlc_28245         TIEL            saed90nm_max     
PLACE_optlc_28246         TIEL            saed90nm_max     
PLACE_optlc_28247         TIEL            saed90nm_max     
PLACE_optlc_28248         TIEL            saed90nm_max     
PLACE_optlc_28249         TIEL            saed90nm_max     
PLACE_optlc_28250         TIEL            saed90nm_max     
PLACE_optlc_28251         TIEL            saed90nm_max     
PLACE_optlc_28252         TIEL            saed90nm_max     
PLACE_optlc_28253         TIEL            saed90nm_max     
PLACE_optlc_28254         TIEL            saed90nm_max     
PLACE_optlc_28255         TIEL            saed90nm_max     
PLACE_optlc_28256         TIEL            saed90nm_max     
PLACE_optlc_28257         TIEL            saed90nm_max     
PLACE_optlc_28258         TIEL            saed90nm_max     
PLACE_optlc_28259         TIEL            saed90nm_max     
PLACE_optlc_28260         TIEL            saed90nm_max     
PLACE_optlc_28261         TIEL            saed90nm_max     
PLACE_optlc_28262         TIEL            saed90nm_max     
PLACE_optlc_28263         TIEL            saed90nm_max     
PLACE_optlc_28264         TIEL            saed90nm_max     
PLACE_optlc_28265         TIEL            saed90nm_max     
PLACE_optlc_28266         TIEL            saed90nm_max     
PLACE_optlc_28267         TIEL            saed90nm_max     
PLACE_optlc_28268         TIEL            saed90nm_max     
PLACE_optlc_28269         TIEL            saed90nm_max     
PLACE_optlc_28270         TIEL            saed90nm_max     
PLACE_optlc_28271         TIEL            saed90nm_max     
PLACE_optlc_28272         TIEL            saed90nm_max     
PLACE_optlc_28273         TIEL            saed90nm_max     
PLACE_optlc_28274         TIEL            saed90nm_max     
PLACE_optlc_28275         TIEL            saed90nm_max     
PLACE_optlc_28276         TIEL            saed90nm_max     
PLACE_optlc_28277         TIEL            saed90nm_max     
PLACE_optlc_28278         TIEL            saed90nm_max     
PLACE_optlc_28279         TIEL            saed90nm_max     
PLACE_optlc_28280         TIEL            saed90nm_max     
PLACE_optlc_28281         TIEL            saed90nm_max     
PLACE_optlc_28282         TIEL            saed90nm_max     
PLACE_optlc_28283         TIEL            saed90nm_max     
PLACE_optlc_28284         TIEL            saed90nm_max     
PLACE_optlc_28285         TIEL            saed90nm_max     
PLACE_optlc_28286         TIEL            saed90nm_max     
PLACE_optlc_28287         TIEL            saed90nm_max     
PLACE_optlc_28288         TIEL            saed90nm_max     
PLACE_optlc_28289         TIEL            saed90nm_max     
PLACE_optlc_28290         TIEL            saed90nm_max     
PLACE_optlc_28291         TIEL            saed90nm_max     
PLACE_optlc_28292         TIEL            saed90nm_max     
PLACE_optlc_28293         TIEL            saed90nm_max     
PLACE_optlc_28294         TIEL            saed90nm_max     
PLACE_optlc_28295         TIEL            saed90nm_max     
PLACE_optlc_28296         TIEL            saed90nm_max     
PLACE_optlc_28297         TIEL            saed90nm_max     
PLACE_optlc_28298         TIEL            saed90nm_max     
PLACE_optlc_28299         TIEL            saed90nm_max     
PLACE_optlc_28300         TIEL            saed90nm_max     
PLACE_optlc_28301         TIEL            saed90nm_max     
PLACE_optlc_28302         TIEL            saed90nm_max     
PLACE_optlc_28303         TIEL            saed90nm_max     
PLACE_optlc_28304         TIEL            saed90nm_max     
PLACE_optlc_28305         TIEL            saed90nm_max     
PLACE_optlc_28306         TIEL            saed90nm_max     
PLACE_optlc_28307         TIEL            saed90nm_max     
PLACE_optlc_28308         TIEL            saed90nm_max     
PLACE_optlc_28309         TIEL            saed90nm_max     
PLACE_optlc_28310         TIEL            saed90nm_max     
PLACE_optlc_28311         TIEL            saed90nm_max     
PLACE_optlc_28312         TIEL            saed90nm_max     
PLACE_optlc_28313         TIEL            saed90nm_max     
PLACE_optlc_28314         TIEL            saed90nm_max     
PLACE_optlc_28315         TIEL            saed90nm_max     
PLACE_optlc_28316         TIEL            saed90nm_max     
PLACE_optlc_28317         TIEL            saed90nm_max     
PLACE_optlc_28318         TIEL            saed90nm_max     
PLACE_optlc_28319         TIEL            saed90nm_max     
PLACE_optlc_28320         TIEL            saed90nm_max     
PLACE_optlc_28321         TIEL            saed90nm_max     
PLACE_optlc_28322         TIEL            saed90nm_max     
PLACE_optlc_28323         TIEL            saed90nm_max     
PLACE_optlc_28324         TIEL            saed90nm_max     
PLACE_optlc_28325         TIEL            saed90nm_max     
PLACE_optlc_28326         TIEL            saed90nm_max     
PLACE_optlc_28327         TIEL            saed90nm_max     
PLACE_optlc_28328         TIEL            saed90nm_max     
PLACE_optlc_28329         TIEL            saed90nm_max     
PLACE_optlc_28330         TIEL            saed90nm_max     
PLACE_optlc_28331         TIEL            saed90nm_max     
PLACE_optlc_28332         TIEL            saed90nm_max     
PLACE_optlc_28333         TIEL            saed90nm_max     
PLACE_optlc_28334         TIEL            saed90nm_max     
PLACE_optlc_28335         TIEL            saed90nm_max     
PLACE_optlc_28336         TIEL            saed90nm_max     
PLACE_optlc_28337         TIEL            saed90nm_max     
PLACE_optlc_28338         TIEL            saed90nm_max     
PLACE_optlc_28339         TIEL            saed90nm_max     
PLACE_optlc_28340         TIEL            saed90nm_max     
PLACE_optlc_28341         TIEL            saed90nm_max     
PLACE_optlc_28342         TIEL            saed90nm_max     
PLACE_optlc_28343         TIEL            saed90nm_max     
PLACE_optlc_28344         TIEL            saed90nm_max     
PLACE_optlc_28345         TIEL            saed90nm_max     
PLACE_optlc_28346         TIEL            saed90nm_max     
PLACE_optlc_28347         TIEL            saed90nm_max     
PLACE_optlc_28348         TIEL            saed90nm_max     
PLACE_optlc_28349         TIEL            saed90nm_max     
PLACE_optlc_28350         TIEL            saed90nm_max     
PLACE_optlc_28351         TIEL            saed90nm_max     
PLACE_optlc_28352         TIEL            saed90nm_max     
PLACE_optlc_28353         TIEL            saed90nm_max     
PLACE_optlc_28354         TIEL            saed90nm_max     
PLACE_optlc_28355         TIEL            saed90nm_max     
PLACE_optlc_28356         TIEL            saed90nm_max     
PLACE_optlc_28357         TIEL            saed90nm_max     
PLACE_optlc_28358         TIEL            saed90nm_max     
PLACE_optlc_28359         TIEL            saed90nm_max     
PLACE_optlc_28360         TIEL            saed90nm_max     
PLACE_optlc_28361         TIEL            saed90nm_max     
PLACE_optlc_28362         TIEL            saed90nm_max     
PLACE_optlc_28363         TIEL            saed90nm_max     
PLACE_optlc_28364         TIEL            saed90nm_max     
PLACE_optlc_28365         TIEL            saed90nm_max     
PLACE_optlc_28366         TIEL            saed90nm_max     
PLACE_optlc_28367         TIEL            saed90nm_max     
PLACE_optlc_28368         TIEL            saed90nm_max     
PLACE_optlc_28369         TIEL            saed90nm_max     
PLACE_optlc_28370         TIEL            saed90nm_max     
PLACE_optlc_28371         TIEL            saed90nm_max     
PLACE_optlc_28372         TIEL            saed90nm_max     
PLACE_optlc_28373         TIEL            saed90nm_max     
PLACE_optlc_28374         TIEL            saed90nm_max     
PLACE_optlc_28375         TIEL            saed90nm_max     
PLACE_optlc_28376         TIEL            saed90nm_max     
PLACE_optlc_28377         TIEL            saed90nm_max     
PLACE_optlc_28378         TIEL            saed90nm_max     
PLACE_optlc_28379         TIEL            saed90nm_max     
PLACE_optlc_28380         TIEL            saed90nm_max     
PLACE_optlc_28381         TIEL            saed90nm_max     
PLACE_optlc_28382         TIEL            saed90nm_max     
PLACE_optlc_28383         TIEL            saed90nm_max     
PLACE_optlc_28384         TIEL            saed90nm_max     
PLACE_optlc_28385         TIEL            saed90nm_max     
PLACE_optlc_28386         TIEL            saed90nm_max     
PLACE_optlc_28387         TIEL            saed90nm_max     
PLACE_optlc_28388         TIEL            saed90nm_max     
PLACE_optlc_28389         TIEL            saed90nm_max     
PLACE_optlc_28390         TIEL            saed90nm_max     
PLACE_optlc_28391         TIEL            saed90nm_max     
PLACE_optlc_28392         TIEL            saed90nm_max     
PLACE_optlc_28393         TIEL            saed90nm_max     
PLACE_optlc_28394         TIEL            saed90nm_max     
PLACE_optlc_28395         TIEL            saed90nm_max     
PLACE_optlc_28396         TIEL            saed90nm_max     
PLACE_optlc_28397         TIEL            saed90nm_max     
PLACE_optlc_28398         TIEL            saed90nm_max     
PLACE_optlc_28399         TIEL            saed90nm_max     
PLACE_optlc_28400         TIEL            saed90nm_max     
PLACE_optlc_28401         TIEL            saed90nm_max     
PLACE_optlc_28402         TIEL            saed90nm_max     
PLACE_optlc_28403         TIEL            saed90nm_max     
PLACE_optlc_28404         TIEL            saed90nm_max     
PLACE_optlc_28405         TIEL            saed90nm_max     
PLACE_optlc_28406         TIEL            saed90nm_max     
PLACE_optlc_28407         TIEL            saed90nm_max     
PLACE_optlc_28408         TIEL            saed90nm_max     
PLACE_optlc_28409         TIEL            saed90nm_max     
PLACE_optlc_28410         TIEL            saed90nm_max     
PLACE_optlc_28411         TIEL            saed90nm_max     
PLACE_optlc_28412         TIEL            saed90nm_max     
PLACE_optlc_28413         TIEL            saed90nm_max     
PLACE_optlc_28414         TIEL            saed90nm_max     
PLACE_optlc_28415         TIEL            saed90nm_max     
PLACE_optlc_28416         TIEL            saed90nm_max     
PLACE_optlc_28417         TIEL            saed90nm_max     
PLACE_optlc_28418         TIEL            saed90nm_max     
PLACE_optlc_28419         TIEL            saed90nm_max     
PLACE_optlc_28420         TIEL            saed90nm_max     
PLACE_optlc_28421         TIEL            saed90nm_max     
PLACE_optlc_28422         TIEL            saed90nm_max     
PLACE_optlc_28423         TIEL            saed90nm_max     
PLACE_optlc_28424         TIEL            saed90nm_max     
PLACE_optlc_28425         TIEL            saed90nm_max     
PLACE_optlc_28426         TIEL            saed90nm_max     
PLACE_optlc_28427         TIEL            saed90nm_max     
PLACE_optlc_28428         TIEL            saed90nm_max     
PLACE_optlc_28429         TIEL            saed90nm_max     
PLACE_optlc_28430         TIEL            saed90nm_max     
PLACE_optlc_28431         TIEL            saed90nm_max     
PLACE_optlc_28432         TIEL            saed90nm_max     
PLACE_optlc_28433         TIEL            saed90nm_max     
PLACE_optlc_28434         TIEL            saed90nm_max     
PLACE_optlc_28435         TIEL            saed90nm_max     
PLACE_optlc_28436         TIEL            saed90nm_max     
PLACE_optlc_28437         TIEL            saed90nm_max     
PLACE_optlc_28438         TIEL            saed90nm_max     
PLACE_optlc_28439         TIEL            saed90nm_max     
PLACE_optlc_28440         TIEL            saed90nm_max     
PLACE_optlc_28441         TIEL            saed90nm_max     
PLACE_optlc_28442         TIEL            saed90nm_max     
PLACE_optlc_28443         TIEL            saed90nm_max     
PLACE_optlc_28444         TIEL            saed90nm_max     
PLACE_optlc_28445         TIEL            saed90nm_max     
PLACE_optlc_28446         TIEL            saed90nm_max     
PLACE_optlc_28447         TIEL            saed90nm_max     
PLACE_optlc_28448         TIEL            saed90nm_max     
PLACE_optlc_28449         TIEL            saed90nm_max     
PLACE_optlc_28450         TIEL            saed90nm_max     
PLACE_optlc_28451         TIEL            saed90nm_max     
PLACE_optlc_28452         TIEL            saed90nm_max     
PLACE_optlc_28453         TIEL            saed90nm_max     
PLACE_optlc_28454         TIEL            saed90nm_max     
PLACE_optlc_28455         TIEL            saed90nm_max     
PLACE_optlc_28456         TIEL            saed90nm_max     
PLACE_optlc_28457         TIEL            saed90nm_max     
PLACE_optlc_28458         TIEL            saed90nm_max     
PLACE_optlc_28459         TIEL            saed90nm_max     
PLACE_optlc_28460         TIEL            saed90nm_max     
PLACE_optlc_28461         TIEL            saed90nm_max     
PLACE_optlc_28462         TIEL            saed90nm_max     
PLACE_optlc_28463         TIEL            saed90nm_max     
PLACE_optlc_28464         TIEL            saed90nm_max     
PLACE_optlc_28465         TIEL            saed90nm_max     
PLACE_optlc_28466         TIEL            saed90nm_max     
PLACE_optlc_28467         TIEL            saed90nm_max     
PLACE_optlc_28468         TIEL            saed90nm_max     
PLACE_optlc_28469         TIEL            saed90nm_max     
PLACE_optlc_28470         TIEL            saed90nm_max     
PLACE_optlc_28471         TIEL            saed90nm_max     
PLACE_optlc_28472         TIEL            saed90nm_max     
PLACE_optlc_28473         TIEL            saed90nm_max     
PLACE_optlc_28474         TIEL            saed90nm_max     
PLACE_optlc_28475         TIEL            saed90nm_max     
PLACE_optlc_28476         TIEL            saed90nm_max     
PLACE_optlc_28477         TIEL            saed90nm_max     
PLACE_optlc_28478         TIEL            saed90nm_max     
PLACE_optlc_28479         TIEL            saed90nm_max     
PLACE_optlc_28480         TIEL            saed90nm_max     
PLACE_optlc_28481         TIEL            saed90nm_max     
PLACE_optlc_28482         TIEL            saed90nm_max     
PLACE_optlc_28483         TIEL            saed90nm_max     
PLACE_optlc_28484         TIEL            saed90nm_max     
PLACE_optlc_28485         TIEL            saed90nm_max     
PLACE_optlc_28486         TIEL            saed90nm_max     
PLACE_optlc_28487         TIEL            saed90nm_max     
PLACE_optlc_28488         TIEL            saed90nm_max     
PLACE_optlc_28489         TIEL            saed90nm_max     
PLACE_optlc_28490         TIEL            saed90nm_max     
PLACE_optlc_28491         TIEL            saed90nm_max     
PLACE_optlc_28492         TIEL            saed90nm_max     
PLACE_optlc_28493         TIEL            saed90nm_max     
PLACE_optlc_28494         TIEL            saed90nm_max     
PLACE_optlc_28495         TIEL            saed90nm_max     
PLACE_optlc_28496         TIEL            saed90nm_max     
PLACE_optlc_28497         TIEL            saed90nm_max     
PLACE_optlc_28498         TIEL            saed90nm_max     
PLACE_optlc_28499         TIEL            saed90nm_max     
PLACE_optlc_28500         TIEL            saed90nm_max     
PLACE_optlc_28501         TIEL            saed90nm_max     
PLACE_optlc_28502         TIEL            saed90nm_max     
PLACE_optlc_28503         TIEL            saed90nm_max     
PLACE_optlc_28504         TIEL            saed90nm_max     
PLACE_optlc_28505         TIEL            saed90nm_max     
PLACE_optlc_28506         TIEL            saed90nm_max     
PLACE_optlc_28507         TIEL            saed90nm_max     
PLACE_optlc_28508         TIEL            saed90nm_max     
PLACE_optlc_28509         TIEL            saed90nm_max     
PLACE_optlc_28510         TIEL            saed90nm_max     
PLACE_optlc_28511         TIEL            saed90nm_max     
PLACE_optlc_28512         TIEL            saed90nm_max     
PLACE_optlc_28513         TIEL            saed90nm_max     
PLACE_optlc_28514         TIEL            saed90nm_max     
PLACE_optlc_28515         TIEL            saed90nm_max     
PLACE_optlc_28516         TIEL            saed90nm_max     
PLACE_optlc_28517         TIEL            saed90nm_max     
PLACE_optlc_28518         TIEL            saed90nm_max     
PLACE_optlc_28519         TIEL            saed90nm_max     
PLACE_optlc_28520         TIEL            saed90nm_max     
PLACE_optlc_28521         TIEL            saed90nm_max     
PLACE_optlc_28522         TIEL            saed90nm_max     
PLACE_optlc_28523         TIEL            saed90nm_max     
PLACE_optlc_28524         TIEL            saed90nm_max     
PLACE_optlc_28525         TIEL            saed90nm_max     
PLACE_optlc_28526         TIEL            saed90nm_max     
PLACE_optlc_28527         TIEL            saed90nm_max     
PLACE_optlc_28528         TIEL            saed90nm_max     
PLACE_optlc_28529         TIEL            saed90nm_max     
PLACE_optlc_28530         TIEL            saed90nm_max     
PLACE_optlc_28531         TIEL            saed90nm_max     
PLACE_optlc_28532         TIEL            saed90nm_max     
PLACE_optlc_28533         TIEL            saed90nm_max     
PLACE_optlc_28534         TIEL            saed90nm_max     
PLACE_optlc_28535         TIEL            saed90nm_max     
PLACE_optlc_28536         TIEL            saed90nm_max     
PLACE_optlc_28537         TIEL            saed90nm_max     
PLACE_optlc_28538         TIEL            saed90nm_max     
PLACE_optlc_28539         TIEL            saed90nm_max     
PLACE_optlc_28540         TIEL            saed90nm_max     
PLACE_optlc_28541         TIEL            saed90nm_max     
PLACE_optlc_28542         TIEL            saed90nm_max     
PLACE_optlc_28543         TIEL            saed90nm_max     
PLACE_optlc_28544         TIEL            saed90nm_max     
PLACE_optlc_28545         TIEL            saed90nm_max     
PLACE_optlc_28546         TIEL            saed90nm_max     
PLACE_optlc_28547         TIEL            saed90nm_max     
PLACE_optlc_28548         TIEL            saed90nm_max     
PLACE_optlc_28549         TIEL            saed90nm_max     
PLACE_optlc_28550         TIEL            saed90nm_max     
PLACE_optlc_28551         TIEL            saed90nm_max     
PLACE_optlc_28552         TIEL            saed90nm_max     
PLACE_optlc_28553         TIEL            saed90nm_max     
PLACE_optlc_28554         TIEL            saed90nm_max     
PLACE_optlc_28555         TIEL            saed90nm_max     
PLACE_optlc_28556         TIEL            saed90nm_max     
PLACE_optlc_28557         TIEL            saed90nm_max     
PLACE_optlc_28558         TIEL            saed90nm_max     
PLACE_optlc_28559         TIEL            saed90nm_max     
PLACE_optlc_28560         TIEL            saed90nm_max     
PLACE_optlc_28561         TIEL            saed90nm_max     
PLACE_optlc_28562         TIEL            saed90nm_max     
PLACE_optlc_28563         TIEL            saed90nm_max     
PLACE_optlc_28564         TIEL            saed90nm_max     
PLACE_optlc_28565         TIEL            saed90nm_max     
PLACE_optlc_28567         TIEL            saed90nm_max     
PLACE_optlc_28568         TIEL            saed90nm_max     
PLACE_optlc_28569         TIEL            saed90nm_max     
PLACE_optlc_28570         TIEL            saed90nm_max     
PLACE_optlc_28571         TIEL            saed90nm_max     
PLACE_optlc_28572         TIEL            saed90nm_max     
PLACE_optlc_28573         TIEL            saed90nm_max     
PLACE_optlc_28574         TIEL            saed90nm_max     
PLACE_optlc_28575         TIEL            saed90nm_max     
PLACE_optlc_28576         TIEL            saed90nm_max     
PLACE_optlc_28577         TIEL            saed90nm_max     
PLACE_optlc_28578         TIEL            saed90nm_max     
PLACE_optlc_28579         TIEL            saed90nm_max     
PLACE_optlc_28580         TIEL            saed90nm_max     
PLACE_optlc_28581         TIEL            saed90nm_max     
PLACE_optlc_28582         TIEL            saed90nm_max     
PLACE_optlc_28583         TIEL            saed90nm_max     
PLACE_optlc_28584         TIEL            saed90nm_max     
PLACE_optlc_28585         TIEL            saed90nm_max     
PLACE_optlc_28586         TIEL            saed90nm_max     
PLACE_optlc_28587         TIEL            saed90nm_max     
PLACE_optlc_28588         TIEL            saed90nm_max     
PLACE_optlc_28589         TIEL            saed90nm_max     
PLACE_optlc_28590         TIEL            saed90nm_max     
PLACE_optlc_28591         TIEL            saed90nm_max     
PLACE_optlc_28592         TIEL            saed90nm_max     
PLACE_optlc_28593         TIEL            saed90nm_max     
PLACE_optlc_28594         TIEL            saed90nm_max     
PLACE_optlc_28595         TIEL            saed90nm_max     
PLACE_optlc_28596         TIEL            saed90nm_max     
PLACE_optlc_28597         TIEL            saed90nm_max     
PLACE_optlc_28598         TIEL            saed90nm_max     
PLACE_optlc_28599         TIEL            saed90nm_max     
PLACE_optlc_28600         TIEL            saed90nm_max     
PLACE_optlc_28601         TIEL            saed90nm_max     
PLACE_optlc_28602         TIEL            saed90nm_max     
PLACE_optlc_28603         TIEL            saed90nm_max     
PLACE_optlc_28604         TIEL            saed90nm_max     
PLACE_optlc_28605         TIEL            saed90nm_max     
PLACE_optlc_28606         TIEL            saed90nm_max     
PLACE_optlc_28607         TIEL            saed90nm_max     
PLACE_optlc_28608         TIEL            saed90nm_max     
PLACE_optlc_28609         TIEL            saed90nm_max     
PLACE_optlc_28610         TIEL            saed90nm_max     
PLACE_optlc_28611         TIEL            saed90nm_max     
PLACE_optlc_28612         TIEL            saed90nm_max     
PLACE_optlc_28613         TIEL            saed90nm_max     
PLACE_optlc_28614         TIEL            saed90nm_max     
PLACE_optlc_28615         TIEL            saed90nm_max     
PLACE_optlc_28616         TIEL            saed90nm_max     
PLACE_optlc_28617         TIEL            saed90nm_max     
PLACE_optlc_28618         TIEL            saed90nm_max     
PLACE_optlc_28619         TIEL            saed90nm_max     
PLACE_optlc_28620         TIEL            saed90nm_max     
PLACE_optlc_28621         TIEL            saed90nm_max     
PLACE_optlc_28622         TIEL            saed90nm_max     
PLACE_optlc_28623         TIEL            saed90nm_max     
PLACE_optlc_28624         TIEL            saed90nm_max     
PLACE_optlc_28625         TIEL            saed90nm_max     
PLACE_optlc_28626         TIEL            saed90nm_max     
PLACE_optlc_28627         TIEL            saed90nm_max     
PLACE_optlc_28628         TIEL            saed90nm_max     
PLACE_optlc_28629         TIEL            saed90nm_max     
PLACE_optlc_28630         TIEL            saed90nm_max     
PLACE_optlc_28631         TIEL            saed90nm_max     
PLACE_optlc_28632         TIEL            saed90nm_max     
PLACE_optlc_28633         TIEL            saed90nm_max     
PLACE_optlc_28634         TIEL            saed90nm_max     
PLACE_optlc_28635         TIEL            saed90nm_max     
PLACE_optlc_28636         TIEL            saed90nm_max     
PLACE_optlc_28637         TIEL            saed90nm_max     
PLACE_optlc_28638         TIEL            saed90nm_max     
PLACE_optlc_28639         TIEL            saed90nm_max     
PLACE_optlc_28640         TIEL            saed90nm_max     
PLACE_optlc_28641         TIEL            saed90nm_max     
PLACE_optlc_28642         TIEL            saed90nm_max     
PLACE_optlc_28643         TIEL            saed90nm_max     
PLACE_optlc_28644         TIEL            saed90nm_max     
PLACE_optlc_28645         TIEL            saed90nm_max     
PLACE_optlc_28646         TIEL            saed90nm_max     
PLACE_optlc_28647         TIEL            saed90nm_max     
PLACE_optlc_28648         TIEL            saed90nm_max     
PLACE_optlc_28649         TIEL            saed90nm_max     
PLACE_optlc_28650         TIEL            saed90nm_max     
PLACE_optlc_28651         TIEL            saed90nm_max     
PLACE_optlc_28652         TIEL            saed90nm_max     
PLACE_optlc_28653         TIEL            saed90nm_max     
PLACE_optlc_28654         TIEL            saed90nm_max     
PLACE_optlc_28655         TIEL            saed90nm_max     
PLACE_optlc_28656         TIEL            saed90nm_max     
PLACE_optlc_28657         TIEL            saed90nm_max     
PLACE_optlc_28658         TIEL            saed90nm_max     
PLACE_optlc_28659         TIEL            saed90nm_max     
PLACE_optlc_28660         TIEL            saed90nm_max     
PLACE_optlc_28661         TIEL            saed90nm_max     
PLACE_optlc_28662         TIEL            saed90nm_max     
PLACE_optlc_28663         TIEL            saed90nm_max     
PLACE_optlc_28664         TIEL            saed90nm_max     
PLACE_optlc_28665         TIEL            saed90nm_max     
PLACE_optlc_28666         TIEL            saed90nm_max     
PLACE_optlc_28667         TIEL            saed90nm_max     
PLACE_optlc_28668         TIEL            saed90nm_max     
PLACE_optlc_28669         TIEL            saed90nm_max     
PLACE_optlc_28670         TIEL            saed90nm_max     
PLACE_optlc_28671         TIEL            saed90nm_max     
PLACE_optlc_28672         TIEL            saed90nm_max     
PLACE_optlc_28673         TIEL            saed90nm_max     
PLACE_optlc_28674         TIEL            saed90nm_max     
PLACE_optlc_28675         TIEL            saed90nm_max     
PLACE_optlc_28676         TIEL            saed90nm_max     
PLACE_optlc_28677         TIEL            saed90nm_max     
PLACE_optlc_28678         TIEL            saed90nm_max     
PLACE_optlc_28679         TIEL            saed90nm_max     
PLACE_optlc_28680         TIEL            saed90nm_max     
PLACE_optlc_28681         TIEL            saed90nm_max     
PLACE_optlc_28682         TIEL            saed90nm_max     
PLACE_optlc_28683         TIEL            saed90nm_max     
PLACE_optlc_28684         TIEL            saed90nm_max     
PLACE_optlc_28685         TIEL            saed90nm_max     
PLACE_optlc_28686         TIEL            saed90nm_max     
PLACE_optlc_28687         TIEL            saed90nm_max     
PLACE_optlc_28688         TIEL            saed90nm_max     
PLACE_optlc_28689         TIEL            saed90nm_max     
PLACE_optlc_28690         TIEL            saed90nm_max     
PLACE_optlc_28691         TIEL            saed90nm_max     
PLACE_optlc_28692         TIEL            saed90nm_max     
PLACE_optlc_28693         TIEL            saed90nm_max     
PLACE_optlc_28694         TIEL            saed90nm_max     
PLACE_optlc_28695         TIEL            saed90nm_max     
PLACE_optlc_28696         TIEL            saed90nm_max     
PLACE_optlc_28697         TIEL            saed90nm_max     
PLACE_optlc_28698         TIEL            saed90nm_max     
PLACE_optlc_28699         TIEL            saed90nm_max     
PLACE_optlc_28700         TIEL            saed90nm_max     
PLACE_optlc_28701         TIEL            saed90nm_max     
PLACE_optlc_28702         TIEL            saed90nm_max     
PLACE_optlc_28703         TIEL            saed90nm_max     
PLACE_optlc_28704         TIEL            saed90nm_max     
PLACE_optlc_28705         TIEL            saed90nm_max     
PLACE_optlc_28706         TIEL            saed90nm_max     
PLACE_optlc_28707         TIEL            saed90nm_max     
PLACE_optlc_28708         TIEL            saed90nm_max     
PLACE_optlc_28709         TIEL            saed90nm_max     
PLACE_optlc_28710         TIEL            saed90nm_max     
PLACE_optlc_28711         TIEL            saed90nm_max     
PLACE_optlc_28712         TIEL            saed90nm_max     
PLACE_optlc_28713         TIEL            saed90nm_max     
PLACE_optlc_28714         TIEL            saed90nm_max     
PLACE_optlc_28715         TIEL            saed90nm_max     
PLACE_optlc_28716         TIEL            saed90nm_max     
PLACE_optlc_28717         TIEL            saed90nm_max     
PLACE_optlc_28718         TIEL            saed90nm_max     
PLACE_optlc_28719         TIEL            saed90nm_max     
PLACE_optlc_28720         TIEL            saed90nm_max     
PLACE_optlc_28721         TIEL            saed90nm_max     
PLACE_optlc_28722         TIEL            saed90nm_max     
PLACE_optlc_28723         TIEL            saed90nm_max     
PLACE_optlc_28724         TIEL            saed90nm_max     
PLACE_optlc_28725         TIEL            saed90nm_max     
PLACE_optlc_28726         TIEL            saed90nm_max     
PLACE_optlc_28727         TIEL            saed90nm_max     
PLACE_optlc_28728         TIEL            saed90nm_max     
PLACE_optlc_28729         TIEL            saed90nm_max     
PLACE_optlc_28730         TIEL            saed90nm_max     
PLACE_optlc_28731         TIEL            saed90nm_max     
PLACE_optlc_28732         TIEL            saed90nm_max     
PLACE_optlc_28733         TIEL            saed90nm_max     
PLACE_optlc_28734         TIEL            saed90nm_max     
PLACE_optlc_28735         TIEL            saed90nm_max     
PLACE_optlc_28736         TIEL            saed90nm_max     
PLACE_optlc_28737         TIEL            saed90nm_max     
PLACE_optlc_28738         TIEL            saed90nm_max     
PLACE_optlc_28739         TIEL            saed90nm_max     
PLACE_optlc_28740         TIEL            saed90nm_max     
PLACE_optlc_28741         TIEL            saed90nm_max     
PLACE_optlc_28742         TIEL            saed90nm_max     
PLACE_optlc_28743         TIEL            saed90nm_max     
PLACE_optlc_28744         TIEL            saed90nm_max     
PLACE_optlc_28745         TIEL            saed90nm_max     
PLACE_optlc_28746         TIEL            saed90nm_max     
PLACE_optlc_28747         TIEL            saed90nm_max     
PLACE_optlc_28748         TIEL            saed90nm_max     
PLACE_optlc_28749         TIEL            saed90nm_max     
PLACE_optlc_28750         TIEL            saed90nm_max     
PLACE_optlc_28751         TIEL            saed90nm_max     
PLACE_optlc_28752         TIEL            saed90nm_max     
PLACE_optlc_28753         TIEL            saed90nm_max     
PLACE_optlc_28754         TIEL            saed90nm_max     
PLACE_optlc_28755         TIEL            saed90nm_max     
PLACE_optlc_28756         TIEL            saed90nm_max     
PLACE_optlc_28757         TIEL            saed90nm_max     
PLACE_optlc_28758         TIEL            saed90nm_max     
PLACE_optlc_28759         TIEL            saed90nm_max     
PLACE_optlc_28760         TIEL            saed90nm_max     
PLACE_optlc_28761         TIEL            saed90nm_max     
PLACE_optlc_28762         TIEL            saed90nm_max     
PLACE_optlc_28763         TIEL            saed90nm_max     
PLACE_optlc_28764         TIEL            saed90nm_max     
PLACE_optlc_28765         TIEL            saed90nm_max     
PLACE_optlc_28766         TIEL            saed90nm_max     
PLACE_optlc_28767         TIEL            saed90nm_max     
PLACE_optlc_28768         TIEL            saed90nm_max     
PLACE_optlc_28769         TIEL            saed90nm_max     
PLACE_optlc_28770         TIEL            saed90nm_max     
PLACE_optlc_28771         TIEL            saed90nm_max     
PLACE_optlc_28772         TIEL            saed90nm_max     
PLACE_optlc_28773         TIEL            saed90nm_max     
PLACE_optlc_28774         TIEL            saed90nm_max     
PLACE_optlc_28775         TIEL            saed90nm_max     
PLACE_optlc_28776         TIEL            saed90nm_max     
PLACE_optlc_28777         TIEL            saed90nm_max     
PLACE_optlc_28778         TIEL            saed90nm_max     
PLACE_optlc_28779         TIEL            saed90nm_max     
PLACE_optlc_28780         TIEL            saed90nm_max     
PLACE_optlc_28781         TIEL            saed90nm_max     
PLACE_optlc_28782         TIEL            saed90nm_max     
PLACE_optlc_28783         TIEL            saed90nm_max     
PLACE_optlc_28784         TIEL            saed90nm_max     
PLACE_optlc_28785         TIEL            saed90nm_max     
PLACE_optlc_28786         TIEL            saed90nm_max     
PLACE_optlc_28787         TIEL            saed90nm_max     
PLACE_optlc_28788         TIEL            saed90nm_max     
PLACE_optlc_28789         TIEL            saed90nm_max     
PLACE_optlc_28790         TIEL            saed90nm_max     
PLACE_optlc_28791         TIEL            saed90nm_max     
PLACE_optlc_28792         TIEL            saed90nm_max     
PLACE_optlc_28793         TIEL            saed90nm_max     
PLACE_optlc_28794         TIEL            saed90nm_max     
PLACE_optlc_28795         TIEL            saed90nm_max     
PLACE_optlc_28796         TIEL            saed90nm_max     
PLACE_optlc_28797         TIEL            saed90nm_max     
PLACE_optlc_28798         TIEL            saed90nm_max     
PLACE_optlc_28799         TIEL            saed90nm_max     
PLACE_optlc_28800         TIEL            saed90nm_max     
PLACE_optlc_28801         TIEL            saed90nm_max     
PLACE_optlc_28802         TIEL            saed90nm_max     
PLACE_optlc_28803         TIEL            saed90nm_max     
PLACE_optlc_28804         TIEL            saed90nm_max     
PLACE_optlc_28805         TIEL            saed90nm_max     
PLACE_optlc_28806         TIEL            saed90nm_max     
PLACE_optlc_28807         TIEL            saed90nm_max     
PLACE_optlc_28808         TIEL            saed90nm_max     
PLACE_optlc_28809         TIEL            saed90nm_max     
PLACE_optlc_28810         TIEL            saed90nm_max     
PLACE_optlc_28811         TIEL            saed90nm_max     
PLACE_optlc_28812         TIEL            saed90nm_max     
PLACE_optlc_28813         TIEL            saed90nm_max     
PLACE_optlc_28814         TIEL            saed90nm_max     
PLACE_optlc_28815         TIEL            saed90nm_max     
PLACE_optlc_28816         TIEL            saed90nm_max     
PLACE_optlc_28817         TIEL            saed90nm_max     
PLACE_optlc_28818         TIEL            saed90nm_max     
PLACE_optlc_28819         TIEL            saed90nm_max     
PLACE_optlc_28820         TIEL            saed90nm_max     
PLACE_optlc_28821         TIEL            saed90nm_max     
PLACE_optlc_28822         TIEL            saed90nm_max     
PLACE_optlc_28823         TIEL            saed90nm_max     
PLACE_optlc_28824         TIEL            saed90nm_max     
PLACE_optlc_28825         TIEL            saed90nm_max     
PLACE_optlc_28826         TIEL            saed90nm_max     
PLACE_optlc_28827         TIEL            saed90nm_max     
PLACE_optlc_28828         TIEL            saed90nm_max     
PLACE_optlc_28829         TIEL            saed90nm_max     
PLACE_optlc_28830         TIEL            saed90nm_max     
PLACE_optlc_28831         TIEL            saed90nm_max     
PLACE_optlc_28832         TIEL            saed90nm_max     
PLACE_optlc_28833         TIEL            saed90nm_max     
PLACE_optlc_28834         TIEL            saed90nm_max     
PLACE_optlc_28835         TIEL            saed90nm_max     
PLACE_optlc_28836         TIEL            saed90nm_max     
PLACE_optlc_28837         TIEL            saed90nm_max     
PLACE_optlc_28838         TIEL            saed90nm_max     
PLACE_optlc_28839         TIEL            saed90nm_max     
PLACE_optlc_28840         TIEL            saed90nm_max     
PLACE_optlc_28841         TIEL            saed90nm_max     
PLACE_optlc_28842         TIEL            saed90nm_max     
PLACE_optlc_28843         TIEL            saed90nm_max     
PLACE_optlc_28844         TIEL            saed90nm_max     
PLACE_optlc_28845         TIEL            saed90nm_max     
PLACE_optlc_28846         TIEL            saed90nm_max     
PLACE_optlc_28847         TIEL            saed90nm_max     
PLACE_optlc_28848         TIEL            saed90nm_max     
PLACE_optlc_28849         TIEL            saed90nm_max     
PLACE_optlc_28850         TIEL            saed90nm_max     
PLACE_optlc_28851         TIEL            saed90nm_max     
PLACE_optlc_28852         TIEL            saed90nm_max     
PLACE_optlc_28853         TIEL            saed90nm_max     
PLACE_optlc_28854         TIEL            saed90nm_max     
PLACE_optlc_28855         TIEL            saed90nm_max     
PLACE_optlc_28856         TIEL            saed90nm_max     
PLACE_optlc_28857         TIEL            saed90nm_max     
PLACE_optlc_28858         TIEL            saed90nm_max     
PLACE_optlc_28859         TIEL            saed90nm_max     
PLACE_optlc_28860         TIEL            saed90nm_max     
PLACE_optlc_28861         TIEL            saed90nm_max     
PLACE_optlc_28862         TIEL            saed90nm_max     
PLACE_optlc_28863         TIEL            saed90nm_max     
PLACE_optlc_28864         TIEL            saed90nm_max     
PLACE_optlc_28865         TIEL            saed90nm_max     
PLACE_optlc_28866         TIEL            saed90nm_max     
PLACE_optlc_28867         TIEL            saed90nm_max     
PLACE_optlc_28868         TIEL            saed90nm_max     
PLACE_optlc_28869         TIEL            saed90nm_max     
PLACE_optlc_28870         TIEL            saed90nm_max     
PLACE_optlc_28871         TIEL            saed90nm_max     
PLACE_optlc_28872         TIEL            saed90nm_max     
PLACE_optlc_28873         TIEL            saed90nm_max     
PLACE_optlc_28874         TIEL            saed90nm_max     
PLACE_optlc_28875         TIEL            saed90nm_max     
PLACE_optlc_28876         TIEL            saed90nm_max     
PLACE_optlc_28877         TIEL            saed90nm_max     
PLACE_optlc_28878         TIEL            saed90nm_max     
PLACE_optlc_28879         TIEL            saed90nm_max     
PLACE_optlc_28880         TIEL            saed90nm_max     
PLACE_optlc_28881         TIEL            saed90nm_max     
PLACE_optlc_28882         TIEL            saed90nm_max     
PLACE_optlc_28883         TIEL            saed90nm_max     
PLACE_optlc_28884         TIEL            saed90nm_max     
PLACE_optlc_28885         TIEL            saed90nm_max     
PLACE_optlc_28886         TIEL            saed90nm_max     
PLACE_optlc_28887         TIEL            saed90nm_max     
PLACE_optlc_28888         TIEL            saed90nm_max     
PLACE_optlc_28889         TIEL            saed90nm_max     
PLACE_optlc_28890         TIEL            saed90nm_max     
PLACE_optlc_28891         TIEL            saed90nm_max     
PLACE_optlc_28892         TIEL            saed90nm_max     
PLACE_optlc_28893         TIEL            saed90nm_max     
PLACE_optlc_28894         TIEL            saed90nm_max     
PLACE_optlc_28895         TIEL            saed90nm_max     
PLACE_optlc_28896         TIEL            saed90nm_max     
PLACE_optlc_28897         TIEL            saed90nm_max     
PLACE_optlc_28898         TIEL            saed90nm_max     
PLACE_optlc_28899         TIEL            saed90nm_max     
PLACE_optlc_28900         TIEL            saed90nm_max     
PLACE_optlc_28901         TIEL            saed90nm_max     
PLACE_optlc_28902         TIEL            saed90nm_max     
PLACE_optlc_28903         TIEL            saed90nm_max     
PLACE_optlc_28904         TIEL            saed90nm_max     
PLACE_optlc_28905         TIEL            saed90nm_max     
PLACE_optlc_28906         TIEL            saed90nm_max     
PLACE_optlc_28907         TIEL            saed90nm_max     
PLACE_optlc_28908         TIEL            saed90nm_max     
PLACE_optlc_28909         TIEL            saed90nm_max     
PLACE_optlc_28910         TIEL            saed90nm_max     
PLACE_optlc_28911         TIEL            saed90nm_max     
PLACE_optlc_28912         TIEL            saed90nm_max     
PLACE_optlc_28913         TIEL            saed90nm_max     
PLACE_optlc_28914         TIEL            saed90nm_max     
PLACE_optlc_28915         TIEL            saed90nm_max     
PLACE_optlc_28916         TIEL            saed90nm_max     
PLACE_optlc_28917         TIEL            saed90nm_max     
PLACE_optlc_28918         TIEL            saed90nm_max     
PLACE_optlc_28919         TIEL            saed90nm_max     
PLACE_optlc_28920         TIEL            saed90nm_max     
PLACE_optlc_28921         TIEL            saed90nm_max     
PLACE_optlc_28922         TIEL            saed90nm_max     
PLACE_optlc_28923         TIEL            saed90nm_max     
PLACE_optlc_28924         TIEL            saed90nm_max     
PLACE_optlc_28925         TIEL            saed90nm_max     
PLACE_optlc_28926         TIEL            saed90nm_max     
PLACE_optlc_28927         TIEL            saed90nm_max     
PLACE_optlc_28928         TIEL            saed90nm_max     
PLACE_optlc_28929         TIEL            saed90nm_max     
PLACE_optlc_28930         TIEL            saed90nm_max     
PLACE_optlc_28931         TIEL            saed90nm_max     
PLACE_optlc_28932         TIEL            saed90nm_max     
PLACE_optlc_28933         TIEL            saed90nm_max     
PLACE_optlc_28934         TIEL            saed90nm_max     
PLACE_optlc_28935         TIEL            saed90nm_max     
PLACE_optlc_28936         TIEL            saed90nm_max     
PLACE_optlc_28937         TIEL            saed90nm_max     
PLACE_optlc_28938         TIEL            saed90nm_max     
PLACE_optlc_28939         TIEL            saed90nm_max     
PLACE_optlc_28940         TIEL            saed90nm_max     
PLACE_optlc_28941         TIEL            saed90nm_max     
PLACE_optlc_28942         TIEL            saed90nm_max     
PLACE_optlc_28943         TIEL            saed90nm_max     
PLACE_optlc_28944         TIEL            saed90nm_max     
PLACE_optlc_28945         TIEL            saed90nm_max     
PLACE_optlc_28946         TIEL            saed90nm_max     
PLACE_optlc_28947         TIEL            saed90nm_max     
PLACE_optlc_28948         TIEL            saed90nm_max     
PLACE_optlc_28949         TIEL            saed90nm_max     
PLACE_optlc_28950         TIEL            saed90nm_max     
PLACE_optlc_28951         TIEL            saed90nm_max     
PLACE_optlc_28952         TIEL            saed90nm_max     
PLACE_optlc_28953         TIEL            saed90nm_max     
PLACE_optlc_28954         TIEL            saed90nm_max     
PLACE_optlc_28955         TIEL            saed90nm_max     
PLACE_optlc_28956         TIEL            saed90nm_max     
PLACE_optlc_28957         TIEL            saed90nm_max     
PLACE_optlc_28958         TIEL            saed90nm_max     
PLACE_optlc_28959         TIEL            saed90nm_max     
PLACE_optlc_28960         TIEL            saed90nm_max     
PLACE_optlc_28961         TIEL            saed90nm_max     
PLACE_optlc_28962         TIEL            saed90nm_max     
PLACE_optlc_28963         TIEL            saed90nm_max     
PLACE_optlc_28964         TIEL            saed90nm_max     
PLACE_optlc_28965         TIEL            saed90nm_max     
PLACE_optlc_28966         TIEL            saed90nm_max     
PLACE_optlc_28967         TIEL            saed90nm_max     
PLACE_optlc_28968         TIEL            saed90nm_max     
PLACE_optlc_28969         TIEL            saed90nm_max     
PLACE_optlc_28970         TIEL            saed90nm_max     
PLACE_optlc_28971         TIEL            saed90nm_max     
PLACE_optlc_28972         TIEL            saed90nm_max     
PLACE_optlc_28973         TIEL            saed90nm_max     
PLACE_optlc_28974         TIEL            saed90nm_max     
PLACE_optlc_28975         TIEL            saed90nm_max     
PLACE_optlc_28976         TIEL            saed90nm_max     
PLACE_optlc_28977         TIEL            saed90nm_max     
PLACE_optlc_28978         TIEL            saed90nm_max     
PLACE_optlc_28979         TIEL            saed90nm_max     
PLACE_optlc_28980         TIEL            saed90nm_max     
PLACE_optlc_28981         TIEL            saed90nm_max     
PLACE_optlc_28982         TIEL            saed90nm_max     
PLACE_optlc_28983         TIEL            saed90nm_max     
PLACE_optlc_28984         TIEL            saed90nm_max     
PLACE_optlc_28985         TIEL            saed90nm_max     
PLACE_optlc_28986         TIEL            saed90nm_max     
PLACE_optlc_28987         TIEL            saed90nm_max     
PLACE_optlc_28988         TIEL            saed90nm_max     
PLACE_optlc_28989         TIEL            saed90nm_max     
PLACE_optlc_28990         TIEL            saed90nm_max     
PLACE_optlc_28991         TIEL            saed90nm_max     
PLACE_optlc_28992         TIEL            saed90nm_max     
PLACE_optlc_28993         TIEL            saed90nm_max     
PLACE_optlc_28994         TIEL            saed90nm_max     
PLACE_optlc_28995         TIEL            saed90nm_max     
PLACE_optlc_28996         TIEL            saed90nm_max     
PLACE_optlc_28997         TIEL            saed90nm_max     
PLACE_optlc_28998         TIEL            saed90nm_max     
PLACE_optlc_28999         TIEL            saed90nm_max     
PLACE_optlc_29000         TIEL            saed90nm_max     
PLACE_optlc_29001         TIEL            saed90nm_max     
PLACE_optlc_29002         TIEL            saed90nm_max     
PLACE_optlc_29003         TIEL            saed90nm_max     
PLACE_optlc_29004         TIEL            saed90nm_max     
PLACE_optlc_29005         TIEL            saed90nm_max     
PLACE_optlc_29007         TIEL            saed90nm_max     
PLACE_optlc_29008         TIEL            saed90nm_max     
PLACE_optlc_29009         TIEL            saed90nm_max     
PLACE_optlc_29010         TIEL            saed90nm_max     
PLACE_optlc_29011         TIEL            saed90nm_max     
PLACE_optlc_29012         TIEL            saed90nm_max     
PLACE_optlc_29013         TIEL            saed90nm_max     
PLACE_optlc_29014         TIEL            saed90nm_max     
PLACE_optlc_29015         TIEL            saed90nm_max     
PLACE_optlc_29016         TIEL            saed90nm_max     
PLACE_optlc_29017         TIEL            saed90nm_max     
PLACE_optlc_29018         TIEL            saed90nm_max     
PLACE_optlc_29019         TIEL            saed90nm_max     
PLACE_optlc_29020         TIEL            saed90nm_max     
PLACE_optlc_29021         TIEL            saed90nm_max     
PLACE_optlc_29022         TIEL            saed90nm_max     
PLACE_optlc_29023         TIEL            saed90nm_max     
PLACE_optlc_29024         TIEL            saed90nm_max     
PLACE_optlc_29025         TIEL            saed90nm_max     
PLACE_optlc_29026         TIEL            saed90nm_max     
PLACE_optlc_29027         TIEL            saed90nm_max     
PLACE_optlc_29028         TIEL            saed90nm_max     
PLACE_optlc_29029         TIEL            saed90nm_max     
PLACE_optlc_29030         TIEL            saed90nm_max     
PLACE_optlc_29031         TIEL            saed90nm_max     
PLACE_optlc_29032         TIEL            saed90nm_max     
PLACE_optlc_29033         TIEL            saed90nm_max     
PLACE_optlc_29034         TIEL            saed90nm_max     
PLACE_optlc_29035         TIEL            saed90nm_max     
PLACE_optlc_29036         TIEL            saed90nm_max     
PLACE_optlc_29037         TIEL            saed90nm_max     
PLACE_optlc_29038         TIEL            saed90nm_max     
PLACE_optlc_29039         TIEL            saed90nm_max     
PLACE_optlc_29040         TIEL            saed90nm_max     
PLACE_optlc_29041         TIEL            saed90nm_max     
PLACE_optlc_29042         TIEL            saed90nm_max     
PLACE_optlc_29043         TIEL            saed90nm_max     
PLACE_optlc_29044         TIEL            saed90nm_max     
PLACE_optlc_29045         TIEL            saed90nm_max     
PLACE_optlc_29046         TIEL            saed90nm_max     
PLACE_optlc_29047         TIEL            saed90nm_max     
PLACE_optlc_29048         TIEL            saed90nm_max     
PLACE_optlc_29049         TIEL            saed90nm_max     
PLACE_optlc_29050         TIEL            saed90nm_max     
PLACE_optlc_29051         TIEL            saed90nm_max     
PLACE_optlc_29052         TIEL            saed90nm_max     
PLACE_optlc_29053         TIEL            saed90nm_max     
PLACE_optlc_29054         TIEL            saed90nm_max     
PLACE_optlc_29055         TIEL            saed90nm_max     
PLACE_optlc_29056         TIEL            saed90nm_max     
PLACE_optlc_29057         TIEL            saed90nm_max     
PLACE_optlc_29058         TIEL            saed90nm_max     
PLACE_optlc_29059         TIEL            saed90nm_max     
PLACE_optlc_29060         TIEL            saed90nm_max     
PLACE_optlc_29061         TIEL            saed90nm_max     
PLACE_optlc_29062         TIEL            saed90nm_max     
PLACE_optlc_29063         TIEL            saed90nm_max     
PLACE_optlc_29064         TIEL            saed90nm_max     
PLACE_optlc_29065         TIEL            saed90nm_max     
PLACE_optlc_29066         TIEL            saed90nm_max     
PLACE_optlc_29067         TIEL            saed90nm_max     
PLACE_optlc_29068         TIEL            saed90nm_max     
PLACE_optlc_29069         TIEL            saed90nm_max     
PLACE_optlc_29070         TIEL            saed90nm_max     
PLACE_optlc_29071         TIEL            saed90nm_max     
PLACE_optlc_29072         TIEL            saed90nm_max     
PLACE_optlc_29073         TIEL            saed90nm_max     
PLACE_optlc_29074         TIEL            saed90nm_max     
PLACE_optlc_29075         TIEL            saed90nm_max     
PLACE_optlc_29076         TIEL            saed90nm_max     
PLACE_optlc_29077         TIEL            saed90nm_max     
PLACE_optlc_29078         TIEL            saed90nm_max     
PLACE_optlc_29079         TIEL            saed90nm_max     
PLACE_optlc_29080         TIEL            saed90nm_max     
PLACE_optlc_29081         TIEL            saed90nm_max     
PLACE_optlc_29082         TIEL            saed90nm_max     
PLACE_optlc_29083         TIEL            saed90nm_max     
PLACE_optlc_29084         TIEL            saed90nm_max     
PLACE_optlc_29085         TIEL            saed90nm_max     
PLACE_optlc_29086         TIEL            saed90nm_max     
PLACE_optlc_29087         TIEL            saed90nm_max     
PLACE_optlc_29088         TIEL            saed90nm_max     
PLACE_optlc_29089         TIEL            saed90nm_max     
PLACE_optlc_29090         TIEL            saed90nm_max     
PLACE_optlc_29091         TIEL            saed90nm_max     
PLACE_optlc_29092         TIEL            saed90nm_max     
PLACE_optlc_29093         TIEL            saed90nm_max     
PLACE_optlc_29094         TIEL            saed90nm_max     
PLACE_optlc_29095         TIEL            saed90nm_max     
PLACE_optlc_29096         TIEL            saed90nm_max     
PLACE_optlc_29097         TIEL            saed90nm_max     
PLACE_optlc_29098         TIEL            saed90nm_max     
PLACE_optlc_29099         TIEL            saed90nm_max     
PLACE_optlc_29100         TIEL            saed90nm_max     
PLACE_optlc_29101         TIEL            saed90nm_max     
PLACE_optlc_29102         TIEL            saed90nm_max     
PLACE_optlc_29103         TIEL            saed90nm_max     
PLACE_optlc_29104         TIEL            saed90nm_max     
PLACE_optlc_29105         TIEL            saed90nm_max     
PLACE_optlc_29106         TIEL            saed90nm_max     
PLACE_optlc_29107         TIEL            saed90nm_max     
PLACE_optlc_29108         TIEL            saed90nm_max     
PLACE_optlc_29109         TIEL            saed90nm_max     
PLACE_optlc_29110         TIEL            saed90nm_max     
PLACE_optlc_29111         TIEL            saed90nm_max     
PLACE_optlc_29112         TIEL            saed90nm_max     
PLACE_optlc_29113         TIEL            saed90nm_max     
PLACE_optlc_29114         TIEL            saed90nm_max     
PLACE_optlc_29115         TIEL            saed90nm_max     
PLACE_optlc_29116         TIEL            saed90nm_max     
PLACE_optlc_29117         TIEL            saed90nm_max     
PLACE_optlc_29118         TIEL            saed90nm_max     
PLACE_optlc_29119         TIEL            saed90nm_max     
PLACE_optlc_29120         TIEL            saed90nm_max     
PLACE_optlc_29121         TIEL            saed90nm_max     
PLACE_optlc_29122         TIEL            saed90nm_max     
PLACE_optlc_29123         TIEL            saed90nm_max     
PLACE_optlc_29124         TIEL            saed90nm_max     
PLACE_optlc_29125         TIEL            saed90nm_max     
PLACE_optlc_29126         TIEL            saed90nm_max     
PLACE_optlc_29127         TIEL            saed90nm_max     
PLACE_optlc_29128         TIEL            saed90nm_max     
PLACE_optlc_29129         TIEL            saed90nm_max     
PLACE_optlc_29130         TIEL            saed90nm_max     
PLACE_optlc_29131         TIEL            saed90nm_max     
PLACE_optlc_29132         TIEL            saed90nm_max     
PLACE_optlc_29133         TIEL            saed90nm_max     
PLACE_optlc_29134         TIEL            saed90nm_max     
PLACE_optlc_29135         TIEL            saed90nm_max     
PLACE_optlc_29136         TIEL            saed90nm_max     
PLACE_optlc_29137         TIEL            saed90nm_max     
PLACE_optlc_29138         TIEL            saed90nm_max     
PLACE_optlc_29139         TIEL            saed90nm_max     
PLACE_optlc_29140         TIEL            saed90nm_max     
PLACE_optlc_29141         TIEL            saed90nm_max     
PLACE_optlc_29142         TIEL            saed90nm_max     
PLACE_optlc_29143         TIEL            saed90nm_max     
PLACE_optlc_29144         TIEL            saed90nm_max     
PLACE_optlc_29145         TIEL            saed90nm_max     
PLACE_optlc_29146         TIEL            saed90nm_max     
PLACE_optlc_29147         TIEL            saed90nm_max     
PLACE_optlc_29148         TIEL            saed90nm_max     
PLACE_optlc_29149         TIEL            saed90nm_max     
PLACE_optlc_29150         TIEL            saed90nm_max     
PLACE_optlc_29151         TIEL            saed90nm_max     
PLACE_optlc_29152         TIEL            saed90nm_max     
PLACE_optlc_29153         TIEL            saed90nm_max     
PLACE_optlc_29154         TIEL            saed90nm_max     
PLACE_optlc_29155         TIEL            saed90nm_max     
PLACE_optlc_29156         TIEL            saed90nm_max     
PLACE_optlc_29157         TIEL            saed90nm_max     
PLACE_optlc_29158         TIEL            saed90nm_max     
PLACE_optlc_29159         TIEL            saed90nm_max     
PLACE_optlc_29160         TIEL            saed90nm_max     
PLACE_optlc_29161         TIEL            saed90nm_max     
PLACE_optlc_29162         TIEL            saed90nm_max     
PLACE_optlc_29163         TIEL            saed90nm_max     
PLACE_optlc_29164         TIEL            saed90nm_max     
PLACE_optlc_29165         TIEL            saed90nm_max     
PLACE_optlc_29166         TIEL            saed90nm_max     
PLACE_optlc_29167         TIEL            saed90nm_max     
PLACE_optlc_29168         TIEL            saed90nm_max     
PLACE_optlc_29169         TIEL            saed90nm_max     
PLACE_optlc_29170         TIEL            saed90nm_max     
PLACE_optlc_29171         TIEL            saed90nm_max     
PLACE_optlc_29172         TIEL            saed90nm_max     
PLACE_optlc_29173         TIEL            saed90nm_max     
PLACE_optlc_29174         TIEL            saed90nm_max     
PLACE_optlc_29175         TIEL            saed90nm_max     
PLACE_optlc_29176         TIEL            saed90nm_max     
PLACE_optlc_29177         TIEL            saed90nm_max     
PLACE_optlc_29178         TIEL            saed90nm_max     
PLACE_optlc_29179         TIEL            saed90nm_max     
PLACE_optlc_29180         TIEL            saed90nm_max     
PLACE_optlc_29181         TIEL            saed90nm_max     
PLACE_optlc_29182         TIEL            saed90nm_max     
PLACE_optlc_29183         TIEL            saed90nm_max     
PLACE_optlc_29184         TIEL            saed90nm_max     
PLACE_optlc_29185         TIEL            saed90nm_max     
PLACE_optlc_29186         TIEL            saed90nm_max     
PLACE_optlc_29187         TIEL            saed90nm_max     
PLACE_optlc_29188         TIEL            saed90nm_max     
PLACE_optlc_29189         TIEL            saed90nm_max     
PLACE_optlc_29190         TIEL            saed90nm_max     
PLACE_optlc_29191         TIEL            saed90nm_max     
PLACE_optlc_29192         TIEL            saed90nm_max     
PLACE_optlc_29193         TIEL            saed90nm_max     
PLACE_optlc_29194         TIEL            saed90nm_max     
PLACE_optlc_29195         TIEL            saed90nm_max     
PLACE_optlc_29196         TIEL            saed90nm_max     
PLACE_optlc_29197         TIEL            saed90nm_max     
PLACE_optlc_29198         TIEL            saed90nm_max     
PLACE_optlc_29199         TIEL            saed90nm_max     
PLACE_optlc_29200         TIEL            saed90nm_max     
PLACE_optlc_29201         TIEL            saed90nm_max     
PLACE_optlc_29202         TIEL            saed90nm_max     
PLACE_optlc_29203         TIEL            saed90nm_max     
PLACE_optlc_29204         TIEL            saed90nm_max     
PLACE_optlc_29205         TIEL            saed90nm_max     
PLACE_optlc_29206         TIEL            saed90nm_max     
PLACE_optlc_29207         TIEL            saed90nm_max     
PLACE_optlc_29208         TIEL            saed90nm_max     
PLACE_optlc_29209         TIEL            saed90nm_max     
PLACE_optlc_29210         TIEL            saed90nm_max     
PLACE_optlc_29211         TIEL            saed90nm_max     
PLACE_optlc_29212         TIEL            saed90nm_max     
PLACE_optlc_29213         TIEL            saed90nm_max     
PLACE_optlc_29214         TIEL            saed90nm_max     
PLACE_optlc_29215         TIEL            saed90nm_max     
PLACE_optlc_29216         TIEL            saed90nm_max     
PLACE_optlc_29217         TIEL            saed90nm_max     
PLACE_optlc_29218         TIEL            saed90nm_max     
PLACE_optlc_29219         TIEL            saed90nm_max     
PLACE_optlc_29220         TIEL            saed90nm_max     
PLACE_optlc_29221         TIEL            saed90nm_max     
PLACE_optlc_29222         TIEL            saed90nm_max     
PLACE_optlc_29223         TIEL            saed90nm_max     
PLACE_optlc_29224         TIEL            saed90nm_max     
PLACE_optlc_29225         TIEL            saed90nm_max     
PLACE_optlc_29226         TIEL            saed90nm_max     
PLACE_optlc_29227         TIEL            saed90nm_max     
PLACE_optlc_29228         TIEL            saed90nm_max     
PLACE_optlc_29229         TIEL            saed90nm_max     
PLACE_optlc_29230         TIEL            saed90nm_max     
PLACE_optlc_29231         TIEL            saed90nm_max     
PLACE_optlc_29232         TIEL            saed90nm_max     
PLACE_optlc_29233         TIEL            saed90nm_max     
PLACE_optlc_29234         TIEL            saed90nm_max     
PLACE_optlc_29235         TIEL            saed90nm_max     
PLACE_optlc_29236         TIEL            saed90nm_max     
PLACE_optlc_29237         TIEL            saed90nm_max     
PLACE_optlc_29238         TIEL            saed90nm_max     
PLACE_optlc_29239         TIEL            saed90nm_max     
PLACE_optlc_29240         TIEL            saed90nm_max     
PLACE_optlc_29241         TIEL            saed90nm_max     
PLACE_optlc_29242         TIEL            saed90nm_max     
PLACE_optlc_29243         TIEL            saed90nm_max     
PLACE_optlc_29244         TIEL            saed90nm_max     
PLACE_optlc_29245         TIEL            saed90nm_max     
PLACE_optlc_29246         TIEL            saed90nm_max     
PLACE_optlc_29247         TIEL            saed90nm_max     
PLACE_optlc_29248         TIEL            saed90nm_max     
PLACE_optlc_29249         TIEL            saed90nm_max     
PLACE_optlc_29250         TIEL            saed90nm_max     
PLACE_optlc_29251         TIEL            saed90nm_max     
PLACE_optlc_29252         TIEL            saed90nm_max     
PLACE_optlc_29253         TIEL            saed90nm_max     
PLACE_optlc_29254         TIEL            saed90nm_max     
PLACE_optlc_29255         TIEL            saed90nm_max     
PLACE_optlc_29256         TIEL            saed90nm_max     
PLACE_optlc_29257         TIEL            saed90nm_max     
PLACE_optlc_29258         TIEL            saed90nm_max     
PLACE_optlc_29259         TIEL            saed90nm_max     
PLACE_optlc_29260         TIEL            saed90nm_max     
PLACE_optlc_29261         TIEL            saed90nm_max     
PLACE_optlc_29262         TIEL            saed90nm_max     
PLACE_optlc_29263         TIEL            saed90nm_max     
PLACE_optlc_29264         TIEL            saed90nm_max     
PLACE_optlc_29265         TIEL            saed90nm_max     
PLACE_optlc_29266         TIEL            saed90nm_max     
PLACE_optlc_29267         TIEL            saed90nm_max     
PLACE_optlc_29268         TIEL            saed90nm_max     
PLACE_optlc_29269         TIEL            saed90nm_max     
PLACE_optlc_29270         TIEL            saed90nm_max     
PLACE_optlc_29271         TIEL            saed90nm_max     
PLACE_optlc_29272         TIEL            saed90nm_max     
PLACE_optlc_29273         TIEL            saed90nm_max     
PLACE_optlc_29274         TIEL            saed90nm_max     
PLACE_optlc_29275         TIEL            saed90nm_max     
PLACE_optlc_29276         TIEL            saed90nm_max     
PLACE_optlc_29277         TIEL            saed90nm_max     
PLACE_optlc_29278         TIEL            saed90nm_max     
PLACE_optlc_29279         TIEL            saed90nm_max     
PLACE_optlc_29280         TIEL            saed90nm_max     
PLACE_optlc_29281         TIEL            saed90nm_max     
PLACE_optlc_29282         TIEL            saed90nm_max     
PLACE_optlc_29283         TIEL            saed90nm_max     
PLACE_optlc_29284         TIEL            saed90nm_max     
PLACE_optlc_29285         TIEL            saed90nm_max     
PLACE_optlc_29286         TIEL            saed90nm_max     
PLACE_optlc_29287         TIEL            saed90nm_max     
PLACE_optlc_29288         TIEL            saed90nm_max     
PLACE_optlc_29289         TIEL            saed90nm_max     
PLACE_optlc_29290         TIEL            saed90nm_max     
PLACE_optlc_29291         TIEL            saed90nm_max     
PLACE_optlc_29292         TIEL            saed90nm_max     
PLACE_optlc_29293         TIEL            saed90nm_max     
PLACE_optlc_29294         TIEL            saed90nm_max     
PLACE_optlc_29295         TIEL            saed90nm_max     
PLACE_optlc_29296         TIEL            saed90nm_max     
PLACE_optlc_29297         TIEL            saed90nm_max     
PLACE_optlc_29298         TIEL            saed90nm_max     
PLACE_optlc_29299         TIEL            saed90nm_max     
PLACE_optlc_29300         TIEL            saed90nm_max     
PLACE_optlc_29301         TIEL            saed90nm_max     
PLACE_optlc_29302         TIEL            saed90nm_max     
PLACE_optlc_29303         TIEL            saed90nm_max     
PLACE_optlc_29304         TIEL            saed90nm_max     
PLACE_optlc_29305         TIEL            saed90nm_max     
PLACE_optlc_29306         TIEL            saed90nm_max     
PLACE_optlc_29307         TIEL            saed90nm_max     
PLACE_optlc_29308         TIEL            saed90nm_max     
PLACE_optlc_29309         TIEL            saed90nm_max     
PLACE_optlc_29310         TIEL            saed90nm_max     
PLACE_optlc_29311         TIEL            saed90nm_max     
PLACE_optlc_29312         TIEL            saed90nm_max     
PLACE_optlc_29313         TIEL            saed90nm_max     
PLACE_optlc_29314         TIEL            saed90nm_max     
PLACE_optlc_29315         TIEL            saed90nm_max     
PLACE_optlc_29316         TIEL            saed90nm_max     
PLACE_optlc_29317         TIEL            saed90nm_max     
PLACE_optlc_29318         TIEL            saed90nm_max     
PLACE_optlc_29319         TIEL            saed90nm_max     
PLACE_optlc_29320         TIEL            saed90nm_max     
PLACE_optlc_29321         TIEL            saed90nm_max     
PLACE_optlc_29322         TIEL            saed90nm_max     
PLACE_optlc_29323         TIEL            saed90nm_max     
PLACE_optlc_29324         TIEL            saed90nm_max     
PLACE_optlc_29325         TIEL            saed90nm_max     
PLACE_optlc_29326         TIEL            saed90nm_max     
PLACE_optlc_29327         TIEL            saed90nm_max     
PLACE_optlc_29328         TIEL            saed90nm_max     
PLACE_optlc_29329         TIEL            saed90nm_max     
PLACE_optlc_29330         TIEL            saed90nm_max     
PLACE_optlc_29331         TIEL            saed90nm_max     
PLACE_optlc_29332         TIEL            saed90nm_max     
PLACE_optlc_29333         TIEL            saed90nm_max     
PLACE_optlc_29334         TIEL            saed90nm_max     
PLACE_optlc_29335         TIEL            saed90nm_max     
PLACE_optlc_29336         TIEL            saed90nm_max     
PLACE_optlc_29337         TIEL            saed90nm_max     
PLACE_optlc_29338         TIEL            saed90nm_max     
PLACE_optlc_29339         TIEL            saed90nm_max     
PLACE_optlc_29340         TIEL            saed90nm_max     
PLACE_optlc_29341         TIEL            saed90nm_max     
PLACE_optlc_29342         TIEL            saed90nm_max     
PLACE_optlc_29343         TIEL            saed90nm_max     
PLACE_optlc_29344         TIEL            saed90nm_max     
PLACE_optlc_29345         TIEL            saed90nm_max     
PLACE_optlc_29346         TIEL            saed90nm_max     
PLACE_optlc_29347         TIEL            saed90nm_max     
PLACE_optlc_29348         TIEL            saed90nm_max     
PLACE_optlc_29349         TIEL            saed90nm_max     
PLACE_optlc_29350         TIEL            saed90nm_max     
PLACE_optlc_29351         TIEL            saed90nm_max     
PLACE_optlc_29352         TIEL            saed90nm_max     
PLACE_optlc_29353         TIEL            saed90nm_max     
PLACE_optlc_29354         TIEL            saed90nm_max     
PLACE_optlc_29355         TIEL            saed90nm_max     
PLACE_optlc_29356         TIEL            saed90nm_max     
PLACE_optlc_29357         TIEL            saed90nm_max     
PLACE_optlc_29358         TIEL            saed90nm_max     
PLACE_optlc_29359         TIEL            saed90nm_max     
PLACE_optlc_29360         TIEL            saed90nm_max     
PLACE_optlc_29361         TIEL            saed90nm_max     
PLACE_optlc_29362         TIEL            saed90nm_max     
PLACE_optlc_29363         TIEL            saed90nm_max     
PLACE_optlc_29364         TIEL            saed90nm_max     
PLACE_optlc_29365         TIEL            saed90nm_max     
PLACE_optlc_29366         TIEL            saed90nm_max     
PLACE_optlc_29367         TIEL            saed90nm_max     
PLACE_optlc_29368         TIEL            saed90nm_max     
PLACE_optlc_29369         TIEL            saed90nm_max     
PLACE_optlc_29370         TIEL            saed90nm_max     
PLACE_optlc_29371         TIEL            saed90nm_max     
PLACE_optlc_29372         TIEL            saed90nm_max     
PLACE_optlc_29373         TIEL            saed90nm_max     
PLACE_optlc_29374         TIEL            saed90nm_max     
PLACE_optlc_29375         TIEL            saed90nm_max     
PLACE_optlc_29376         TIEL            saed90nm_max     
PLACE_optlc_29377         TIEL            saed90nm_max     
PLACE_optlc_29378         TIEL            saed90nm_max     
PLACE_optlc_29379         TIEL            saed90nm_max     
PLACE_optlc_29380         TIEL            saed90nm_max     
PLACE_optlc_29381         TIEL            saed90nm_max     
PLACE_optlc_29382         TIEL            saed90nm_max     
PLACE_optlc_29383         TIEL            saed90nm_max     
PLACE_optlc_29384         TIEL            saed90nm_max     
PLACE_optlc_29385         TIEL            saed90nm_max     
PLACE_optlc_29386         TIEL            saed90nm_max     
PLACE_optlc_29387         TIEL            saed90nm_max     
PLACE_optlc_29388         TIEL            saed90nm_max     
PLACE_optlc_29389         TIEL            saed90nm_max     
PLACE_optlc_29390         TIEL            saed90nm_max     
PLACE_optlc_29391         TIEL            saed90nm_max     
PLACE_optlc_29392         TIEL            saed90nm_max     
PLACE_optlc_29393         TIEL            saed90nm_max     
PLACE_optlc_29394         TIEL            saed90nm_max     
PLACE_optlc_29395         TIEL            saed90nm_max     
PLACE_optlc_29396         TIEL            saed90nm_max     
PLACE_optlc_29397         TIEL            saed90nm_max     
PLACE_optlc_29398         TIEL            saed90nm_max     
PLACE_optlc_29399         TIEL            saed90nm_max     
PLACE_optlc_29400         TIEL            saed90nm_max     
PLACE_optlc_29401         TIEL            saed90nm_max     
PLACE_optlc_29402         TIEL            saed90nm_max     
PLACE_optlc_29403         TIEL            saed90nm_max     
PLACE_optlc_29404         TIEL            saed90nm_max     
PLACE_optlc_29405         TIEL            saed90nm_max     
PLACE_optlc_29406         TIEL            saed90nm_max     
PLACE_optlc_29407         TIEL            saed90nm_max     
PLACE_optlc_29408         TIEL            saed90nm_max     
PLACE_optlc_29409         TIEL            saed90nm_max     
PLACE_optlc_29410         TIEL            saed90nm_max     
PLACE_optlc_29411         TIEL            saed90nm_max     
PLACE_optlc_29412         TIEL            saed90nm_max     
PLACE_optlc_29413         TIEL            saed90nm_max     
PLACE_optlc_29414         TIEL            saed90nm_max     
PLACE_optlc_29415         TIEL            saed90nm_max     
PLACE_optlc_29416         TIEL            saed90nm_max     
PLACE_optlc_29417         TIEL            saed90nm_max     
PLACE_optlc_29418         TIEL            saed90nm_max     
PLACE_optlc_29419         TIEL            saed90nm_max     
PLACE_optlc_29420         TIEL            saed90nm_max     
PLACE_optlc_29421         TIEL            saed90nm_max     
PLACE_optlc_29422         TIEL            saed90nm_max     
PLACE_optlc_29423         TIEL            saed90nm_max     
PLACE_optlc_29424         TIEL            saed90nm_max     
PLACE_optlc_29425         TIEL            saed90nm_max     
PLACE_optlc_29426         TIEL            saed90nm_max     
PLACE_optlc_29427         TIEL            saed90nm_max     
PLACE_optlc_29428         TIEL            saed90nm_max     
PLACE_optlc_29429         TIEL            saed90nm_max     
PLACE_optlc_29430         TIEL            saed90nm_max     
PLACE_optlc_29431         TIEL            saed90nm_max     
PLACE_optlc_29432         TIEL            saed90nm_max     
PLACE_optlc_29433         TIEL            saed90nm_max     
PLACE_optlc_29434         TIEL            saed90nm_max     
PLACE_optlc_29435         TIEL            saed90nm_max     
PLACE_optlc_29436         TIEL            saed90nm_max     
PLACE_optlc_29437         TIEL            saed90nm_max     
PLACE_optlc_29438         TIEL            saed90nm_max     
PLACE_optlc_29439         TIEL            saed90nm_max     
PLACE_optlc_29440         TIEL            saed90nm_max     
PLACE_optlc_29441         TIEL            saed90nm_max     
PLACE_optlc_29442         TIEL            saed90nm_max     
PLACE_optlc_29443         TIEL            saed90nm_max     
PLACE_optlc_29444         TIEL            saed90nm_max     
PLACE_optlc_29445         TIEL            saed90nm_max     
PLACE_optlc_29446         TIEL            saed90nm_max     
PLACE_optlc_29447         TIEL            saed90nm_max     
PLACE_optlc_29448         TIEL            saed90nm_max     
PLACE_optlc_29449         TIEL            saed90nm_max     
PLACE_optlc_29450         TIEL            saed90nm_max     
PLACE_optlc_29451         TIEL            saed90nm_max     
PLACE_optlc_29452         TIEL            saed90nm_max     
PLACE_optlc_29453         TIEL            saed90nm_max     
PLACE_optlc_29454         TIEL            saed90nm_max     
PLACE_optlc_29455         TIEL            saed90nm_max     
PLACE_optlc_29456         TIEL            saed90nm_max     
PLACE_optlc_29457         TIEL            saed90nm_max     
PLACE_optlc_29458         TIEL            saed90nm_max     
PLACE_optlc_29459         TIEL            saed90nm_max     
PLACE_optlc_29460         TIEL            saed90nm_max     
PLACE_optlc_29461         TIEL            saed90nm_max     
PLACE_optlc_29462         TIEL            saed90nm_max     
PLACE_optlc_29463         TIEL            saed90nm_max     
PLACE_optlc_29464         TIEL            saed90nm_max     
PLACE_optlc_29465         TIEL            saed90nm_max     
PLACE_optlc_29466         TIEL            saed90nm_max     
PLACE_optlc_29467         TIEL            saed90nm_max     
PLACE_optlc_29468         TIEL            saed90nm_max     
PLACE_optlc_29469         TIEL            saed90nm_max     
PLACE_optlc_29470         TIEL            saed90nm_max     
PLACE_optlc_29471         TIEL            saed90nm_max     
PLACE_optlc_29472         TIEL            saed90nm_max     
PLACE_optlc_29473         TIEL            saed90nm_max     
PLACE_optlc_29474         TIEL            saed90nm_max     
PLACE_optlc_29475         TIEL            saed90nm_max     
PLACE_optlc_29476         TIEL            saed90nm_max     
PLACE_optlc_29477         TIEL            saed90nm_max     
PLACE_optlc_29478         TIEL            saed90nm_max     
PLACE_optlc_29479         TIEL            saed90nm_max     
PLACE_optlc_29480         TIEL            saed90nm_max     
PLACE_optlc_29481         TIEL            saed90nm_max     
PLACE_optlc_29482         TIEL            saed90nm_max     
PLACE_optlc_29483         TIEL            saed90nm_max     
PLACE_optlc_29484         TIEL            saed90nm_max     
PLACE_optlc_29485         TIEL            saed90nm_max     
PLACE_optlc_29486         TIEL            saed90nm_max     
PLACE_optlc_29487         TIEL            saed90nm_max     
PLACE_optlc_29488         TIEL            saed90nm_max     
PLACE_optlc_29489         TIEL            saed90nm_max     
PLACE_optlc_29490         TIEL            saed90nm_max     
PLACE_optlc_29491         TIEL            saed90nm_max     
PLACE_optlc_29492         TIEL            saed90nm_max     
PLACE_optlc_29493         TIEL            saed90nm_max     
PLACE_optlc_29494         TIEL            saed90nm_max     
PLACE_optlc_29495         TIEL            saed90nm_max     
PLACE_optlc_29496         TIEL            saed90nm_max     
PLACE_optlc_29497         TIEL            saed90nm_max     
PLACE_optlc_29498         TIEL            saed90nm_max     
PLACE_optlc_29499         TIEL            saed90nm_max     
PLACE_optlc_29500         TIEL            saed90nm_max     
PLACE_optlc_29501         TIEL            saed90nm_max     
PLACE_optlc_29502         TIEL            saed90nm_max     
PLACE_optlc_29503         TIEL            saed90nm_max     
PLACE_optlc_29504         TIEL            saed90nm_max     
PLACE_optlc_29505         TIEL            saed90nm_max     
PLACE_optlc_29506         TIEL            saed90nm_max     
PLACE_optlc_29507         TIEL            saed90nm_max     
PLACE_optlc_29508         TIEL            saed90nm_max     
PLACE_optlc_29509         TIEL            saed90nm_max     
PLACE_optlc_29510         TIEL            saed90nm_max     
PLACE_optlc_29511         TIEL            saed90nm_max     
PLACE_optlc_29512         TIEL            saed90nm_max     
PLACE_optlc_29513         TIEL            saed90nm_max     
PLACE_optlc_29514         TIEL            saed90nm_max     
PLACE_optlc_29516         TIEL            saed90nm_max     
PLACE_optlc_29517         TIEL            saed90nm_max     
PLACE_optlc_29518         TIEL            saed90nm_max     
PLACE_optlc_29519         TIEL            saed90nm_max     
PLACE_optlc_29520         TIEL            saed90nm_max     
PLACE_optlc_29521         TIEL            saed90nm_max     
PLACE_optlc_29522         TIEL            saed90nm_max     
PLACE_optlc_29523         TIEL            saed90nm_max     
PLACE_optlc_29524         TIEL            saed90nm_max     
PLACE_optlc_29525         TIEL            saed90nm_max     
PLACE_optlc_29526         TIEL            saed90nm_max     
PLACE_optlc_29527         TIEL            saed90nm_max     
PLACE_optlc_29528         TIEL            saed90nm_max     
PLACE_optlc_29529         TIEL            saed90nm_max     
PLACE_optlc_29530         TIEL            saed90nm_max     
PLACE_optlc_29531         TIEL            saed90nm_max     
PLACE_optlc_29532         TIEL            saed90nm_max     
PLACE_optlc_29533         TIEL            saed90nm_max     
PLACE_optlc_29534         TIEL            saed90nm_max     
PLACE_optlc_29535         TIEL            saed90nm_max     
PLACE_optlc_29536         TIEL            saed90nm_max     
PLACE_optlc_29537         TIEL            saed90nm_max     
PLACE_optlc_29538         TIEL            saed90nm_max     
PLACE_optlc_29539         TIEL            saed90nm_max     
PLACE_optlc_29540         TIEL            saed90nm_max     
PLACE_optlc_29541         TIEL            saed90nm_max     
PLACE_optlc_29542         TIEL            saed90nm_max     
PLACE_optlc_29543         TIEL            saed90nm_max     
PLACE_optlc_29544         TIEL            saed90nm_max     
PLACE_optlc_29545         TIEL            saed90nm_max     
PLACE_optlc_29546         TIEL            saed90nm_max     
PLACE_optlc_29547         TIEL            saed90nm_max     
PLACE_optlc_29548         TIEL            saed90nm_max     
PLACE_optlc_29549         TIEL            saed90nm_max     
PLACE_optlc_29550         TIEL            saed90nm_max     
PLACE_optlc_29551         TIEL            saed90nm_max     
PLACE_optlc_29552         TIEL            saed90nm_max     
PLACE_optlc_29553         TIEL            saed90nm_max     
PLACE_optlc_29554         TIEL            saed90nm_max     
PLACE_optlc_29555         TIEL            saed90nm_max     
PLACE_optlc_29556         TIEL            saed90nm_max     
PLACE_optlc_29557         TIEL            saed90nm_max     
PLACE_optlc_29558         TIEL            saed90nm_max     
PLACE_optlc_29559         TIEL            saed90nm_max     
PLACE_optlc_29560         TIEL            saed90nm_max     
PLACE_optlc_29561         TIEL            saed90nm_max     
PLACE_optlc_29562         TIEL            saed90nm_max     
PLACE_optlc_29563         TIEL            saed90nm_max     
PLACE_optlc_29564         TIEL            saed90nm_max     
PLACE_optlc_29565         TIEL            saed90nm_max     
PLACE_optlc_29566         TIEL            saed90nm_max     
PLACE_optlc_29567         TIEL            saed90nm_max     
PLACE_optlc_29568         TIEL            saed90nm_max     
PLACE_optlc_29570         TIEL            saed90nm_max     
PLACE_optlc_29571         TIEL            saed90nm_max     
PLACE_optlc_29572         TIEL            saed90nm_max     
PLACE_optlc_29573         TIEL            saed90nm_max     
PLACE_optlc_29574         TIEL            saed90nm_max     
PLACE_optlc_29575         TIEL            saed90nm_max     
PLACE_optlc_29577         TIEL            saed90nm_max     
PLACE_optlc_29578         TIEL            saed90nm_max     
PLACE_optlc_29579         TIEL            saed90nm_max     
PLACE_optlc_29580         TIEL            saed90nm_max     
PLACE_optlc_29581         TIEL            saed90nm_max     
PLACE_optlc_29582         TIEL            saed90nm_max     
PLACE_optlc_29583         TIEL            saed90nm_max     
PLACE_optlc_29584         TIEL            saed90nm_max     
PLACE_optlc_29585         TIEL            saed90nm_max     
PLACE_optlc_29586         TIEL            saed90nm_max     
PLACE_optlc_29587         TIEL            saed90nm_max     
PLACE_optlc_29588         TIEL            saed90nm_max     
PLACE_optlc_29589         TIEL            saed90nm_max     
PLACE_optlc_29590         TIEL            saed90nm_max     
PLACE_optlc_29591         TIEL            saed90nm_max     
PLACE_optlc_29592         TIEL            saed90nm_max     
PLACE_optlc_29593         TIEL            saed90nm_max     
PLACE_optlc_29594         TIEL            saed90nm_max     
PLACE_optlc_29595         TIEL            saed90nm_max     
PLACE_optlc_29596         TIEL            saed90nm_max     
PLACE_optlc_29597         TIEL            saed90nm_max     
PLACE_optlc_29598         TIEL            saed90nm_max     
PLACE_optlc_29599         TIEL            saed90nm_max     
PLACE_optlc_29600         TIEL            saed90nm_max     
PLACE_optlc_29601         TIEL            saed90nm_max     
PLACE_optlc_29602         TIEL            saed90nm_max     
PLACE_optlc_29603         TIEL            saed90nm_max     
PLACE_optlc_29604         TIEL            saed90nm_max     
PLACE_optlc_29605         TIEL            saed90nm_max     
PLACE_optlc_29606         TIEL            saed90nm_max     
PLACE_optlc_29607         TIEL            saed90nm_max     
PLACE_optlc_29608         TIEL            saed90nm_max     
PLACE_optlc_29609         TIEL            saed90nm_max     
PLACE_optlc_29610         TIEL            saed90nm_max     
PLACE_optlc_29611         TIEL            saed90nm_max     
PLACE_optlc_29612         TIEL            saed90nm_max     
PLACE_optlc_29613         TIEL            saed90nm_max     
PLACE_optlc_29614         TIEL            saed90nm_max     
PLACE_optlc_29615         TIEL            saed90nm_max     
PLACE_optlc_29616         TIEL            saed90nm_max     
PLACE_optlc_29617         TIEL            saed90nm_max     
PLACE_optlc_29618         TIEL            saed90nm_max     
PLACE_optlc_29619         TIEL            saed90nm_max     
PLACE_optlc_29620         TIEL            saed90nm_max     
PLACE_optlc_29621         TIEL            saed90nm_max     
PLACE_optlc_29622         TIEL            saed90nm_max     
PLACE_optlc_29623         TIEL            saed90nm_max     
PLACE_optlc_29624         TIEL            saed90nm_max     
PLACE_optlc_29625         TIEL            saed90nm_max     
PLACE_optlc_29626         TIEL            saed90nm_max     
PLACE_optlc_29627         TIEL            saed90nm_max     
PLACE_optlc_29628         TIEL            saed90nm_max     
PLACE_optlc_29629         TIEL            saed90nm_max     
PLACE_optlc_29630         TIEL            saed90nm_max     
PLACE_optlc_29631         TIEL            saed90nm_max     
PLACE_optlc_29632         TIEL            saed90nm_max     
PLACE_optlc_29633         TIEL            saed90nm_max     
PLACE_optlc_29634         TIEL            saed90nm_max     
PLACE_optlc_29635         TIEL            saed90nm_max     
PLACE_optlc_29636         TIEL            saed90nm_max     
PLACE_optlc_29637         TIEL            saed90nm_max     
PLACE_optlc_29638         TIEL            saed90nm_max     
PLACE_optlc_29639         TIEL            saed90nm_max     
PLACE_optlc_29640         TIEL            saed90nm_max     
PLACE_optlc_29641         TIEL            saed90nm_max     
PLACE_optlc_29642         TIEL            saed90nm_max     
PLACE_optlc_29643         TIEL            saed90nm_max     
PLACE_optlc_29644         TIEL            saed90nm_max     
PLACE_optlc_29645         TIEL            saed90nm_max     
PLACE_optlc_29646         TIEL            saed90nm_max     
PLACE_optlc_29647         TIEL            saed90nm_max     
PLACE_optlc_29648         TIEL            saed90nm_max     
PLACE_optlc_29649         TIEL            saed90nm_max     
PLACE_optlc_29650         TIEL            saed90nm_max     
PLACE_optlc_29651         TIEL            saed90nm_max     
PLACE_optlc_29652         TIEL            saed90nm_max     
PLACE_optlc_29653         TIEL            saed90nm_max     
PLACE_optlc_29654         TIEL            saed90nm_max     
PLACE_optlc_29655         TIEL            saed90nm_max     
PLACE_optlc_29656         TIEL            saed90nm_max     
PLACE_optlc_29657         TIEL            saed90nm_max     
PLACE_optlc_29658         TIEL            saed90nm_max     
PLACE_optlc_29659         TIEL            saed90nm_max     
PLACE_optlc_29660         TIEL            saed90nm_max     
PLACE_optlc_29661         TIEL            saed90nm_max     
PLACE_optlc_29662         TIEL            saed90nm_max     
PLACE_optlc_29663         TIEL            saed90nm_max     
PLACE_optlc_29664         TIEL            saed90nm_max     
PLACE_optlc_29665         TIEL            saed90nm_max     
PLACE_optlc_29666         TIEL            saed90nm_max     
PLACE_optlc_29667         TIEL            saed90nm_max     
PLACE_optlc_29668         TIEL            saed90nm_max     
PLACE_optlc_29669         TIEL            saed90nm_max     
PLACE_optlc_29670         TIEL            saed90nm_max     
PLACE_optlc_29671         TIEL            saed90nm_max     
PLACE_optlc_29672         TIEL            saed90nm_max     
PLACE_optlc_29673         TIEL            saed90nm_max     
PLACE_optlc_29674         TIEL            saed90nm_max     
PLACE_optlc_29675         TIEL            saed90nm_max     
PLACE_optlc_29676         TIEL            saed90nm_max     
PLACE_optlc_29677         TIEL            saed90nm_max     
PLACE_optlc_29678         TIEL            saed90nm_max     
PLACE_optlc_29679         TIEL            saed90nm_max     
PLACE_optlc_29680         TIEL            saed90nm_max     
PLACE_optlc_29681         TIEL            saed90nm_max     
PLACE_optlc_29682         TIEL            saed90nm_max     
PLACE_optlc_29683         TIEL            saed90nm_max     
PLACE_optlc_29684         TIEL            saed90nm_max     
PLACE_optlc_29685         TIEL            saed90nm_max     
PLACE_optlc_29686         TIEL            saed90nm_max     
PLACE_optlc_29687         TIEL            saed90nm_max     
PLACE_optlc_29688         TIEL            saed90nm_max     
PLACE_optlc_29689         TIEL            saed90nm_max     
PLACE_optlc_29690         TIEL            saed90nm_max     
PLACE_optlc_29691         TIEL            saed90nm_max     
PLACE_optlc_29692         TIEL            saed90nm_max     
PLACE_optlc_29693         TIEL            saed90nm_max     
PLACE_optlc_29694         TIEL            saed90nm_max     
PLACE_optlc_29695         TIEL            saed90nm_max     
PLACE_optlc_29696         TIEL            saed90nm_max     
PLACE_optlc_29697         TIEL            saed90nm_max     
PLACE_optlc_29698         TIEL            saed90nm_max     
PLACE_optlc_29699         TIEL            saed90nm_max     
PLACE_optlc_29700         TIEL            saed90nm_max     
PLACE_optlc_29701         TIEL            saed90nm_max     
PLACE_optlc_29702         TIEL            saed90nm_max     
PLACE_optlc_29703         TIEL            saed90nm_max     
PLACE_optlc_29704         TIEL            saed90nm_max     
PLACE_optlc_29705         TIEL            saed90nm_max     
PLACE_optlc_29706         TIEL            saed90nm_max     
PLACE_optlc_29707         TIEL            saed90nm_max     
PLACE_optlc_29708         TIEL            saed90nm_max     
PLACE_optlc_29709         TIEL            saed90nm_max     
PLACE_optlc_29710         TIEL            saed90nm_max     
PLACE_optlc_29711         TIEL            saed90nm_max     
PLACE_optlc_29712         TIEL            saed90nm_max     
PLACE_optlc_29713         TIEL            saed90nm_max     
PLACE_optlc_29714         TIEL            saed90nm_max     
PLACE_optlc_29715         TIEL            saed90nm_max     
PLACE_optlc_29716         TIEL            saed90nm_max     
PLACE_optlc_29717         TIEL            saed90nm_max     
PLACE_optlc_29718         TIEL            saed90nm_max     
PLACE_optlc_29719         TIEL            saed90nm_max     
PLACE_optlc_29720         TIEL            saed90nm_max     
PLACE_optlc_29721         TIEL            saed90nm_max     
PLACE_optlc_29722         TIEL            saed90nm_max     
PLACE_optlc_29723         TIEL            saed90nm_max     
PLACE_optlc_29724         TIEL            saed90nm_max     
PLACE_optlc_29725         TIEL            saed90nm_max     
PLACE_optlc_29726         TIEL            saed90nm_max     
PLACE_optlc_29727         TIEL            saed90nm_max     
PLACE_optlc_29728         TIEL            saed90nm_max     
PLACE_optlc_29729         TIEL            saed90nm_max     
PLACE_optlc_29730         TIEL            saed90nm_max     
PLACE_optlc_29731         TIEL            saed90nm_max     
PLACE_optlc_29732         TIEL            saed90nm_max     
PLACE_optlc_29733         TIEL            saed90nm_max     
PLACE_optlc_29734         TIEL            saed90nm_max     
PLACE_optlc_29735         TIEL            saed90nm_max     
PLACE_optlc_29736         TIEL            saed90nm_max     
PLACE_optlc_29737         TIEL            saed90nm_max     
PLACE_optlc_29738         TIEL            saed90nm_max     
PLACE_optlc_29739         TIEL            saed90nm_max     
PLACE_optlc_29740         TIEL            saed90nm_max     
PLACE_optlc_29741         TIEL            saed90nm_max     
PLACE_optlc_29742         TIEL            saed90nm_max     
PLACE_optlc_29743         TIEL            saed90nm_max     
PLACE_optlc_29744         TIEL            saed90nm_max     
PLACE_optlc_29745         TIEL            saed90nm_max     
PLACE_optlc_29746         TIEL            saed90nm_max     
PLACE_optlc_29747         TIEL            saed90nm_max     
PLACE_optlc_29748         TIEL            saed90nm_max     
PLACE_optlc_29749         TIEL            saed90nm_max     
PLACE_optlc_29750         TIEL            saed90nm_max     
PLACE_optlc_29751         TIEL            saed90nm_max     
PLACE_optlc_29752         TIEL            saed90nm_max     
PLACE_optlc_29753         TIEL            saed90nm_max     
PLACE_optlc_29754         TIEL            saed90nm_max     
PLACE_optlc_29755         TIEL            saed90nm_max     
PLACE_optlc_29756         TIEL            saed90nm_max     
PLACE_optlc_29757         TIEL            saed90nm_max     
PLACE_optlc_29758         TIEL            saed90nm_max     
PLACE_optlc_29759         TIEL            saed90nm_max     
PLACE_optlc_29760         TIEL            saed90nm_max     
PLACE_optlc_29761         TIEL            saed90nm_max     
PLACE_optlc_29762         TIEL            saed90nm_max     
PLACE_optlc_29763         TIEL            saed90nm_max     
PLACE_optlc_29764         TIEL            saed90nm_max     
PLACE_optlc_29765         TIEL            saed90nm_max     
PLACE_optlc_29766         TIEL            saed90nm_max     
PLACE_optlc_29767         TIEL            saed90nm_max     
PLACE_optlc_29768         TIEL            saed90nm_max     
PLACE_optlc_29769         TIEL            saed90nm_max     
PLACE_optlc_29770         TIEL            saed90nm_max     
PLACE_optlc_29771         TIEL            saed90nm_max     
PLACE_optlc_29772         TIEL            saed90nm_max     
PLACE_optlc_29773         TIEL            saed90nm_max     
PLACE_optlc_29774         TIEL            saed90nm_max     
PLACE_optlc_29775         TIEL            saed90nm_max     
PLACE_optlc_29776         TIEL            saed90nm_max     
PLACE_optlc_29777         TIEL            saed90nm_max     
PLACE_optlc_29778         TIEL            saed90nm_max     
PLACE_optlc_29779         TIEL            saed90nm_max     
PLACE_optlc_29780         TIEL            saed90nm_max     
PLACE_optlc_29781         TIEL            saed90nm_max     
PLACE_optlc_29782         TIEL            saed90nm_max     
PLACE_optlc_29783         TIEL            saed90nm_max     
PLACE_optlc_29784         TIEL            saed90nm_max     
PLACE_optlc_29785         TIEL            saed90nm_max     
PLACE_optlc_29786         TIEL            saed90nm_max     
PLACE_optlc_29787         TIEL            saed90nm_max     
PLACE_optlc_29788         TIEL            saed90nm_max     
PLACE_optlc_29789         TIEL            saed90nm_max     
PLACE_optlc_29790         TIEL            saed90nm_max     
PLACE_optlc_29791         TIEL            saed90nm_max     
PLACE_optlc_29792         TIEL            saed90nm_max     
PLACE_optlc_29793         TIEL            saed90nm_max     
PLACE_optlc_29795         TIEL            saed90nm_max     
PLACE_optlc_29796         TIEL            saed90nm_max     
PLACE_optlc_29797         TIEL            saed90nm_max     
PLACE_optlc_29798         TIEL            saed90nm_max     
PLACE_optlc_29799         TIEL            saed90nm_max     
PLACE_optlc_29800         TIEL            saed90nm_max     
PLACE_optlc_29801         TIEL            saed90nm_max     
PLACE_optlc_29802         TIEL            saed90nm_max     
PLACE_optlc_29803         TIEL            saed90nm_max     
PLACE_optlc_29804         TIEL            saed90nm_max     
PLACE_optlc_29805         TIEL            saed90nm_max     
PLACE_optlc_29806         TIEL            saed90nm_max     
PLACE_optlc_29807         TIEL            saed90nm_max     
PLACE_optlc_29808         TIEL            saed90nm_max     
PLACE_optlc_29809         TIEL            saed90nm_max     
PLACE_optlc_29810         TIEL            saed90nm_max     
PLACE_optlc_29811         TIEL            saed90nm_max     
PLACE_optlc_29812         TIEL            saed90nm_max     
PLACE_optlc_29813         TIEL            saed90nm_max     
PLACE_optlc_29814         TIEL            saed90nm_max     
PLACE_optlc_29815         TIEL            saed90nm_max     
PLACE_optlc_29816         TIEL            saed90nm_max     
PLACE_optlc_29817         TIEL            saed90nm_max     
PLACE_optlc_29818         TIEL            saed90nm_max     
PLACE_optlc_29819         TIEL            saed90nm_max     
PLACE_optlc_29820         TIEL            saed90nm_max     
PLACE_optlc_29821         TIEL            saed90nm_max     
PLACE_optlc_29822         TIEL            saed90nm_max     
PLACE_optlc_29823         TIEL            saed90nm_max     
PLACE_optlc_29824         TIEL            saed90nm_max     
PLACE_optlc_29825         TIEL            saed90nm_max     
PLACE_optlc_29826         TIEL            saed90nm_max     
PLACE_optlc_29827         TIEL            saed90nm_max     
PLACE_optlc_29828         TIEL            saed90nm_max     
PLACE_optlc_29829         TIEL            saed90nm_max     
PLACE_optlc_29830         TIEL            saed90nm_max     
PLACE_optlc_29831         TIEL            saed90nm_max     
PLACE_optlc_29832         TIEL            saed90nm_max     
PLACE_optlc_29833         TIEL            saed90nm_max     
PLACE_optlc_29834         TIEL            saed90nm_max     
PLACE_optlc_29835         TIEL            saed90nm_max     
PLACE_optlc_29836         TIEL            saed90nm_max     
PLACE_optlc_29837         TIEL            saed90nm_max     
PLACE_optlc_29838         TIEL            saed90nm_max     
PLACE_optlc_29839         TIEL            saed90nm_max     
PLACE_optlc_29840         TIEL            saed90nm_max     
PLACE_optlc_29841         TIEL            saed90nm_max     
PLACE_optlc_29842         TIEL            saed90nm_max     
PLACE_optlc_29843         TIEL            saed90nm_max     
PLACE_optlc_29844         TIEL            saed90nm_max     
PLACE_optlc_29845         TIEL            saed90nm_max     
PLACE_optlc_29846         TIEL            saed90nm_max     
PLACE_optlc_29847         TIEL            saed90nm_max     
PLACE_optlc_29848         TIEL            saed90nm_max     
PLACE_optlc_29849         TIEL            saed90nm_max     
PLACE_optlc_29850         TIEL            saed90nm_max     
PLACE_optlc_29851         TIEL            saed90nm_max     
PLACE_optlc_29852         TIEL            saed90nm_max     
PLACE_optlc_29853         TIEL            saed90nm_max     
PLACE_optlc_29854         TIEL            saed90nm_max     
PLACE_optlc_29855         TIEL            saed90nm_max     
PLACE_optlc_29856         TIEL            saed90nm_max     
PLACE_optlc_29857         TIEL            saed90nm_max     
PLACE_optlc_29858         TIEL            saed90nm_max     
PLACE_optlc_29859         TIEL            saed90nm_max     
PLACE_optlc_29860         TIEL            saed90nm_max     
PLACE_optlc_29861         TIEL            saed90nm_max     
PLACE_optlc_29862         TIEL            saed90nm_max     
PLACE_optlc_29863         TIEL            saed90nm_max     
PLACE_optlc_29864         TIEL            saed90nm_max     
PLACE_optlc_29865         TIEL            saed90nm_max     
PLACE_optlc_29866         TIEL            saed90nm_max     
PLACE_optlc_29867         TIEL            saed90nm_max     
PLACE_optlc_29868         TIEL            saed90nm_max     
PLACE_optlc_29869         TIEL            saed90nm_max     
PLACE_optlc_29870         TIEL            saed90nm_max     
PLACE_optlc_29871         TIEL            saed90nm_max     
PLACE_optlc_29872         TIEL            saed90nm_max     
PLACE_optlc_29873         TIEL            saed90nm_max     
PLACE_optlc_29874         TIEL            saed90nm_max     
PLACE_optlc_29875         TIEL            saed90nm_max     
PLACE_optlc_29876         TIEL            saed90nm_max     
PLACE_optlc_29877         TIEL            saed90nm_max     
PLACE_optlc_29878         TIEL            saed90nm_max     
PLACE_optlc_29879         TIEL            saed90nm_max     
PLACE_optlc_29880         TIEL            saed90nm_max     
PLACE_optlc_29881         TIEL            saed90nm_max     
PLACE_optlc_29882         TIEL            saed90nm_max     
PLACE_optlc_29883         TIEL            saed90nm_max     
PLACE_optlc_29884         TIEL            saed90nm_max     
PLACE_optlc_29885         TIEL            saed90nm_max     
PLACE_optlc_29886         TIEL            saed90nm_max     
PLACE_optlc_29887         TIEL            saed90nm_max     
PLACE_optlc_29888         TIEL            saed90nm_max     
PLACE_optlc_29889         TIEL            saed90nm_max     
PLACE_optlc_29890         TIEL            saed90nm_max     
PLACE_optlc_29891         TIEL            saed90nm_max     
PLACE_optlc_29892         TIEL            saed90nm_max     
PLACE_optlc_29893         TIEL            saed90nm_max     
PLACE_optlc_29895         TIEL            saed90nm_max     
PLACE_optlc_29896         TIEL            saed90nm_max     
PLACE_optlc_29897         TIEL            saed90nm_max     
PLACE_optlc_29898         TIEL            saed90nm_max     
PLACE_optlc_29899         TIEL            saed90nm_max     
PLACE_optlc_29900         TIEL            saed90nm_max     
PLACE_optlc_29901         TIEL            saed90nm_max     
PLACE_optlc_29902         TIEL            saed90nm_max     
PLACE_optlc_29903         TIEL            saed90nm_max     
PLACE_optlc_29904         TIEL            saed90nm_max     
PLACE_optlc_29905         TIEL            saed90nm_max     
PLACE_optlc_29906         TIEL            saed90nm_max     
PLACE_optlc_29907         TIEL            saed90nm_max     
PLACE_optlc_29908         TIEL            saed90nm_max     
PLACE_optlc_29909         TIEL            saed90nm_max     
PLACE_optlc_29910         TIEL            saed90nm_max     
PLACE_optlc_29911         TIEL            saed90nm_max     
PLACE_optlc_29912         TIEL            saed90nm_max     
PLACE_optlc_29913         TIEL            saed90nm_max     
PLACE_optlc_29914         TIEL            saed90nm_max     
PLACE_optlc_29915         TIEL            saed90nm_max     
PLACE_optlc_29916         TIEL            saed90nm_max     
PLACE_optlc_29917         TIEL            saed90nm_max     
PLACE_optlc_29918         TIEL            saed90nm_max     
PLACE_optlc_29919         TIEL            saed90nm_max     
PLACE_optlc_29920         TIEL            saed90nm_max     
PLACE_optlc_29921         TIEL            saed90nm_max     
PLACE_optlc_29922         TIEL            saed90nm_max     
PLACE_optlc_29923         TIEL            saed90nm_max     
PLACE_optlc_29924         TIEL            saed90nm_max     
PLACE_optlc_29925         TIEL            saed90nm_max     
PLACE_optlc_29926         TIEL            saed90nm_max     
PLACE_optlc_29927         TIEL            saed90nm_max     
PLACE_optlc_29928         TIEL            saed90nm_max     
PLACE_optlc_29929         TIEL            saed90nm_max     
PLACE_optlc_29931         TIEL            saed90nm_max     
PLACE_optlc_29932         TIEL            saed90nm_max     
PLACE_optlc_29933         TIEL            saed90nm_max     
PLACE_optlc_29934         TIEL            saed90nm_max     
PLACE_optlc_29935         TIEL            saed90nm_max     
PLACE_optlc_29936         TIEL            saed90nm_max     
PLACE_optlc_29937         TIEL            saed90nm_max     
PLACE_optlc_29938         TIEL            saed90nm_max     
PLACE_optlc_29939         TIEL            saed90nm_max     
PLACE_optlc_29940         TIEL            saed90nm_max     
PLACE_optlc_29941         TIEL            saed90nm_max     
PLACE_optlc_29942         TIEL            saed90nm_max     
PLACE_optlc_29943         TIEL            saed90nm_max     
PLACE_optlc_29944         TIEL            saed90nm_max     
PLACE_optlc_29945         TIEL            saed90nm_max     
PLACE_optlc_29946         TIEL            saed90nm_max     
PLACE_optlc_29947         TIEL            saed90nm_max     
PLACE_optlc_29949         TIEL            saed90nm_max     
PLACE_optlc_29950         TIEL            saed90nm_max     
PLACE_optlc_29951         TIEL            saed90nm_max     
PLACE_optlc_29952         TIEL            saed90nm_max     
PLACE_optlc_29953         TIEL            saed90nm_max     
PLACE_optlc_29954         TIEL            saed90nm_max     
PLACE_optlc_29955         TIEL            saed90nm_max     
PLACE_optlc_29956         TIEL            saed90nm_max     
PLACE_optlc_29957         TIEL            saed90nm_max     
PLACE_optlc_29958         TIEL            saed90nm_max     
PLACE_optlc_29959         TIEL            saed90nm_max     
PLACE_optlc_29960         TIEL            saed90nm_max     
PLACE_optlc_29961         TIEL            saed90nm_max     
PLACE_optlc_29962         TIEL            saed90nm_max     
PLACE_optlc_29963         TIEL            saed90nm_max     
PLACE_optlc_29964         TIEL            saed90nm_max     
PLACE_optlc_29965         TIEL            saed90nm_max     
PLACE_optlc_29966         TIEL            saed90nm_max     
PLACE_optlc_29967         TIEL            saed90nm_max     
PLACE_optlc_29968         TIEL            saed90nm_max     
PLACE_optlc_29969         TIEL            saed90nm_max     
PLACE_optlc_29970         TIEL            saed90nm_max     
PLACE_optlc_29971         TIEL            saed90nm_max     
PLACE_optlc_29972         TIEL            saed90nm_max     
PLACE_optlc_29973         TIEL            saed90nm_max     
PLACE_optlc_29974         TIEL            saed90nm_max     
PLACE_optlc_29975         TIEL            saed90nm_max     
PLACE_optlc_29976         TIEL            saed90nm_max     
PLACE_optlc_29977         TIEL            saed90nm_max     
PLACE_optlc_29978         TIEL            saed90nm_max     
PLACE_optlc_29979         TIEL            saed90nm_max     
PLACE_optlc_29980         TIEL            saed90nm_max     
PLACE_optlc_29981         TIEL            saed90nm_max     
PLACE_optlc_29982         TIEL            saed90nm_max     
PLACE_optlc_29983         TIEL            saed90nm_max     
PLACE_optlc_29984         TIEL            saed90nm_max     
PLACE_optlc_29985         TIEL            saed90nm_max     
PLACE_optlc_29986         TIEL            saed90nm_max     
PLACE_optlc_29987         TIEL            saed90nm_max     
PLACE_optlc_29988         TIEL            saed90nm_max     
PLACE_optlc_29989         TIEL            saed90nm_max     
PLACE_optlc_29990         TIEL            saed90nm_max     
PLACE_optlc_29991         TIEL            saed90nm_max     
PLACE_optlc_29992         TIEL            saed90nm_max     
PLACE_optlc_29993         TIEL            saed90nm_max     
PLACE_optlc_29994         TIEL            saed90nm_max     
PLACE_optlc_29995         TIEL            saed90nm_max     
PLACE_optlc_29996         TIEL            saed90nm_max     
PLACE_optlc_29997         TIEL            saed90nm_max     
PLACE_optlc_29998         TIEL            saed90nm_max     
PLACE_optlc_29999         TIEL            saed90nm_max     
PLACE_optlc_30000         TIEL            saed90nm_max     
PLACE_optlc_30001         TIEL            saed90nm_max     
PLACE_optlc_30002         TIEL            saed90nm_max     
PLACE_optlc_30003         TIEL            saed90nm_max     
PLACE_optlc_30004         TIEL            saed90nm_max     
PLACE_optlc_30005         TIEL            saed90nm_max     
PLACE_optlc_30006         TIEL            saed90nm_max     
PLACE_optlc_30007         TIEL            saed90nm_max     
PLACE_optlc_30008         TIEL            saed90nm_max     
PLACE_optlc_30009         TIEL            saed90nm_max     
PLACE_optlc_30010         TIEL            saed90nm_max     
PLACE_optlc_30011         TIEL            saed90nm_max     
PLACE_optlc_30012         TIEL            saed90nm_max     
PLACE_optlc_30013         TIEL            saed90nm_max     
PLACE_optlc_30014         TIEL            saed90nm_max     
PLACE_optlc_30015         TIEL            saed90nm_max     
PLACE_optlc_30016         TIEL            saed90nm_max     
PLACE_optlc_30017         TIEL            saed90nm_max     
PLACE_optlc_30018         TIEL            saed90nm_max     
PLACE_optlc_30019         TIEL            saed90nm_max     
PLACE_optlc_30020         TIEL            saed90nm_max     
PLACE_optlc_30021         TIEL            saed90nm_max     
PLACE_optlc_30022         TIEL            saed90nm_max     
PLACE_optlc_30023         TIEL            saed90nm_max     
PLACE_optlc_30024         TIEL            saed90nm_max     
PLACE_optlc_30025         TIEL            saed90nm_max     
PLACE_optlc_30026         TIEL            saed90nm_max     
PLACE_optlc_30027         TIEL            saed90nm_max     
PLACE_optlc_30028         TIEL            saed90nm_max     
PLACE_optlc_30029         TIEL            saed90nm_max     
PLACE_optlc_30030         TIEL            saed90nm_max     
PLACE_optlc_30031         TIEL            saed90nm_max     
PLACE_optlc_30032         TIEL            saed90nm_max     
PLACE_optlc_30033         TIEL            saed90nm_max     
PLACE_optlc_30034         TIEL            saed90nm_max     
PLACE_optlc_30035         TIEL            saed90nm_max     
PLACE_optlc_30036         TIEL            saed90nm_max     
PLACE_optlc_30037         TIEL            saed90nm_max     
PLACE_optlc_30038         TIEL            saed90nm_max     
PLACE_optlc_30039         TIEL            saed90nm_max     
PLACE_optlc_30040         TIEL            saed90nm_max     
PLACE_optlc_30041         TIEL            saed90nm_max     
PLACE_optlc_30042         TIEL            saed90nm_max     
PLACE_optlc_30043         TIEL            saed90nm_max     
PLACE_optlc_30044         TIEL            saed90nm_max     
PLACE_optlc_30045         TIEL            saed90nm_max     
PLACE_optlc_30046         TIEL            saed90nm_max     
PLACE_optlc_30047         TIEL            saed90nm_max     
PLACE_optlc_30048         TIEL            saed90nm_max     
PLACE_optlc_30049         TIEL            saed90nm_max     
PLACE_optlc_30050         TIEL            saed90nm_max     
PLACE_optlc_30051         TIEL            saed90nm_max     
PLACE_optlc_30052         TIEL            saed90nm_max     
PLACE_optlc_30053         TIEL            saed90nm_max     
PLACE_optlc_30055         TIEL            saed90nm_max     
PLACE_optlc_30056         TIEL            saed90nm_max     
PLACE_optlc_30057         TIEL            saed90nm_max     
PLACE_optlc_30058         TIEL            saed90nm_max     
PLACE_optlc_30059         TIEL            saed90nm_max     
PLACE_optlc_30060         TIEL            saed90nm_max     
PLACE_optlc_30061         TIEL            saed90nm_max     
PLACE_optlc_30062         TIEL            saed90nm_max     
PLACE_optlc_30063         TIEL            saed90nm_max     
PLACE_optlc_30064         TIEL            saed90nm_max     
PLACE_optlc_30065         TIEL            saed90nm_max     
PLACE_optlc_30066         TIEL            saed90nm_max     
PLACE_optlc_30067         TIEL            saed90nm_max     
PLACE_optlc_30068         TIEL            saed90nm_max     
PLACE_optlc_30069         TIEL            saed90nm_max     
PLACE_optlc_30070         TIEL            saed90nm_max     
PLACE_optlc_30071         TIEL            saed90nm_max     
PLACE_optlc_30072         TIEL            saed90nm_max     
PLACE_optlc_30073         TIEL            saed90nm_max     
PLACE_optlc_30074         TIEL            saed90nm_max     
PLACE_optlc_30075         TIEL            saed90nm_max     
PLACE_optlc_30076         TIEL            saed90nm_max     
PLACE_optlc_30077         TIEL            saed90nm_max     
PLACE_optlc_30078         TIEL            saed90nm_max     
PLACE_optlc_30079         TIEL            saed90nm_max     
PLACE_optlc_30080         TIEL            saed90nm_max     
PLACE_optlc_30081         TIEL            saed90nm_max     
PLACE_optlc_30082         TIEL            saed90nm_max     
PLACE_optlc_30083         TIEL            saed90nm_max     
PLACE_optlc_30084         TIEL            saed90nm_max     
PLACE_optlc_30085         TIEL            saed90nm_max     
PLACE_optlc_30086         TIEL            saed90nm_max     
PLACE_optlc_30087         TIEL            saed90nm_max     
PLACE_optlc_30088         TIEL            saed90nm_max     
PLACE_optlc_30089         TIEL            saed90nm_max     
PLACE_optlc_30090         TIEL            saed90nm_max     
PLACE_optlc_30091         TIEL            saed90nm_max     
PLACE_optlc_30092         TIEL            saed90nm_max     
PLACE_optlc_30093         TIEL            saed90nm_max     
PLACE_optlc_30094         TIEL            saed90nm_max     
PLACE_optlc_30095         TIEL            saed90nm_max     
PLACE_optlc_30096         TIEL            saed90nm_max     
PLACE_optlc_30097         TIEL            saed90nm_max     
PLACE_optlc_30098         TIEL            saed90nm_max     
PLACE_optlc_30099         TIEL            saed90nm_max     
PLACE_optlc_30100         TIEL            saed90nm_max     
PLACE_optlc_30101         TIEL            saed90nm_max     
PLACE_optlc_30102         TIEL            saed90nm_max     
PLACE_optlc_30103         TIEL            saed90nm_max     
PLACE_optlc_30104         TIEL            saed90nm_max     
PLACE_optlc_30105         TIEL            saed90nm_max     
PLACE_optlc_30106         TIEL            saed90nm_max     
PLACE_optlc_30107         TIEL            saed90nm_max     
PLACE_optlc_30108         TIEL            saed90nm_max     
PLACE_optlc_30109         TIEL            saed90nm_max     
PLACE_optlc_30110         TIEL            saed90nm_max     
PLACE_optlc_30111         TIEL            saed90nm_max     
PLACE_optlc_30112         TIEL            saed90nm_max     
PLACE_optlc_30113         TIEL            saed90nm_max     
PLACE_optlc_30114         TIEL            saed90nm_max     
PLACE_optlc_30115         TIEL            saed90nm_max     
PLACE_optlc_30116         TIEL            saed90nm_max     
PLACE_optlc_30117         TIEL            saed90nm_max     
PLACE_optlc_30118         TIEL            saed90nm_max     
PLACE_optlc_30119         TIEL            saed90nm_max     
PLACE_optlc_30120         TIEL            saed90nm_max     
PLACE_optlc_30121         TIEL            saed90nm_max     
PLACE_optlc_30122         TIEL            saed90nm_max     
PLACE_optlc_30123         TIEL            saed90nm_max     
PLACE_optlc_30124         TIEL            saed90nm_max     
PLACE_optlc_30125         TIEL            saed90nm_max     
PLACE_optlc_30126         TIEL            saed90nm_max     
PLACE_optlc_30127         TIEL            saed90nm_max     
PLACE_optlc_30128         TIEL            saed90nm_max     
PLACE_optlc_30129         TIEL            saed90nm_max     
PLACE_optlc_30130         TIEL            saed90nm_max     
PLACE_optlc_30131         TIEL            saed90nm_max     
PLACE_optlc_30132         TIEL            saed90nm_max     
PLACE_optlc_30133         TIEL            saed90nm_max     
PLACE_optlc_30134         TIEL            saed90nm_max     
PLACE_optlc_30135         TIEL            saed90nm_max     
PLACE_optlc_30136         TIEL            saed90nm_max     
PLACE_optlc_30137         TIEL            saed90nm_max     
PLACE_optlc_30138         TIEL            saed90nm_max     
PLACE_optlc_30139         TIEL            saed90nm_max     
PLACE_optlc_30140         TIEL            saed90nm_max     
PLACE_optlc_30141         TIEL            saed90nm_max     
PLACE_optlc_30142         TIEL            saed90nm_max     
PLACE_optlc_30143         TIEL            saed90nm_max     
PLACE_optlc_30144         TIEL            saed90nm_max     
PLACE_optlc_30145         TIEL            saed90nm_max     
PLACE_optlc_30146         TIEL            saed90nm_max     
PLACE_optlc_30147         TIEL            saed90nm_max     
PLACE_optlc_30148         TIEL            saed90nm_max     
PLACE_optlc_30149         TIEL            saed90nm_max     
PLACE_optlc_30150         TIEL            saed90nm_max     
PLACE_optlc_30152         TIEL            saed90nm_max     
PLACE_optlc_30153         TIEL            saed90nm_max     
PLACE_optlc_30154         TIEL            saed90nm_max     
PLACE_optlc_30155         TIEL            saed90nm_max     
PLACE_optlc_30156         TIEL            saed90nm_max     
PLACE_optlc_30157         TIEL            saed90nm_max     
PLACE_optlc_30158         TIEL            saed90nm_max     
PLACE_optlc_30159         TIEL            saed90nm_max     
PLACE_optlc_30160         TIEL            saed90nm_max     
PLACE_optlc_30161         TIEL            saed90nm_max     
PLACE_optlc_30162         TIEL            saed90nm_max     
PLACE_optlc_30163         TIEL            saed90nm_max     
PLACE_optlc_30164         TIEL            saed90nm_max     
PLACE_optlc_30165         TIEL            saed90nm_max     
PLACE_optlc_30166         TIEL            saed90nm_max     
PLACE_optlc_30167         TIEL            saed90nm_max     
PLACE_optlc_30168         TIEL            saed90nm_max     
PLACE_optlc_30169         TIEL            saed90nm_max     
PLACE_optlc_30170         TIEL            saed90nm_max     
PLACE_optlc_30171         TIEL            saed90nm_max     
PLACE_optlc_30172         TIEL            saed90nm_max     
PLACE_optlc_30173         TIEL            saed90nm_max     
PLACE_optlc_30174         TIEL            saed90nm_max     
PLACE_optlc_30175         TIEL            saed90nm_max     
PLACE_optlc_30176         TIEL            saed90nm_max     
PLACE_optlc_30177         TIEL            saed90nm_max     
PLACE_optlc_30178         TIEL            saed90nm_max     
PLACE_optlc_30179         TIEL            saed90nm_max     
PLACE_optlc_30180         TIEL            saed90nm_max     
PLACE_optlc_30181         TIEL            saed90nm_max     
PLACE_optlc_30182         TIEL            saed90nm_max     
PLACE_optlc_30183         TIEL            saed90nm_max     
PLACE_optlc_30184         TIEL            saed90nm_max     
PLACE_optlc_30185         TIEL            saed90nm_max     
PLACE_optlc_30186         TIEL            saed90nm_max     
PLACE_optlc_30187         TIEL            saed90nm_max     
PLACE_optlc_30188         TIEL            saed90nm_max     
PLACE_optlc_30189         TIEL            saed90nm_max     
PLACE_optlc_30190         TIEL            saed90nm_max     
PLACE_optlc_30191         TIEL            saed90nm_max     
PLACE_optlc_30192         TIEL            saed90nm_max     
PLACE_optlc_30193         TIEL            saed90nm_max     
PLACE_optlc_30194         TIEL            saed90nm_max     
PLACE_optlc_30195         TIEL            saed90nm_max     
PLACE_optlc_30196         TIEL            saed90nm_max     
PLACE_optlc_30197         TIEL            saed90nm_max     
PLACE_optlc_30198         TIEL            saed90nm_max     
PLACE_optlc_30199         TIEL            saed90nm_max     
PLACE_optlc_30200         TIEL            saed90nm_max     
PLACE_optlc_30201         TIEL            saed90nm_max     
PLACE_optlc_30202         TIEL            saed90nm_max     
PLACE_optlc_30203         TIEL            saed90nm_max     
PLACE_optlc_30204         TIEL            saed90nm_max     
PLACE_optlc_30205         TIEL            saed90nm_max     
PLACE_optlc_30206         TIEL            saed90nm_max     
PLACE_optlc_30207         TIEL            saed90nm_max     
PLACE_optlc_30208         TIEL            saed90nm_max     
PLACE_optlc_30209         TIEL            saed90nm_max     
PLACE_optlc_30210         TIEL            saed90nm_max     
PLACE_optlc_30211         TIEL            saed90nm_max     
PLACE_optlc_30212         TIEL            saed90nm_max     
PLACE_optlc_30213         TIEL            saed90nm_max     
PLACE_optlc_30214         TIEL            saed90nm_max     
PLACE_optlc_30215         TIEL            saed90nm_max     
PLACE_optlc_30216         TIEL            saed90nm_max     
PLACE_optlc_30217         TIEL            saed90nm_max     
PLACE_optlc_30218         TIEL            saed90nm_max     
PLACE_optlc_30219         TIEL            saed90nm_max     
PLACE_optlc_30220         TIEL            saed90nm_max     
PLACE_optlc_30221         TIEL            saed90nm_max     
PLACE_optlc_30222         TIEL            saed90nm_max     
PLACE_optlc_30223         TIEL            saed90nm_max     
PLACE_optlc_30224         TIEL            saed90nm_max     
PLACE_optlc_30225         TIEL            saed90nm_max     
PLACE_optlc_30226         TIEL            saed90nm_max     
PLACE_optlc_30227         TIEL            saed90nm_max     
PLACE_optlc_30228         TIEL            saed90nm_max     
PLACE_optlc_30229         TIEL            saed90nm_max     
PLACE_optlc_30230         TIEL            saed90nm_max     
PLACE_optlc_30231         TIEL            saed90nm_max     
PLACE_optlc_30232         TIEL            saed90nm_max     
PLACE_optlc_30233         TIEL            saed90nm_max     
PLACE_optlc_30234         TIEL            saed90nm_max     
PLACE_optlc_30235         TIEL            saed90nm_max     
PLACE_optlc_30236         TIEL            saed90nm_max     
PLACE_optlc_30237         TIEL            saed90nm_max     
PLACE_optlc_30238         TIEL            saed90nm_max     
PLACE_optlc_30239         TIEL            saed90nm_max     
PLACE_optlc_30240         TIEL            saed90nm_max     
PLACE_optlc_30241         TIEL            saed90nm_max     
PLACE_optlc_30242         TIEL            saed90nm_max     
PLACE_optlc_30243         TIEL            saed90nm_max     
PLACE_optlc_30244         TIEL            saed90nm_max     
PLACE_optlc_30245         TIEL            saed90nm_max     
PLACE_optlc_30246         TIEL            saed90nm_max     
PLACE_optlc_30247         TIEL            saed90nm_max     
PLACE_optlc_30248         TIEL            saed90nm_max     
PLACE_optlc_30249         TIEL            saed90nm_max     
PLACE_optlc_30250         TIEL            saed90nm_max     
PLACE_optlc_30251         TIEL            saed90nm_max     
PLACE_optlc_30252         TIEL            saed90nm_max     
PLACE_optlc_30253         TIEL            saed90nm_max     
PLACE_optlc_30254         TIEL            saed90nm_max     
PLACE_optlc_30255         TIEL            saed90nm_max     
PLACE_optlc_30256         TIEL            saed90nm_max     
PLACE_optlc_30257         TIEL            saed90nm_max     
PLACE_optlc_30258         TIEL            saed90nm_max     
PLACE_optlc_30259         TIEL            saed90nm_max     
PLACE_optlc_30260         TIEL            saed90nm_max     
PLACE_optlc_30261         TIEL            saed90nm_max     
PLACE_optlc_30262         TIEL            saed90nm_max     
PLACE_optlc_30263         TIEL            saed90nm_max     
PLACE_optlc_30264         TIEL            saed90nm_max     
PLACE_optlc_30265         TIEL            saed90nm_max     
PLACE_optlc_30266         TIEL            saed90nm_max     
PLACE_optlc_30267         TIEL            saed90nm_max     
PLACE_optlc_30268         TIEL            saed90nm_max     
PLACE_optlc_30269         TIEL            saed90nm_max     
PLACE_optlc_30270         TIEL            saed90nm_max     
PLACE_optlc_30271         TIEL            saed90nm_max     
PLACE_optlc_30272         TIEL            saed90nm_max     
PLACE_optlc_30273         TIEL            saed90nm_max     
PLACE_optlc_30274         TIEL            saed90nm_max     
PLACE_optlc_30275         TIEL            saed90nm_max     
PLACE_optlc_30276         TIEL            saed90nm_max     
PLACE_optlc_30277         TIEL            saed90nm_max     
PLACE_optlc_30278         TIEL            saed90nm_max     
PLACE_optlc_30279         TIEL            saed90nm_max     
PLACE_optlc_30280         TIEL            saed90nm_max     
PLACE_optlc_30281         TIEL            saed90nm_max     
PLACE_optlc_30282         TIEL            saed90nm_max     
PLACE_optlc_30283         TIEL            saed90nm_max     
PLACE_optlc_30284         TIEL            saed90nm_max     
PLACE_optlc_30285         TIEL            saed90nm_max     
PLACE_optlc_30286         TIEL            saed90nm_max     
PLACE_optlc_30287         TIEL            saed90nm_max     
PLACE_optlc_30288         TIEL            saed90nm_max     
PLACE_optlc_30289         TIEL            saed90nm_max     
PLACE_optlc_30290         TIEL            saed90nm_max     
PLACE_optlc_30291         TIEL            saed90nm_max     
PLACE_optlc_30292         TIEL            saed90nm_max     
PLACE_optlc_30293         TIEL            saed90nm_max     
PLACE_optlc_30294         TIEL            saed90nm_max     
PLACE_optlc_30295         TIEL            saed90nm_max     
PLACE_optlc_30296         TIEL            saed90nm_max     
PLACE_optlc_30297         TIEL            saed90nm_max     
PLACE_optlc_30298         TIEL            saed90nm_max     
PLACE_optlc_30299         TIEL            saed90nm_max     
PLACE_optlc_30300         TIEL            saed90nm_max     
PLACE_optlc_30301         TIEL            saed90nm_max     
PLACE_optlc_30302         TIEL            saed90nm_max     
PLACE_optlc_30303         TIEL            saed90nm_max     
PLACE_optlc_30304         TIEL            saed90nm_max     
PLACE_optlc_30305         TIEL            saed90nm_max     
PLACE_optlc_30306         TIEL            saed90nm_max     
PLACE_optlc_30307         TIEL            saed90nm_max     
PLACE_optlc_30308         TIEL            saed90nm_max     
PLACE_optlc_30309         TIEL            saed90nm_max     
PLACE_optlc_30310         TIEL            saed90nm_max     
PLACE_optlc_30311         TIEL            saed90nm_max     
PLACE_optlc_30312         TIEL            saed90nm_max     
PLACE_optlc_30313         TIEL            saed90nm_max     
PLACE_optlc_30314         TIEL            saed90nm_max     
PLACE_optlc_30315         TIEL            saed90nm_max     
PLACE_optlc_30316         TIEL            saed90nm_max     
PLACE_optlc_30317         TIEL            saed90nm_max     
PLACE_optlc_30318         TIEL            saed90nm_max     
PLACE_optlc_30319         TIEL            saed90nm_max     
PLACE_optlc_30320         TIEL            saed90nm_max     
PLACE_optlc_30321         TIEL            saed90nm_max     
PLACE_optlc_30322         TIEL            saed90nm_max     
PLACE_optlc_30323         TIEL            saed90nm_max     
PLACE_optlc_30324         TIEL            saed90nm_max     
PLACE_optlc_30325         TIEL            saed90nm_max     
PLACE_optlc_30326         TIEL            saed90nm_max     
PLACE_optlc_30327         TIEL            saed90nm_max     
PLACE_optlc_30328         TIEL            saed90nm_max     
PLACE_optlc_30329         TIEL            saed90nm_max     
PLACE_optlc_30330         TIEL            saed90nm_max     
PLACE_optlc_30331         TIEL            saed90nm_max     
PLACE_optlc_30332         TIEL            saed90nm_max     
PLACE_optlc_30333         TIEL            saed90nm_max     
PLACE_optlc_30334         TIEL            saed90nm_max     
PLACE_optlc_30335         TIEL            saed90nm_max     
PLACE_optlc_30336         TIEL            saed90nm_max     
PLACE_optlc_30337         TIEL            saed90nm_max     
PLACE_optlc_30338         TIEL            saed90nm_max     
PLACE_optlc_30339         TIEL            saed90nm_max     
PLACE_optlc_30340         TIEL            saed90nm_max     
PLACE_optlc_30341         TIEL            saed90nm_max     
PLACE_optlc_30342         TIEL            saed90nm_max     
PLACE_optlc_30343         TIEL            saed90nm_max     
PLACE_optlc_30344         TIEL            saed90nm_max     
PLACE_optlc_30345         TIEL            saed90nm_max     
PLACE_optlc_30346         TIEL            saed90nm_max     
PLACE_optlc_30347         TIEL            saed90nm_max     
PLACE_optlc_30348         TIEL            saed90nm_max     
PLACE_optlc_30349         TIEL            saed90nm_max     
PLACE_optlc_30350         TIEL            saed90nm_max     
PLACE_optlc_30351         TIEL            saed90nm_max     
PLACE_optlc_30352         TIEL            saed90nm_max     
PLACE_optlc_30353         TIEL            saed90nm_max     
PLACE_optlc_30354         TIEL            saed90nm_max     
PLACE_optlc_30355         TIEL            saed90nm_max     
PLACE_optlc_30356         TIEL            saed90nm_max     
PLACE_optlc_30357         TIEL            saed90nm_max     
PLACE_optlc_30358         TIEL            saed90nm_max     
PLACE_optlc_30359         TIEL            saed90nm_max     
PLACE_optlc_30360         TIEL            saed90nm_max     
PLACE_optlc_30361         TIEL            saed90nm_max     
PLACE_optlc_30362         TIEL            saed90nm_max     
PLACE_optlc_30363         TIEL            saed90nm_max     
PLACE_optlc_30364         TIEL            saed90nm_max     
PLACE_optlc_30365         TIEL            saed90nm_max     
PLACE_optlc_30366         TIEL            saed90nm_max     
PLACE_optlc_30367         TIEL            saed90nm_max     
PLACE_optlc_30368         TIEL            saed90nm_max     
PLACE_optlc_30369         TIEL            saed90nm_max     
PLACE_optlc_30370         TIEL            saed90nm_max     
PLACE_optlc_30371         TIEL            saed90nm_max     
PLACE_optlc_30372         TIEL            saed90nm_max     
PLACE_optlc_30373         TIEL            saed90nm_max     
PLACE_optlc_30374         TIEL            saed90nm_max     
PLACE_optlc_30375         TIEL            saed90nm_max     
PLACE_optlc_30376         TIEL            saed90nm_max     
PLACE_optlc_30377         TIEL            saed90nm_max     
PLACE_optlc_30378         TIEL            saed90nm_max     
PLACE_optlc_30379         TIEL            saed90nm_max     
PLACE_optlc_30380         TIEL            saed90nm_max     
PLACE_optlc_30381         TIEL            saed90nm_max     
PLACE_optlc_30382         TIEL            saed90nm_max     
PLACE_optlc_30383         TIEL            saed90nm_max     
PLACE_optlc_30384         TIEL            saed90nm_max     
PLACE_optlc_30385         TIEL            saed90nm_max     
PLACE_optlc_30386         TIEL            saed90nm_max     
PLACE_optlc_30387         TIEL            saed90nm_max     
PLACE_optlc_30388         TIEL            saed90nm_max     
PLACE_optlc_30389         TIEL            saed90nm_max     
PLACE_optlc_30390         TIEL            saed90nm_max     
PLACE_optlc_30391         TIEL            saed90nm_max     
PLACE_optlc_30392         TIEL            saed90nm_max     
PLACE_optlc_30393         TIEL            saed90nm_max     
PLACE_optlc_30394         TIEL            saed90nm_max     
PLACE_optlc_30395         TIEL            saed90nm_max     
PLACE_optlc_30396         TIEL            saed90nm_max     
PLACE_optlc_30397         TIEL            saed90nm_max     
PLACE_optlc_30398         TIEL            saed90nm_max     
PLACE_optlc_30399         TIEL            saed90nm_max     
PLACE_optlc_30400         TIEL            saed90nm_max     
PLACE_optlc_30401         TIEL            saed90nm_max     
PLACE_optlc_30402         TIEL            saed90nm_max     
PLACE_optlc_30403         TIEL            saed90nm_max     
PLACE_optlc_30404         TIEL            saed90nm_max     
PLACE_optlc_30405         TIEL            saed90nm_max     
PLACE_optlc_30406         TIEL            saed90nm_max     
PLACE_optlc_30407         TIEL            saed90nm_max     
PLACE_optlc_30408         TIEL            saed90nm_max     
PLACE_optlc_30409         TIEL            saed90nm_max     
PLACE_optlc_30410         TIEL            saed90nm_max     
PLACE_optlc_30411         TIEL            saed90nm_max     
PLACE_optlc_30412         TIEL            saed90nm_max     
PLACE_optlc_30413         TIEL            saed90nm_max     
PLACE_optlc_30414         TIEL            saed90nm_max     
PLACE_optlc_30415         TIEL            saed90nm_max     
PLACE_optlc_30416         TIEL            saed90nm_max     
PLACE_optlc_30417         TIEL            saed90nm_max     
PLACE_optlc_30418         TIEL            saed90nm_max     
PLACE_optlc_30419         TIEL            saed90nm_max     
PLACE_optlc_30420         TIEL            saed90nm_max     
PLACE_optlc_30421         TIEL            saed90nm_max     
PLACE_optlc_30422         TIEL            saed90nm_max     
PLACE_optlc_30423         TIEL            saed90nm_max     
PLACE_optlc_30424         TIEL            saed90nm_max     
PLACE_optlc_30425         TIEL            saed90nm_max     
PLACE_optlc_30426         TIEL            saed90nm_max     
PLACE_optlc_30427         TIEL            saed90nm_max     
PLACE_optlc_30428         TIEL            saed90nm_max     
PLACE_optlc_30429         TIEL            saed90nm_max     
PLACE_optlc_30430         TIEL            saed90nm_max     
PLACE_optlc_30431         TIEL            saed90nm_max     
PLACE_optlc_30432         TIEL            saed90nm_max     
PLACE_optlc_30433         TIEL            saed90nm_max     
PLACE_optlc_30434         TIEL            saed90nm_max     
PLACE_optlc_30435         TIEL            saed90nm_max     
PLACE_optlc_30436         TIEL            saed90nm_max     
PLACE_optlc_30437         TIEL            saed90nm_max     
PLACE_optlc_30438         TIEL            saed90nm_max     
PLACE_optlc_30439         TIEL            saed90nm_max     
PLACE_optlc_30440         TIEL            saed90nm_max     
PLACE_optlc_30441         TIEL            saed90nm_max     
PLACE_optlc_30442         TIEL            saed90nm_max     
PLACE_optlc_30443         TIEL            saed90nm_max     
PLACE_optlc_30444         TIEL            saed90nm_max     
PLACE_optlc_30445         TIEL            saed90nm_max     
PLACE_optlc_30446         TIEL            saed90nm_max     
PLACE_optlc_30447         TIEL            saed90nm_max     
PLACE_optlc_30448         TIEL            saed90nm_max     
PLACE_optlc_30449         TIEL            saed90nm_max     
PLACE_optlc_30450         TIEL            saed90nm_max     
PLACE_optlc_30451         TIEL            saed90nm_max     
PLACE_optlc_30452         TIEL            saed90nm_max     
PLACE_optlc_30453         TIEL            saed90nm_max     
PLACE_optlc_30454         TIEL            saed90nm_max     
PLACE_optlc_30455         TIEL            saed90nm_max     
PLACE_optlc_30456         TIEL            saed90nm_max     
PLACE_optlc_30457         TIEL            saed90nm_max     
PLACE_optlc_30458         TIEL            saed90nm_max     
PLACE_optlc_30459         TIEL            saed90nm_max     
PLACE_optlc_30460         TIEL            saed90nm_max     
PLACE_optlc_30461         TIEL            saed90nm_max     
PLACE_optlc_30462         TIEL            saed90nm_max     
PLACE_optlc_30463         TIEL            saed90nm_max     
PLACE_optlc_30464         TIEL            saed90nm_max     
PLACE_optlc_30465         TIEL            saed90nm_max     
PLACE_optlc_30466         TIEL            saed90nm_max     
PLACE_optlc_30467         TIEL            saed90nm_max     
PLACE_optlc_30468         TIEL            saed90nm_max     
PLACE_optlc_30469         TIEL            saed90nm_max     
PLACE_optlc_30470         TIEL            saed90nm_max     
PLACE_optlc_30471         TIEL            saed90nm_max     
PLACE_optlc_30472         TIEL            saed90nm_max     
PLACE_optlc_30473         TIEL            saed90nm_max     
PLACE_optlc_30474         TIEL            saed90nm_max     
PLACE_optlc_30475         TIEL            saed90nm_max     
PLACE_optlc_30476         TIEL            saed90nm_max     
PLACE_optlc_30477         TIEL            saed90nm_max     
PLACE_optlc_30478         TIEL            saed90nm_max     
PLACE_optlc_30479         TIEL            saed90nm_max     
PLACE_optlc_30480         TIEL            saed90nm_max     
PLACE_optlc_30481         TIEL            saed90nm_max     
PLACE_optlc_30482         TIEL            saed90nm_max     
PLACE_optlc_30483         TIEL            saed90nm_max     
PLACE_optlc_30484         TIEL            saed90nm_max     
PLACE_optlc_30485         TIEL            saed90nm_max     
PLACE_optlc_30486         TIEL            saed90nm_max     
PLACE_optlc_30487         TIEL            saed90nm_max     
PLACE_optlc_30488         TIEL            saed90nm_max     
PLACE_optlc_30489         TIEL            saed90nm_max     
PLACE_optlc_30490         TIEL            saed90nm_max     
PLACE_optlc_30491         TIEL            saed90nm_max     
PLACE_optlc_30492         TIEL            saed90nm_max     
PLACE_optlc_30493         TIEL            saed90nm_max     
PLACE_optlc_30494         TIEL            saed90nm_max     
PLACE_optlc_30495         TIEL            saed90nm_max     
PLACE_optlc_30496         TIEL            saed90nm_max     
PLACE_optlc_30497         TIEL            saed90nm_max     
PLACE_optlc_30498         TIEL            saed90nm_max     
PLACE_optlc_30499         TIEL            saed90nm_max     
PLACE_optlc_30500         TIEL            saed90nm_max     
PLACE_optlc_30501         TIEL            saed90nm_max     
PLACE_optlc_30502         TIEL            saed90nm_max     
PLACE_optlc_30503         TIEL            saed90nm_max     
PLACE_optlc_30504         TIEL            saed90nm_max     
PLACE_optlc_30505         TIEL            saed90nm_max     
PLACE_optlc_30506         TIEL            saed90nm_max     
PLACE_optlc_30507         TIEL            saed90nm_max     
PLACE_optlc_30508         TIEL            saed90nm_max     
PLACE_optlc_30509         TIEL            saed90nm_max     
PLACE_optlc_30510         TIEL            saed90nm_max     
PLACE_optlc_30511         TIEL            saed90nm_max     
PLACE_optlc_30512         TIEL            saed90nm_max     
PLACE_optlc_30513         TIEL            saed90nm_max     
PLACE_optlc_30514         TIEL            saed90nm_max     
PLACE_optlc_30515         TIEL            saed90nm_max     
PLACE_optlc_30516         TIEL            saed90nm_max     
PLACE_optlc_30517         TIEL            saed90nm_max     
PLACE_optlc_30518         TIEL            saed90nm_max     
PLACE_optlc_30519         TIEL            saed90nm_max     
PLACE_optlc_30520         TIEL            saed90nm_max     
PLACE_optlc_30521         TIEL            saed90nm_max     
PLACE_optlc_30522         TIEL            saed90nm_max     
PLACE_optlc_30523         TIEL            saed90nm_max     
PLACE_optlc_30524         TIEL            saed90nm_max     
PLACE_optlc_30525         TIEL            saed90nm_max     
PLACE_optlc_30526         TIEL            saed90nm_max     
PLACE_optlc_30527         TIEL            saed90nm_max     
PLACE_optlc_30528         TIEL            saed90nm_max     
PLACE_optlc_30529         TIEL            saed90nm_max     
PLACE_optlc_30530         TIEL            saed90nm_max     
PLACE_optlc_30531         TIEL            saed90nm_max     
PLACE_optlc_30532         TIEL            saed90nm_max     
PLACE_optlc_30533         TIEL            saed90nm_max     
PLACE_optlc_30534         TIEL            saed90nm_max     
PLACE_optlc_30535         TIEL            saed90nm_max     
PLACE_optlc_30536         TIEL            saed90nm_max     
PLACE_optlc_30537         TIEL            saed90nm_max     
PLACE_optlc_30538         TIEL            saed90nm_max     
PLACE_optlc_30539         TIEL            saed90nm_max     
PLACE_optlc_30540         TIEL            saed90nm_max     
PLACE_optlc_30541         TIEL            saed90nm_max     
PLACE_optlc_30542         TIEL            saed90nm_max     
PLACE_optlc_30543         TIEL            saed90nm_max     
PLACE_optlc_30544         TIEL            saed90nm_max     
PLACE_optlc_30545         TIEL            saed90nm_max     
PLACE_optlc_30546         TIEL            saed90nm_max     
PLACE_optlc_30547         TIEL            saed90nm_max     
PLACE_optlc_30548         TIEL            saed90nm_max     
PLACE_optlc_30549         TIEL            saed90nm_max     
PLACE_optlc_30550         TIEL            saed90nm_max     
PLACE_optlc_30551         TIEL            saed90nm_max     
PLACE_optlc_30552         TIEL            saed90nm_max     
PLACE_optlc_30553         TIEL            saed90nm_max     
PLACE_optlc_30554         TIEL            saed90nm_max     
PLACE_optlc_30555         TIEL            saed90nm_max     
PLACE_optlc_30556         TIEL            saed90nm_max     
PLACE_optlc_30557         TIEL            saed90nm_max     
PLACE_optlc_30558         TIEL            saed90nm_max     
PLACE_optlc_30559         TIEL            saed90nm_max     
PLACE_optlc_30560         TIEL            saed90nm_max     
PLACE_optlc_30561         TIEL            saed90nm_max     
PLACE_optlc_30562         TIEL            saed90nm_max     
PLACE_optlc_30563         TIEL            saed90nm_max     
PLACE_optlc_30564         TIEL            saed90nm_max     
PLACE_optlc_30565         TIEL            saed90nm_max     
PLACE_optlc_30566         TIEL            saed90nm_max     
PLACE_optlc_30567         TIEL            saed90nm_max     
PLACE_optlc_30568         TIEL            saed90nm_max     
PLACE_optlc_30569         TIEL            saed90nm_max     
PLACE_optlc_30570         TIEL            saed90nm_max     
PLACE_optlc_30571         TIEL            saed90nm_max     
PLACE_optlc_30572         TIEL            saed90nm_max     
PLACE_optlc_30573         TIEL            saed90nm_max     
PLACE_optlc_30574         TIEL            saed90nm_max     
PLACE_optlc_30575         TIEL            saed90nm_max     
PLACE_optlc_30576         TIEL            saed90nm_max     
PLACE_optlc_30577         TIEL            saed90nm_max     
PLACE_optlc_30578         TIEL            saed90nm_max     
PLACE_optlc_30579         TIEL            saed90nm_max     
PLACE_optlc_30580         TIEL            saed90nm_max     
PLACE_optlc_30581         TIEL            saed90nm_max     
PLACE_optlc_30582         TIEL            saed90nm_max     
PLACE_optlc_30583         TIEL            saed90nm_max     
PLACE_optlc_30584         TIEL            saed90nm_max     
PLACE_optlc_30585         TIEL            saed90nm_max     
PLACE_optlc_30586         TIEL            saed90nm_max     
PLACE_optlc_30587         TIEL            saed90nm_max     
PLACE_optlc_30588         TIEL            saed90nm_max     
PLACE_optlc_30589         TIEL            saed90nm_max     
PLACE_optlc_30590         TIEL            saed90nm_max     
PLACE_optlc_30591         TIEL            saed90nm_max     
PLACE_optlc_30592         TIEL            saed90nm_max     
PLACE_optlc_30593         TIEL            saed90nm_max     
PLACE_optlc_30594         TIEL            saed90nm_max     
PLACE_optlc_30595         TIEL            saed90nm_max     
PLACE_optlc_30596         TIEL            saed90nm_max     
PLACE_optlc_30597         TIEL            saed90nm_max     
PLACE_optlc_30598         TIEL            saed90nm_max     
PLACE_optlc_30599         TIEL            saed90nm_max     
PLACE_optlc_30600         TIEL            saed90nm_max     
PLACE_optlc_30601         TIEL            saed90nm_max     
PLACE_optlc_30602         TIEL            saed90nm_max     
PLACE_optlc_30603         TIEL            saed90nm_max     
PLACE_optlc_30604         TIEL            saed90nm_max     
PLACE_optlc_30605         TIEL            saed90nm_max     
PLACE_optlc_30606         TIEL            saed90nm_max     
PLACE_optlc_30607         TIEL            saed90nm_max     
PLACE_optlc_30608         TIEL            saed90nm_max     
PLACE_optlc_30609         TIEL            saed90nm_max     
PLACE_optlc_30610         TIEL            saed90nm_max     
PLACE_optlc_30611         TIEL            saed90nm_max     
PLACE_optlc_30612         TIEL            saed90nm_max     
PLACE_optlc_30613         TIEL            saed90nm_max     
PLACE_optlc_30614         TIEL            saed90nm_max     
PLACE_optlc_30615         TIEL            saed90nm_max     
PLACE_optlc_30616         TIEL            saed90nm_max     
PLACE_optlc_30617         TIEL            saed90nm_max     
PLACE_optlc_30618         TIEL            saed90nm_max     
PLACE_optlc_30619         TIEL            saed90nm_max     
PLACE_optlc_30620         TIEL            saed90nm_max     
PLACE_optlc_30621         TIEL            saed90nm_max     
PLACE_optlc_30622         TIEL            saed90nm_max     
PLACE_optlc_30623         TIEL            saed90nm_max     
PLACE_optlc_30624         TIEL            saed90nm_max     
PLACE_optlc_30625         TIEL            saed90nm_max     
PLACE_optlc_30626         TIEL            saed90nm_max     
PLACE_optlc_30627         TIEL            saed90nm_max     
PLACE_optlc_30628         TIEL            saed90nm_max     
PLACE_optlc_30629         TIEL            saed90nm_max     
PLACE_optlc_30630         TIEL            saed90nm_max     
PLACE_optlc_30631         TIEL            saed90nm_max     
PLACE_optlc_30632         TIEL            saed90nm_max     
PLACE_optlc_30633         TIEL            saed90nm_max     
PLACE_optlc_30634         TIEL            saed90nm_max     
PLACE_optlc_30635         TIEL            saed90nm_max     
PLACE_optlc_30636         TIEL            saed90nm_max     
PLACE_optlc_30637         TIEL            saed90nm_max     
PLACE_optlc_30638         TIEL            saed90nm_max     
PLACE_optlc_30639         TIEL            saed90nm_max     
PLACE_optlc_30640         TIEL            saed90nm_max     
PLACE_optlc_30641         TIEL            saed90nm_max     
PLACE_optlc_30642         TIEL            saed90nm_max     
PLACE_optlc_30643         TIEL            saed90nm_max     
PLACE_optlc_30644         TIEL            saed90nm_max     
PLACE_optlc_30645         TIEL            saed90nm_max     
PLACE_optlc_30646         TIEL            saed90nm_max     
PLACE_optlc_30647         TIEL            saed90nm_max     
PLACE_optlc_30648         TIEL            saed90nm_max     
PLACE_optlc_30649         TIEL            saed90nm_max     
PLACE_optlc_30650         TIEL            saed90nm_max     
PLACE_optlc_30651         TIEL            saed90nm_max     
PLACE_optlc_30652         TIEL            saed90nm_max     
PLACE_optlc_30653         TIEL            saed90nm_max     
PLACE_optlc_30655         TIEL            saed90nm_max     
PLACE_optlc_30656         TIEL            saed90nm_max     
PLACE_optlc_30657         TIEL            saed90nm_max     
PLACE_optlc_30658         TIEL            saed90nm_max     
PLACE_optlc_30659         TIEL            saed90nm_max     
PLACE_optlc_30660         TIEL            saed90nm_max     
PLACE_optlc_30661         TIEL            saed90nm_max     
PLACE_optlc_30662         TIEL            saed90nm_max     
PLACE_optlc_30663         TIEL            saed90nm_max     
PLACE_optlc_30664         TIEL            saed90nm_max     
PLACE_optlc_30665         TIEL            saed90nm_max     
PLACE_optlc_30666         TIEL            saed90nm_max     
PLACE_optlc_30667         TIEL            saed90nm_max     
PLACE_optlc_30668         TIEL            saed90nm_max     
PLACE_optlc_30669         TIEL            saed90nm_max     
PLACE_optlc_30670         TIEL            saed90nm_max     
PLACE_optlc_30671         TIEL            saed90nm_max     
PLACE_optlc_30672         TIEL            saed90nm_max     
PLACE_optlc_30673         TIEL            saed90nm_max     
PLACE_optlc_30674         TIEL            saed90nm_max     
PLACE_optlc_30675         TIEL            saed90nm_max     
PLACE_optlc_30676         TIEL            saed90nm_max     
PLACE_optlc_30677         TIEL            saed90nm_max     
PLACE_optlc_30678         TIEL            saed90nm_max     
PLACE_optlc_30679         TIEL            saed90nm_max     
PLACE_optlc_30680         TIEL            saed90nm_max     
PLACE_optlc_30681         TIEL            saed90nm_max     
PLACE_optlc_30682         TIEL            saed90nm_max     
PLACE_optlc_30683         TIEL            saed90nm_max     
PLACE_optlc_30684         TIEL            saed90nm_max     
PLACE_optlc_30685         TIEL            saed90nm_max     
PLACE_optlc_30686         TIEL            saed90nm_max     
PLACE_optlc_30687         TIEL            saed90nm_max     
PLACE_optlc_30688         TIEL            saed90nm_max     
PLACE_optlc_30689         TIEL            saed90nm_max     
PLACE_optlc_30690         TIEL            saed90nm_max     
PLACE_optlc_30691         TIEL            saed90nm_max     
PLACE_optlc_30692         TIEL            saed90nm_max     
PLACE_optlc_30693         TIEL            saed90nm_max     
PLACE_optlc_30694         TIEL            saed90nm_max     
PLACE_optlc_30695         TIEL            saed90nm_max     
PLACE_optlc_30696         TIEL            saed90nm_max     
PLACE_optlc_30697         TIEL            saed90nm_max     
PLACE_optlc_30698         TIEL            saed90nm_max     
PLACE_optlc_30699         TIEL            saed90nm_max     
PLACE_optlc_30700         TIEL            saed90nm_max     
PLACE_optlc_30701         TIEL            saed90nm_max     
PLACE_optlc_30702         TIEL            saed90nm_max     
PLACE_optlc_30703         TIEL            saed90nm_max     
PLACE_optlc_30704         TIEL            saed90nm_max     
PLACE_optlc_30705         TIEL            saed90nm_max     
PLACE_optlc_30706         TIEL            saed90nm_max     
PLACE_optlc_30707         TIEL            saed90nm_max     
PLACE_optlc_30708         TIEL            saed90nm_max     
PLACE_optlc_30709         TIEL            saed90nm_max     
PLACE_optlc_30710         TIEL            saed90nm_max     
PLACE_optlc_30711         TIEL            saed90nm_max     
PLACE_optlc_30712         TIEL            saed90nm_max     
PLACE_optlc_30713         TIEL            saed90nm_max     
PLACE_optlc_30714         TIEL            saed90nm_max     
PLACE_optlc_30715         TIEL            saed90nm_max     
PLACE_optlc_30716         TIEL            saed90nm_max     
PLACE_optlc_30717         TIEL            saed90nm_max     
PLACE_optlc_30718         TIEL            saed90nm_max     
PLACE_optlc_30719         TIEL            saed90nm_max     
PLACE_optlc_30720         TIEL            saed90nm_max     
PLACE_optlc_30721         TIEL            saed90nm_max     
PLACE_optlc_30722         TIEL            saed90nm_max     
PLACE_optlc_30723         TIEL            saed90nm_max     
PLACE_optlc_30724         TIEL            saed90nm_max     
PLACE_optlc_30725         TIEL            saed90nm_max     
PLACE_optlc_30726         TIEL            saed90nm_max     
PLACE_optlc_30727         TIEL            saed90nm_max     
PLACE_optlc_30728         TIEL            saed90nm_max     
PLACE_optlc_30729         TIEL            saed90nm_max     
PLACE_optlc_30730         TIEL            saed90nm_max     
PLACE_optlc_30731         TIEL            saed90nm_max     
PLACE_optlc_30732         TIEL            saed90nm_max     
PLACE_optlc_30733         TIEL            saed90nm_max     
PLACE_optlc_30734         TIEL            saed90nm_max     
PLACE_optlc_30735         TIEL            saed90nm_max     
PLACE_optlc_30736         TIEL            saed90nm_max     
PLACE_optlc_30737         TIEL            saed90nm_max     
PLACE_optlc_30738         TIEL            saed90nm_max     
PLACE_optlc_30739         TIEL            saed90nm_max     
PLACE_optlc_30740         TIEL            saed90nm_max     
PLACE_optlc_30741         TIEL            saed90nm_max     
PLACE_optlc_30742         TIEL            saed90nm_max     
PLACE_optlc_30743         TIEL            saed90nm_max     
PLACE_optlc_30744         TIEL            saed90nm_max     
PLACE_optlc_30745         TIEL            saed90nm_max     
PLACE_optlc_30746         TIEL            saed90nm_max     
PLACE_optlc_30748         TIEL            saed90nm_max     
PLACE_optlc_30749         TIEL            saed90nm_max     
PLACE_optlc_30750         TIEL            saed90nm_max     
PLACE_optlc_30751         TIEL            saed90nm_max     
PLACE_optlc_30752         TIEL            saed90nm_max     
PLACE_optlc_30753         TIEL            saed90nm_max     
PLACE_optlc_30754         TIEL            saed90nm_max     
PLACE_optlc_30755         TIEL            saed90nm_max     
PLACE_optlc_30756         TIEL            saed90nm_max     
PLACE_optlc_30757         TIEL            saed90nm_max     
PLACE_optlc_30758         TIEL            saed90nm_max     
PLACE_optlc_30759         TIEL            saed90nm_max     
PLACE_optlc_30760         TIEL            saed90nm_max     
PLACE_optlc_30761         TIEL            saed90nm_max     
PLACE_optlc_30762         TIEL            saed90nm_max     
PLACE_optlc_30763         TIEL            saed90nm_max     
PLACE_optlc_30764         TIEL            saed90nm_max     
PLACE_optlc_30765         TIEL            saed90nm_max     
PLACE_optlc_30766         TIEL            saed90nm_max     
PLACE_optlc_30767         TIEL            saed90nm_max     
PLACE_optlc_30768         TIEL            saed90nm_max     
PLACE_optlc_30769         TIEL            saed90nm_max     
PLACE_optlc_30770         TIEL            saed90nm_max     
PLACE_optlc_30771         TIEL            saed90nm_max     
PLACE_optlc_30772         TIEL            saed90nm_max     
PLACE_optlc_30773         TIEL            saed90nm_max     
PLACE_optlc_30774         TIEL            saed90nm_max     
PLACE_optlc_30775         TIEL            saed90nm_max     
PLACE_optlc_30776         TIEL            saed90nm_max     
PLACE_optlc_30777         TIEL            saed90nm_max     
PLACE_optlc_30778         TIEL            saed90nm_max     
PLACE_optlc_30779         TIEL            saed90nm_max     
PLACE_optlc_30780         TIEL            saed90nm_max     
PLACE_optlc_30781         TIEL            saed90nm_max     
PLACE_optlc_30782         TIEL            saed90nm_max     
PLACE_optlc_30783         TIEL            saed90nm_max     
PLACE_optlc_30784         TIEL            saed90nm_max     
PLACE_optlc_30785         TIEL            saed90nm_max     
PLACE_optlc_30786         TIEL            saed90nm_max     
PLACE_optlc_30787         TIEL            saed90nm_max     
PLACE_optlc_30788         TIEL            saed90nm_max     
PLACE_optlc_30789         TIEL            saed90nm_max     
PLACE_optlc_30790         TIEL            saed90nm_max     
PLACE_optlc_30791         TIEL            saed90nm_max     
PLACE_optlc_30793         TIEL            saed90nm_max     
PLACE_optlc_30794         TIEL            saed90nm_max     
PLACE_optlc_30795         TIEL            saed90nm_max     
PLACE_optlc_30796         TIEL            saed90nm_max     
PLACE_optlc_30797         TIEL            saed90nm_max     
PLACE_optlc_30798         TIEL            saed90nm_max     
PLACE_optlc_30799         TIEL            saed90nm_max     
PLACE_optlc_30800         TIEL            saed90nm_max     
PLACE_optlc_30801         TIEL            saed90nm_max     
PLACE_optlc_30802         TIEL            saed90nm_max     
PLACE_optlc_30803         TIEL            saed90nm_max     
PLACE_optlc_30804         TIEL            saed90nm_max     
PLACE_optlc_30805         TIEL            saed90nm_max     
PLACE_optlc_30806         TIEL            saed90nm_max     
PLACE_optlc_30807         TIEL            saed90nm_max     
PLACE_optlc_30808         TIEL            saed90nm_max     
PLACE_optlc_30809         TIEL            saed90nm_max     
PLACE_optlc_30810         TIEL            saed90nm_max     
PLACE_optlc_30811         TIEL            saed90nm_max     
PLACE_optlc_30812         TIEL            saed90nm_max     
PLACE_optlc_30813         TIEL            saed90nm_max     
PLACE_optlc_30814         TIEL            saed90nm_max     
PLACE_optlc_30815         TIEL            saed90nm_max     
PLACE_optlc_30816         TIEL            saed90nm_max     
PLACE_optlc_30817         TIEL            saed90nm_max     
PLACE_optlc_30818         TIEL            saed90nm_max     
PLACE_optlc_30819         TIEL            saed90nm_max     
PLACE_optlc_30820         TIEL            saed90nm_max     
PLACE_optlc_30821         TIEL            saed90nm_max     
PLACE_optlc_30822         TIEL            saed90nm_max     
PLACE_optlc_30823         TIEL            saed90nm_max     
PLACE_optlc_30824         TIEL            saed90nm_max     
PLACE_optlc_30825         TIEL            saed90nm_max     
PLACE_optlc_30826         TIEL            saed90nm_max     
PLACE_optlc_30827         TIEL            saed90nm_max     
PLACE_optlc_30828         TIEL            saed90nm_max     
PLACE_optlc_30829         TIEL            saed90nm_max     
PLACE_optlc_30830         TIEL            saed90nm_max     
PLACE_optlc_30831         TIEL            saed90nm_max     
PLACE_optlc_30832         TIEL            saed90nm_max     
PLACE_optlc_30833         TIEL            saed90nm_max     
PLACE_optlc_30834         TIEL            saed90nm_max     
PLACE_optlc_30835         TIEL            saed90nm_max     
PLACE_optlc_30836         TIEL            saed90nm_max     
PLACE_optlc_30837         TIEL            saed90nm_max     
PLACE_optlc_30838         TIEL            saed90nm_max     
PLACE_optlc_30839         TIEL            saed90nm_max     
PLACE_optlc_30840         TIEL            saed90nm_max     
PLACE_optlc_30841         TIEL            saed90nm_max     
PLACE_optlc_30842         TIEL            saed90nm_max     
PLACE_optlc_30843         TIEL            saed90nm_max     
PLACE_optlc_30844         TIEL            saed90nm_max     
PLACE_optlc_30845         TIEL            saed90nm_max     
PLACE_optlc_30846         TIEL            saed90nm_max     
PLACE_optlc_30847         TIEL            saed90nm_max     
PLACE_optlc_30848         TIEL            saed90nm_max     
PLACE_optlc_30849         TIEL            saed90nm_max     
PLACE_optlc_30850         TIEL            saed90nm_max     
PLACE_optlc_30851         TIEL            saed90nm_max     
PLACE_optlc_30852         TIEL            saed90nm_max     
PLACE_optlc_30853         TIEL            saed90nm_max     
PLACE_optlc_30854         TIEL            saed90nm_max     
PLACE_optlc_30855         TIEL            saed90nm_max     
PLACE_optlc_30856         TIEL            saed90nm_max     
PLACE_optlc_30857         TIEL            saed90nm_max     
PLACE_optlc_30858         TIEL            saed90nm_max     
PLACE_optlc_30859         TIEL            saed90nm_max     
PLACE_optlc_30860         TIEL            saed90nm_max     
PLACE_optlc_30861         TIEL            saed90nm_max     
PLACE_optlc_30862         TIEL            saed90nm_max     
PLACE_optlc_30863         TIEL            saed90nm_max     
PLACE_optlc_30864         TIEL            saed90nm_max     
PLACE_optlc_30865         TIEL            saed90nm_max     
PLACE_optlc_30866         TIEL            saed90nm_max     
PLACE_optlc_30867         TIEL            saed90nm_max     
PLACE_optlc_30868         TIEL            saed90nm_max     
PLACE_optlc_30869         TIEL            saed90nm_max     
PLACE_optlc_30870         TIEL            saed90nm_max     
PLACE_optlc_30871         TIEL            saed90nm_max     
PLACE_optlc_30872         TIEL            saed90nm_max     
PLACE_optlc_30873         TIEL            saed90nm_max     
PLACE_optlc_30874         TIEL            saed90nm_max     
PLACE_optlc_30875         TIEL            saed90nm_max     
PLACE_optlc_30876         TIEL            saed90nm_max     
PLACE_optlc_30877         TIEL            saed90nm_max     
PLACE_optlc_30878         TIEL            saed90nm_max     
PLACE_optlc_30879         TIEL            saed90nm_max     
PLACE_optlc_30880         TIEL            saed90nm_max     
PLACE_optlc_30881         TIEL            saed90nm_max     
PLACE_optlc_30882         TIEL            saed90nm_max     
PLACE_optlc_30883         TIEL            saed90nm_max     
PLACE_optlc_30884         TIEL            saed90nm_max     
PLACE_optlc_30885         TIEL            saed90nm_max     
PLACE_optlc_30886         TIEL            saed90nm_max     
PLACE_optlc_30887         TIEL            saed90nm_max     
PLACE_optlc_30888         TIEL            saed90nm_max     
PLACE_optlc_30889         TIEL            saed90nm_max     
PLACE_optlc_30890         TIEL            saed90nm_max     
PLACE_optlc_30891         TIEL            saed90nm_max     
PLACE_optlc_30892         TIEL            saed90nm_max     
PLACE_optlc_30893         TIEL            saed90nm_max     
PLACE_optlc_30894         TIEL            saed90nm_max     
PLACE_optlc_30895         TIEL            saed90nm_max     
PLACE_optlc_30896         TIEL            saed90nm_max     
PLACE_optlc_30897         TIEL            saed90nm_max     
PLACE_optlc_30898         TIEL            saed90nm_max     
PLACE_optlc_30899         TIEL            saed90nm_max     
PLACE_optlc_30900         TIEL            saed90nm_max     
PLACE_optlc_30901         TIEL            saed90nm_max     
PLACE_optlc_30902         TIEL            saed90nm_max     
PLACE_optlc_30903         TIEL            saed90nm_max     
PLACE_optlc_30904         TIEL            saed90nm_max     
PLACE_optlc_30905         TIEL            saed90nm_max     
PLACE_optlc_30906         TIEL            saed90nm_max     
PLACE_optlc_30907         TIEL            saed90nm_max     
PLACE_optlc_30908         TIEL            saed90nm_max     
PLACE_optlc_30909         TIEL            saed90nm_max     
PLACE_optlc_30910         TIEL            saed90nm_max     
PLACE_optlc_30911         TIEL            saed90nm_max     
PLACE_optlc_30912         TIEL            saed90nm_max     
PLACE_optlc_30913         TIEL            saed90nm_max     
PLACE_optlc_30914         TIEL            saed90nm_max     
PLACE_optlc_30915         TIEL            saed90nm_max     
PLACE_optlc_30916         TIEL            saed90nm_max     
PLACE_optlc_30917         TIEL            saed90nm_max     
PLACE_optlc_30918         TIEL            saed90nm_max     
PLACE_optlc_30919         TIEL            saed90nm_max     
PLACE_optlc_30920         TIEL            saed90nm_max     
PLACE_optlc_30922         TIEL            saed90nm_max     
PLACE_optlc_30923         TIEL            saed90nm_max     
PLACE_optlc_30924         TIEL            saed90nm_max     
PLACE_optlc_30925         TIEL            saed90nm_max     
PLACE_optlc_30926         TIEL            saed90nm_max     
PLACE_optlc_30927         TIEL            saed90nm_max     
PLACE_optlc_30928         TIEL            saed90nm_max     
PLACE_optlc_30929         TIEL            saed90nm_max     
PLACE_optlc_30930         TIEL            saed90nm_max     
PLACE_optlc_30931         TIEL            saed90nm_max     
PLACE_optlc_30932         TIEL            saed90nm_max     
PLACE_optlc_30933         TIEL            saed90nm_max     
PLACE_optlc_30934         TIEL            saed90nm_max     
PLACE_optlc_30935         TIEL            saed90nm_max     
PLACE_optlc_30936         TIEL            saed90nm_max     
PLACE_optlc_30937         TIEL            saed90nm_max     
PLACE_optlc_30938         TIEL            saed90nm_max     
PLACE_optlc_30939         TIEL            saed90nm_max     
PLACE_optlc_30940         TIEL            saed90nm_max     
PLACE_optlc_30941         TIEL            saed90nm_max     
PLACE_optlc_30942         TIEL            saed90nm_max     
PLACE_optlc_30943         TIEL            saed90nm_max     
PLACE_optlc_30944         TIEL            saed90nm_max     
PLACE_optlc_30945         TIEL            saed90nm_max     
PLACE_optlc_30946         TIEL            saed90nm_max     
PLACE_optlc_30947         TIEL            saed90nm_max     
PLACE_optlc_30948         TIEL            saed90nm_max     
PLACE_optlc_30949         TIEL            saed90nm_max     
PLACE_optlc_30950         TIEL            saed90nm_max     
PLACE_optlc_30951         TIEL            saed90nm_max     
PLACE_optlc_30952         TIEL            saed90nm_max     
PLACE_optlc_30953         TIEL            saed90nm_max     
PLACE_optlc_30954         TIEL            saed90nm_max     
PLACE_optlc_30955         TIEL            saed90nm_max     
PLACE_optlc_30956         TIEL            saed90nm_max     
PLACE_optlc_30957         TIEL            saed90nm_max     
PLACE_optlc_30958         TIEL            saed90nm_max     
PLACE_optlc_30959         TIEL            saed90nm_max     
PLACE_optlc_30960         TIEL            saed90nm_max     
PLACE_optlc_30961         TIEL            saed90nm_max     
PLACE_optlc_30962         TIEL            saed90nm_max     
PLACE_optlc_30963         TIEL            saed90nm_max     
PLACE_optlc_30964         TIEL            saed90nm_max     
PLACE_optlc_30965         TIEL            saed90nm_max     
PLACE_optlc_30966         TIEL            saed90nm_max     
PLACE_optlc_30967         TIEL            saed90nm_max     
PLACE_optlc_30968         TIEL            saed90nm_max     
PLACE_optlc_30969         TIEL            saed90nm_max     
PLACE_optlc_30970         TIEL            saed90nm_max     
PLACE_optlc_30971         TIEL            saed90nm_max     
PLACE_optlc_30972         TIEL            saed90nm_max     
PLACE_optlc_30973         TIEL            saed90nm_max     
PLACE_optlc_30974         TIEL            saed90nm_max     
PLACE_optlc_30975         TIEL            saed90nm_max     
PLACE_optlc_30976         TIEL            saed90nm_max     
PLACE_optlc_30977         TIEL            saed90nm_max     
PLACE_optlc_30978         TIEL            saed90nm_max     
PLACE_optlc_30979         TIEL            saed90nm_max     
PLACE_optlc_30980         TIEL            saed90nm_max     
PLACE_optlc_30981         TIEL            saed90nm_max     
PLACE_optlc_30982         TIEL            saed90nm_max     
PLACE_optlc_30983         TIEL            saed90nm_max     
PLACE_optlc_30984         TIEL            saed90nm_max     
PLACE_optlc_30985         TIEL            saed90nm_max     
PLACE_optlc_30986         TIEL            saed90nm_max     
PLACE_optlc_30987         TIEL            saed90nm_max     
PLACE_optlc_30988         TIEL            saed90nm_max     
PLACE_optlc_30989         TIEL            saed90nm_max     
PLACE_optlc_30990         TIEL            saed90nm_max     
PLACE_optlc_30991         TIEL            saed90nm_max     
PLACE_optlc_30992         TIEL            saed90nm_max     
PLACE_optlc_30993         TIEL            saed90nm_max     
PLACE_optlc_30994         TIEL            saed90nm_max     
PLACE_optlc_30995         TIEL            saed90nm_max     
PLACE_optlc_30996         TIEL            saed90nm_max     
PLACE_optlc_30997         TIEL            saed90nm_max     
PLACE_optlc_30998         TIEL            saed90nm_max     
PLACE_optlc_30999         TIEL            saed90nm_max     
PLACE_optlc_31000         TIEL            saed90nm_max     
PLACE_optlc_31001         TIEL            saed90nm_max     
PLACE_optlc_31002         TIEL            saed90nm_max     
PLACE_optlc_31003         TIEL            saed90nm_max     
PLACE_optlc_31004         TIEL            saed90nm_max     
PLACE_optlc_31005         TIEL            saed90nm_max     
PLACE_optlc_31006         TIEL            saed90nm_max     
PLACE_optlc_31007         TIEL            saed90nm_max     
PLACE_optlc_31008         TIEL            saed90nm_max     
PLACE_optlc_31009         TIEL            saed90nm_max     
PLACE_optlc_31010         TIEL            saed90nm_max     
PLACE_optlc_31011         TIEL            saed90nm_max     
PLACE_optlc_31012         TIEL            saed90nm_max     
PLACE_optlc_31013         TIEL            saed90nm_max     
PLACE_optlc_31014         TIEL            saed90nm_max     
PLACE_optlc_31015         TIEL            saed90nm_max     
PLACE_optlc_31016         TIEL            saed90nm_max     
PLACE_optlc_31017         TIEL            saed90nm_max     
PLACE_optlc_31018         TIEL            saed90nm_max     
PLACE_optlc_31019         TIEL            saed90nm_max     
PLACE_optlc_31020         TIEL            saed90nm_max     
PLACE_optlc_31021         TIEL            saed90nm_max     
PLACE_optlc_31022         TIEL            saed90nm_max     
PLACE_optlc_31023         TIEL            saed90nm_max     
PLACE_optlc_31024         TIEL            saed90nm_max     
PLACE_optlc_31025         TIEL            saed90nm_max     
PLACE_optlc_31026         TIEL            saed90nm_max     
PLACE_optlc_31027         TIEL            saed90nm_max     
PLACE_optlc_31028         TIEL            saed90nm_max     
PLACE_optlc_31029         TIEL            saed90nm_max     
PLACE_optlc_31030         TIEL            saed90nm_max     
PLACE_optlc_31031         TIEL            saed90nm_max     
PLACE_optlc_31032         TIEL            saed90nm_max     
PLACE_optlc_31033         TIEL            saed90nm_max     
PLACE_optlc_31034         TIEL            saed90nm_max     
PLACE_optlc_31035         TIEL            saed90nm_max     
PLACE_optlc_31036         TIEL            saed90nm_max     
PLACE_optlc_31037         TIEL            saed90nm_max     
PLACE_optlc_31038         TIEL            saed90nm_max     
PLACE_optlc_31039         TIEL            saed90nm_max     
PLACE_optlc_31040         TIEL            saed90nm_max     
PLACE_optlc_31041         TIEL            saed90nm_max     
PLACE_optlc_31042         TIEL            saed90nm_max     
PLACE_optlc_31043         TIEL            saed90nm_max     
PLACE_optlc_31044         TIEL            saed90nm_max     
PLACE_optlc_31045         TIEL            saed90nm_max     
PLACE_optlc_31046         TIEL            saed90nm_max     
PLACE_optlc_31047         TIEL            saed90nm_max     
PLACE_optlc_31048         TIEL            saed90nm_max     
PLACE_optlc_31049         TIEL            saed90nm_max     
PLACE_optlc_31050         TIEL            saed90nm_max     
PLACE_optlc_31051         TIEL            saed90nm_max     
PLACE_optlc_31052         TIEL            saed90nm_max     
PLACE_optlc_31053         TIEL            saed90nm_max     
PLACE_optlc_31054         TIEL            saed90nm_max     
PLACE_optlc_31055         TIEL            saed90nm_max     
PLACE_optlc_31056         TIEL            saed90nm_max     
PLACE_optlc_31057         TIEL            saed90nm_max     
PLACE_optlc_31058         TIEL            saed90nm_max     
PLACE_optlc_31059         TIEL            saed90nm_max     
PLACE_optlc_31060         TIEL            saed90nm_max     
PLACE_optlc_31061         TIEL            saed90nm_max     
PLACE_optlc_31062         TIEL            saed90nm_max     
PLACE_optlc_31063         TIEL            saed90nm_max     
PLACE_optlc_31064         TIEL            saed90nm_max     
PLACE_optlc_31065         TIEL            saed90nm_max     
PLACE_optlc_31066         TIEL            saed90nm_max     
PLACE_optlc_31067         TIEL            saed90nm_max     
PLACE_optlc_31068         TIEL            saed90nm_max     
PLACE_optlc_31069         TIEL            saed90nm_max     
PLACE_optlc_31070         TIEL            saed90nm_max     
PLACE_optlc_31071         TIEL            saed90nm_max     
PLACE_optlc_31072         TIEL            saed90nm_max     
PLACE_optlc_31073         TIEL            saed90nm_max     
PLACE_optlc_31074         TIEL            saed90nm_max     
PLACE_optlc_31075         TIEL            saed90nm_max     
PLACE_optlc_31076         TIEL            saed90nm_max     
PLACE_optlc_31077         TIEL            saed90nm_max     
PLACE_optlc_31078         TIEL            saed90nm_max     
PLACE_optlc_31079         TIEL            saed90nm_max     
PLACE_optlc_31080         TIEL            saed90nm_max     
PLACE_optlc_31081         TIEL            saed90nm_max     
PLACE_optlc_31082         TIEL            saed90nm_max     
PLACE_optlc_31083         TIEL            saed90nm_max     
PLACE_optlc_31084         TIEL            saed90nm_max     
PLACE_optlc_31085         TIEL            saed90nm_max     
PLACE_optlc_31086         TIEL            saed90nm_max     
PLACE_optlc_31087         TIEL            saed90nm_max     
PLACE_optlc_31088         TIEL            saed90nm_max     
PLACE_optlc_31089         TIEL            saed90nm_max     
PLACE_optlc_31090         TIEL            saed90nm_max     
PLACE_optlc_31091         TIEL            saed90nm_max     
PLACE_optlc_31092         TIEL            saed90nm_max     
PLACE_optlc_31093         TIEL            saed90nm_max     
PLACE_optlc_31094         TIEL            saed90nm_max     
PLACE_optlc_31095         TIEL            saed90nm_max     
PLACE_optlc_31096         TIEL            saed90nm_max     
PLACE_optlc_31097         TIEL            saed90nm_max     
PLACE_optlc_31098         TIEL            saed90nm_max     
PLACE_optlc_31099         TIEL            saed90nm_max     
PLACE_optlc_31100         TIEL            saed90nm_max     
PLACE_optlc_31101         TIEL            saed90nm_max     
PLACE_optlc_31102         TIEL            saed90nm_max     
PLACE_optlc_31103         TIEL            saed90nm_max     
PLACE_optlc_31104         TIEL            saed90nm_max     
PLACE_optlc_31105         TIEL            saed90nm_max     
PLACE_optlc_31106         TIEL            saed90nm_max     
PLACE_optlc_31107         TIEL            saed90nm_max     
PLACE_optlc_31108         TIEL            saed90nm_max     
PLACE_optlc_31109         TIEL            saed90nm_max     
PLACE_optlc_31110         TIEL            saed90nm_max     
PLACE_optlc_31111         TIEL            saed90nm_max     
PLACE_optlc_31112         TIEL            saed90nm_max     
PLACE_optlc_31113         TIEL            saed90nm_max     
PLACE_optlc_31114         TIEL            saed90nm_max     
PLACE_optlc_31115         TIEL            saed90nm_max     
PLACE_optlc_31116         TIEL            saed90nm_max     
PLACE_optlc_31117         TIEL            saed90nm_max     
PLACE_optlc_31118         TIEL            saed90nm_max     
PLACE_optlc_31119         TIEL            saed90nm_max     
PLACE_optlc_31120         TIEL            saed90nm_max     
PLACE_optlc_31121         TIEL            saed90nm_max     
PLACE_optlc_31122         TIEL            saed90nm_max     
PLACE_optlc_31123         TIEL            saed90nm_max     
PLACE_optlc_31124         TIEL            saed90nm_max     
PLACE_optlc_31125         TIEL            saed90nm_max     
PLACE_optlc_31126         TIEL            saed90nm_max     
PLACE_optlc_31127         TIEL            saed90nm_max     
PLACE_optlc_31128         TIEL            saed90nm_max     
PLACE_optlc_31129         TIEL            saed90nm_max     
PLACE_optlc_31130         TIEL            saed90nm_max     
PLACE_optlc_31131         TIEL            saed90nm_max     
PLACE_optlc_31132         TIEL            saed90nm_max     
PLACE_optlc_31133         TIEL            saed90nm_max     
PLACE_optlc_31134         TIEL            saed90nm_max     
PLACE_optlc_31135         TIEL            saed90nm_max     
PLACE_optlc_31136         TIEL            saed90nm_max     
PLACE_optlc_31137         TIEL            saed90nm_max     
PLACE_optlc_31138         TIEL            saed90nm_max     
PLACE_optlc_31139         TIEL            saed90nm_max     
PLACE_optlc_31140         TIEL            saed90nm_max     
PLACE_optlc_31141         TIEL            saed90nm_max     
PLACE_optlc_31142         TIEL            saed90nm_max     
PLACE_optlc_31143         TIEL            saed90nm_max     
PLACE_optlc_31144         TIEL            saed90nm_max     
PLACE_optlc_31145         TIEL            saed90nm_max     
PLACE_optlc_31146         TIEL            saed90nm_max     
PLACE_optlc_31147         TIEL            saed90nm_max     
PLACE_optlc_31148         TIEL            saed90nm_max     
PLACE_optlc_31149         TIEL            saed90nm_max     
PLACE_optlc_31150         TIEL            saed90nm_max     
PLACE_optlc_31151         TIEL            saed90nm_max     
PLACE_optlc_31152         TIEL            saed90nm_max     
PLACE_optlc_31153         TIEL            saed90nm_max     
PLACE_optlc_31154         TIEL            saed90nm_max     
PLACE_optlc_31155         TIEL            saed90nm_max     
PLACE_optlc_31156         TIEL            saed90nm_max     
PLACE_optlc_31157         TIEL            saed90nm_max     
PLACE_optlc_31159         TIEL            saed90nm_max     
PLACE_optlc_31160         TIEL            saed90nm_max     
PLACE_optlc_31161         TIEL            saed90nm_max     
PLACE_optlc_31162         TIEL            saed90nm_max     
PLACE_optlc_31163         TIEL            saed90nm_max     
PLACE_optlc_31164         TIEL            saed90nm_max     
PLACE_optlc_31165         TIEL            saed90nm_max     
PLACE_optlc_31166         TIEL            saed90nm_max     
PLACE_optlc_31167         TIEL            saed90nm_max     
PLACE_optlc_31168         TIEL            saed90nm_max     
PLACE_optlc_31169         TIEL            saed90nm_max     
PLACE_optlc_31170         TIEL            saed90nm_max     
PLACE_optlc_31171         TIEL            saed90nm_max     
PLACE_optlc_31172         TIEL            saed90nm_max     
PLACE_optlc_31173         TIEL            saed90nm_max     
PLACE_optlc_31174         TIEL            saed90nm_max     
PLACE_optlc_31175         TIEL            saed90nm_max     
PLACE_optlc_31176         TIEL            saed90nm_max     
PLACE_optlc_31177         TIEL            saed90nm_max     
PLACE_optlc_31178         TIEL            saed90nm_max     
PLACE_optlc_31179         TIEL            saed90nm_max     
PLACE_optlc_31180         TIEL            saed90nm_max     
PLACE_optlc_31181         TIEL            saed90nm_max     
PLACE_optlc_31182         TIEL            saed90nm_max     
PLACE_optlc_31183         TIEL            saed90nm_max     
PLACE_optlc_31184         TIEL            saed90nm_max     
PLACE_optlc_31185         TIEL            saed90nm_max     
PLACE_optlc_31186         TIEL            saed90nm_max     
PLACE_optlc_31187         TIEL            saed90nm_max     
PLACE_optlc_31188         TIEL            saed90nm_max     
PLACE_optlc_31189         TIEL            saed90nm_max     
PLACE_optlc_31190         TIEL            saed90nm_max     
PLACE_optlc_31191         TIEL            saed90nm_max     
PLACE_optlc_31192         TIEL            saed90nm_max     
PLACE_optlc_31193         TIEL            saed90nm_max     
PLACE_optlc_31194         TIEL            saed90nm_max     
PLACE_optlc_31195         TIEL            saed90nm_max     
PLACE_optlc_31196         TIEL            saed90nm_max     
PLACE_optlc_31197         TIEL            saed90nm_max     
PLACE_optlc_31198         TIEL            saed90nm_max     
PLACE_optlc_31199         TIEL            saed90nm_max     
PLACE_optlc_31200         TIEL            saed90nm_max     
PLACE_optlc_31201         TIEL            saed90nm_max     
PLACE_optlc_31202         TIEL            saed90nm_max     
PLACE_optlc_31203         TIEL            saed90nm_max     
PLACE_optlc_31204         TIEL            saed90nm_max     
PLACE_optlc_31205         TIEL            saed90nm_max     
PLACE_optlc_31206         TIEL            saed90nm_max     
PLACE_optlc_31207         TIEL            saed90nm_max     
PLACE_optlc_31208         TIEL            saed90nm_max     
PLACE_optlc_31209         TIEL            saed90nm_max     
PLACE_optlc_31210         TIEL            saed90nm_max     
PLACE_optlc_31211         TIEL            saed90nm_max     
PLACE_optlc_31212         TIEL            saed90nm_max     
PLACE_optlc_31213         TIEL            saed90nm_max     
PLACE_optlc_31214         TIEL            saed90nm_max     
PLACE_optlc_31215         TIEL            saed90nm_max     
PLACE_optlc_31216         TIEL            saed90nm_max     
PLACE_optlc_31217         TIEL            saed90nm_max     
PLACE_optlc_31218         TIEL            saed90nm_max     
PLACE_optlc_31219         TIEL            saed90nm_max     
PLACE_optlc_31220         TIEL            saed90nm_max     
PLACE_optlc_31221         TIEL            saed90nm_max     
PLACE_optlc_31222         TIEL            saed90nm_max     
PLACE_optlc_31223         TIEL            saed90nm_max     
PLACE_optlc_31224         TIEL            saed90nm_max     
PLACE_optlc_31225         TIEL            saed90nm_max     
PLACE_optlc_31226         TIEL            saed90nm_max     
PLACE_optlc_31227         TIEL            saed90nm_max     
PLACE_optlc_31228         TIEL            saed90nm_max     
PLACE_optlc_31229         TIEL            saed90nm_max     
PLACE_optlc_31230         TIEL            saed90nm_max     
PLACE_optlc_31231         TIEL            saed90nm_max     
PLACE_optlc_31232         TIEL            saed90nm_max     
PLACE_optlc_31233         TIEL            saed90nm_max     
PLACE_optlc_31234         TIEL            saed90nm_max     
PLACE_optlc_31235         TIEL            saed90nm_max     
PLACE_optlc_31236         TIEL            saed90nm_max     
PLACE_optlc_31237         TIEL            saed90nm_max     
PLACE_optlc_31239         TIEL            saed90nm_max     
PLACE_optlc_31241         TIEL            saed90nm_max     
PLACE_optlc_31242         TIEL            saed90nm_max     
PLACE_optlc_31243         TIEL            saed90nm_max     
PLACE_optlc_31244         TIEL            saed90nm_max     
PLACE_optlc_31245         TIEL            saed90nm_max     
PLACE_optlc_31246         TIEL            saed90nm_max     
PLACE_optlc_31247         TIEL            saed90nm_max     
PLACE_optlc_31248         TIEL            saed90nm_max     
PLACE_optlc_31249         TIEL            saed90nm_max     
PLACE_optlc_31250         TIEL            saed90nm_max     
PLACE_optlc_31251         TIEL            saed90nm_max     
PLACE_optlc_31252         TIEL            saed90nm_max     
PLACE_optlc_31253         TIEL            saed90nm_max     
PLACE_optlc_31254         TIEL            saed90nm_max     
PLACE_optlc_31255         TIEL            saed90nm_max     
PLACE_optlc_31256         TIEL            saed90nm_max     
PLACE_optlc_31257         TIEL            saed90nm_max     
PLACE_optlc_31258         TIEL            saed90nm_max     
PLACE_optlc_31259         TIEL            saed90nm_max     
PLACE_optlc_31260         TIEL            saed90nm_max     
PLACE_optlc_31261         TIEL            saed90nm_max     
PLACE_optlc_31262         TIEL            saed90nm_max     
PLACE_optlc_31263         TIEL            saed90nm_max     
PLACE_optlc_31264         TIEL            saed90nm_max     
PLACE_optlc_31265         TIEL            saed90nm_max     
PLACE_optlc_31266         TIEL            saed90nm_max     
PLACE_optlc_31267         TIEL            saed90nm_max     
PLACE_optlc_31268         TIEL            saed90nm_max     
PLACE_optlc_31269         TIEL            saed90nm_max     
PLACE_optlc_31270         TIEL            saed90nm_max     
PLACE_optlc_31271         TIEL            saed90nm_max     
PLACE_optlc_31272         TIEL            saed90nm_max     
PLACE_optlc_31273         TIEL            saed90nm_max     
PLACE_optlc_31274         TIEL            saed90nm_max     
PLACE_optlc_31275         TIEL            saed90nm_max     
PLACE_optlc_31276         TIEL            saed90nm_max     
PLACE_optlc_31277         TIEL            saed90nm_max     
PLACE_optlc_31278         TIEL            saed90nm_max     
PLACE_optlc_31279         TIEL            saed90nm_max     
PLACE_optlc_31280         TIEL            saed90nm_max     
PLACE_optlc_31281         TIEL            saed90nm_max     
PLACE_optlc_31282         TIEL            saed90nm_max     
PLACE_optlc_31283         TIEL            saed90nm_max     
PLACE_optlc_31284         TIEL            saed90nm_max     
PLACE_optlc_31285         TIEL            saed90nm_max     
PLACE_optlc_31286         TIEL            saed90nm_max     
PLACE_optlc_31287         TIEL            saed90nm_max     
PLACE_optlc_31288         TIEL            saed90nm_max     
PLACE_optlc_31289         TIEL            saed90nm_max     
PLACE_optlc_31290         TIEL            saed90nm_max     
PLACE_optlc_31291         TIEL            saed90nm_max     
PLACE_optlc_31292         TIEL            saed90nm_max     
PLACE_optlc_31293         TIEL            saed90nm_max     
PLACE_optlc_31294         TIEL            saed90nm_max     
PLACE_optlc_31295         TIEL            saed90nm_max     
PLACE_optlc_31296         TIEL            saed90nm_max     
PLACE_optlc_31297         TIEL            saed90nm_max     
PLACE_optlc_31298         TIEL            saed90nm_max     
PLACE_optlc_31299         TIEL            saed90nm_max     
PLACE_optlc_31300         TIEL            saed90nm_max     
PLACE_optlc_31301         TIEL            saed90nm_max     
PLACE_optlc_31302         TIEL            saed90nm_max     
PLACE_optlc_31303         TIEL            saed90nm_max     
PLACE_optlc_31304         TIEL            saed90nm_max     
PLACE_optlc_31305         TIEL            saed90nm_max     
PLACE_optlc_31306         TIEL            saed90nm_max     
PLACE_optlc_31307         TIEL            saed90nm_max     
PLACE_optlc_31308         TIEL            saed90nm_max     
PLACE_optlc_31309         TIEL            saed90nm_max     
PLACE_optlc_31310         TIEL            saed90nm_max     
PLACE_optlc_31311         TIEL            saed90nm_max     
PLACE_optlc_31312         TIEL            saed90nm_max     
PLACE_optlc_31313         TIEL            saed90nm_max     
PLACE_optlc_31314         TIEL            saed90nm_max     
PLACE_optlc_31315         TIEL            saed90nm_max     
PLACE_optlc_31316         TIEL            saed90nm_max     
PLACE_optlc_31317         TIEL            saed90nm_max     
PLACE_optlc_31318         TIEL            saed90nm_max     
PLACE_optlc_31319         TIEL            saed90nm_max     
PLACE_optlc_31320         TIEL            saed90nm_max     
PLACE_optlc_31321         TIEL            saed90nm_max     
PLACE_optlc_31322         TIEL            saed90nm_max     
PLACE_optlc_31323         TIEL            saed90nm_max     
PLACE_optlc_31324         TIEL            saed90nm_max     
PLACE_optlc_31325         TIEL            saed90nm_max     
PLACE_optlc_31326         TIEL            saed90nm_max     
PLACE_optlc_31327         TIEL            saed90nm_max     
PLACE_optlc_31328         TIEL            saed90nm_max     
PLACE_optlc_31329         TIEL            saed90nm_max     
PLACE_optlc_31330         TIEL            saed90nm_max     
PLACE_optlc_31331         TIEL            saed90nm_max     
PLACE_optlc_31332         TIEL            saed90nm_max     
PLACE_optlc_31333         TIEL            saed90nm_max     
PLACE_optlc_31334         TIEL            saed90nm_max     
PLACE_optlc_31335         TIEL            saed90nm_max     
PLACE_optlc_31336         TIEL            saed90nm_max     
PLACE_optlc_31337         TIEL            saed90nm_max     
PLACE_optlc_31338         TIEL            saed90nm_max     
PLACE_optlc_31339         TIEL            saed90nm_max     
PLACE_optlc_31340         TIEL            saed90nm_max     
PLACE_optlc_31341         TIEL            saed90nm_max     
PLACE_optlc_31342         TIEL            saed90nm_max     
PLACE_optlc_31343         TIEL            saed90nm_max     
PLACE_optlc_31344         TIEL            saed90nm_max     
PLACE_optlc_31345         TIEL            saed90nm_max     
PLACE_optlc_31346         TIEL            saed90nm_max     
PLACE_optlc_31347         TIEL            saed90nm_max     
PLACE_optlc_31348         TIEL            saed90nm_max     
PLACE_optlc_31349         TIEL            saed90nm_max     
PLACE_optlc_31350         TIEL            saed90nm_max     
PLACE_optlc_31351         TIEL            saed90nm_max     
PLACE_optlc_31352         TIEL            saed90nm_max     
PLACE_optlc_31353         TIEL            saed90nm_max     
PLACE_optlc_31354         TIEL            saed90nm_max     
PLACE_optlc_31355         TIEL            saed90nm_max     
PLACE_optlc_31356         TIEL            saed90nm_max     
PLACE_optlc_31357         TIEL            saed90nm_max     
PLACE_optlc_31358         TIEL            saed90nm_max     
PLACE_optlc_31359         TIEL            saed90nm_max     
PLACE_optlc_31360         TIEL            saed90nm_max     
PLACE_optlc_31361         TIEL            saed90nm_max     
PLACE_optlc_31362         TIEL            saed90nm_max     
PLACE_optlc_31363         TIEL            saed90nm_max     
PLACE_optlc_31364         TIEL            saed90nm_max     
PLACE_optlc_31365         TIEL            saed90nm_max     
PLACE_optlc_31366         TIEL            saed90nm_max     
PLACE_optlc_31367         TIEL            saed90nm_max     
PLACE_optlc_31369         TIEL            saed90nm_max     
PLACE_optlc_31370         TIEL            saed90nm_max     
PLACE_optlc_31371         TIEL            saed90nm_max     
PLACE_optlc_31372         TIEL            saed90nm_max     
PLACE_optlc_31373         TIEL            saed90nm_max     
PLACE_optlc_31374         TIEL            saed90nm_max     
PLACE_optlc_31375         TIEL            saed90nm_max     
PLACE_optlc_31376         TIEL            saed90nm_max     
PLACE_optlc_31377         TIEL            saed90nm_max     
PLACE_optlc_31378         TIEL            saed90nm_max     
PLACE_optlc_31379         TIEL            saed90nm_max     
PLACE_optlc_31380         TIEL            saed90nm_max     
PLACE_optlc_31381         TIEL            saed90nm_max     
PLACE_optlc_31382         TIEL            saed90nm_max     
PLACE_optlc_31383         TIEL            saed90nm_max     
PLACE_optlc_31384         TIEL            saed90nm_max     
PLACE_optlc_31385         TIEL            saed90nm_max     
PLACE_optlc_31386         TIEL            saed90nm_max     
PLACE_optlc_31387         TIEL            saed90nm_max     
PLACE_optlc_31388         TIEL            saed90nm_max     
PLACE_optlc_31389         TIEL            saed90nm_max     
PLACE_optlc_31390         TIEL            saed90nm_max     
PLACE_optlc_31391         TIEL            saed90nm_max     
PLACE_optlc_31392         TIEL            saed90nm_max     
PLACE_optlc_31393         TIEL            saed90nm_max     
PLACE_optlc_31394         TIEL            saed90nm_max     
PLACE_optlc_31395         TIEL            saed90nm_max     
PLACE_optlc_31396         TIEL            saed90nm_max     
PLACE_optlc_31397         TIEL            saed90nm_max     
PLACE_optlc_31398         TIEL            saed90nm_max     
PLACE_optlc_31399         TIEL            saed90nm_max     
PLACE_optlc_31400         TIEL            saed90nm_max     
PLACE_optlc_31401         TIEL            saed90nm_max     
PLACE_optlc_31402         TIEL            saed90nm_max     
PLACE_optlc_31403         TIEL            saed90nm_max     
PLACE_optlc_31404         TIEL            saed90nm_max     
PLACE_optlc_31405         TIEL            saed90nm_max     
PLACE_optlc_31406         TIEL            saed90nm_max     
PLACE_optlc_31407         TIEL            saed90nm_max     
PLACE_optlc_31408         TIEL            saed90nm_max     
PLACE_optlc_31409         TIEL            saed90nm_max     
PLACE_optlc_31410         TIEL            saed90nm_max     
PLACE_optlc_31411         TIEL            saed90nm_max     
PLACE_optlc_31412         TIEL            saed90nm_max     
PLACE_optlc_31413         TIEL            saed90nm_max     
PLACE_optlc_31414         TIEL            saed90nm_max     
PLACE_optlc_31415         TIEL            saed90nm_max     
PLACE_optlc_31416         TIEL            saed90nm_max     
PLACE_optlc_31417         TIEL            saed90nm_max     
PLACE_optlc_31418         TIEL            saed90nm_max     
PLACE_optlc_31419         TIEL            saed90nm_max     
PLACE_optlc_31420         TIEL            saed90nm_max     
PLACE_optlc_31421         TIEL            saed90nm_max     
PLACE_optlc_31422         TIEL            saed90nm_max     
PLACE_optlc_31423         TIEL            saed90nm_max     
PLACE_optlc_31424         TIEL            saed90nm_max     
PLACE_optlc_31426         TIEL            saed90nm_max     
PLACE_optlc_31427         TIEL            saed90nm_max     
PLACE_optlc_31428         TIEL            saed90nm_max     
PLACE_optlc_31429         TIEL            saed90nm_max     
PLACE_optlc_31430         TIEL            saed90nm_max     
PLACE_optlc_31431         TIEL            saed90nm_max     
PLACE_optlc_31432         TIEL            saed90nm_max     
PLACE_optlc_31433         TIEL            saed90nm_max     
PLACE_optlc_31434         TIEL            saed90nm_max     
PLACE_optlc_31435         TIEL            saed90nm_max     
PLACE_optlc_31436         TIEL            saed90nm_max     
PLACE_optlc_31437         TIEL            saed90nm_max     
PLACE_optlc_31438         TIEL            saed90nm_max     
PLACE_optlc_31439         TIEL            saed90nm_max     
PLACE_optlc_31440         TIEL            saed90nm_max     
PLACE_optlc_31441         TIEL            saed90nm_max     
PLACE_optlc_31442         TIEL            saed90nm_max     
PLACE_optlc_31443         TIEL            saed90nm_max     
PLACE_optlc_31444         TIEL            saed90nm_max     
PLACE_optlc_31445         TIEL            saed90nm_max     
PLACE_optlc_31446         TIEL            saed90nm_max     
PLACE_optlc_31447         TIEL            saed90nm_max     
PLACE_optlc_31448         TIEL            saed90nm_max     
PLACE_optlc_31449         TIEL            saed90nm_max     
PLACE_optlc_31450         TIEL            saed90nm_max     
PLACE_optlc_31451         TIEL            saed90nm_max     
PLACE_optlc_31452         TIEL            saed90nm_max     
PLACE_optlc_31453         TIEL            saed90nm_max     
PLACE_optlc_31454         TIEL            saed90nm_max     
PLACE_optlc_31455         TIEL            saed90nm_max     
PLACE_optlc_31456         TIEL            saed90nm_max     
PLACE_optlc_31457         TIEL            saed90nm_max     
PLACE_optlc_31458         TIEL            saed90nm_max     
PLACE_optlc_31459         TIEL            saed90nm_max     
PLACE_optlc_31460         TIEL            saed90nm_max     
PLACE_optlc_31461         TIEL            saed90nm_max     
PLACE_optlc_31462         TIEL            saed90nm_max     
PLACE_optlc_31463         TIEL            saed90nm_max     
PLACE_optlc_31464         TIEL            saed90nm_max     
PLACE_optlc_31465         TIEL            saed90nm_max     
PLACE_optlc_31466         TIEL            saed90nm_max     
PLACE_optlc_31467         TIEL            saed90nm_max     
PLACE_optlc_31468         TIEL            saed90nm_max     
PLACE_optlc_31469         TIEL            saed90nm_max     
PLACE_optlc_31470         TIEL            saed90nm_max     
PLACE_optlc_31471         TIEL            saed90nm_max     
PLACE_optlc_31472         TIEL            saed90nm_max     
PLACE_optlc_31473         TIEL            saed90nm_max     
PLACE_optlc_31474         TIEL            saed90nm_max     
PLACE_optlc_31475         TIEL            saed90nm_max     
PLACE_optlc_31476         TIEL            saed90nm_max     
PLACE_optlc_31477         TIEL            saed90nm_max     
PLACE_optlc_31478         TIEL            saed90nm_max     
PLACE_optlc_31479         TIEL            saed90nm_max     
PLACE_optlc_31480         TIEL            saed90nm_max     
PLACE_optlc_31481         TIEL            saed90nm_max     
PLACE_optlc_31482         TIEL            saed90nm_max     
PLACE_optlc_31483         TIEL            saed90nm_max     
PLACE_optlc_31484         TIEL            saed90nm_max     
PLACE_optlc_31485         TIEL            saed90nm_max     
PLACE_optlc_31486         TIEL            saed90nm_max     
PLACE_optlc_31487         TIEL            saed90nm_max     
PLACE_optlc_31488         TIEL            saed90nm_max     
PLACE_optlc_31489         TIEL            saed90nm_max     
PLACE_optlc_31490         TIEL            saed90nm_max     
PLACE_optlc_31491         TIEL            saed90nm_max     
PLACE_optlc_31492         TIEL            saed90nm_max     
PLACE_optlc_31493         TIEL            saed90nm_max     
PLACE_optlc_31494         TIEL            saed90nm_max     
PLACE_optlc_31495         TIEL            saed90nm_max     
PLACE_optlc_31496         TIEL            saed90nm_max     
PLACE_optlc_31497         TIEL            saed90nm_max     
PLACE_optlc_31498         TIEL            saed90nm_max     
PLACE_optlc_31499         TIEL            saed90nm_max     
PLACE_optlc_31500         TIEL            saed90nm_max     
PLACE_optlc_31501         TIEL            saed90nm_max     
PLACE_optlc_31502         TIEL            saed90nm_max     
PLACE_optlc_31503         TIEL            saed90nm_max     
PLACE_optlc_31504         TIEL            saed90nm_max     
PLACE_optlc_31505         TIEL            saed90nm_max     
PLACE_optlc_31506         TIEL            saed90nm_max     
PLACE_optlc_31507         TIEL            saed90nm_max     
PLACE_optlc_31508         TIEL            saed90nm_max     
PLACE_optlc_31509         TIEL            saed90nm_max     
PLACE_optlc_31510         TIEL            saed90nm_max     
PLACE_optlc_31511         TIEL            saed90nm_max     
PLACE_optlc_31512         TIEL            saed90nm_max     
PLACE_optlc_31513         TIEL            saed90nm_max     
PLACE_optlc_31514         TIEL            saed90nm_max     
PLACE_optlc_31515         TIEL            saed90nm_max     
PLACE_optlc_31516         TIEL            saed90nm_max     
PLACE_optlc_31517         TIEL            saed90nm_max     
PLACE_optlc_31518         TIEL            saed90nm_max     
PLACE_optlc_31519         TIEL            saed90nm_max     
PLACE_optlc_31520         TIEL            saed90nm_max     
PLACE_optlc_31521         TIEL            saed90nm_max     
PLACE_optlc_31522         TIEL            saed90nm_max     
PLACE_optlc_31523         TIEL            saed90nm_max     
PLACE_optlc_31524         TIEL            saed90nm_max     
PLACE_optlc_31525         TIEL            saed90nm_max     
PLACE_optlc_31526         TIEL            saed90nm_max     
PLACE_optlc_31527         TIEL            saed90nm_max     
PLACE_optlc_31528         TIEL            saed90nm_max     
PLACE_optlc_31529         TIEL            saed90nm_max     
PLACE_optlc_31530         TIEL            saed90nm_max     
PLACE_optlc_31531         TIEL            saed90nm_max     
PLACE_optlc_31532         TIEL            saed90nm_max     
PLACE_optlc_31533         TIEL            saed90nm_max     
PLACE_optlc_31534         TIEL            saed90nm_max     
PLACE_optlc_31535         TIEL            saed90nm_max     
PLACE_optlc_31536         TIEL            saed90nm_max     
PLACE_optlc_31537         TIEL            saed90nm_max     
PLACE_optlc_31538         TIEL            saed90nm_max     
PLACE_optlc_31539         TIEL            saed90nm_max     
PLACE_optlc_31540         TIEL            saed90nm_max     
PLACE_optlc_31541         TIEL            saed90nm_max     
PLACE_optlc_31542         TIEL            saed90nm_max     
PLACE_optlc_31543         TIEL            saed90nm_max     
PLACE_optlc_31544         TIEL            saed90nm_max     
PLACE_optlc_31545         TIEL            saed90nm_max     
PLACE_optlc_31546         TIEL            saed90nm_max     
PLACE_optlc_31547         TIEL            saed90nm_max     
PLACE_optlc_31548         TIEL            saed90nm_max     
PLACE_optlc_31549         TIEL            saed90nm_max     
PLACE_optlc_31550         TIEL            saed90nm_max     
PLACE_optlc_31551         TIEL            saed90nm_max     
PLACE_optlc_31552         TIEL            saed90nm_max     
PLACE_optlc_31553         TIEL            saed90nm_max     
PLACE_optlc_31554         TIEL            saed90nm_max     
PLACE_optlc_31555         TIEL            saed90nm_max     
PLACE_optlc_31556         TIEL            saed90nm_max     
PLACE_optlc_31557         TIEL            saed90nm_max     
PLACE_optlc_31558         TIEL            saed90nm_max     
PLACE_optlc_31559         TIEL            saed90nm_max     
PLACE_optlc_31560         TIEL            saed90nm_max     
PLACE_optlc_31561         TIEL            saed90nm_max     
PLACE_optlc_31562         TIEL            saed90nm_max     
PLACE_optlc_31563         TIEL            saed90nm_max     
PLACE_optlc_31564         TIEL            saed90nm_max     
PLACE_optlc_31565         TIEL            saed90nm_max     
PLACE_optlc_31566         TIEL            saed90nm_max     
PLACE_optlc_31567         TIEL            saed90nm_max     
PLACE_optlc_31568         TIEL            saed90nm_max     
PLACE_optlc_31569         TIEL            saed90nm_max     
PLACE_optlc_31570         TIEL            saed90nm_max     
PLACE_optlc_31571         TIEL            saed90nm_max     
PLACE_optlc_31572         TIEL            saed90nm_max     
PLACE_optlc_31573         TIEL            saed90nm_max     
PLACE_optlc_31574         TIEL            saed90nm_max     
PLACE_optlc_31575         TIEL            saed90nm_max     
PLACE_optlc_31576         TIEL            saed90nm_max     
PLACE_optlc_31577         TIEL            saed90nm_max     
PLACE_optlc_31578         TIEL            saed90nm_max     
PLACE_optlc_31579         TIEL            saed90nm_max     
PLACE_optlc_31580         TIEL            saed90nm_max     
PLACE_optlc_31581         TIEL            saed90nm_max     
PLACE_optlc_31582         TIEL            saed90nm_max     
PLACE_optlc_31583         TIEL            saed90nm_max     
PLACE_optlc_31584         TIEL            saed90nm_max     
PLACE_optlc_31585         TIEL            saed90nm_max     
PLACE_optlc_31586         TIEL            saed90nm_max     
PLACE_optlc_31587         TIEL            saed90nm_max     
PLACE_optlc_31588         TIEL            saed90nm_max     
PLACE_optlc_31589         TIEL            saed90nm_max     
PLACE_optlc_31590         TIEL            saed90nm_max     
PLACE_optlc_31591         TIEL            saed90nm_max     
PLACE_optlc_31592         TIEL            saed90nm_max     
PLACE_optlc_31593         TIEL            saed90nm_max     
PLACE_optlc_31594         TIEL            saed90nm_max     
PLACE_optlc_31595         TIEL            saed90nm_max     
PLACE_optlc_31596         TIEL            saed90nm_max     
PLACE_optlc_31597         TIEL            saed90nm_max     
PLACE_optlc_31598         TIEL            saed90nm_max     
PLACE_optlc_31599         TIEL            saed90nm_max     
PLACE_optlc_31600         TIEL            saed90nm_max     
PLACE_optlc_31601         TIEL            saed90nm_max     
PLACE_optlc_31602         TIEL            saed90nm_max     
PLACE_optlc_31603         TIEL            saed90nm_max     
PLACE_optlc_31604         TIEL            saed90nm_max     
PLACE_optlc_31605         TIEL            saed90nm_max     
PLACE_optlc_31606         TIEL            saed90nm_max     
PLACE_optlc_31607         TIEL            saed90nm_max     
PLACE_optlc_31608         TIEL            saed90nm_max     
PLACE_optlc_31609         TIEL            saed90nm_max     
PLACE_optlc_31610         TIEL            saed90nm_max     
PLACE_optlc_31611         TIEL            saed90nm_max     
PLACE_optlc_31612         TIEL            saed90nm_max     
PLACE_optlc_31613         TIEL            saed90nm_max     
PLACE_optlc_31614         TIEL            saed90nm_max     
PLACE_optlc_31615         TIEL            saed90nm_max     
PLACE_optlc_31616         TIEL            saed90nm_max     
PLACE_optlc_31617         TIEL            saed90nm_max     
PLACE_optlc_31618         TIEL            saed90nm_max     
PLACE_optlc_31619         TIEL            saed90nm_max     
PLACE_optlc_31620         TIEL            saed90nm_max     
PLACE_optlc_31621         TIEL            saed90nm_max     
PLACE_optlc_31622         TIEL            saed90nm_max     
PLACE_optlc_31623         TIEL            saed90nm_max     
PLACE_optlc_31624         TIEL            saed90nm_max     
PLACE_optlc_31625         TIEL            saed90nm_max     
PLACE_optlc_31626         TIEL            saed90nm_max     
PLACE_optlc_31627         TIEL            saed90nm_max     
PLACE_optlc_31628         TIEL            saed90nm_max     
PLACE_optlc_31629         TIEL            saed90nm_max     
PLACE_optlc_31630         TIEL            saed90nm_max     
PLACE_optlc_31631         TIEL            saed90nm_max     
PLACE_optlc_31632         TIEL            saed90nm_max     
PLACE_optlc_31633         TIEL            saed90nm_max     
PLACE_optlc_31634         TIEL            saed90nm_max     
PLACE_optlc_31635         TIEL            saed90nm_max     
PLACE_optlc_31636         TIEL            saed90nm_max     
PLACE_optlc_31637         TIEL            saed90nm_max     
PLACE_optlc_31638         TIEL            saed90nm_max     
PLACE_optlc_31639         TIEL            saed90nm_max     
PLACE_optlc_31640         TIEL            saed90nm_max     
PLACE_optlc_31641         TIEL            saed90nm_max     
PLACE_optlc_31642         TIEL            saed90nm_max     
PLACE_optlc_31643         TIEL            saed90nm_max     
PLACE_optlc_31644         TIEL            saed90nm_max     
PLACE_optlc_31645         TIEL            saed90nm_max     
PLACE_optlc_31646         TIEL            saed90nm_max     
PLACE_optlc_31647         TIEL            saed90nm_max     
PLACE_optlc_31648         TIEL            saed90nm_max     
PLACE_optlc_31649         TIEL            saed90nm_max     
PLACE_optlc_31650         TIEL            saed90nm_max     
PLACE_optlc_31651         TIEL            saed90nm_max     
PLACE_optlc_31652         TIEL            saed90nm_max     
PLACE_optlc_31654         TIEL            saed90nm_max     
PLACE_optlc_31655         TIEL            saed90nm_max     
PLACE_optlc_31656         TIEL            saed90nm_max     
PLACE_optlc_31657         TIEL            saed90nm_max     
PLACE_optlc_31658         TIEL            saed90nm_max     
PLACE_optlc_31659         TIEL            saed90nm_max     
PLACE_optlc_31660         TIEL            saed90nm_max     
PLACE_optlc_31661         TIEL            saed90nm_max     
PLACE_optlc_31662         TIEL            saed90nm_max     
PLACE_optlc_31663         TIEL            saed90nm_max     
PLACE_optlc_31664         TIEL            saed90nm_max     
PLACE_optlc_31665         TIEL            saed90nm_max     
PLACE_optlc_31666         TIEL            saed90nm_max     
PLACE_optlc_31667         TIEL            saed90nm_max     
PLACE_optlc_31668         TIEL            saed90nm_max     
PLACE_optlc_31669         TIEL            saed90nm_max     
PLACE_optlc_31670         TIEL            saed90nm_max     
PLACE_optlc_31671         TIEL            saed90nm_max     
PLACE_optlc_31672         TIEL            saed90nm_max     
PLACE_optlc_31673         TIEL            saed90nm_max     
PLACE_optlc_31674         TIEL            saed90nm_max     
PLACE_optlc_31675         TIEL            saed90nm_max     
PLACE_optlc_31676         TIEL            saed90nm_max     
PLACE_optlc_31677         TIEL            saed90nm_max     
PLACE_optlc_31678         TIEL            saed90nm_max     
PLACE_optlc_31679         TIEL            saed90nm_max     
PLACE_optlc_31680         TIEL            saed90nm_max     
PLACE_optlc_31681         TIEL            saed90nm_max     
PLACE_optlc_31682         TIEL            saed90nm_max     
PLACE_optlc_31683         TIEL            saed90nm_max     
PLACE_optlc_31684         TIEL            saed90nm_max     
PLACE_optlc_31685         TIEL            saed90nm_max     
PLACE_optlc_31686         TIEL            saed90nm_max     
PLACE_optlc_31687         TIEL            saed90nm_max     
PLACE_optlc_31688         TIEL            saed90nm_max     
PLACE_optlc_31689         TIEL            saed90nm_max     
PLACE_optlc_31690         TIEL            saed90nm_max     
PLACE_optlc_31691         TIEL            saed90nm_max     
PLACE_optlc_31692         TIEL            saed90nm_max     
PLACE_optlc_31693         TIEL            saed90nm_max     
PLACE_optlc_31694         TIEL            saed90nm_max     
PLACE_optlc_31695         TIEL            saed90nm_max     
PLACE_optlc_31696         TIEL            saed90nm_max     
PLACE_optlc_31697         TIEL            saed90nm_max     
PLACE_optlc_31698         TIEL            saed90nm_max     
PLACE_optlc_31699         TIEL            saed90nm_max     
PLACE_optlc_31700         TIEL            saed90nm_max     
PLACE_optlc_31701         TIEL            saed90nm_max     
PLACE_optlc_31702         TIEL            saed90nm_max     
PLACE_optlc_31703         TIEL            saed90nm_max     
PLACE_optlc_31704         TIEL            saed90nm_max     
PLACE_optlc_31705         TIEL            saed90nm_max     
PLACE_optlc_31706         TIEL            saed90nm_max     
PLACE_optlc_31707         TIEL            saed90nm_max     
PLACE_optlc_31708         TIEL            saed90nm_max     
PLACE_optlc_31709         TIEL            saed90nm_max     
PLACE_optlc_31710         TIEL            saed90nm_max     
PLACE_optlc_31711         TIEL            saed90nm_max     
PLACE_optlc_31712         TIEL            saed90nm_max     
PLACE_optlc_31713         TIEL            saed90nm_max     
PLACE_optlc_31714         TIEL            saed90nm_max     
PLACE_optlc_31715         TIEL            saed90nm_max     
PLACE_optlc_31716         TIEL            saed90nm_max     
PLACE_optlc_31717         TIEL            saed90nm_max     
PLACE_optlc_31718         TIEL            saed90nm_max     
PLACE_optlc_31719         TIEL            saed90nm_max     
PLACE_optlc_31720         TIEL            saed90nm_max     
PLACE_optlc_31721         TIEL            saed90nm_max     
PLACE_optlc_31722         TIEL            saed90nm_max     
PLACE_optlc_31723         TIEL            saed90nm_max     
PLACE_optlc_31724         TIEL            saed90nm_max     
PLACE_optlc_31725         TIEL            saed90nm_max     
PLACE_optlc_31726         TIEL            saed90nm_max     
PLACE_optlc_31727         TIEL            saed90nm_max     
PLACE_optlc_31728         TIEL            saed90nm_max     
PLACE_optlc_31729         TIEL            saed90nm_max     
PLACE_optlc_31730         TIEL            saed90nm_max     
PLACE_optlc_31731         TIEL            saed90nm_max     
PLACE_optlc_31732         TIEL            saed90nm_max     
PLACE_optlc_31733         TIEL            saed90nm_max     
PLACE_optlc_31734         TIEL            saed90nm_max     
PLACE_optlc_31735         TIEL            saed90nm_max     
PLACE_optlc_31736         TIEL            saed90nm_max     
PLACE_optlc_31737         TIEL            saed90nm_max     
PLACE_optlc_31738         TIEL            saed90nm_max     
PLACE_optlc_31739         TIEL            saed90nm_max     
PLACE_optlc_31740         TIEL            saed90nm_max     
PLACE_optlc_31741         TIEL            saed90nm_max     
PLACE_optlc_31742         TIEL            saed90nm_max     
PLACE_optlc_31743         TIEL            saed90nm_max     
PLACE_optlc_31744         TIEL            saed90nm_max     
PLACE_optlc_31745         TIEL            saed90nm_max     
PLACE_optlc_31746         TIEL            saed90nm_max     
PLACE_optlc_31747         TIEL            saed90nm_max     
PLACE_optlc_31748         TIEL            saed90nm_max     
PLACE_optlc_31749         TIEL            saed90nm_max     
PLACE_optlc_31750         TIEL            saed90nm_max     
PLACE_optlc_31751         TIEL            saed90nm_max     
PLACE_optlc_31752         TIEL            saed90nm_max     
PLACE_optlc_31753         TIEL            saed90nm_max     
PLACE_optlc_31754         TIEL            saed90nm_max     
PLACE_optlc_31755         TIEL            saed90nm_max     
PLACE_optlc_31756         TIEL            saed90nm_max     
PLACE_optlc_31757         TIEL            saed90nm_max     
PLACE_optlc_31758         TIEL            saed90nm_max     
PLACE_optlc_31759         TIEL            saed90nm_max     
PLACE_optlc_31760         TIEL            saed90nm_max     
PLACE_optlc_31761         TIEL            saed90nm_max     
PLACE_optlc_31762         TIEL            saed90nm_max     
PLACE_optlc_31763         TIEL            saed90nm_max     
PLACE_optlc_31764         TIEL            saed90nm_max     
PLACE_optlc_31765         TIEL            saed90nm_max     
PLACE_optlc_31766         TIEL            saed90nm_max     
PLACE_optlc_31767         TIEL            saed90nm_max     
PLACE_optlc_31768         TIEL            saed90nm_max     
PLACE_optlc_31769         TIEL            saed90nm_max     
PLACE_optlc_31770         TIEL            saed90nm_max     
PLACE_optlc_31771         TIEL            saed90nm_max     
PLACE_optlc_31772         TIEL            saed90nm_max     
PLACE_optlc_31773         TIEL            saed90nm_max     
PLACE_optlc_31774         TIEL            saed90nm_max     
PLACE_optlc_31775         TIEL            saed90nm_max     
PLACE_optlc_31776         TIEL            saed90nm_max     
PLACE_optlc_31777         TIEL            saed90nm_max     
PLACE_optlc_31778         TIEL            saed90nm_max     
PLACE_optlc_31779         TIEL            saed90nm_max     
PLACE_optlc_31780         TIEL            saed90nm_max     
PLACE_optlc_31781         TIEL            saed90nm_max     
PLACE_optlc_31782         TIEL            saed90nm_max     
PLACE_optlc_31783         TIEL            saed90nm_max     
PLACE_optlc_31784         TIEL            saed90nm_max     
PLACE_optlc_31785         TIEL            saed90nm_max     
PLACE_optlc_31786         TIEL            saed90nm_max     
PLACE_optlc_31787         TIEL            saed90nm_max     
PLACE_optlc_31788         TIEL            saed90nm_max     
PLACE_optlc_31789         TIEL            saed90nm_max     
PLACE_optlc_31790         TIEL            saed90nm_max     
PLACE_optlc_31791         TIEL            saed90nm_max     
PLACE_optlc_31792         TIEL            saed90nm_max     
PLACE_optlc_31793         TIEL            saed90nm_max     
PLACE_optlc_31794         TIEL            saed90nm_max     
PLACE_optlc_31795         TIEL            saed90nm_max     
PLACE_optlc_31796         TIEL            saed90nm_max     
PLACE_optlc_31797         TIEL            saed90nm_max     
PLACE_optlc_31798         TIEL            saed90nm_max     
PLACE_optlc_31799         TIEL            saed90nm_max     
PLACE_optlc_31800         TIEL            saed90nm_max     
PLACE_optlc_31801         TIEL            saed90nm_max     
PLACE_optlc_31802         TIEL            saed90nm_max     
PLACE_optlc_31803         TIEL            saed90nm_max     
PLACE_optlc_31804         TIEL            saed90nm_max     
PLACE_optlc_31805         TIEL            saed90nm_max     
PLACE_optlc_31806         TIEL            saed90nm_max     
PLACE_optlc_31807         TIEL            saed90nm_max     
PLACE_optlc_31808         TIEL            saed90nm_max     
PLACE_optlc_31809         TIEL            saed90nm_max     
PLACE_optlc_31810         TIEL            saed90nm_max     
PLACE_optlc_31811         TIEL            saed90nm_max     
PLACE_optlc_31812         TIEL            saed90nm_max     
PLACE_optlc_31813         TIEL            saed90nm_max     
PLACE_optlc_31814         TIEL            saed90nm_max     
PLACE_optlc_31815         TIEL            saed90nm_max     
PLACE_optlc_31816         TIEL            saed90nm_max     
PLACE_optlc_31817         TIEL            saed90nm_max     
PLACE_optlc_31818         TIEL            saed90nm_max     
PLACE_optlc_31819         TIEL            saed90nm_max     
PLACE_optlc_31820         TIEL            saed90nm_max     
PLACE_optlc_31821         TIEL            saed90nm_max     
PLACE_optlc_31822         TIEL            saed90nm_max     
PLACE_optlc_31823         TIEL            saed90nm_max     
PLACE_optlc_31824         TIEL            saed90nm_max     
PLACE_optlc_31825         TIEL            saed90nm_max     
PLACE_optlc_31826         TIEL            saed90nm_max     
PLACE_optlc_31827         TIEL            saed90nm_max     
PLACE_optlc_31828         TIEL            saed90nm_max     
PLACE_optlc_31829         TIEL            saed90nm_max     
PLACE_optlc_31830         TIEL            saed90nm_max     
PLACE_optlc_31831         TIEL            saed90nm_max     
PLACE_optlc_31832         TIEL            saed90nm_max     
PLACE_optlc_31833         TIEL            saed90nm_max     
PLACE_optlc_31834         TIEL            saed90nm_max     
PLACE_optlc_31835         TIEL            saed90nm_max     
PLACE_optlc_31836         TIEL            saed90nm_max     
PLACE_optlc_31837         TIEL            saed90nm_max     
PLACE_optlc_31838         TIEL            saed90nm_max     
PLACE_optlc_31839         TIEL            saed90nm_max     
PLACE_optlc_31840         TIEL            saed90nm_max     
PLACE_optlc_31841         TIEL            saed90nm_max     
PLACE_optlc_31842         TIEL            saed90nm_max     
PLACE_optlc_31843         TIEL            saed90nm_max     
PLACE_optlc_31844         TIEL            saed90nm_max     
PLACE_optlc_31845         TIEL            saed90nm_max     
PLACE_optlc_31846         TIEL            saed90nm_max     
PLACE_optlc_31847         TIEL            saed90nm_max     
PLACE_optlc_31848         TIEL            saed90nm_max     
PLACE_optlc_31849         TIEL            saed90nm_max     
PLACE_optlc_31850         TIEL            saed90nm_max     
PLACE_optlc_31851         TIEL            saed90nm_max     
PLACE_optlc_31852         TIEL            saed90nm_max     
PLACE_optlc_31853         TIEL            saed90nm_max     
PLACE_optlc_31854         TIEL            saed90nm_max     
PLACE_optlc_31856         TIEL            saed90nm_max     
PLACE_optlc_31857         TIEL            saed90nm_max     
PLACE_optlc_31858         TIEL            saed90nm_max     
PLACE_optlc_31859         TIEL            saed90nm_max     
PLACE_optlc_31860         TIEL            saed90nm_max     
PLACE_optlc_31861         TIEL            saed90nm_max     
PLACE_optlc_31862         TIEL            saed90nm_max     
PLACE_optlc_31863         TIEL            saed90nm_max     
PLACE_optlc_31864         TIEL            saed90nm_max     
PLACE_optlc_31865         TIEL            saed90nm_max     
PLACE_optlc_31866         TIEL            saed90nm_max     
PLACE_optlc_31867         TIEL            saed90nm_max     
PLACE_optlc_31868         TIEL            saed90nm_max     
PLACE_optlc_31869         TIEL            saed90nm_max     
PLACE_optlc_31870         TIEL            saed90nm_max     
PLACE_optlc_31871         TIEL            saed90nm_max     
PLACE_optlc_31872         TIEL            saed90nm_max     
PLACE_optlc_31873         TIEL            saed90nm_max     
PLACE_optlc_31874         TIEL            saed90nm_max     
PLACE_optlc_31875         TIEL            saed90nm_max     
PLACE_optlc_31876         TIEL            saed90nm_max     
PLACE_optlc_31877         TIEL            saed90nm_max     
PLACE_optlc_31878         TIEL            saed90nm_max     
PLACE_optlc_31879         TIEL            saed90nm_max     
PLACE_optlc_31880         TIEL            saed90nm_max     
PLACE_optlc_31881         TIEL            saed90nm_max     
PLACE_optlc_31882         TIEL            saed90nm_max     
PLACE_optlc_31883         TIEL            saed90nm_max     
PLACE_optlc_31884         TIEL            saed90nm_max     
PLACE_optlc_31885         TIEL            saed90nm_max     
PLACE_optlc_31886         TIEL            saed90nm_max     
PLACE_optlc_31887         TIEL            saed90nm_max     
PLACE_optlc_31888         TIEL            saed90nm_max     
PLACE_optlc_31889         TIEL            saed90nm_max     
PLACE_optlc_31890         TIEL            saed90nm_max     
PLACE_optlc_31891         TIEL            saed90nm_max     
PLACE_optlc_31892         TIEL            saed90nm_max     
PLACE_optlc_31893         TIEL            saed90nm_max     
PLACE_optlc_31894         TIEL            saed90nm_max     
PLACE_optlc_31895         TIEL            saed90nm_max     
PLACE_optlc_31896         TIEL            saed90nm_max     
PLACE_optlc_31897         TIEL            saed90nm_max     
PLACE_optlc_31898         TIEL            saed90nm_max     
PLACE_optlc_31899         TIEL            saed90nm_max     
PLACE_optlc_31900         TIEL            saed90nm_max     
PLACE_optlc_31901         TIEL            saed90nm_max     
PLACE_optlc_31902         TIEL            saed90nm_max     
PLACE_optlc_31903         TIEL            saed90nm_max     
PLACE_optlc_31904         TIEL            saed90nm_max     
PLACE_optlc_31905         TIEL            saed90nm_max     
PLACE_optlc_31906         TIEL            saed90nm_max     
PLACE_optlc_31907         TIEL            saed90nm_max     
PLACE_optlc_31908         TIEL            saed90nm_max     
PLACE_optlc_31909         TIEL            saed90nm_max     
PLACE_optlc_31910         TIEL            saed90nm_max     
PLACE_optlc_31911         TIEL            saed90nm_max     
PLACE_optlc_31912         TIEL            saed90nm_max     
PLACE_optlc_31913         TIEL            saed90nm_max     
PLACE_optlc_31914         TIEL            saed90nm_max     
PLACE_optlc_31915         TIEL            saed90nm_max     
PLACE_optlc_31916         TIEL            saed90nm_max     
PLACE_optlc_31917         TIEL            saed90nm_max     
PLACE_optlc_31918         TIEL            saed90nm_max     
PLACE_optlc_31919         TIEL            saed90nm_max     
PLACE_optlc_31920         TIEL            saed90nm_max     
PLACE_optlc_31921         TIEL            saed90nm_max     
PLACE_optlc_31922         TIEL            saed90nm_max     
PLACE_optlc_31923         TIEL            saed90nm_max     
PLACE_optlc_31924         TIEL            saed90nm_max     
PLACE_optlc_31925         TIEL            saed90nm_max     
PLACE_optlc_31926         TIEL            saed90nm_max     
PLACE_optlc_31927         TIEL            saed90nm_max     
PLACE_optlc_31928         TIEL            saed90nm_max     
PLACE_optlc_31929         TIEL            saed90nm_max     
PLACE_optlc_31930         TIEL            saed90nm_max     
PLACE_optlc_31932         TIEL            saed90nm_max     
PLACE_optlc_31933         TIEL            saed90nm_max     
PLACE_optlc_31934         TIEL            saed90nm_max     
PLACE_optlc_31935         TIEL            saed90nm_max     
PLACE_optlc_31937         TIEL            saed90nm_max     
PLACE_optlc_31938         TIEL            saed90nm_max     
PLACE_optlc_31939         TIEL            saed90nm_max     
PLACE_optlc_31940         TIEL            saed90nm_max     
PLACE_optlc_31941         TIEL            saed90nm_max     
PLACE_optlc_31942         TIEL            saed90nm_max     
PLACE_optlc_31943         TIEL            saed90nm_max     
PLACE_optlc_31944         TIEL            saed90nm_max     
PLACE_optlc_31945         TIEL            saed90nm_max     
PLACE_optlc_31946         TIEL            saed90nm_max     
PLACE_optlc_31947         TIEL            saed90nm_max     
PLACE_optlc_31948         TIEL            saed90nm_max     
PLACE_optlc_31949         TIEL            saed90nm_max     
PLACE_optlc_31950         TIEL            saed90nm_max     
PLACE_optlc_31951         TIEL            saed90nm_max     
PLACE_optlc_31952         TIEL            saed90nm_max     
PLACE_optlc_31953         TIEL            saed90nm_max     
PLACE_optlc_31954         TIEL            saed90nm_max     
PLACE_optlc_31955         TIEL            saed90nm_max     
PLACE_optlc_31956         TIEL            saed90nm_max     
PLACE_optlc_31957         TIEL            saed90nm_max     
PLACE_optlc_31958         TIEL            saed90nm_max     
PLACE_optlc_31959         TIEL            saed90nm_max     
PLACE_optlc_31960         TIEL            saed90nm_max     
PLACE_optlc_31961         TIEL            saed90nm_max     
PLACE_optlc_31962         TIEL            saed90nm_max     
PLACE_optlc_31963         TIEL            saed90nm_max     
PLACE_optlc_31964         TIEL            saed90nm_max     
PLACE_optlc_31965         TIEL            saed90nm_max     
PLACE_optlc_31966         TIEL            saed90nm_max     
PLACE_optlc_31967         TIEL            saed90nm_max     
PLACE_optlc_31968         TIEL            saed90nm_max     
PLACE_optlc_31969         TIEL            saed90nm_max     
PLACE_optlc_31970         TIEL            saed90nm_max     
PLACE_optlc_31971         TIEL            saed90nm_max     
PLACE_optlc_31972         TIEL            saed90nm_max     
PLACE_optlc_31973         TIEL            saed90nm_max     
PLACE_optlc_31974         TIEL            saed90nm_max     
PLACE_optlc_31975         TIEL            saed90nm_max     
PLACE_optlc_31976         TIEL            saed90nm_max     
PLACE_optlc_31977         TIEL            saed90nm_max     
PLACE_optlc_31978         TIEL            saed90nm_max     
PLACE_optlc_31979         TIEL            saed90nm_max     
PLACE_optlc_31980         TIEL            saed90nm_max     
PLACE_optlc_31981         TIEL            saed90nm_max     
PLACE_optlc_31982         TIEL            saed90nm_max     
PLACE_optlc_31983         TIEL            saed90nm_max     
PLACE_optlc_31984         TIEL            saed90nm_max     
PLACE_optlc_31985         TIEL            saed90nm_max     
PLACE_optlc_31986         TIEL            saed90nm_max     
PLACE_optlc_31987         TIEL            saed90nm_max     
PLACE_optlc_31988         TIEL            saed90nm_max     
PLACE_optlc_31989         TIEL            saed90nm_max     
PLACE_optlc_31990         TIEL            saed90nm_max     
PLACE_optlc_31991         TIEL            saed90nm_max     
PLACE_optlc_31992         TIEL            saed90nm_max     
PLACE_optlc_31993         TIEL            saed90nm_max     
PLACE_optlc_31994         TIEL            saed90nm_max     
PLACE_optlc_31995         TIEL            saed90nm_max     
PLACE_optlc_31996         TIEL            saed90nm_max     
PLACE_optlc_31997         TIEL            saed90nm_max     
PLACE_optlc_31998         TIEL            saed90nm_max     
PLACE_optlc_31999         TIEL            saed90nm_max     
PLACE_optlc_32000         TIEL            saed90nm_max     
PLACE_optlc_32001         TIEL            saed90nm_max     
PLACE_optlc_32002         TIEL            saed90nm_max     
PLACE_optlc_32003         TIEL            saed90nm_max     
PLACE_optlc_32004         TIEL            saed90nm_max     
PLACE_optlc_32005         TIEL            saed90nm_max     
PLACE_optlc_32006         TIEL            saed90nm_max     
PLACE_optlc_32007         TIEL            saed90nm_max     
PLACE_optlc_32008         TIEL            saed90nm_max     
PLACE_optlc_32009         TIEL            saed90nm_max     
PLACE_optlc_32010         TIEL            saed90nm_max     
PLACE_optlc_32011         TIEL            saed90nm_max     
PLACE_optlc_32012         TIEL            saed90nm_max     
PLACE_optlc_32013         TIEL            saed90nm_max     
PLACE_optlc_32014         TIEL            saed90nm_max     
PLACE_optlc_32015         TIEL            saed90nm_max     
PLACE_optlc_32016         TIEL            saed90nm_max     
PLACE_optlc_32017         TIEL            saed90nm_max     
PLACE_optlc_32018         TIEL            saed90nm_max     
PLACE_optlc_32019         TIEL            saed90nm_max     
PLACE_optlc_32020         TIEL            saed90nm_max     
PLACE_optlc_32021         TIEL            saed90nm_max     
PLACE_optlc_32022         TIEL            saed90nm_max     
PLACE_optlc_32023         TIEL            saed90nm_max     
PLACE_optlc_32024         TIEL            saed90nm_max     
PLACE_optlc_32025         TIEL            saed90nm_max     
PLACE_optlc_32026         TIEL            saed90nm_max     
PLACE_optlc_32027         TIEL            saed90nm_max     
PLACE_optlc_32028         TIEL            saed90nm_max     
PLACE_optlc_32029         TIEL            saed90nm_max     
PLACE_optlc_32030         TIEL            saed90nm_max     
PLACE_optlc_32031         TIEL            saed90nm_max     
PLACE_optlc_32032         TIEL            saed90nm_max     
PLACE_optlc_32033         TIEL            saed90nm_max     
PLACE_optlc_32034         TIEL            saed90nm_max     
PLACE_optlc_32035         TIEL            saed90nm_max     
PLACE_optlc_32036         TIEL            saed90nm_max     
PLACE_optlc_32037         TIEL            saed90nm_max     
PLACE_optlc_32038         TIEL            saed90nm_max     
PLACE_optlc_32039         TIEL            saed90nm_max     
PLACE_optlc_32040         TIEL            saed90nm_max     
PLACE_optlc_32041         TIEL            saed90nm_max     
PLACE_optlc_32042         TIEL            saed90nm_max     
PLACE_optlc_32043         TIEL            saed90nm_max     
PLACE_optlc_32044         TIEL            saed90nm_max     
PLACE_optlc_32045         TIEL            saed90nm_max     
PLACE_optlc_32046         TIEL            saed90nm_max     
PLACE_optlc_32047         TIEL            saed90nm_max     
PLACE_optlc_32048         TIEL            saed90nm_max     
PLACE_optlc_32049         TIEL            saed90nm_max     
PLACE_optlc_32050         TIEL            saed90nm_max     
PLACE_optlc_32051         TIEL            saed90nm_max     
PLACE_optlc_32052         TIEL            saed90nm_max     
PLACE_optlc_32053         TIEL            saed90nm_max     
PLACE_optlc_32054         TIEL            saed90nm_max     
PLACE_optlc_32055         TIEL            saed90nm_max     
PLACE_optlc_32056         TIEL            saed90nm_max     
PLACE_optlc_32057         TIEL            saed90nm_max     
PLACE_optlc_32058         TIEL            saed90nm_max     
PLACE_optlc_32059         TIEL            saed90nm_max     
PLACE_optlc_32060         TIEL            saed90nm_max     
PLACE_optlc_32061         TIEL            saed90nm_max     
PLACE_optlc_32062         TIEL            saed90nm_max     
PLACE_optlc_32063         TIEL            saed90nm_max     
PLACE_optlc_32064         TIEL            saed90nm_max     
PLACE_optlc_32065         TIEL            saed90nm_max     
PLACE_optlc_32066         TIEL            saed90nm_max     
PLACE_optlc_32067         TIEL            saed90nm_max     
PLACE_optlc_32068         TIEL            saed90nm_max     
PLACE_optlc_32069         TIEL            saed90nm_max     
PLACE_optlc_32070         TIEL            saed90nm_max     
PLACE_optlc_32071         TIEL            saed90nm_max     
PLACE_optlc_32072         TIEL            saed90nm_max     
PLACE_optlc_32073         TIEL            saed90nm_max     
PLACE_optlc_32074         TIEL            saed90nm_max     
PLACE_optlc_32075         TIEL            saed90nm_max     
PLACE_optlc_32076         TIEL            saed90nm_max     
PLACE_optlc_32077         TIEL            saed90nm_max     
PLACE_optlc_32078         TIEL            saed90nm_max     
PLACE_optlc_32079         TIEL            saed90nm_max     
PLACE_optlc_32080         TIEL            saed90nm_max     
PLACE_optlc_32081         TIEL            saed90nm_max     
PLACE_optlc_32083         TIEL            saed90nm_max     
PLACE_optlc_32084         TIEL            saed90nm_max     
PLACE_optlc_32085         TIEL            saed90nm_max     
PLACE_optlc_32086         TIEL            saed90nm_max     
PLACE_optlc_32087         TIEL            saed90nm_max     
PLACE_optlc_32088         TIEL            saed90nm_max     
PLACE_optlc_32089         TIEL            saed90nm_max     
PLACE_optlc_32090         TIEL            saed90nm_max     
PLACE_optlc_32091         TIEL            saed90nm_max     
PLACE_optlc_32092         TIEL            saed90nm_max     
PLACE_optlc_32093         TIEL            saed90nm_max     
PLACE_optlc_32094         TIEL            saed90nm_max     
PLACE_optlc_32095         TIEL            saed90nm_max     
PLACE_optlc_32096         TIEL            saed90nm_max     
PLACE_optlc_32097         TIEL            saed90nm_max     
PLACE_optlc_32098         TIEL            saed90nm_max     
PLACE_optlc_32099         TIEL            saed90nm_max     
PLACE_optlc_32100         TIEL            saed90nm_max     
PLACE_optlc_32101         TIEL            saed90nm_max     
PLACE_optlc_32102         TIEL            saed90nm_max     
PLACE_optlc_32103         TIEL            saed90nm_max     
PLACE_optlc_32104         TIEL            saed90nm_max     
PLACE_optlc_32105         TIEL            saed90nm_max     
PLACE_optlc_32106         TIEL            saed90nm_max     
PLACE_optlc_32107         TIEL            saed90nm_max     
PLACE_optlc_32108         TIEL            saed90nm_max     
PLACE_optlc_32109         TIEL            saed90nm_max     
PLACE_optlc_32110         TIEL            saed90nm_max     
PLACE_optlc_32111         TIEL            saed90nm_max     
PLACE_optlc_32112         TIEL            saed90nm_max     
PLACE_optlc_32113         TIEL            saed90nm_max     
PLACE_optlc_32114         TIEL            saed90nm_max     
PLACE_optlc_32115         TIEL            saed90nm_max     
PLACE_optlc_32116         TIEL            saed90nm_max     
PLACE_optlc_32117         TIEL            saed90nm_max     
PLACE_optlc_32118         TIEL            saed90nm_max     
PLACE_optlc_32119         TIEL            saed90nm_max     
PLACE_optlc_32120         TIEL            saed90nm_max     
PLACE_optlc_32121         TIEL            saed90nm_max     
PLACE_optlc_32122         TIEL            saed90nm_max     
PLACE_optlc_32123         TIEL            saed90nm_max     
PLACE_optlc_32124         TIEL            saed90nm_max     
PLACE_optlc_32125         TIEL            saed90nm_max     
PLACE_optlc_32126         TIEL            saed90nm_max     
PLACE_optlc_32127         TIEL            saed90nm_max     
PLACE_optlc_32128         TIEL            saed90nm_max     
PLACE_optlc_32129         TIEL            saed90nm_max     
PLACE_optlc_32130         TIEL            saed90nm_max     
PLACE_optlc_32131         TIEL            saed90nm_max     
PLACE_optlc_32132         TIEL            saed90nm_max     
PLACE_optlc_32133         TIEL            saed90nm_max     
PLACE_optlc_32134         TIEL            saed90nm_max     
PLACE_optlc_32135         TIEL            saed90nm_max     
PLACE_optlc_32136         TIEL            saed90nm_max     
PLACE_optlc_32137         TIEL            saed90nm_max     
PLACE_optlc_32138         TIEL            saed90nm_max     
PLACE_optlc_32139         TIEL            saed90nm_max     
PLACE_optlc_32140         TIEL            saed90nm_max     
PLACE_optlc_32141         TIEL            saed90nm_max     
PLACE_optlc_32142         TIEL            saed90nm_max     
PLACE_optlc_32143         TIEL            saed90nm_max     
PLACE_optlc_32144         TIEL            saed90nm_max     
PLACE_optlc_32145         TIEL            saed90nm_max     
PLACE_optlc_32146         TIEL            saed90nm_max     
PLACE_optlc_32147         TIEL            saed90nm_max     
PLACE_optlc_32148         TIEL            saed90nm_max     
PLACE_optlc_32149         TIEL            saed90nm_max     
PLACE_optlc_32150         TIEL            saed90nm_max     
PLACE_optlc_32151         TIEL            saed90nm_max     
PLACE_optlc_32152         TIEL            saed90nm_max     
PLACE_optlc_32153         TIEL            saed90nm_max     
PLACE_optlc_32154         TIEL            saed90nm_max     
PLACE_optlc_32155         TIEL            saed90nm_max     
PLACE_optlc_32156         TIEL            saed90nm_max     
PLACE_optlc_32157         TIEL            saed90nm_max     
PLACE_optlc_32158         TIEL            saed90nm_max     
PLACE_optlc_32159         TIEL            saed90nm_max     
PLACE_optlc_32160         TIEL            saed90nm_max     
PLACE_optlc_32161         TIEL            saed90nm_max     
PLACE_optlc_32162         TIEL            saed90nm_max     
PLACE_optlc_32163         TIEL            saed90nm_max     
PLACE_optlc_32164         TIEL            saed90nm_max     
PLACE_optlc_32165         TIEL            saed90nm_max     
PLACE_optlc_32166         TIEL            saed90nm_max     
PLACE_optlc_32167         TIEL            saed90nm_max     
PLACE_optlc_32168         TIEL            saed90nm_max     
PLACE_optlc_32169         TIEL            saed90nm_max     
PLACE_optlc_32170         TIEL            saed90nm_max     
PLACE_optlc_32171         TIEL            saed90nm_max     
PLACE_optlc_32172         TIEL            saed90nm_max     
PLACE_optlc_32173         TIEL            saed90nm_max     
PLACE_optlc_32174         TIEL            saed90nm_max     
PLACE_optlc_32175         TIEL            saed90nm_max     
PLACE_optlc_32176         TIEL            saed90nm_max     
PLACE_optlc_32177         TIEL            saed90nm_max     
PLACE_optlc_32178         TIEL            saed90nm_max     
PLACE_optlc_32179         TIEL            saed90nm_max     
PLACE_optlc_32180         TIEL            saed90nm_max     
PLACE_optlc_32181         TIEL            saed90nm_max     
PLACE_optlc_32182         TIEL            saed90nm_max     
PLACE_optlc_32183         TIEL            saed90nm_max     
PLACE_optlc_32184         TIEL            saed90nm_max     
PLACE_optlc_32185         TIEL            saed90nm_max     
PLACE_optlc_32186         TIEL            saed90nm_max     
PLACE_optlc_32187         TIEL            saed90nm_max     
PLACE_optlc_32188         TIEL            saed90nm_max     
PLACE_optlc_32189         TIEL            saed90nm_max     
PLACE_optlc_32190         TIEL            saed90nm_max     
PLACE_optlc_32191         TIEL            saed90nm_max     
PLACE_optlc_32192         TIEL            saed90nm_max     
PLACE_optlc_32193         TIEL            saed90nm_max     
PLACE_optlc_32194         TIEL            saed90nm_max     
PLACE_optlc_32195         TIEL            saed90nm_max     
PLACE_optlc_32196         TIEL            saed90nm_max     
PLACE_optlc_32197         TIEL            saed90nm_max     
PLACE_optlc_32198         TIEL            saed90nm_max     
PLACE_optlc_32199         TIEL            saed90nm_max     
PLACE_optlc_32200         TIEL            saed90nm_max     
PLACE_optlc_32201         TIEL            saed90nm_max     
PLACE_optlc_32202         TIEL            saed90nm_max     
PLACE_optlc_32203         TIEL            saed90nm_max     
PLACE_optlc_32204         TIEL            saed90nm_max     
PLACE_optlc_32205         TIEL            saed90nm_max     
PLACE_optlc_32206         TIEL            saed90nm_max     
PLACE_optlc_32207         TIEL            saed90nm_max     
PLACE_optlc_32208         TIEL            saed90nm_max     
PLACE_optlc_32209         TIEL            saed90nm_max     
PLACE_optlc_32210         TIEL            saed90nm_max     
PLACE_optlc_32211         TIEL            saed90nm_max     
PLACE_optlc_32212         TIEL            saed90nm_max     
PLACE_optlc_32213         TIEL            saed90nm_max     
PLACE_optlc_32214         TIEL            saed90nm_max     
PLACE_optlc_32215         TIEL            saed90nm_max     
PLACE_optlc_32216         TIEL            saed90nm_max     
PLACE_optlc_32217         TIEL            saed90nm_max     
PLACE_optlc_32218         TIEL            saed90nm_max     
PLACE_optlc_32219         TIEL            saed90nm_max     
PLACE_optlc_32220         TIEL            saed90nm_max     
PLACE_optlc_32221         TIEL            saed90nm_max     
PLACE_optlc_32222         TIEL            saed90nm_max     
PLACE_optlc_32223         TIEL            saed90nm_max     
PLACE_optlc_32224         TIEL            saed90nm_max     
PLACE_optlc_32225         TIEL            saed90nm_max     
PLACE_optlc_32226         TIEL            saed90nm_max     
PLACE_optlc_32227         TIEL            saed90nm_max     
PLACE_optlc_32228         TIEL            saed90nm_max     
PLACE_optlc_32229         TIEL            saed90nm_max     
PLACE_optlc_32230         TIEL            saed90nm_max     
PLACE_optlc_32231         TIEL            saed90nm_max     
PLACE_optlc_32232         TIEL            saed90nm_max     
PLACE_optlc_32233         TIEL            saed90nm_max     
PLACE_optlc_32234         TIEL            saed90nm_max     
PLACE_optlc_32235         TIEL            saed90nm_max     
PLACE_optlc_32236         TIEL            saed90nm_max     
PLACE_optlc_32237         TIEL            saed90nm_max     
PLACE_optlc_32238         TIEL            saed90nm_max     
PLACE_optlc_32239         TIEL            saed90nm_max     
PLACE_optlc_32240         TIEL            saed90nm_max     
PLACE_optlc_32241         TIEL            saed90nm_max     
PLACE_optlc_32242         TIEL            saed90nm_max     
PLACE_optlc_32243         TIEL            saed90nm_max     
PLACE_optlc_32244         TIEL            saed90nm_max     
PLACE_optlc_32245         TIEL            saed90nm_max     
PLACE_optlc_32246         TIEL            saed90nm_max     
PLACE_optlc_32247         TIEL            saed90nm_max     
PLACE_optlc_32248         TIEL            saed90nm_max     
PLACE_optlc_32249         TIEL            saed90nm_max     
PLACE_optlc_32250         TIEL            saed90nm_max     
PLACE_optlc_32251         TIEL            saed90nm_max     
PLACE_optlc_32252         TIEL            saed90nm_max     
PLACE_optlc_32253         TIEL            saed90nm_max     
PLACE_optlc_32254         TIEL            saed90nm_max     
PLACE_optlc_32255         TIEL            saed90nm_max     
PLACE_optlc_32256         TIEL            saed90nm_max     
PLACE_optlc_32257         TIEL            saed90nm_max     
PLACE_optlc_32258         TIEL            saed90nm_max     
PLACE_optlc_32259         TIEL            saed90nm_max     
PLACE_optlc_32260         TIEL            saed90nm_max     
PLACE_optlc_32261         TIEL            saed90nm_max     
PLACE_optlc_32262         TIEL            saed90nm_max     
PLACE_optlc_32263         TIEL            saed90nm_max     
PLACE_optlc_32264         TIEL            saed90nm_max     
PLACE_optlc_32265         TIEL            saed90nm_max     
PLACE_optlc_32266         TIEL            saed90nm_max     
PLACE_optlc_32267         TIEL            saed90nm_max     
PLACE_optlc_32268         TIEL            saed90nm_max     
PLACE_optlc_32269         TIEL            saed90nm_max     
PLACE_optlc_32270         TIEL            saed90nm_max     
PLACE_optlc_32271         TIEL            saed90nm_max     
PLACE_optlc_32272         TIEL            saed90nm_max     
PLACE_optlc_32273         TIEL            saed90nm_max     
PLACE_optlc_32274         TIEL            saed90nm_max     
PLACE_optlc_32275         TIEL            saed90nm_max     
PLACE_optlc_32276         TIEL            saed90nm_max     
PLACE_optlc_32277         TIEL            saed90nm_max     
PLACE_optlc_32278         TIEL            saed90nm_max     
PLACE_optlc_32279         TIEL            saed90nm_max     
PLACE_optlc_32280         TIEL            saed90nm_max     
PLACE_optlc_32281         TIEL            saed90nm_max     
PLACE_optlc_32282         TIEL            saed90nm_max     
PLACE_optlc_32283         TIEL            saed90nm_max     
PLACE_optlc_32284         TIEL            saed90nm_max     
PLACE_optlc_32285         TIEL            saed90nm_max     
PLACE_optlc_32286         TIEL            saed90nm_max     
PLACE_optlc_32287         TIEL            saed90nm_max     
PLACE_optlc_32288         TIEL            saed90nm_max     
PLACE_optlc_32289         TIEL            saed90nm_max     
PLACE_optlc_32290         TIEL            saed90nm_max     
PLACE_optlc_32291         TIEL            saed90nm_max     
PLACE_optlc_32292         TIEL            saed90nm_max     
PLACE_optlc_32293         TIEL            saed90nm_max     
PLACE_optlc_32294         TIEL            saed90nm_max     
PLACE_optlc_32295         TIEL            saed90nm_max     
PLACE_optlc_32296         TIEL            saed90nm_max     
PLACE_optlc_32297         TIEL            saed90nm_max     
PLACE_optlc_32298         TIEL            saed90nm_max     
PLACE_optlc_32299         TIEL            saed90nm_max     
PLACE_optlc_32300         TIEL            saed90nm_max     
PLACE_optlc_32301         TIEL            saed90nm_max     
PLACE_optlc_32302         TIEL            saed90nm_max     
PLACE_optlc_32303         TIEL            saed90nm_max     
PLACE_optlc_32304         TIEL            saed90nm_max     
PLACE_optlc_32305         TIEL            saed90nm_max     
PLACE_optlc_32306         TIEL            saed90nm_max     
PLACE_optlc_32307         TIEL            saed90nm_max     
PLACE_optlc_32308         TIEL            saed90nm_max     
PLACE_optlc_32309         TIEL            saed90nm_max     
PLACE_optlc_32310         TIEL            saed90nm_max     
PLACE_optlc_32311         TIEL            saed90nm_max     
PLACE_optlc_32313         TIEL            saed90nm_max     
PLACE_optlc_32314         TIEL            saed90nm_max     
PLACE_optlc_32315         TIEL            saed90nm_max     
PLACE_optlc_32316         TIEL            saed90nm_max     
PLACE_optlc_32317         TIEL            saed90nm_max     
PLACE_optlc_32318         TIEL            saed90nm_max     
PLACE_optlc_32319         TIEL            saed90nm_max     
PLACE_optlc_32320         TIEL            saed90nm_max     
PLACE_optlc_32321         TIEL            saed90nm_max     
PLACE_optlc_32322         TIEL            saed90nm_max     
PLACE_optlc_32323         TIEL            saed90nm_max     
PLACE_optlc_32324         TIEL            saed90nm_max     
PLACE_optlc_32325         TIEL            saed90nm_max     
PLACE_optlc_32326         TIEL            saed90nm_max     
PLACE_optlc_32327         TIEL            saed90nm_max     
PLACE_optlc_32328         TIEL            saed90nm_max     
PLACE_optlc_32329         TIEL            saed90nm_max     
PLACE_optlc_32330         TIEL            saed90nm_max     
PLACE_optlc_32331         TIEL            saed90nm_max     
PLACE_optlc_32332         TIEL            saed90nm_max     
PLACE_optlc_32333         TIEL            saed90nm_max     
PLACE_optlc_32334         TIEL            saed90nm_max     
PLACE_optlc_32335         TIEL            saed90nm_max     
PLACE_optlc_32336         TIEL            saed90nm_max     
PLACE_optlc_32337         TIEL            saed90nm_max     
PLACE_optlc_32338         TIEL            saed90nm_max     
PLACE_optlc_32339         TIEL            saed90nm_max     
PLACE_optlc_32340         TIEL            saed90nm_max     
PLACE_optlc_32341         TIEL            saed90nm_max     
PLACE_optlc_32342         TIEL            saed90nm_max     
PLACE_optlc_32343         TIEL            saed90nm_max     
PLACE_optlc_32344         TIEL            saed90nm_max     
PLACE_optlc_32345         TIEL            saed90nm_max     
PLACE_optlc_32346         TIEL            saed90nm_max     
PLACE_optlc_32347         TIEL            saed90nm_max     
PLACE_optlc_32348         TIEL            saed90nm_max     
PLACE_optlc_32349         TIEL            saed90nm_max     
PLACE_optlc_32350         TIEL            saed90nm_max     
PLACE_optlc_32351         TIEL            saed90nm_max     
PLACE_optlc_32352         TIEL            saed90nm_max     
PLACE_optlc_32353         TIEL            saed90nm_max     
PLACE_optlc_32354         TIEL            saed90nm_max     
PLACE_optlc_32355         TIEL            saed90nm_max     
PLACE_optlc_32356         TIEL            saed90nm_max     
PLACE_optlc_32357         TIEL            saed90nm_max     
PLACE_optlc_32358         TIEL            saed90nm_max     
PLACE_optlc_32359         TIEL            saed90nm_max     
PLACE_optlc_32360         TIEL            saed90nm_max     
PLACE_optlc_32361         TIEL            saed90nm_max     
PLACE_optlc_32362         TIEL            saed90nm_max     
PLACE_optlc_32363         TIEL            saed90nm_max     
PLACE_optlc_32364         TIEL            saed90nm_max     
PLACE_optlc_32365         TIEL            saed90nm_max     
PLACE_optlc_32366         TIEL            saed90nm_max     
PLACE_optlc_32367         TIEL            saed90nm_max     
PLACE_optlc_32368         TIEL            saed90nm_max     
PLACE_optlc_32369         TIEL            saed90nm_max     
PLACE_optlc_32370         TIEL            saed90nm_max     
PLACE_optlc_32371         TIEL            saed90nm_max     
PLACE_optlc_32372         TIEL            saed90nm_max     
PLACE_optlc_32373         TIEL            saed90nm_max     
PLACE_optlc_32374         TIEL            saed90nm_max     
PLACE_optlc_32375         TIEL            saed90nm_max     
PLACE_optlc_32376         TIEL            saed90nm_max     
PLACE_optlc_32377         TIEL            saed90nm_max     
PLACE_optlc_32378         TIEL            saed90nm_max     
PLACE_optlc_32379         TIEL            saed90nm_max     
PLACE_optlc_32380         TIEL            saed90nm_max     
PLACE_optlc_32381         TIEL            saed90nm_max     
PLACE_optlc_32382         TIEL            saed90nm_max     
PLACE_optlc_32383         TIEL            saed90nm_max     
PLACE_optlc_32384         TIEL            saed90nm_max     
PLACE_optlc_32385         TIEL            saed90nm_max     
PLACE_optlc_32386         TIEL            saed90nm_max     
PLACE_optlc_32387         TIEL            saed90nm_max     
PLACE_optlc_32388         TIEL            saed90nm_max     
PLACE_optlc_32389         TIEL            saed90nm_max     
PLACE_optlc_32390         TIEL            saed90nm_max     
PLACE_optlc_32391         TIEL            saed90nm_max     
PLACE_optlc_32392         TIEL            saed90nm_max     
PLACE_optlc_32393         TIEL            saed90nm_max     
PLACE_optlc_32394         TIEL            saed90nm_max     
PLACE_optlc_32395         TIEL            saed90nm_max     
PLACE_optlc_32396         TIEL            saed90nm_max     
PLACE_optlc_32397         TIEL            saed90nm_max     
PLACE_optlc_32398         TIEL            saed90nm_max     
PLACE_optlc_32399         TIEL            saed90nm_max     
PLACE_optlc_32400         TIEL            saed90nm_max     
PLACE_optlc_32401         TIEL            saed90nm_max     
PLACE_optlc_32402         TIEL            saed90nm_max     
PLACE_optlc_32403         TIEL            saed90nm_max     
PLACE_optlc_32404         TIEL            saed90nm_max     
PLACE_optlc_32405         TIEL            saed90nm_max     
PLACE_optlc_32406         TIEL            saed90nm_max     
PLACE_optlc_32407         TIEL            saed90nm_max     
PLACE_optlc_32408         TIEL            saed90nm_max     
PLACE_optlc_32409         TIEL            saed90nm_max     
PLACE_optlc_32410         TIEL            saed90nm_max     
PLACE_optlc_32411         TIEL            saed90nm_max     
PLACE_optlc_32412         TIEL            saed90nm_max     
PLACE_optlc_32413         TIEL            saed90nm_max     
PLACE_optlc_32414         TIEL            saed90nm_max     
PLACE_optlc_32415         TIEL            saed90nm_max     
PLACE_optlc_32416         TIEL            saed90nm_max     
PLACE_optlc_32417         TIEL            saed90nm_max     
PLACE_optlc_32418         TIEL            saed90nm_max     
PLACE_optlc_32419         TIEL            saed90nm_max     
PLACE_optlc_32420         TIEL            saed90nm_max     
PLACE_optlc_32421         TIEL            saed90nm_max     
PLACE_optlc_32422         TIEL            saed90nm_max     
PLACE_optlc_32423         TIEL            saed90nm_max     
PLACE_optlc_32424         TIEL            saed90nm_max     
PLACE_optlc_32425         TIEL            saed90nm_max     
PLACE_optlc_32426         TIEL            saed90nm_max     
PLACE_optlc_32427         TIEL            saed90nm_max     
PLACE_optlc_32428         TIEL            saed90nm_max     
PLACE_optlc_32429         TIEL            saed90nm_max     
PLACE_optlc_32430         TIEL            saed90nm_max     
PLACE_optlc_32431         TIEL            saed90nm_max     
PLACE_optlc_32432         TIEL            saed90nm_max     
PLACE_optlc_32433         TIEL            saed90nm_max     
PLACE_optlc_32434         TIEL            saed90nm_max     
PLACE_optlc_32435         TIEL            saed90nm_max     
PLACE_optlc_32436         TIEL            saed90nm_max     
PLACE_optlc_32437         TIEL            saed90nm_max     
PLACE_optlc_32438         TIEL            saed90nm_max     
PLACE_optlc_32439         TIEL            saed90nm_max     
PLACE_optlc_32440         TIEL            saed90nm_max     
PLACE_optlc_32441         TIEL            saed90nm_max     
PLACE_optlc_32442         TIEL            saed90nm_max     
PLACE_optlc_32443         TIEL            saed90nm_max     
PLACE_optlc_32444         TIEL            saed90nm_max     
PLACE_optlc_32445         TIEL            saed90nm_max     
PLACE_optlc_32446         TIEL            saed90nm_max     
PLACE_optlc_32447         TIEL            saed90nm_max     
PLACE_optlc_32448         TIEL            saed90nm_max     
PLACE_optlc_32449         TIEL            saed90nm_max     
PLACE_optlc_32450         TIEL            saed90nm_max     
PLACE_optlc_32451         TIEL            saed90nm_max     
PLACE_optlc_32452         TIEL            saed90nm_max     
PLACE_optlc_32453         TIEL            saed90nm_max     
PLACE_optlc_32454         TIEL            saed90nm_max     
PLACE_optlc_32455         TIEL            saed90nm_max     
PLACE_optlc_32456         TIEL            saed90nm_max     
PLACE_optlc_32457         TIEL            saed90nm_max     
PLACE_optlc_32458         TIEL            saed90nm_max     
PLACE_optlc_32459         TIEL            saed90nm_max     
PLACE_optlc_32460         TIEL            saed90nm_max     
PLACE_optlc_32461         TIEL            saed90nm_max     
PLACE_optlc_32462         TIEL            saed90nm_max     
PLACE_optlc_32463         TIEL            saed90nm_max     
PLACE_optlc_32464         TIEL            saed90nm_max     
PLACE_optlc_32465         TIEL            saed90nm_max     
PLACE_optlc_32466         TIEL            saed90nm_max     
PLACE_optlc_32467         TIEL            saed90nm_max     
PLACE_optlc_32468         TIEL            saed90nm_max     
PLACE_optlc_32469         TIEL            saed90nm_max     
PLACE_optlc_32470         TIEL            saed90nm_max     
PLACE_optlc_32471         TIEL            saed90nm_max     
PLACE_optlc_32472         TIEL            saed90nm_max     
PLACE_optlc_32473         TIEL            saed90nm_max     
PLACE_optlc_32474         TIEL            saed90nm_max     
PLACE_optlc_32475         TIEL            saed90nm_max     
PLACE_optlc_32476         TIEL            saed90nm_max     
PLACE_optlc_32477         TIEL            saed90nm_max     
PLACE_optlc_32478         TIEL            saed90nm_max     
PLACE_optlc_32479         TIEL            saed90nm_max     
PLACE_optlc_32480         TIEL            saed90nm_max     
PLACE_optlc_32481         TIEL            saed90nm_max     
PLACE_optlc_32482         TIEL            saed90nm_max     
PLACE_optlc_32483         TIEL            saed90nm_max     
PLACE_optlc_32484         TIEL            saed90nm_max     
PLACE_optlc_32485         TIEL            saed90nm_max     
PLACE_optlc_32486         TIEL            saed90nm_max     
PLACE_optlc_32487         TIEL            saed90nm_max     
PLACE_optlc_32488         TIEL            saed90nm_max     
PLACE_optlc_32489         TIEL            saed90nm_max     
PLACE_optlc_32490         TIEL            saed90nm_max     
PLACE_optlc_32491         TIEL            saed90nm_max     
PLACE_optlc_32492         TIEL            saed90nm_max     
PLACE_optlc_32493         TIEL            saed90nm_max     
PLACE_optlc_32494         TIEL            saed90nm_max     
PLACE_optlc_32495         TIEL            saed90nm_max     
PLACE_optlc_32496         TIEL            saed90nm_max     
PLACE_optlc_32497         TIEL            saed90nm_max     
PLACE_optlc_32498         TIEL            saed90nm_max     
PLACE_optlc_32499         TIEL            saed90nm_max     
PLACE_optlc_32500         TIEL            saed90nm_max     
PLACE_optlc_32501         TIEL            saed90nm_max     
PLACE_optlc_32502         TIEL            saed90nm_max     
PLACE_optlc_32503         TIEL            saed90nm_max     
PLACE_optlc_32504         TIEL            saed90nm_max     
PLACE_optlc_32505         TIEL            saed90nm_max     
PLACE_optlc_32506         TIEL            saed90nm_max     
PLACE_optlc_32507         TIEL            saed90nm_max     
PLACE_optlc_32508         TIEL            saed90nm_max     
PLACE_optlc_32509         TIEL            saed90nm_max     
PLACE_optlc_32510         TIEL            saed90nm_max     
PLACE_optlc_32511         TIEL            saed90nm_max     
PLACE_optlc_32512         TIEL            saed90nm_max     
PLACE_optlc_32513         TIEL            saed90nm_max     
PLACE_optlc_32514         TIEL            saed90nm_max     
PLACE_optlc_32515         TIEL            saed90nm_max     
PLACE_optlc_32516         TIEL            saed90nm_max     
PLACE_optlc_32517         TIEL            saed90nm_max     
PLACE_optlc_32518         TIEL            saed90nm_max     
PLACE_optlc_32519         TIEL            saed90nm_max     
PLACE_optlc_32520         TIEL            saed90nm_max     
PLACE_optlc_32521         TIEL            saed90nm_max     
PLACE_optlc_32522         TIEL            saed90nm_max     
PLACE_optlc_32523         TIEL            saed90nm_max     
PLACE_optlc_32524         TIEL            saed90nm_max     
PLACE_optlc_32525         TIEL            saed90nm_max     
PLACE_optlc_32526         TIEL            saed90nm_max     
PLACE_optlc_32527         TIEL            saed90nm_max     
PLACE_optlc_32528         TIEL            saed90nm_max     
PLACE_optlc_32529         TIEL            saed90nm_max     
PLACE_optlc_32530         TIEL            saed90nm_max     
PLACE_optlc_32531         TIEL            saed90nm_max     
PLACE_optlc_32532         TIEL            saed90nm_max     
PLACE_optlc_32533         TIEL            saed90nm_max     
PLACE_optlc_32534         TIEL            saed90nm_max     
PLACE_optlc_32535         TIEL            saed90nm_max     
PLACE_optlc_32536         TIEL            saed90nm_max     
PLACE_optlc_32537         TIEL            saed90nm_max     
PLACE_optlc_32538         TIEL            saed90nm_max     
PLACE_optlc_32539         TIEL            saed90nm_max     
PLACE_optlc_32540         TIEL            saed90nm_max     
PLACE_optlc_32541         TIEL            saed90nm_max     
PLACE_optlc_32542         TIEL            saed90nm_max     
PLACE_optlc_32543         TIEL            saed90nm_max     
PLACE_optlc_32544         TIEL            saed90nm_max     
PLACE_optlc_32545         TIEL            saed90nm_max     
PLACE_optlc_32546         TIEL            saed90nm_max     
PLACE_optlc_32547         TIEL            saed90nm_max     
PLACE_optlc_32548         TIEL            saed90nm_max     
PLACE_optlc_32549         TIEL            saed90nm_max     
PLACE_optlc_32550         TIEL            saed90nm_max     
PLACE_optlc_32551         TIEL            saed90nm_max     
PLACE_optlc_32552         TIEL            saed90nm_max     
PLACE_optlc_32553         TIEL            saed90nm_max     
PLACE_optlc_32554         TIEL            saed90nm_max     
PLACE_optlc_32555         TIEL            saed90nm_max     
PLACE_optlc_32556         TIEL            saed90nm_max     
PLACE_optlc_32557         TIEL            saed90nm_max     
PLACE_optlc_32558         TIEL            saed90nm_max     
PLACE_optlc_32559         TIEL            saed90nm_max     
PLACE_optlc_32560         TIEL            saed90nm_max     
PLACE_optlc_32561         TIEL            saed90nm_max     
PLACE_optlc_32562         TIEL            saed90nm_max     
PLACE_optlc_32563         TIEL            saed90nm_max     
PLACE_optlc_32564         TIEL            saed90nm_max     
PLACE_optlc_32565         TIEL            saed90nm_max     
PLACE_optlc_32566         TIEL            saed90nm_max     
PLACE_optlc_32567         TIEL            saed90nm_max     
PLACE_optlc_32568         TIEL            saed90nm_max     
PLACE_optlc_32569         TIEL            saed90nm_max     
PLACE_optlc_32570         TIEL            saed90nm_max     
PLACE_optlc_32571         TIEL            saed90nm_max     
PLACE_optlc_32572         TIEL            saed90nm_max     
PLACE_optlc_32573         TIEL            saed90nm_max     
PLACE_optlc_32574         TIEL            saed90nm_max     
PLACE_optlc_32575         TIEL            saed90nm_max     
PLACE_optlc_32576         TIEL            saed90nm_max     
PLACE_optlc_32577         TIEL            saed90nm_max     
PLACE_optlc_32578         TIEL            saed90nm_max     
PLACE_optlc_32579         TIEL            saed90nm_max     
PLACE_optlc_32580         TIEL            saed90nm_max     
PLACE_optlc_32581         TIEL            saed90nm_max     
PLACE_optlc_32582         TIEL            saed90nm_max     
PLACE_optlc_32583         TIEL            saed90nm_max     
PLACE_optlc_32584         TIEL            saed90nm_max     
PLACE_optlc_32585         TIEL            saed90nm_max     
PLACE_optlc_32586         TIEL            saed90nm_max     
PLACE_optlc_32587         TIEL            saed90nm_max     
PLACE_optlc_32588         TIEL            saed90nm_max     
PLACE_optlc_32589         TIEL            saed90nm_max     
PLACE_optlc_32590         TIEL            saed90nm_max     
PLACE_optlc_32591         TIEL            saed90nm_max     
PLACE_optlc_32592         TIEL            saed90nm_max     
PLACE_optlc_32593         TIEL            saed90nm_max     
PLACE_optlc_32594         TIEL            saed90nm_max     
PLACE_optlc_32595         TIEL            saed90nm_max     
PLACE_optlc_32596         TIEL            saed90nm_max     
PLACE_optlc_32597         TIEL            saed90nm_max     
PLACE_optlc_32598         TIEL            saed90nm_max     
PLACE_optlc_32599         TIEL            saed90nm_max     
PLACE_optlc_32600         TIEL            saed90nm_max     
PLACE_optlc_32601         TIEL            saed90nm_max     
PLACE_optlc_32602         TIEL            saed90nm_max     
PLACE_optlc_32603         TIEL            saed90nm_max     
PLACE_optlc_32604         TIEL            saed90nm_max     
PLACE_optlc_32605         TIEL            saed90nm_max     
PLACE_optlc_32606         TIEL            saed90nm_max     
PLACE_optlc_32607         TIEL            saed90nm_max     
PLACE_optlc_32608         TIEL            saed90nm_max     
PLACE_optlc_32609         TIEL            saed90nm_max     
PLACE_optlc_32610         TIEL            saed90nm_max     
PLACE_optlc_32611         TIEL            saed90nm_max     
PLACE_optlc_32612         TIEL            saed90nm_max     
PLACE_optlc_32613         TIEL            saed90nm_max     
PLACE_optlc_32614         TIEL            saed90nm_max     
PLACE_optlc_32615         TIEL            saed90nm_max     
PLACE_optlc_32616         TIEL            saed90nm_max     
PLACE_optlc_32617         TIEL            saed90nm_max     
PLACE_optlc_32618         TIEL            saed90nm_max     
PLACE_optlc_32619         TIEL            saed90nm_max     
PLACE_optlc_32620         TIEL            saed90nm_max     
PLACE_optlc_32621         TIEL            saed90nm_max     
PLACE_optlc_32622         TIEL            saed90nm_max     
PLACE_optlc_32623         TIEL            saed90nm_max     
PLACE_optlc_32624         TIEL            saed90nm_max     
PLACE_optlc_32625         TIEL            saed90nm_max     
PLACE_optlc_32626         TIEL            saed90nm_max     
PLACE_optlc_32627         TIEL            saed90nm_max     
PLACE_optlc_32628         TIEL            saed90nm_max     
PLACE_optlc_32629         TIEL            saed90nm_max     
PLACE_optlc_32630         TIEL            saed90nm_max     
PLACE_optlc_32631         TIEL            saed90nm_max     
PLACE_optlc_32632         TIEL            saed90nm_max     
PLACE_optlc_32633         TIEL            saed90nm_max     
PLACE_optlc_32634         TIEL            saed90nm_max     
PLACE_optlc_32635         TIEL            saed90nm_max     
PLACE_optlc_32636         TIEL            saed90nm_max     
PLACE_optlc_32637         TIEL            saed90nm_max     
PLACE_optlc_32638         TIEL            saed90nm_max     
PLACE_optlc_32639         TIEL            saed90nm_max     
PLACE_optlc_32640         TIEL            saed90nm_max     
PLACE_optlc_32641         TIEL            saed90nm_max     
PLACE_optlc_32642         TIEL            saed90nm_max     
PLACE_optlc_32643         TIEL            saed90nm_max     
PLACE_optlc_32644         TIEL            saed90nm_max     
PLACE_optlc_32645         TIEL            saed90nm_max     
PLACE_optlc_32646         TIEL            saed90nm_max     
PLACE_optlc_32647         TIEL            saed90nm_max     
PLACE_optlc_32648         TIEL            saed90nm_max     
PLACE_optlc_32649         TIEL            saed90nm_max     
PLACE_optlc_32650         TIEL            saed90nm_max     
PLACE_optlc_32651         TIEL            saed90nm_max     
PLACE_optlc_32652         TIEL            saed90nm_max     
PLACE_optlc_32653         TIEL            saed90nm_max     
PLACE_optlc_32654         TIEL            saed90nm_max     
PLACE_optlc_32655         TIEL            saed90nm_max     
PLACE_optlc_32656         TIEL            saed90nm_max     
PLACE_optlc_32657         TIEL            saed90nm_max     
PLACE_optlc_32658         TIEL            saed90nm_max     
PLACE_optlc_32659         TIEL            saed90nm_max     
PLACE_optlc_32660         TIEL            saed90nm_max     
PLACE_optlc_32661         TIEL            saed90nm_max     
PLACE_optlc_32662         TIEL            saed90nm_max     
PLACE_optlc_32663         TIEL            saed90nm_max     
PLACE_optlc_32664         TIEL            saed90nm_max     
PLACE_optlc_32665         TIEL            saed90nm_max     
PLACE_optlc_32666         TIEL            saed90nm_max     
PLACE_optlc_32667         TIEL            saed90nm_max     
PLACE_optlc_32668         TIEL            saed90nm_max     
PLACE_optlc_32669         TIEL            saed90nm_max     
PLACE_optlc_32670         TIEL            saed90nm_max     
PLACE_optlc_32671         TIEL            saed90nm_max     
PLACE_optlc_32672         TIEL            saed90nm_max     
PLACE_optlc_32673         TIEL            saed90nm_max     
PLACE_optlc_32674         TIEL            saed90nm_max     
PLACE_optlc_32675         TIEL            saed90nm_max     
PLACE_optlc_32676         TIEL            saed90nm_max     
PLACE_optlc_32677         TIEL            saed90nm_max     
PLACE_optlc_32678         TIEL            saed90nm_max     
PLACE_optlc_32679         TIEL            saed90nm_max     
PLACE_optlc_32680         TIEL            saed90nm_max     
PLACE_optlc_32681         TIEL            saed90nm_max     
PLACE_optlc_32682         TIEL            saed90nm_max     
PLACE_optlc_32683         TIEL            saed90nm_max     
PLACE_optlc_32684         TIEL            saed90nm_max     
PLACE_optlc_32685         TIEL            saed90nm_max     
PLACE_optlc_32686         TIEL            saed90nm_max     
PLACE_optlc_32687         TIEL            saed90nm_max     
PLACE_optlc_32688         TIEL            saed90nm_max     
PLACE_optlc_32689         TIEL            saed90nm_max     
PLACE_optlc_32690         TIEL            saed90nm_max     
PLACE_optlc_32691         TIEL            saed90nm_max     
PLACE_optlc_32692         TIEL            saed90nm_max     
PLACE_optlc_32693         TIEL            saed90nm_max     
PLACE_optlc_32694         TIEL            saed90nm_max     
PLACE_optlc_32695         TIEL            saed90nm_max     
PLACE_optlc_32696         TIEL            saed90nm_max     
PLACE_optlc_32698         TIEL            saed90nm_max     
PLACE_optlc_32699         TIEL            saed90nm_max     
PLACE_optlc_32700         TIEL            saed90nm_max     
PLACE_optlc_32701         TIEL            saed90nm_max     
PLACE_optlc_32702         TIEL            saed90nm_max     
PLACE_optlc_32703         TIEL            saed90nm_max     
PLACE_optlc_32704         TIEL            saed90nm_max     
PLACE_optlc_32705         TIEL            saed90nm_max     
PLACE_optlc_32706         TIEL            saed90nm_max     
PLACE_optlc_32707         TIEL            saed90nm_max     
PLACE_optlc_32708         TIEL            saed90nm_max     
PLACE_optlc_32709         TIEL            saed90nm_max     
PLACE_optlc_32710         TIEL            saed90nm_max     
PLACE_optlc_32711         TIEL            saed90nm_max     
PLACE_optlc_32712         TIEL            saed90nm_max     
PLACE_optlc_32713         TIEL            saed90nm_max     
PLACE_optlc_32714         TIEL            saed90nm_max     
PLACE_optlc_32715         TIEL            saed90nm_max     
PLACE_optlc_32716         TIEL            saed90nm_max     
PLACE_optlc_32717         TIEL            saed90nm_max     
PLACE_optlc_32718         TIEL            saed90nm_max     
PLACE_optlc_32719         TIEL            saed90nm_max     
PLACE_optlc_32720         TIEL            saed90nm_max     
PLACE_optlc_32721         TIEL            saed90nm_max     
PLACE_optlc_32722         TIEL            saed90nm_max     
PLACE_optlc_32723         TIEL            saed90nm_max     
PLACE_optlc_32724         TIEL            saed90nm_max     
PLACE_optlc_32725         TIEL            saed90nm_max     
PLACE_optlc_32726         TIEL            saed90nm_max     
PLACE_optlc_32727         TIEL            saed90nm_max     
PLACE_optlc_32728         TIEL            saed90nm_max     
PLACE_optlc_32729         TIEL            saed90nm_max     
PLACE_optlc_32730         TIEL            saed90nm_max     
PLACE_optlc_32731         TIEL            saed90nm_max     
PLACE_optlc_32732         TIEL            saed90nm_max     
PLACE_optlc_32733         TIEL            saed90nm_max     
PLACE_optlc_32734         TIEL            saed90nm_max     
PLACE_optlc_32735         TIEL            saed90nm_max     
PLACE_optlc_32736         TIEL            saed90nm_max     
PLACE_optlc_32737         TIEL            saed90nm_max     
PLACE_optlc_32738         TIEL            saed90nm_max     
PLACE_optlc_32739         TIEL            saed90nm_max     
PLACE_optlc_32740         TIEL            saed90nm_max     
PLACE_optlc_32741         TIEL            saed90nm_max     
PLACE_optlc_32742         TIEL            saed90nm_max     
PLACE_optlc_32743         TIEL            saed90nm_max     
PLACE_optlc_32744         TIEL            saed90nm_max     
PLACE_optlc_32745         TIEL            saed90nm_max     
PLACE_optlc_32746         TIEL            saed90nm_max     
PLACE_optlc_32747         TIEL            saed90nm_max     
PLACE_optlc_32748         TIEL            saed90nm_max     
PLACE_optlc_32749         TIEL            saed90nm_max     
PLACE_optlc_32750         TIEL            saed90nm_max     
PLACE_optlc_32751         TIEL            saed90nm_max     
PLACE_optlc_32752         TIEL            saed90nm_max     
PLACE_optlc_32753         TIEL            saed90nm_max     
PLACE_optlc_32754         TIEL            saed90nm_max     
PLACE_optlc_32755         TIEL            saed90nm_max     
PLACE_optlc_32756         TIEL            saed90nm_max     
PLACE_optlc_32757         TIEL            saed90nm_max     
PLACE_optlc_32758         TIEL            saed90nm_max     
PLACE_optlc_32759         TIEL            saed90nm_max     
PLACE_optlc_32760         TIEL            saed90nm_max     
PLACE_optlc_32761         TIEL            saed90nm_max     
PLACE_optlc_32762         TIEL            saed90nm_max     
PLACE_optlc_32763         TIEL            saed90nm_max     
PLACE_optlc_32764         TIEL            saed90nm_max     
PLACE_optlc_32765         TIEL            saed90nm_max     
PLACE_optlc_32766         TIEL            saed90nm_max     
PLACE_optlc_32767         TIEL            saed90nm_max     
PLACE_optlc_32768         TIEL            saed90nm_max     
PLACE_optlc_32769         TIEL            saed90nm_max     
PLACE_optlc_32770         TIEL            saed90nm_max     
PLACE_optlc_32771         TIEL            saed90nm_max     
PLACE_optlc_32772         TIEL            saed90nm_max     
PLACE_optlc_32773         TIEL            saed90nm_max     
PLACE_optlc_32774         TIEL            saed90nm_max     
PLACE_optlc_32775         TIEL            saed90nm_max     
PLACE_optlc_32776         TIEL            saed90nm_max     
PLACE_optlc_32777         TIEL            saed90nm_max     
PLACE_optlc_32778         TIEL            saed90nm_max     
PLACE_optlc_32779         TIEL            saed90nm_max     
PLACE_optlc_32780         TIEL            saed90nm_max     
PLACE_optlc_32781         TIEL            saed90nm_max     
PLACE_optlc_32782         TIEL            saed90nm_max     
PLACE_optlc_32783         TIEL            saed90nm_max     
PLACE_optlc_32784         TIEL            saed90nm_max     
PLACE_optlc_32785         TIEL            saed90nm_max     
PLACE_optlc_32786         TIEL            saed90nm_max     
PLACE_optlc_32787         TIEL            saed90nm_max     
PLACE_optlc_32788         TIEL            saed90nm_max     
PLACE_optlc_32789         TIEL            saed90nm_max     
PLACE_optlc_32790         TIEL            saed90nm_max     
PLACE_optlc_32791         TIEL            saed90nm_max     
PLACE_optlc_32792         TIEL            saed90nm_max     
PLACE_optlc_32793         TIEL            saed90nm_max     
PLACE_optlc_32794         TIEL            saed90nm_max     
PLACE_optlc_32795         TIEL            saed90nm_max     
PLACE_optlc_32796         TIEL            saed90nm_max     
PLACE_optlc_32797         TIEL            saed90nm_max     
PLACE_optlc_32798         TIEL            saed90nm_max     
PLACE_optlc_32799         TIEL            saed90nm_max     
PLACE_optlc_32800         TIEL            saed90nm_max     
PLACE_optlc_32801         TIEL            saed90nm_max     
PLACE_optlc_32802         TIEL            saed90nm_max     
PLACE_optlc_32803         TIEL            saed90nm_max     
PLACE_optlc_32804         TIEL            saed90nm_max     
PLACE_optlc_32805         TIEL            saed90nm_max     
PLACE_optlc_32806         TIEL            saed90nm_max     
PLACE_optlc_32807         TIEL            saed90nm_max     
PLACE_optlc_32808         TIEL            saed90nm_max     
PLACE_optlc_32809         TIEL            saed90nm_max     
PLACE_optlc_32810         TIEL            saed90nm_max     
PLACE_optlc_32811         TIEL            saed90nm_max     
PLACE_optlc_32812         TIEL            saed90nm_max     
PLACE_optlc_32813         TIEL            saed90nm_max     
PLACE_optlc_32814         TIEL            saed90nm_max     
PLACE_optlc_32815         TIEL            saed90nm_max     
PLACE_optlc_32816         TIEL            saed90nm_max     
PLACE_optlc_32817         TIEL            saed90nm_max     
PLACE_optlc_32818         TIEL            saed90nm_max     
PLACE_optlc_32819         TIEL            saed90nm_max     
PLACE_optlc_32820         TIEL            saed90nm_max     
PLACE_optlc_32821         TIEL            saed90nm_max     
PLACE_optlc_32822         TIEL            saed90nm_max     
PLACE_optlc_32823         TIEL            saed90nm_max     
PLACE_optlc_32824         TIEL            saed90nm_max     
PLACE_optlc_32825         TIEL            saed90nm_max     
PLACE_optlc_32826         TIEL            saed90nm_max     
PLACE_optlc_32827         TIEL            saed90nm_max     
PLACE_optlc_32828         TIEL            saed90nm_max     
PLACE_optlc_32829         TIEL            saed90nm_max     
PLACE_optlc_32830         TIEL            saed90nm_max     
PLACE_optlc_32831         TIEL            saed90nm_max     
PLACE_optlc_32832         TIEL            saed90nm_max     
PLACE_optlc_32833         TIEL            saed90nm_max     
PLACE_optlc_32834         TIEL            saed90nm_max     
PLACE_optlc_32835         TIEL            saed90nm_max     
PLACE_optlc_32836         TIEL            saed90nm_max     
PLACE_optlc_32837         TIEL            saed90nm_max     
PLACE_optlc_32838         TIEL            saed90nm_max     
PLACE_optlc_32839         TIEL            saed90nm_max     
PLACE_optlc_32840         TIEL            saed90nm_max     
PLACE_optlc_32841         TIEL            saed90nm_max     
PLACE_optlc_32842         TIEL            saed90nm_max     
PLACE_optlc_32843         TIEL            saed90nm_max     
PLACE_optlc_32844         TIEL            saed90nm_max     
PLACE_optlc_32845         TIEL            saed90nm_max     
PLACE_optlc_32846         TIEL            saed90nm_max     
PLACE_optlc_32847         TIEL            saed90nm_max     
PLACE_optlc_32848         TIEL            saed90nm_max     
PLACE_optlc_32849         TIEL            saed90nm_max     
PLACE_optlc_32850         TIEL            saed90nm_max     
PLACE_optlc_32851         TIEL            saed90nm_max     
PLACE_optlc_32852         TIEL            saed90nm_max     
PLACE_optlc_32853         TIEL            saed90nm_max     
PLACE_optlc_32854         TIEL            saed90nm_max     
PLACE_optlc_32855         TIEL            saed90nm_max     
PLACE_optlc_32856         TIEL            saed90nm_max     
PLACE_optlc_32857         TIEL            saed90nm_max     
PLACE_optlc_32858         TIEL            saed90nm_max     
PLACE_optlc_32859         TIEL            saed90nm_max     
PLACE_optlc_32860         TIEL            saed90nm_max     
PLACE_optlc_32861         TIEL            saed90nm_max     
PLACE_optlc_32862         TIEL            saed90nm_max     
PLACE_optlc_32863         TIEL            saed90nm_max     
PLACE_optlc_32864         TIEL            saed90nm_max     
PLACE_optlc_32865         TIEL            saed90nm_max     
PLACE_optlc_32866         TIEL            saed90nm_max     
PLACE_optlc_32867         TIEL            saed90nm_max     
PLACE_optlc_32868         TIEL            saed90nm_max     
PLACE_optlc_32869         TIEL            saed90nm_max     
PLACE_optlc_32870         TIEL            saed90nm_max     
PLACE_optlc_32871         TIEL            saed90nm_max     
PLACE_optlc_32872         TIEL            saed90nm_max     
PLACE_optlc_32873         TIEL            saed90nm_max     
PLACE_optlc_32874         TIEL            saed90nm_max     
PLACE_optlc_32875         TIEL            saed90nm_max     
PLACE_optlc_32876         TIEL            saed90nm_max     
PLACE_optlc_32877         TIEL            saed90nm_max     
PLACE_optlc_32878         TIEL            saed90nm_max     
PLACE_optlc_32879         TIEL            saed90nm_max     
PLACE_optlc_32880         TIEL            saed90nm_max     
PLACE_optlc_32881         TIEL            saed90nm_max     
PLACE_optlc_32882         TIEL            saed90nm_max     
PLACE_optlc_32883         TIEL            saed90nm_max     
PLACE_optlc_32884         TIEL            saed90nm_max     
PLACE_optlc_32885         TIEL            saed90nm_max     
PLACE_optlc_32886         TIEL            saed90nm_max     
PLACE_optlc_32887         TIEL            saed90nm_max     
PLACE_optlc_32888         TIEL            saed90nm_max     
PLACE_optlc_32889         TIEL            saed90nm_max     
PLACE_optlc_32890         TIEL            saed90nm_max     
PLACE_optlc_32891         TIEL            saed90nm_max     
PLACE_optlc_32892         TIEL            saed90nm_max     
PLACE_optlc_32893         TIEL            saed90nm_max     
PLACE_optlc_32894         TIEL            saed90nm_max     
PLACE_optlc_32895         TIEL            saed90nm_max     
PLACE_optlc_32896         TIEL            saed90nm_max     
PLACE_optlc_32897         TIEL            saed90nm_max     
PLACE_optlc_32898         TIEL            saed90nm_max     
PLACE_optlc_32899         TIEL            saed90nm_max     
PLACE_optlc_32900         TIEL            saed90nm_max     
PLACE_optlc_32901         TIEL            saed90nm_max     
PLACE_optlc_32902         TIEL            saed90nm_max     
PLACE_optlc_32903         TIEL            saed90nm_max     
PLACE_optlc_32904         TIEL            saed90nm_max     
PLACE_optlc_32905         TIEL            saed90nm_max     
PLACE_optlc_32906         TIEL            saed90nm_max     
PLACE_optlc_32907         TIEL            saed90nm_max     
PLACE_optlc_32908         TIEL            saed90nm_max     
PLACE_optlc_32909         TIEL            saed90nm_max     
PLACE_optlc_32910         TIEL            saed90nm_max     
PLACE_optlc_32911         TIEL            saed90nm_max     
PLACE_optlc_32912         TIEL            saed90nm_max     
PLACE_optlc_32913         TIEL            saed90nm_max     
PLACE_optlc_32914         TIEL            saed90nm_max     
PLACE_optlc_32915         TIEL            saed90nm_max     
PLACE_optlc_32916         TIEL            saed90nm_max     
PLACE_optlc_32917         TIEL            saed90nm_max     
PLACE_optlc_32918         TIEL            saed90nm_max     
PLACE_optlc_32919         TIEL            saed90nm_max     
PLACE_optlc_32920         TIEL            saed90nm_max     
PLACE_optlc_32921         TIEL            saed90nm_max     
PLACE_optlc_32922         TIEL            saed90nm_max     
PLACE_optlc_32923         TIEL            saed90nm_max     
PLACE_optlc_32924         TIEL            saed90nm_max     
PLACE_optlc_32925         TIEL            saed90nm_max     
PLACE_optlc_32926         TIEL            saed90nm_max     
PLACE_optlc_32927         TIEL            saed90nm_max     
PLACE_optlc_32928         TIEL            saed90nm_max     
PLACE_optlc_32929         TIEL            saed90nm_max     
PLACE_optlc_32930         TIEL            saed90nm_max     
PLACE_optlc_32931         TIEL            saed90nm_max     
PLACE_optlc_32932         TIEL            saed90nm_max     
PLACE_optlc_32933         TIEL            saed90nm_max     
PLACE_optlc_32934         TIEL            saed90nm_max     
PLACE_optlc_32935         TIEL            saed90nm_max     
PLACE_optlc_32936         TIEL            saed90nm_max     
PLACE_optlc_32937         TIEL            saed90nm_max     
PLACE_optlc_32938         TIEL            saed90nm_max     
PLACE_optlc_32939         TIEL            saed90nm_max     
PLACE_optlc_32940         TIEL            saed90nm_max     
PLACE_optlc_32941         TIEL            saed90nm_max     
PLACE_optlc_32942         TIEL            saed90nm_max     
PLACE_optlc_32943         TIEL            saed90nm_max     
PLACE_optlc_32944         TIEL            saed90nm_max     
PLACE_optlc_32945         TIEL            saed90nm_max     
PLACE_optlc_32946         TIEL            saed90nm_max     
PLACE_optlc_32947         TIEL            saed90nm_max     
PLACE_optlc_32948         TIEL            saed90nm_max     
PLACE_optlc_32949         TIEL            saed90nm_max     
PLACE_optlc_32950         TIEL            saed90nm_max     
PLACE_optlc_32951         TIEL            saed90nm_max     
PLACE_optlc_32952         TIEL            saed90nm_max     
PLACE_optlc_32953         TIEL            saed90nm_max     
PLACE_optlc_32954         TIEL            saed90nm_max     
PLACE_optlc_32955         TIEL            saed90nm_max     
PLACE_optlc_32956         TIEL            saed90nm_max     
PLACE_optlc_32957         TIEL            saed90nm_max     
PLACE_optlc_32958         TIEL            saed90nm_max     
PLACE_optlc_32959         TIEL            saed90nm_max     
PLACE_optlc_32960         TIEL            saed90nm_max     
PLACE_optlc_32961         TIEL            saed90nm_max     
PLACE_optlc_32962         TIEL            saed90nm_max     
PLACE_optlc_32963         TIEL            saed90nm_max     
PLACE_optlc_32964         TIEL            saed90nm_max     
PLACE_optlc_32965         TIEL            saed90nm_max     
PLACE_optlc_32966         TIEL            saed90nm_max     
PLACE_optlc_32967         TIEL            saed90nm_max     
PLACE_optlc_32968         TIEL            saed90nm_max     
PLACE_optlc_32969         TIEL            saed90nm_max     
PLACE_optlc_32970         TIEL            saed90nm_max     
PLACE_optlc_32971         TIEL            saed90nm_max     
PLACE_optlc_32972         TIEL            saed90nm_max     
PLACE_optlc_32973         TIEL            saed90nm_max     
PLACE_optlc_32974         TIEL            saed90nm_max     
PLACE_optlc_32975         TIEL            saed90nm_max     
PLACE_optlc_32976         TIEL            saed90nm_max     
PLACE_optlc_32977         TIEL            saed90nm_max     
PLACE_optlc_32978         TIEL            saed90nm_max     
PLACE_optlc_32979         TIEL            saed90nm_max     
PLACE_optlc_32980         TIEL            saed90nm_max     
PLACE_optlc_32981         TIEL            saed90nm_max     
PLACE_optlc_32982         TIEL            saed90nm_max     
PLACE_optlc_32983         TIEL            saed90nm_max     
PLACE_optlc_32984         TIEL            saed90nm_max     
PLACE_optlc_32985         TIEL            saed90nm_max     
PLACE_optlc_32986         TIEL            saed90nm_max     
PLACE_optlc_32987         TIEL            saed90nm_max     
PLACE_optlc_32988         TIEL            saed90nm_max     
PLACE_optlc_32989         TIEL            saed90nm_max     
PLACE_optlc_32990         TIEL            saed90nm_max     
PLACE_optlc_32991         TIEL            saed90nm_max     
PLACE_optlc_32992         TIEL            saed90nm_max     
PLACE_optlc_32993         TIEL            saed90nm_max     
PLACE_optlc_32994         TIEL            saed90nm_max     
PLACE_optlc_32995         TIEL            saed90nm_max     
PLACE_optlc_32996         TIEL            saed90nm_max     
PLACE_optlc_32997         TIEL            saed90nm_max     
PLACE_optlc_32998         TIEL            saed90nm_max     
PLACE_optlc_32999         TIEL            saed90nm_max     
PLACE_optlc_33000         TIEL            saed90nm_max     
PLACE_optlc_33001         TIEL            saed90nm_max     
PLACE_optlc_33002         TIEL            saed90nm_max     
PLACE_optlc_33003         TIEL            saed90nm_max     
PLACE_optlc_33004         TIEL            saed90nm_max     
PLACE_optlc_33005         TIEL            saed90nm_max     
PLACE_optlc_33006         TIEL            saed90nm_max     
PLACE_optlc_33007         TIEL            saed90nm_max     
PLACE_optlc_33008         TIEL            saed90nm_max     
PLACE_optlc_33009         TIEL            saed90nm_max     
PLACE_optlc_33010         TIEL            saed90nm_max     
PLACE_optlc_33011         TIEL            saed90nm_max     
PLACE_optlc_33012         TIEL            saed90nm_max     
PLACE_optlc_33013         TIEL            saed90nm_max     
PLACE_optlc_33014         TIEL            saed90nm_max     
PLACE_optlc_33015         TIEL            saed90nm_max     
PLACE_optlc_33016         TIEL            saed90nm_max     
PLACE_optlc_33017         TIEL            saed90nm_max     
PLACE_optlc_33018         TIEL            saed90nm_max     
PLACE_optlc_33019         TIEL            saed90nm_max     
PLACE_optlc_33020         TIEL            saed90nm_max     
PLACE_optlc_33021         TIEL            saed90nm_max     
PLACE_optlc_33022         TIEL            saed90nm_max     
PLACE_optlc_33023         TIEL            saed90nm_max     
PLACE_optlc_33024         TIEL            saed90nm_max     
PLACE_optlc_33025         TIEL            saed90nm_max     
PLACE_optlc_33026         TIEL            saed90nm_max     
PLACE_optlc_33027         TIEL            saed90nm_max     
PLACE_optlc_33028         TIEL            saed90nm_max     
PLACE_optlc_33029         TIEL            saed90nm_max     
PLACE_optlc_33030         TIEL            saed90nm_max     
PLACE_optlc_33031         TIEL            saed90nm_max     
PLACE_optlc_33032         TIEL            saed90nm_max     
PLACE_optlc_33033         TIEL            saed90nm_max     
PLACE_optlc_33034         TIEL            saed90nm_max     
PLACE_optlc_33035         TIEL            saed90nm_max     
PLACE_optlc_33036         TIEL            saed90nm_max     
PLACE_optlc_33037         TIEL            saed90nm_max     
PLACE_optlc_33038         TIEL            saed90nm_max     
PLACE_optlc_33039         TIEL            saed90nm_max     
PLACE_optlc_33040         TIEL            saed90nm_max     
PLACE_optlc_33041         TIEL            saed90nm_max     
PLACE_optlc_33042         TIEL            saed90nm_max     
PLACE_optlc_33043         TIEL            saed90nm_max     
PLACE_optlc_33044         TIEL            saed90nm_max     
PLACE_optlc_33045         TIEL            saed90nm_max     
PLACE_optlc_33046         TIEL            saed90nm_max     
PLACE_optlc_33047         TIEL            saed90nm_max     
PLACE_optlc_33048         TIEL            saed90nm_max     
PLACE_optlc_33049         TIEL            saed90nm_max     
PLACE_optlc_33050         TIEL            saed90nm_max     
PLACE_optlc_33051         TIEL            saed90nm_max     
PLACE_optlc_33052         TIEL            saed90nm_max     
PLACE_optlc_33053         TIEL            saed90nm_max     
PLACE_optlc_33054         TIEL            saed90nm_max     
PLACE_optlc_33055         TIEL            saed90nm_max     
PLACE_optlc_33056         TIEL            saed90nm_max     
PLACE_optlc_33057         TIEL            saed90nm_max     
PLACE_optlc_33058         TIEL            saed90nm_max     
PLACE_optlc_33059         TIEL            saed90nm_max     
PLACE_optlc_33060         TIEL            saed90nm_max     
PLACE_optlc_33061         TIEL            saed90nm_max     
PLACE_optlc_33062         TIEL            saed90nm_max     
PLACE_optlc_33063         TIEL            saed90nm_max     
PLACE_optlc_33064         TIEL            saed90nm_max     
PLACE_optlc_33065         TIEL            saed90nm_max     
PLACE_optlc_33066         TIEL            saed90nm_max     
PLACE_optlc_33067         TIEL            saed90nm_max     
PLACE_optlc_33068         TIEL            saed90nm_max     
PLACE_optlc_33069         TIEL            saed90nm_max     
PLACE_optlc_33070         TIEL            saed90nm_max     
PLACE_optlc_33071         TIEL            saed90nm_max     
PLACE_optlc_33072         TIEL            saed90nm_max     
PLACE_optlc_33073         TIEL            saed90nm_max     
PLACE_optlc_33074         TIEL            saed90nm_max     
PLACE_optlc_33075         TIEL            saed90nm_max     
PLACE_optlc_33076         TIEL            saed90nm_max     
PLACE_optlc_33077         TIEL            saed90nm_max     
PLACE_optlc_33078         TIEL            saed90nm_max     
PLACE_optlc_33079         TIEL            saed90nm_max     
PLACE_optlc_33080         TIEL            saed90nm_max     
PLACE_optlc_33081         TIEL            saed90nm_max     
PLACE_optlc_33082         TIEL            saed90nm_max     
PLACE_optlc_33083         TIEL            saed90nm_max     
PLACE_optlc_33084         TIEL            saed90nm_max     
PLACE_optlc_33085         TIEL            saed90nm_max     
PLACE_optlc_33086         TIEL            saed90nm_max     
PLACE_optlc_33087         TIEL            saed90nm_max     
PLACE_optlc_33088         TIEL            saed90nm_max     
PLACE_optlc_33089         TIEL            saed90nm_max     
PLACE_optlc_33090         TIEL            saed90nm_max     
PLACE_optlc_33091         TIEL            saed90nm_max     
PLACE_optlc_33092         TIEL            saed90nm_max     
PLACE_optlc_33093         TIEL            saed90nm_max     
PLACE_optlc_33094         TIEL            saed90nm_max     
PLACE_optlc_33095         TIEL            saed90nm_max     
PLACE_optlc_33096         TIEL            saed90nm_max     
PLACE_optlc_33097         TIEL            saed90nm_max     
PLACE_optlc_33098         TIEL            saed90nm_max     
PLACE_optlc_33099         TIEL            saed90nm_max     
PLACE_optlc_33100         TIEL            saed90nm_max     
PLACE_optlc_33101         TIEL            saed90nm_max     
PLACE_optlc_33102         TIEL            saed90nm_max     
PLACE_optlc_33103         TIEL            saed90nm_max     
PLACE_optlc_33104         TIEL            saed90nm_max     
PLACE_optlc_33105         TIEL            saed90nm_max     
PLACE_optlc_33106         TIEL            saed90nm_max     
PLACE_optlc_33107         TIEL            saed90nm_max     
PLACE_optlc_33108         TIEL            saed90nm_max     
PLACE_optlc_33109         TIEL            saed90nm_max     
PLACE_optlc_33110         TIEL            saed90nm_max     
PLACE_optlc_33111         TIEL            saed90nm_max     
PLACE_optlc_33112         TIEL            saed90nm_max     
PLACE_optlc_33113         TIEL            saed90nm_max     
PLACE_optlc_33114         TIEL            saed90nm_max     
PLACE_optlc_33115         TIEL            saed90nm_max     
PLACE_optlc_33116         TIEL            saed90nm_max     
PLACE_optlc_33117         TIEL            saed90nm_max     
PLACE_optlc_33118         TIEL            saed90nm_max     
PLACE_optlc_33119         TIEL            saed90nm_max     
PLACE_optlc_33120         TIEL            saed90nm_max     
PLACE_optlc_33121         TIEL            saed90nm_max     
PLACE_optlc_33122         TIEL            saed90nm_max     
PLACE_optlc_33123         TIEL            saed90nm_max     
PLACE_optlc_33124         TIEL            saed90nm_max     
PLACE_optlc_33125         TIEL            saed90nm_max     
PLACE_optlc_33126         TIEL            saed90nm_max     
PLACE_optlc_33127         TIEL            saed90nm_max     
PLACE_optlc_33128         TIEL            saed90nm_max     
PLACE_optlc_33129         TIEL            saed90nm_max     
PLACE_optlc_33130         TIEL            saed90nm_max     
PLACE_optlc_33131         TIEL            saed90nm_max     
PLACE_optlc_33132         TIEL            saed90nm_max     
PLACE_optlc_33133         TIEL            saed90nm_max     
PLACE_optlc_33134         TIEL            saed90nm_max     
PLACE_optlc_33135         TIEL            saed90nm_max     
PLACE_optlc_33136         TIEL            saed90nm_max     
PLACE_optlc_33137         TIEL            saed90nm_max     
PLACE_optlc_33138         TIEL            saed90nm_max     
PLACE_optlc_33139         TIEL            saed90nm_max     
PLACE_optlc_33140         TIEL            saed90nm_max     
PLACE_optlc_33141         TIEL            saed90nm_max     
PLACE_optlc_33142         TIEL            saed90nm_max     
PLACE_optlc_33143         TIEL            saed90nm_max     
PLACE_optlc_33144         TIEL            saed90nm_max     
PLACE_optlc_33145         TIEL            saed90nm_max     
PLACE_optlc_33146         TIEL            saed90nm_max     
PLACE_optlc_33147         TIEL            saed90nm_max     
PLACE_optlc_33148         TIEL            saed90nm_max     
PLACE_optlc_33149         TIEL            saed90nm_max     
PLACE_optlc_33150         TIEL            saed90nm_max     
PLACE_optlc_33151         TIEL            saed90nm_max     
PLACE_optlc_33152         TIEL            saed90nm_max     
PLACE_optlc_33153         TIEL            saed90nm_max     
PLACE_optlc_33154         TIEL            saed90nm_max     
PLACE_optlc_33155         TIEL            saed90nm_max     
PLACE_optlc_33156         TIEL            saed90nm_max     
PLACE_optlc_33157         TIEL            saed90nm_max     
PLACE_optlc_33158         TIEL            saed90nm_max     
PLACE_optlc_33159         TIEL            saed90nm_max     
PLACE_optlc_33160         TIEL            saed90nm_max     
PLACE_optlc_33161         TIEL            saed90nm_max     
PLACE_optlc_33162         TIEL            saed90nm_max     
PLACE_optlc_33163         TIEL            saed90nm_max     
PLACE_optlc_33164         TIEL            saed90nm_max     
PLACE_optlc_33165         TIEL            saed90nm_max     
PLACE_optlc_33166         TIEL            saed90nm_max     
PLACE_optlc_33167         TIEL            saed90nm_max     
PLACE_optlc_33168         TIEL            saed90nm_max     
PLACE_optlc_33169         TIEL            saed90nm_max     
PLACE_optlc_33170         TIEL            saed90nm_max     
PLACE_optlc_33171         TIEL            saed90nm_max     
PLACE_optlc_33172         TIEL            saed90nm_max     
PLACE_optlc_33173         TIEL            saed90nm_max     
PLACE_optlc_33174         TIEL            saed90nm_max     
PLACE_optlc_33175         TIEL            saed90nm_max     
PLACE_optlc_33176         TIEL            saed90nm_max     
PLACE_optlc_33177         TIEL            saed90nm_max     
PLACE_optlc_33178         TIEL            saed90nm_max     
PLACE_optlc_33179         TIEL            saed90nm_max     
PLACE_optlc_33180         TIEL            saed90nm_max     
PLACE_optlc_33181         TIEL            saed90nm_max     
PLACE_optlc_33182         TIEL            saed90nm_max     
PLACE_optlc_33183         TIEL            saed90nm_max     
PLACE_optlc_33184         TIEL            saed90nm_max     
PLACE_optlc_33185         TIEL            saed90nm_max     
PLACE_optlc_33186         TIEL            saed90nm_max     
PLACE_optlc_33187         TIEL            saed90nm_max     
PLACE_optlc_33188         TIEL            saed90nm_max     
PLACE_optlc_33189         TIEL            saed90nm_max     
PLACE_optlc_33190         TIEL            saed90nm_max     
PLACE_optlc_33191         TIEL            saed90nm_max     
PLACE_optlc_33192         TIEL            saed90nm_max     
PLACE_optlc_33193         TIEL            saed90nm_max     
PLACE_optlc_33194         TIEL            saed90nm_max     
PLACE_optlc_33195         TIEL            saed90nm_max     
PLACE_optlc_33196         TIEL            saed90nm_max     
PLACE_optlc_33197         TIEL            saed90nm_max     
PLACE_optlc_33198         TIEL            saed90nm_max     
PLACE_optlc_33199         TIEL            saed90nm_max     
PLACE_optlc_33200         TIEL            saed90nm_max     
PLACE_optlc_33201         TIEL            saed90nm_max     
PLACE_optlc_33202         TIEL            saed90nm_max     
PLACE_optlc_33203         TIEL            saed90nm_max     
PLACE_optlc_33204         TIEL            saed90nm_max     
PLACE_optlc_33205         TIEL            saed90nm_max     
PLACE_optlc_33206         TIEL            saed90nm_max     
PLACE_optlc_33207         TIEL            saed90nm_max     
PLACE_optlc_33208         TIEL            saed90nm_max     
PLACE_optlc_33209         TIEL            saed90nm_max     
PLACE_optlc_33210         TIEL            saed90nm_max     
PLACE_optlc_33211         TIEL            saed90nm_max     
PLACE_optlc_33212         TIEL            saed90nm_max     
PLACE_optlc_33213         TIEL            saed90nm_max     
PLACE_optlc_33214         TIEL            saed90nm_max     
PLACE_optlc_33215         TIEL            saed90nm_max     
PLACE_optlc_33216         TIEL            saed90nm_max     
PLACE_optlc_33217         TIEL            saed90nm_max     
PLACE_optlc_33218         TIEL            saed90nm_max     
PLACE_optlc_33219         TIEL            saed90nm_max     
PLACE_optlc_33220         TIEL            saed90nm_max     
PLACE_optlc_33221         TIEL            saed90nm_max     
PLACE_optlc_33222         TIEL            saed90nm_max     
PLACE_optlc_33223         TIEL            saed90nm_max     
PLACE_optlc_33224         TIEL            saed90nm_max     
PLACE_optlc_33225         TIEL            saed90nm_max     
PLACE_optlc_33226         TIEL            saed90nm_max     
PLACE_optlc_33227         TIEL            saed90nm_max     
PLACE_optlc_33228         TIEL            saed90nm_max     
PLACE_optlc_33229         TIEL            saed90nm_max     
PLACE_optlc_33230         TIEL            saed90nm_max     
PLACE_optlc_33231         TIEL            saed90nm_max     
PLACE_optlc_33232         TIEL            saed90nm_max     
PLACE_optlc_33233         TIEL            saed90nm_max     
PLACE_optlc_33234         TIEL            saed90nm_max     
PLACE_optlc_33235         TIEL            saed90nm_max     
PLACE_optlc_33236         TIEL            saed90nm_max     
PLACE_optlc_33237         TIEL            saed90nm_max     
PLACE_optlc_33238         TIEL            saed90nm_max     
PLACE_optlc_33239         TIEL            saed90nm_max     
PLACE_optlc_33240         TIEL            saed90nm_max     
PLACE_optlc_33241         TIEL            saed90nm_max     
PLACE_optlc_33242         TIEL            saed90nm_max     
PLACE_optlc_33243         TIEL            saed90nm_max     
PLACE_optlc_33244         TIEL            saed90nm_max     
PLACE_optlc_33245         TIEL            saed90nm_max     
PLACE_optlc_33246         TIEL            saed90nm_max     
PLACE_optlc_33247         TIEL            saed90nm_max     
PLACE_optlc_33248         TIEL            saed90nm_max     
PLACE_optlc_33249         TIEL            saed90nm_max     
PLACE_optlc_33250         TIEL            saed90nm_max     
PLACE_optlc_33251         TIEL            saed90nm_max     
PLACE_optlc_33252         TIEL            saed90nm_max     
PLACE_optlc_33253         TIEL            saed90nm_max     
PLACE_optlc_33254         TIEL            saed90nm_max     
PLACE_optlc_33255         TIEL            saed90nm_max     
PLACE_optlc_33256         TIEL            saed90nm_max     
PLACE_optlc_33257         TIEL            saed90nm_max     
PLACE_optlc_33258         TIEL            saed90nm_max     
PLACE_optlc_33259         TIEL            saed90nm_max     
PLACE_optlc_33260         TIEL            saed90nm_max     
PLACE_optlc_33261         TIEL            saed90nm_max     
PLACE_optlc_33262         TIEL            saed90nm_max     
PLACE_optlc_33263         TIEL            saed90nm_max     
PLACE_optlc_33264         TIEL            saed90nm_max     
PLACE_optlc_33265         TIEL            saed90nm_max     
PLACE_optlc_33266         TIEL            saed90nm_max     
PLACE_optlc_33267         TIEL            saed90nm_max     
PLACE_optlc_33268         TIEL            saed90nm_max     
PLACE_optlc_33269         TIEL            saed90nm_max     
PLACE_optlc_33270         TIEL            saed90nm_max     
PLACE_optlc_33271         TIEL            saed90nm_max     
PLACE_optlc_33272         TIEL            saed90nm_max     
PLACE_optlc_33273         TIEL            saed90nm_max     
PLACE_optlc_33274         TIEL            saed90nm_max     
PLACE_optlc_33275         TIEL            saed90nm_max     
PLACE_optlc_33276         TIEL            saed90nm_max     
PLACE_optlc_33277         TIEL            saed90nm_max     
PLACE_optlc_33278         TIEL            saed90nm_max     
PLACE_optlc_33279         TIEL            saed90nm_max     
PLACE_optlc_33280         TIEL            saed90nm_max     
PLACE_optlc_33281         TIEL            saed90nm_max     
PLACE_optlc_33282         TIEL            saed90nm_max     
PLACE_optlc_33283         TIEL            saed90nm_max     
PLACE_optlc_33284         TIEL            saed90nm_max     
PLACE_optlc_33285         TIEL            saed90nm_max     
PLACE_optlc_33286         TIEL            saed90nm_max     
PLACE_optlc_33287         TIEL            saed90nm_max     
PLACE_optlc_33288         TIEL            saed90nm_max     
PLACE_optlc_33289         TIEL            saed90nm_max     
PLACE_optlc_33290         TIEL            saed90nm_max     
PLACE_optlc_33291         TIEL            saed90nm_max     
PLACE_optlc_33292         TIEL            saed90nm_max     
PLACE_optlc_33293         TIEL            saed90nm_max     
PLACE_optlc_33294         TIEL            saed90nm_max     
PLACE_optlc_33295         TIEL            saed90nm_max     
PLACE_optlc_33296         TIEL            saed90nm_max     
PLACE_optlc_33297         TIEL            saed90nm_max     
PLACE_optlc_33298         TIEL            saed90nm_max     
PLACE_optlc_33299         TIEL            saed90nm_max     
PLACE_optlc_33300         TIEL            saed90nm_max     
PLACE_optlc_33301         TIEL            saed90nm_max     
PLACE_optlc_33302         TIEL            saed90nm_max     
PLACE_optlc_33303         TIEL            saed90nm_max     
PLACE_optlc_33304         TIEL            saed90nm_max     
PLACE_optlc_33305         TIEL            saed90nm_max     
PLACE_optlc_33306         TIEL            saed90nm_max     
PLACE_optlc_33307         TIEL            saed90nm_max     
PLACE_optlc_33308         TIEL            saed90nm_max     
PLACE_optlc_33309         TIEL            saed90nm_max     
PLACE_optlc_33310         TIEL            saed90nm_max     
PLACE_optlc_33311         TIEL            saed90nm_max     
PLACE_optlc_33312         TIEL            saed90nm_max     
PLACE_optlc_33313         TIEL            saed90nm_max     
PLACE_optlc_33314         TIEL            saed90nm_max     
PLACE_optlc_33315         TIEL            saed90nm_max     
PLACE_optlc_33316         TIEL            saed90nm_max     
PLACE_optlc_33317         TIEL            saed90nm_max     
PLACE_optlc_33318         TIEL            saed90nm_max     
PLACE_optlc_33319         TIEL            saed90nm_max     
PLACE_optlc_33320         TIEL            saed90nm_max     
PLACE_optlc_33321         TIEL            saed90nm_max     
PLACE_optlc_33322         TIEL            saed90nm_max     
PLACE_optlc_33323         TIEL            saed90nm_max     
PLACE_optlc_33324         TIEL            saed90nm_max     
PLACE_optlc_33325         TIEL            saed90nm_max     
PLACE_optlc_33326         TIEL            saed90nm_max     
PLACE_optlc_33327         TIEL            saed90nm_max     
PLACE_optlc_33328         TIEL            saed90nm_max     
PLACE_optlc_33329         TIEL            saed90nm_max     
PLACE_optlc_33330         TIEL            saed90nm_max     
PLACE_optlc_33331         TIEL            saed90nm_max     
PLACE_optlc_33332         TIEL            saed90nm_max     
PLACE_optlc_33333         TIEL            saed90nm_max     
PLACE_optlc_33334         TIEL            saed90nm_max     
PLACE_optlc_33335         TIEL            saed90nm_max     
PLACE_optlc_33336         TIEL            saed90nm_max     
PLACE_optlc_33337         TIEL            saed90nm_max     
PLACE_optlc_33338         TIEL            saed90nm_max     
PLACE_optlc_33339         TIEL            saed90nm_max     
PLACE_optlc_33340         TIEL            saed90nm_max     
PLACE_optlc_33341         TIEL            saed90nm_max     
PLACE_optlc_33342         TIEL            saed90nm_max     
PLACE_optlc_33343         TIEL            saed90nm_max     
PLACE_optlc_33344         TIEL            saed90nm_max     
PLACE_optlc_33345         TIEL            saed90nm_max     
PLACE_optlc_33346         TIEL            saed90nm_max     
PLACE_optlc_33347         TIEL            saed90nm_max     
PLACE_optlc_33348         TIEL            saed90nm_max     
PLACE_optlc_33349         TIEL            saed90nm_max     
PLACE_optlc_33350         TIEL            saed90nm_max     
PLACE_optlc_33351         TIEL            saed90nm_max     
PLACE_optlc_33352         TIEL            saed90nm_max     
PLACE_optlc_33353         TIEL            saed90nm_max     
PLACE_optlc_33354         TIEL            saed90nm_max     
PLACE_optlc_33355         TIEL            saed90nm_max     
PLACE_optlc_33356         TIEL            saed90nm_max     
PLACE_optlc_33357         TIEL            saed90nm_max     
PLACE_optlc_33358         TIEL            saed90nm_max     
PLACE_optlc_33359         TIEL            saed90nm_max     
PLACE_optlc_33360         TIEL            saed90nm_max     
PLACE_optlc_33361         TIEL            saed90nm_max     
PLACE_optlc_33362         TIEL            saed90nm_max     
PLACE_optlc_33363         TIEL            saed90nm_max     
PLACE_optlc_33364         TIEL            saed90nm_max     
PLACE_optlc_33365         TIEL            saed90nm_max     
PLACE_optlc_33366         TIEL            saed90nm_max     
PLACE_optlc_33367         TIEL            saed90nm_max     
PLACE_optlc_33368         TIEL            saed90nm_max     
PLACE_optlc_33369         TIEL            saed90nm_max     
PLACE_optlc_33370         TIEL            saed90nm_max     
PLACE_optlc_33371         TIEL            saed90nm_max     
PLACE_optlc_33372         TIEL            saed90nm_max     
PLACE_optlc_33373         TIEL            saed90nm_max     
PLACE_optlc_33374         TIEL            saed90nm_max     
PLACE_optlc_33375         TIEL            saed90nm_max     
PLACE_optlc_33376         TIEL            saed90nm_max     
PLACE_optlc_33377         TIEL            saed90nm_max     
PLACE_optlc_33378         TIEL            saed90nm_max     
PLACE_optlc_33379         TIEL            saed90nm_max     
PLACE_optlc_33380         TIEL            saed90nm_max     
PLACE_optlc_33381         TIEL            saed90nm_max     
PLACE_optlc_33382         TIEL            saed90nm_max     
PLACE_optlc_33383         TIEL            saed90nm_max     
PLACE_optlc_33384         TIEL            saed90nm_max     
PLACE_optlc_33385         TIEL            saed90nm_max     
PLACE_optlc_33386         TIEL            saed90nm_max     
PLACE_optlc_33387         TIEL            saed90nm_max     
PLACE_optlc_33388         TIEL            saed90nm_max     
PLACE_optlc_33389         TIEL            saed90nm_max     
PLACE_optlc_33390         TIEL            saed90nm_max     
PLACE_optlc_33391         TIEL            saed90nm_max     
PLACE_optlc_33392         TIEL            saed90nm_max     
PLACE_optlc_33393         TIEL            saed90nm_max     
PLACE_optlc_33394         TIEL            saed90nm_max     
PLACE_optlc_33395         TIEL            saed90nm_max     
PLACE_optlc_33396         TIEL            saed90nm_max     
PLACE_optlc_33397         TIEL            saed90nm_max     
PLACE_optlc_33398         TIEL            saed90nm_max     
PLACE_optlc_33399         TIEL            saed90nm_max     
PLACE_optlc_33400         TIEL            saed90nm_max     
PLACE_optlc_33401         TIEL            saed90nm_max     
PLACE_optlc_33402         TIEL            saed90nm_max     
PLACE_optlc_33403         TIEL            saed90nm_max     
PLACE_optlc_33404         TIEL            saed90nm_max     
PLACE_optlc_33405         TIEL            saed90nm_max     
PLACE_optlc_33406         TIEL            saed90nm_max     
PLACE_optlc_33407         TIEL            saed90nm_max     
PLACE_optlc_33408         TIEL            saed90nm_max     
PLACE_optlc_33409         TIEL            saed90nm_max     
PLACE_optlc_33410         TIEL            saed90nm_max     
PLACE_optlc_33411         TIEL            saed90nm_max     
PLACE_optlc_33412         TIEL            saed90nm_max     
PLACE_optlc_33413         TIEL            saed90nm_max     
PLACE_optlc_33414         TIEL            saed90nm_max     
PLACE_optlc_33415         TIEL            saed90nm_max     
PLACE_optlc_33416         TIEL            saed90nm_max     
PLACE_optlc_33417         TIEL            saed90nm_max     
PLACE_optlc_33418         TIEL            saed90nm_max     
PLACE_optlc_33419         TIEL            saed90nm_max     
PLACE_optlc_33420         TIEL            saed90nm_max     
PLACE_optlc_33421         TIEL            saed90nm_max     
PLACE_optlc_33422         TIEL            saed90nm_max     
PLACE_optlc_33424         TIEL            saed90nm_max     
PLACE_optlc_33425         TIEL            saed90nm_max     
PLACE_optlc_33426         TIEL            saed90nm_max     
PLACE_optlc_33427         TIEL            saed90nm_max     
PLACE_optlc_33428         TIEL            saed90nm_max     
PLACE_optlc_33429         TIEL            saed90nm_max     
PLACE_optlc_33430         TIEL            saed90nm_max     
PLACE_optlc_33431         TIEL            saed90nm_max     
PLACE_optlc_33432         TIEL            saed90nm_max     
PLACE_optlc_33433         TIEL            saed90nm_max     
PLACE_optlc_33434         TIEL            saed90nm_max     
PLACE_optlc_33435         TIEL            saed90nm_max     
PLACE_optlc_33436         TIEL            saed90nm_max     
PLACE_optlc_33437         TIEL            saed90nm_max     
PLACE_optlc_33438         TIEL            saed90nm_max     
PLACE_optlc_33439         TIEL            saed90nm_max     
PLACE_optlc_33440         TIEL            saed90nm_max     
PLACE_optlc_33441         TIEL            saed90nm_max     
PLACE_optlc_33442         TIEL            saed90nm_max     
PLACE_optlc_33443         TIEL            saed90nm_max     
PLACE_optlc_33444         TIEL            saed90nm_max     
PLACE_optlc_33445         TIEL            saed90nm_max     
PLACE_optlc_33446         TIEL            saed90nm_max     
PLACE_optlc_33447         TIEL            saed90nm_max     
PLACE_optlc_33448         TIEL            saed90nm_max     
PLACE_optlc_33449         TIEL            saed90nm_max     
PLACE_optlc_33450         TIEL            saed90nm_max     
PLACE_optlc_33451         TIEL            saed90nm_max     
PLACE_optlc_33452         TIEL            saed90nm_max     
PLACE_optlc_33453         TIEL            saed90nm_max     
PLACE_optlc_33454         TIEL            saed90nm_max     
PLACE_optlc_33455         TIEL            saed90nm_max     
PLACE_optlc_33456         TIEL            saed90nm_max     
PLACE_optlc_33457         TIEL            saed90nm_max     
PLACE_optlc_33458         TIEL            saed90nm_max     
PLACE_optlc_33459         TIEL            saed90nm_max     
PLACE_optlc_33460         TIEL            saed90nm_max     
PLACE_optlc_33461         TIEL            saed90nm_max     
PLACE_optlc_33462         TIEL            saed90nm_max     
PLACE_optlc_33463         TIEL            saed90nm_max     
PLACE_optlc_33464         TIEL            saed90nm_max     
PLACE_optlc_33465         TIEL            saed90nm_max     
PLACE_optlc_33466         TIEL            saed90nm_max     
PLACE_optlc_33467         TIEL            saed90nm_max     
PLACE_optlc_33468         TIEL            saed90nm_max     
PLACE_optlc_33469         TIEL            saed90nm_max     
PLACE_optlc_33470         TIEL            saed90nm_max     
PLACE_optlc_33471         TIEL            saed90nm_max     
PLACE_optlc_33472         TIEL            saed90nm_max     
PLACE_optlc_33473         TIEL            saed90nm_max     
PLACE_optlc_33474         TIEL            saed90nm_max     
PLACE_optlc_33475         TIEL            saed90nm_max     
PLACE_optlc_33476         TIEL            saed90nm_max     
PLACE_optlc_33477         TIEL            saed90nm_max     
PLACE_optlc_33478         TIEL            saed90nm_max     
PLACE_optlc_33479         TIEL            saed90nm_max     
PLACE_optlc_33480         TIEL            saed90nm_max     
PLACE_optlc_33481         TIEL            saed90nm_max     
PLACE_optlc_33482         TIEL            saed90nm_max     
PLACE_optlc_33483         TIEL            saed90nm_max     
PLACE_optlc_33484         TIEL            saed90nm_max     
PLACE_optlc_33485         TIEL            saed90nm_max     
PLACE_optlc_33486         TIEL            saed90nm_max     
PLACE_optlc_33487         TIEL            saed90nm_max     
PLACE_optlc_33488         TIEL            saed90nm_max     
PLACE_optlc_33489         TIEL            saed90nm_max     
PLACE_optlc_33490         TIEL            saed90nm_max     
PLACE_optlc_33491         TIEL            saed90nm_max     
PLACE_optlc_33492         TIEL            saed90nm_max     
PLACE_optlc_33493         TIEL            saed90nm_max     
PLACE_optlc_33494         TIEL            saed90nm_max     
PLACE_optlc_33495         TIEL            saed90nm_max     
PLACE_optlc_33496         TIEL            saed90nm_max     
PLACE_optlc_33497         TIEL            saed90nm_max     
PLACE_optlc_33498         TIEL            saed90nm_max     
PLACE_optlc_33499         TIEL            saed90nm_max     
PLACE_optlc_33500         TIEL            saed90nm_max     
PLACE_optlc_33501         TIEL            saed90nm_max     
PLACE_optlc_33502         TIEL            saed90nm_max     
PLACE_optlc_33503         TIEL            saed90nm_max     
PLACE_optlc_33504         TIEL            saed90nm_max     
PLACE_optlc_33505         TIEL            saed90nm_max     
PLACE_optlc_33506         TIEL            saed90nm_max     
PLACE_optlc_33507         TIEL            saed90nm_max     
PLACE_optlc_33508         TIEL            saed90nm_max     
PLACE_optlc_33509         TIEL            saed90nm_max     
PLACE_optlc_33510         TIEL            saed90nm_max     
PLACE_optlc_33511         TIEL            saed90nm_max     
PLACE_optlc_33512         TIEL            saed90nm_max     
PLACE_optlc_33513         TIEL            saed90nm_max     
PLACE_optlc_33514         TIEL            saed90nm_max     
PLACE_optlc_33515         TIEL            saed90nm_max     
PLACE_optlc_33516         TIEL            saed90nm_max     
PLACE_optlc_33517         TIEL            saed90nm_max     
PLACE_optlc_33518         TIEL            saed90nm_max     
PLACE_optlc_33519         TIEL            saed90nm_max     
PLACE_optlc_33520         TIEL            saed90nm_max     
PLACE_optlc_33521         TIEL            saed90nm_max     
PLACE_optlc_33522         TIEL            saed90nm_max     
PLACE_optlc_33523         TIEL            saed90nm_max     
PLACE_optlc_33524         TIEL            saed90nm_max     
PLACE_optlc_33525         TIEL            saed90nm_max     
PLACE_optlc_33526         TIEL            saed90nm_max     
PLACE_optlc_33527         TIEL            saed90nm_max     
PLACE_optlc_33528         TIEL            saed90nm_max     
PLACE_optlc_33529         TIEL            saed90nm_max     
PLACE_optlc_33530         TIEL            saed90nm_max     
PLACE_optlc_33531         TIEL            saed90nm_max     
PLACE_optlc_33532         TIEL            saed90nm_max     
PLACE_optlc_33533         TIEL            saed90nm_max     
PLACE_optlc_33534         TIEL            saed90nm_max     
PLACE_optlc_33535         TIEL            saed90nm_max     
PLACE_optlc_33536         TIEL            saed90nm_max     
PLACE_optlc_33537         TIEL            saed90nm_max     
PLACE_optlc_33538         TIEL            saed90nm_max     
PLACE_optlc_33539         TIEL            saed90nm_max     
PLACE_optlc_33540         TIEL            saed90nm_max     
PLACE_optlc_33541         TIEL            saed90nm_max     
PLACE_optlc_33542         TIEL            saed90nm_max     
PLACE_optlc_33543         TIEL            saed90nm_max     
PLACE_optlc_33544         TIEL            saed90nm_max     
PLACE_optlc_33545         TIEL            saed90nm_max     
PLACE_optlc_33546         TIEL            saed90nm_max     
PLACE_optlc_33547         TIEL            saed90nm_max     
PLACE_optlc_33548         TIEL            saed90nm_max     
PLACE_optlc_33549         TIEL            saed90nm_max     
PLACE_optlc_33550         TIEL            saed90nm_max     
PLACE_optlc_33551         TIEL            saed90nm_max     
PLACE_optlc_33552         TIEL            saed90nm_max     
PLACE_optlc_33553         TIEL            saed90nm_max     
PLACE_optlc_33554         TIEL            saed90nm_max     
PLACE_optlc_33555         TIEL            saed90nm_max     
PLACE_optlc_33556         TIEL            saed90nm_max     
PLACE_optlc_33557         TIEL            saed90nm_max     
PLACE_optlc_33558         TIEL            saed90nm_max     
PLACE_optlc_33559         TIEL            saed90nm_max     
PLACE_optlc_33560         TIEL            saed90nm_max     
PLACE_optlc_33561         TIEL            saed90nm_max     
PLACE_optlc_33562         TIEL            saed90nm_max     
PLACE_optlc_33563         TIEL            saed90nm_max     
PLACE_optlc_33564         TIEL            saed90nm_max     
PLACE_optlc_33565         TIEL            saed90nm_max     
PLACE_optlc_33566         TIEL            saed90nm_max     
PLACE_optlc_33567         TIEL            saed90nm_max     
PLACE_optlc_33568         TIEL            saed90nm_max     
PLACE_optlc_33569         TIEL            saed90nm_max     
PLACE_optlc_33570         TIEL            saed90nm_max     
PLACE_optlc_33571         TIEL            saed90nm_max     
PLACE_optlc_33572         TIEL            saed90nm_max     
PLACE_optlc_33573         TIEL            saed90nm_max     
PLACE_optlc_33574         TIEL            saed90nm_max     
PLACE_optlc_33575         TIEL            saed90nm_max     
PLACE_optlc_33576         TIEL            saed90nm_max     
PLACE_optlc_33577         TIEL            saed90nm_max     
PLACE_optlc_33578         TIEL            saed90nm_max     
PLACE_optlc_33579         TIEL            saed90nm_max     
PLACE_optlc_33580         TIEL            saed90nm_max     
PLACE_optlc_33581         TIEL            saed90nm_max     
PLACE_optlc_33582         TIEL            saed90nm_max     
PLACE_optlc_33583         TIEL            saed90nm_max     
PLACE_optlc_33584         TIEL            saed90nm_max     
PLACE_optlc_33585         TIEL            saed90nm_max     
PLACE_optlc_33586         TIEL            saed90nm_max     
PLACE_optlc_33587         TIEL            saed90nm_max     
PLACE_optlc_33588         TIEL            saed90nm_max     
PLACE_optlc_33589         TIEL            saed90nm_max     
PLACE_optlc_33590         TIEL            saed90nm_max     
PLACE_optlc_33591         TIEL            saed90nm_max     
PLACE_optlc_33592         TIEL            saed90nm_max     
PLACE_optlc_33593         TIEL            saed90nm_max     
PLACE_optlc_33594         TIEL            saed90nm_max     
PLACE_optlc_33595         TIEL            saed90nm_max     
PLACE_optlc_33596         TIEL            saed90nm_max     
PLACE_optlc_33597         TIEL            saed90nm_max     
PLACE_optlc_33598         TIEL            saed90nm_max     
PLACE_optlc_33599         TIEL            saed90nm_max     
PLACE_optlc_33600         TIEL            saed90nm_max     
PLACE_optlc_33601         TIEL            saed90nm_max     
PLACE_optlc_33602         TIEL            saed90nm_max     
PLACE_optlc_33603         TIEL            saed90nm_max     
PLACE_optlc_33604         TIEL            saed90nm_max     
PLACE_optlc_33605         TIEL            saed90nm_max     
PLACE_optlc_33606         TIEL            saed90nm_max     
PLACE_optlc_33607         TIEL            saed90nm_max     
PLACE_optlc_33608         TIEL            saed90nm_max     
PLACE_optlc_33609         TIEL            saed90nm_max     
PLACE_optlc_33610         TIEL            saed90nm_max     
PLACE_optlc_33611         TIEL            saed90nm_max     
PLACE_optlc_33612         TIEL            saed90nm_max     
PLACE_optlc_33613         TIEL            saed90nm_max     
PLACE_optlc_33614         TIEL            saed90nm_max     
PLACE_optlc_33615         TIEL            saed90nm_max     
PLACE_optlc_33616         TIEL            saed90nm_max     
PLACE_optlc_33617         TIEL            saed90nm_max     
PLACE_optlc_33618         TIEL            saed90nm_max     
PLACE_optlc_33619         TIEL            saed90nm_max     
PLACE_optlc_33620         TIEL            saed90nm_max     
PLACE_optlc_33621         TIEL            saed90nm_max     
PLACE_optlc_33622         TIEL            saed90nm_max     
PLACE_optlc_33623         TIEL            saed90nm_max     
PLACE_optlc_33624         TIEL            saed90nm_max     
PLACE_optlc_33625         TIEL            saed90nm_max     
PLACE_optlc_33626         TIEL            saed90nm_max     
PLACE_optlc_33627         TIEL            saed90nm_max     
PLACE_optlc_33628         TIEL            saed90nm_max     
PLACE_optlc_33629         TIEL            saed90nm_max     
PLACE_optlc_33630         TIEL            saed90nm_max     
PLACE_optlc_33631         TIEL            saed90nm_max     
PLACE_optlc_33632         TIEL            saed90nm_max     
PLACE_optlc_33633         TIEL            saed90nm_max     
PLACE_optlc_33634         TIEL            saed90nm_max     
PLACE_optlc_33635         TIEL            saed90nm_max     
PLACE_optlc_33636         TIEL            saed90nm_max     
PLACE_optlc_33637         TIEL            saed90nm_max     
PLACE_optlc_33638         TIEL            saed90nm_max     
PLACE_optlc_33639         TIEL            saed90nm_max     
PLACE_optlc_33640         TIEL            saed90nm_max     
PLACE_optlc_33641         TIEL            saed90nm_max     
PLACE_optlc_33642         TIEL            saed90nm_max     
PLACE_optlc_33643         TIEL            saed90nm_max     
PLACE_optlc_33644         TIEL            saed90nm_max     
PLACE_optlc_33645         TIEL            saed90nm_max     
PLACE_optlc_33646         TIEL            saed90nm_max     
PLACE_optlc_33647         TIEL            saed90nm_max     
PLACE_optlc_33648         TIEL            saed90nm_max     
PLACE_optlc_33649         TIEL            saed90nm_max     
PLACE_optlc_33650         TIEL            saed90nm_max     
PLACE_optlc_33651         TIEL            saed90nm_max     
PLACE_optlc_33652         TIEL            saed90nm_max     
PLACE_optlc_33653         TIEL            saed90nm_max     
PLACE_optlc_33654         TIEL            saed90nm_max     
PLACE_optlc_33655         TIEL            saed90nm_max     
PLACE_optlc_33656         TIEL            saed90nm_max     
PLACE_optlc_33657         TIEL            saed90nm_max     
PLACE_optlc_33658         TIEL            saed90nm_max     
PLACE_optlc_33659         TIEL            saed90nm_max     
PLACE_optlc_33660         TIEL            saed90nm_max     
PLACE_optlc_33661         TIEL            saed90nm_max     
PLACE_optlc_33662         TIEL            saed90nm_max     
PLACE_optlc_33663         TIEL            saed90nm_max     
PLACE_optlc_33664         TIEL            saed90nm_max     
PLACE_optlc_33665         TIEL            saed90nm_max     
PLACE_optlc_33666         TIEL            saed90nm_max     
PLACE_optlc_33667         TIEL            saed90nm_max     
PLACE_optlc_33668         TIEL            saed90nm_max     
PLACE_optlc_33669         TIEL            saed90nm_max     
PLACE_optlc_33670         TIEL            saed90nm_max     
PLACE_optlc_33671         TIEL            saed90nm_max     
PLACE_optlc_33672         TIEL            saed90nm_max     
PLACE_optlc_33673         TIEL            saed90nm_max     
PLACE_optlc_33674         TIEL            saed90nm_max     
PLACE_optlc_33675         TIEL            saed90nm_max     
PLACE_optlc_33676         TIEL            saed90nm_max     
PLACE_optlc_33677         TIEL            saed90nm_max     
PLACE_optlc_33678         TIEL            saed90nm_max     
PLACE_optlc_33679         TIEL            saed90nm_max     
PLACE_optlc_33680         TIEL            saed90nm_max     
PLACE_optlc_33681         TIEL            saed90nm_max     
PLACE_optlc_33682         TIEL            saed90nm_max     
PLACE_optlc_33683         TIEL            saed90nm_max     
PLACE_optlc_33684         TIEL            saed90nm_max     
PLACE_optlc_33685         TIEL            saed90nm_max     
PLACE_optlc_33686         TIEL            saed90nm_max     
PLACE_optlc_33687         TIEL            saed90nm_max     
PLACE_optlc_33688         TIEL            saed90nm_max     
PLACE_optlc_33689         TIEL            saed90nm_max     
PLACE_optlc_33690         TIEL            saed90nm_max     
PLACE_optlc_33691         TIEL            saed90nm_max     
PLACE_optlc_33692         TIEL            saed90nm_max     
PLACE_optlc_33693         TIEL            saed90nm_max     
PLACE_optlc_33694         TIEL            saed90nm_max     
PLACE_optlc_33695         TIEL            saed90nm_max     
PLACE_optlc_33696         TIEL            saed90nm_max     
PLACE_optlc_33697         TIEL            saed90nm_max     
PLACE_optlc_33698         TIEL            saed90nm_max     
PLACE_optlc_33699         TIEL            saed90nm_max     
PLACE_optlc_33700         TIEL            saed90nm_max     
PLACE_optlc_33701         TIEL            saed90nm_max     
PLACE_optlc_33702         TIEL            saed90nm_max     
PLACE_optlc_33703         TIEL            saed90nm_max     
PLACE_optlc_33704         TIEL            saed90nm_max     
PLACE_optlc_33705         TIEL            saed90nm_max     
PLACE_optlc_33706         TIEL            saed90nm_max     
PLACE_optlc_33707         TIEL            saed90nm_max     
PLACE_optlc_33708         TIEL            saed90nm_max     
PLACE_optlc_33709         TIEL            saed90nm_max     
PLACE_optlc_33710         TIEL            saed90nm_max     
PLACE_optlc_33711         TIEL            saed90nm_max     
PLACE_optlc_33712         TIEL            saed90nm_max     
PLACE_optlc_33713         TIEL            saed90nm_max     
PLACE_optlc_33714         TIEL            saed90nm_max     
PLACE_optlc_33715         TIEL            saed90nm_max     
PLACE_optlc_33716         TIEL            saed90nm_max     
PLACE_optlc_33717         TIEL            saed90nm_max     
PLACE_optlc_33718         TIEL            saed90nm_max     
PLACE_optlc_33719         TIEL            saed90nm_max     
PLACE_optlc_33720         TIEL            saed90nm_max     
PLACE_optlc_33721         TIEL            saed90nm_max     
PLACE_optlc_33722         TIEL            saed90nm_max     
PLACE_optlc_33723         TIEL            saed90nm_max     
PLACE_optlc_33724         TIEL            saed90nm_max     
PLACE_optlc_33725         TIEL            saed90nm_max     
PLACE_optlc_33726         TIEL            saed90nm_max     
PLACE_optlc_33727         TIEL            saed90nm_max     
PLACE_optlc_33728         TIEL            saed90nm_max     
PLACE_optlc_33729         TIEL            saed90nm_max     
PLACE_optlc_33730         TIEL            saed90nm_max     
PLACE_optlc_33731         TIEL            saed90nm_max     
PLACE_optlc_33732         TIEL            saed90nm_max     
PLACE_optlc_33733         TIEL            saed90nm_max     
PLACE_optlc_33734         TIEL            saed90nm_max     
PLACE_optlc_33735         TIEL            saed90nm_max     
PLACE_optlc_33736         TIEL            saed90nm_max     
PLACE_optlc_33737         TIEL            saed90nm_max     
PLACE_optlc_33738         TIEL            saed90nm_max     
PLACE_optlc_33739         TIEL            saed90nm_max     
PLACE_optlc_33740         TIEL            saed90nm_max     
PLACE_optlc_33741         TIEL            saed90nm_max     
PLACE_optlc_33742         TIEL            saed90nm_max     
PLACE_optlc_33743         TIEL            saed90nm_max     
PLACE_optlc_33744         TIEL            saed90nm_max     
PLACE_optlc_33745         TIEL            saed90nm_max     
PLACE_optlc_33746         TIEL            saed90nm_max     
PLACE_optlc_33747         TIEL            saed90nm_max     
PLACE_optlc_33748         TIEL            saed90nm_max     
PLACE_optlc_33749         TIEL            saed90nm_max     
PLACE_optlc_33750         TIEL            saed90nm_max     
PLACE_optlc_33751         TIEL            saed90nm_max     
PLACE_optlc_33752         TIEL            saed90nm_max     
PLACE_optlc_33753         TIEL            saed90nm_max     
PLACE_optlc_33754         TIEL            saed90nm_max     
PLACE_optlc_33755         TIEL            saed90nm_max     
PLACE_optlc_33756         TIEL            saed90nm_max     
PLACE_optlc_33757         TIEL            saed90nm_max     
PLACE_optlc_33758         TIEL            saed90nm_max     
PLACE_optlc_33759         TIEL            saed90nm_max     
PLACE_optlc_33760         TIEL            saed90nm_max     
PLACE_optlc_33761         TIEL            saed90nm_max     
PLACE_optlc_33762         TIEL            saed90nm_max     
PLACE_optlc_33763         TIEL            saed90nm_max     
PLACE_optlc_33764         TIEL            saed90nm_max     
PLACE_optlc_33765         TIEL            saed90nm_max     
PLACE_optlc_33766         TIEL            saed90nm_max     
PLACE_optlc_33767         TIEL            saed90nm_max     
PLACE_optlc_33768         TIEL            saed90nm_max     
PLACE_optlc_33769         TIEL            saed90nm_max     
PLACE_optlc_33770         TIEL            saed90nm_max     
PLACE_optlc_33771         TIEL            saed90nm_max     
PLACE_optlc_33772         TIEL            saed90nm_max     
PLACE_optlc_33773         TIEL            saed90nm_max     
PLACE_optlc_33774         TIEL            saed90nm_max     
PLACE_optlc_33775         TIEL            saed90nm_max     
PLACE_optlc_33776         TIEL            saed90nm_max     
PLACE_optlc_33777         TIEL            saed90nm_max     
PLACE_optlc_33778         TIEL            saed90nm_max     
PLACE_optlc_33779         TIEL            saed90nm_max     
PLACE_optlc_33780         TIEL            saed90nm_max     
PLACE_optlc_33781         TIEL            saed90nm_max     
PLACE_optlc_33782         TIEL            saed90nm_max     
PLACE_optlc_33783         TIEL            saed90nm_max     
PLACE_optlc_33784         TIEL            saed90nm_max     
PLACE_optlc_33785         TIEL            saed90nm_max     
PLACE_optlc_33786         TIEL            saed90nm_max     
PLACE_optlc_33787         TIEL            saed90nm_max     
PLACE_optlc_33788         TIEL            saed90nm_max     
PLACE_optlc_33789         TIEL            saed90nm_max     
PLACE_optlc_33790         TIEL            saed90nm_max     
PLACE_optlc_33791         TIEL            saed90nm_max     
PLACE_optlc_33792         TIEL            saed90nm_max     
PLACE_optlc_33793         TIEL            saed90nm_max     
PLACE_optlc_33794         TIEL            saed90nm_max     
PLACE_optlc_33795         TIEL            saed90nm_max     
PLACE_optlc_33796         TIEL            saed90nm_max     
PLACE_optlc_33797         TIEL            saed90nm_max     
PLACE_optlc_33798         TIEL            saed90nm_max     
PLACE_optlc_33799         TIEL            saed90nm_max     
PLACE_optlc_33800         TIEL            saed90nm_max     
PLACE_optlc_33801         TIEL            saed90nm_max     
PLACE_optlc_33802         TIEL            saed90nm_max     
PLACE_optlc_33803         TIEL            saed90nm_max     
PLACE_optlc_33804         TIEL            saed90nm_max     
PLACE_optlc_33805         TIEL            saed90nm_max     
PLACE_optlc_33806         TIEL            saed90nm_max     
PLACE_optlc_33807         TIEL            saed90nm_max     
PLACE_optlc_33808         TIEL            saed90nm_max     
PLACE_optlc_33809         TIEL            saed90nm_max     
PLACE_optlc_33810         TIEL            saed90nm_max     
PLACE_optlc_33811         TIEL            saed90nm_max     
PLACE_optlc_33812         TIEL            saed90nm_max     
PLACE_optlc_33813         TIEL            saed90nm_max     
PLACE_optlc_33814         TIEL            saed90nm_max     
PLACE_optlc_33815         TIEL            saed90nm_max     
PLACE_optlc_33816         TIEL            saed90nm_max     
PLACE_optlc_33817         TIEL            saed90nm_max     
PLACE_optlc_33818         TIEL            saed90nm_max     
PLACE_optlc_33819         TIEL            saed90nm_max     
PLACE_optlc_33820         TIEL            saed90nm_max     
PLACE_optlc_33821         TIEL            saed90nm_max     
PLACE_optlc_33822         TIEL            saed90nm_max     
PLACE_optlc_33823         TIEL            saed90nm_max     
PLACE_optlc_33824         TIEL            saed90nm_max     
PLACE_optlc_33825         TIEL            saed90nm_max     
PLACE_optlc_33826         TIEL            saed90nm_max     
PLACE_optlc_33827         TIEL            saed90nm_max     
PLACE_optlc_33828         TIEL            saed90nm_max     
PLACE_optlc_33829         TIEL            saed90nm_max     
PLACE_optlc_33830         TIEL            saed90nm_max     
PLACE_optlc_33831         TIEL            saed90nm_max     
PLACE_optlc_33832         TIEL            saed90nm_max     
PLACE_optlc_33833         TIEL            saed90nm_max     
PLACE_optlc_33834         TIEL            saed90nm_max     
PLACE_optlc_33835         TIEL            saed90nm_max     
PLACE_optlc_33836         TIEL            saed90nm_max     
PLACE_optlc_33837         TIEL            saed90nm_max     
PLACE_optlc_33838         TIEL            saed90nm_max     
PLACE_optlc_33839         TIEL            saed90nm_max     
PLACE_optlc_33840         TIEL            saed90nm_max     
PLACE_optlc_33841         TIEL            saed90nm_max     
PLACE_optlc_33842         TIEL            saed90nm_max     
PLACE_optlc_33843         TIEL            saed90nm_max     
PLACE_optlc_33844         TIEL            saed90nm_max     
PLACE_optlc_33845         TIEL            saed90nm_max     
PLACE_optlc_33846         TIEL            saed90nm_max     
PLACE_optlc_33847         TIEL            saed90nm_max     
PLACE_optlc_33848         TIEL            saed90nm_max     
PLACE_optlc_33849         TIEL            saed90nm_max     
PLACE_optlc_33850         TIEL            saed90nm_max     
PLACE_optlc_33851         TIEL            saed90nm_max     
PLACE_optlc_33852         TIEL            saed90nm_max     
PLACE_optlc_33853         TIEL            saed90nm_max     
PLACE_optlc_33854         TIEL            saed90nm_max     
PLACE_optlc_33855         TIEL            saed90nm_max     
PLACE_optlc_33856         TIEL            saed90nm_max     
PLACE_optlc_33857         TIEL            saed90nm_max     
PLACE_optlc_33858         TIEL            saed90nm_max     
PLACE_optlc_33859         TIEL            saed90nm_max     
PLACE_optlc_33860         TIEL            saed90nm_max     
PLACE_optlc_33861         TIEL            saed90nm_max     
PLACE_optlc_33862         TIEL            saed90nm_max     
PLACE_optlc_33863         TIEL            saed90nm_max     
PLACE_optlc_33864         TIEL            saed90nm_max     
PLACE_optlc_33865         TIEL            saed90nm_max     
PLACE_optlc_33866         TIEL            saed90nm_max     
PLACE_optlc_33867         TIEL            saed90nm_max     
PLACE_optlc_33868         TIEL            saed90nm_max     
PLACE_optlc_33869         TIEL            saed90nm_max     
PLACE_optlc_33870         TIEL            saed90nm_max     
PLACE_optlc_33871         TIEL            saed90nm_max     
PLACE_optlc_33872         TIEL            saed90nm_max     
PLACE_optlc_33873         TIEL            saed90nm_max     
PLACE_optlc_33874         TIEL            saed90nm_max     
PLACE_optlc_33875         TIEL            saed90nm_max     
PLACE_optlc_33876         TIEL            saed90nm_max     
PLACE_optlc_33877         TIEL            saed90nm_max     
PLACE_optlc_33878         TIEL            saed90nm_max     
PLACE_optlc_33879         TIEL            saed90nm_max     
PLACE_optlc_33880         TIEL            saed90nm_max     
PLACE_optlc_33881         TIEL            saed90nm_max     
PLACE_optlc_33882         TIEL            saed90nm_max     
PLACE_optlc_33883         TIEL            saed90nm_max     
PLACE_optlc_33884         TIEL            saed90nm_max     
PLACE_optlc_33885         TIEL            saed90nm_max     
PLACE_optlc_33886         TIEL            saed90nm_max     
PLACE_optlc_33887         TIEL            saed90nm_max     
PLACE_optlc_33888         TIEL            saed90nm_max     
PLACE_optlc_33889         TIEL            saed90nm_max     
PLACE_optlc_33890         TIEL            saed90nm_max     
PLACE_optlc_33891         TIEL            saed90nm_max     
PLACE_optlc_33892         TIEL            saed90nm_max     
PLACE_optlc_33893         TIEL            saed90nm_max     
PLACE_optlc_33894         TIEL            saed90nm_max     
PLACE_optlc_33895         TIEL            saed90nm_max     
PLACE_optlc_33896         TIEL            saed90nm_max     
PLACE_optlc_33897         TIEL            saed90nm_max     
PLACE_optlc_33898         TIEL            saed90nm_max     
PLACE_optlc_33899         TIEL            saed90nm_max     
PLACE_optlc_33900         TIEL            saed90nm_max     
PLACE_optlc_33901         TIEL            saed90nm_max     
PLACE_optlc_33902         TIEL            saed90nm_max     
PLACE_optlc_33903         TIEL            saed90nm_max     
PLACE_optlc_33904         TIEL            saed90nm_max     
PLACE_optlc_33905         TIEL            saed90nm_max     
PLACE_optlc_33906         TIEL            saed90nm_max     
PLACE_optlc_33907         TIEL            saed90nm_max     
PLACE_optlc_33908         TIEL            saed90nm_max     
PLACE_optlc_33909         TIEL            saed90nm_max     
PLACE_optlc_33910         TIEL            saed90nm_max     
PLACE_optlc_33911         TIEL            saed90nm_max     
PLACE_optlc_33912         TIEL            saed90nm_max     
PLACE_optlc_33913         TIEL            saed90nm_max     
PLACE_optlc_33914         TIEL            saed90nm_max     
PLACE_optlc_33915         TIEL            saed90nm_max     
PLACE_optlc_33916         TIEL            saed90nm_max     
PLACE_optlc_33917         TIEL            saed90nm_max     
PLACE_optlc_33918         TIEL            saed90nm_max     
PLACE_optlc_33919         TIEL            saed90nm_max     
PLACE_optlc_33920         TIEL            saed90nm_max     
PLACE_optlc_33921         TIEL            saed90nm_max     
PLACE_optlc_33922         TIEL            saed90nm_max     
PLACE_optlc_33923         TIEL            saed90nm_max     
PLACE_optlc_33924         TIEL            saed90nm_max     
PLACE_optlc_33925         TIEL            saed90nm_max     
PLACE_optlc_33926         TIEL            saed90nm_max     
PLACE_optlc_33927         TIEL            saed90nm_max     
PLACE_optlc_33928         TIEL            saed90nm_max     
PLACE_optlc_33929         TIEL            saed90nm_max     
PLACE_optlc_33930         TIEL            saed90nm_max     
PLACE_optlc_33931         TIEL            saed90nm_max     
PLACE_optlc_33932         TIEL            saed90nm_max     
PLACE_optlc_33933         TIEL            saed90nm_max     
PLACE_optlc_33934         TIEL            saed90nm_max     
PLACE_optlc_33935         TIEL            saed90nm_max     
PLACE_optlc_33936         TIEL            saed90nm_max     
PLACE_optlc_33937         TIEL            saed90nm_max     
PLACE_optlc_33938         TIEL            saed90nm_max     
PLACE_optlc_33939         TIEL            saed90nm_max     
PLACE_optlc_33940         TIEL            saed90nm_max     
PLACE_optlc_33941         TIEL            saed90nm_max     
PLACE_optlc_33942         TIEL            saed90nm_max     
PLACE_optlc_33943         TIEL            saed90nm_max     
PLACE_optlc_33944         TIEL            saed90nm_max     
PLACE_optlc_33945         TIEL            saed90nm_max     
PLACE_optlc_33946         TIEL            saed90nm_max     
PLACE_optlc_33947         TIEL            saed90nm_max     
PLACE_optlc_33948         TIEL            saed90nm_max     
PLACE_optlc_33949         TIEL            saed90nm_max     
PLACE_optlc_33950         TIEL            saed90nm_max     
PLACE_optlc_33951         TIEL            saed90nm_max     
PLACE_optlc_33952         TIEL            saed90nm_max     
PLACE_optlc_33953         TIEL            saed90nm_max     
PLACE_optlc_33954         TIEL            saed90nm_max     
PLACE_optlc_33955         TIEL            saed90nm_max     
PLACE_optlc_33956         TIEL            saed90nm_max     
PLACE_optlc_33957         TIEL            saed90nm_max     
PLACE_optlc_33958         TIEL            saed90nm_max     
PLACE_optlc_33959         TIEL            saed90nm_max     
PLACE_optlc_33960         TIEL            saed90nm_max     
PLACE_optlc_33961         TIEL            saed90nm_max     
PLACE_optlc_33962         TIEL            saed90nm_max     
PLACE_optlc_33963         TIEL            saed90nm_max     
PLACE_optlc_33964         TIEL            saed90nm_max     
PLACE_optlc_33965         TIEL            saed90nm_max     
PLACE_optlc_33966         TIEL            saed90nm_max     
PLACE_optlc_33967         TIEL            saed90nm_max     
PLACE_optlc_33968         TIEL            saed90nm_max     
PLACE_optlc_33969         TIEL            saed90nm_max     
PLACE_optlc_33970         TIEL            saed90nm_max     
PLACE_optlc_33971         TIEL            saed90nm_max     
PLACE_optlc_33972         TIEL            saed90nm_max     
PLACE_optlc_33973         TIEL            saed90nm_max     
PLACE_optlc_33974         TIEL            saed90nm_max     
PLACE_optlc_33975         TIEL            saed90nm_max     
PLACE_optlc_33976         TIEL            saed90nm_max     
PLACE_optlc_33977         TIEL            saed90nm_max     
PLACE_optlc_33978         TIEL            saed90nm_max     
PLACE_optlc_33979         TIEL            saed90nm_max     
PLACE_optlc_33980         TIEL            saed90nm_max     
PLACE_optlc_33981         TIEL            saed90nm_max     
PLACE_optlc_33982         TIEL            saed90nm_max     
PLACE_optlc_33983         TIEL            saed90nm_max     
PLACE_optlc_33984         TIEL            saed90nm_max     
PLACE_optlc_33985         TIEL            saed90nm_max     
PLACE_optlc_33986         TIEL            saed90nm_max     
PLACE_optlc_33987         TIEL            saed90nm_max     
PLACE_optlc_33988         TIEL            saed90nm_max     
PLACE_optlc_33989         TIEL            saed90nm_max     
PLACE_optlc_33990         TIEL            saed90nm_max     
PLACE_optlc_33991         TIEL            saed90nm_max     
PLACE_optlc_33992         TIEL            saed90nm_max     
PLACE_optlc_33993         TIEL            saed90nm_max     
PLACE_optlc_33994         TIEL            saed90nm_max     
PLACE_optlc_33995         TIEL            saed90nm_max     
PLACE_optlc_33996         TIEL            saed90nm_max     
PLACE_optlc_33997         TIEL            saed90nm_max     
PLACE_optlc_33998         TIEL            saed90nm_max     
PLACE_optlc_33999         TIEL            saed90nm_max     
PLACE_optlc_34000         TIEL            saed90nm_max     
PLACE_optlc_34001         TIEL            saed90nm_max     
PLACE_optlc_34002         TIEL            saed90nm_max     
PLACE_optlc_34003         TIEL            saed90nm_max     
PLACE_optlc_34004         TIEL            saed90nm_max     
PLACE_optlc_34005         TIEL            saed90nm_max     
PLACE_optlc_34006         TIEL            saed90nm_max     
PLACE_optlc_34007         TIEL            saed90nm_max     
PLACE_optlc_34008         TIEL            saed90nm_max     
PLACE_optlc_34009         TIEL            saed90nm_max     
PLACE_optlc_34010         TIEL            saed90nm_max     
PLACE_optlc_34011         TIEL            saed90nm_max     
PLACE_optlc_34012         TIEL            saed90nm_max     
PLACE_optlc_34013         TIEL            saed90nm_max     
PLACE_optlc_34014         TIEL            saed90nm_max     
PLACE_optlc_34015         TIEL            saed90nm_max     
PLACE_optlc_34016         TIEL            saed90nm_max     
PLACE_optlc_34017         TIEL            saed90nm_max     
PLACE_optlc_34018         TIEL            saed90nm_max     
PLACE_optlc_34019         TIEL            saed90nm_max     
PLACE_optlc_34020         TIEL            saed90nm_max     
PLACE_optlc_34021         TIEL            saed90nm_max     
PLACE_optlc_34022         TIEL            saed90nm_max     
PLACE_optlc_34023         TIEL            saed90nm_max     
PLACE_optlc_34024         TIEL            saed90nm_max     
PLACE_optlc_34025         TIEL            saed90nm_max     
PLACE_optlc_34026         TIEL            saed90nm_max     
PLACE_optlc_34027         TIEL            saed90nm_max     
PLACE_optlc_34028         TIEL            saed90nm_max     
PLACE_optlc_34029         TIEL            saed90nm_max     
PLACE_optlc_34030         TIEL            saed90nm_max     
PLACE_optlc_34031         TIEL            saed90nm_max     
PLACE_optlc_34032         TIEL            saed90nm_max     
PLACE_optlc_34033         TIEL            saed90nm_max     
PLACE_optlc_34034         TIEL            saed90nm_max     
PLACE_optlc_34035         TIEL            saed90nm_max     
PLACE_optlc_34036         TIEL            saed90nm_max     
PLACE_optlc_34037         TIEL            saed90nm_max     
PLACE_optlc_34038         TIEL            saed90nm_max     
PLACE_optlc_34039         TIEL            saed90nm_max     
PLACE_optlc_34040         TIEL            saed90nm_max     
PLACE_optlc_34041         TIEL            saed90nm_max     
PLACE_optlc_34042         TIEL            saed90nm_max     
PLACE_optlc_34043         TIEL            saed90nm_max     
PLACE_optlc_34044         TIEL            saed90nm_max     
PLACE_optlc_34045         TIEL            saed90nm_max     
PLACE_optlc_34046         TIEL            saed90nm_max     
PLACE_optlc_34047         TIEL            saed90nm_max     
PLACE_optlc_34048         TIEL            saed90nm_max     
PLACE_optlc_34049         TIEL            saed90nm_max     
PLACE_optlc_34050         TIEL            saed90nm_max     
PLACE_optlc_34051         TIEL            saed90nm_max     
PLACE_optlc_34052         TIEL            saed90nm_max     
PLACE_optlc_34053         TIEL            saed90nm_max     
PLACE_optlc_34054         TIEL            saed90nm_max     
PLACE_optlc_34055         TIEL            saed90nm_max     
PLACE_optlc_34056         TIEL            saed90nm_max     
PLACE_optlc_34057         TIEL            saed90nm_max     
PLACE_optlc_34058         TIEL            saed90nm_max     
PLACE_optlc_34059         TIEL            saed90nm_max     
PLACE_optlc_34060         TIEL            saed90nm_max     
PLACE_optlc_34061         TIEL            saed90nm_max     
PLACE_optlc_34062         TIEL            saed90nm_max     
PLACE_optlc_34063         TIEL            saed90nm_max     
PLACE_optlc_34064         TIEL            saed90nm_max     
PLACE_optlc_34065         TIEL            saed90nm_max     
PLACE_optlc_34066         TIEL            saed90nm_max     
PLACE_optlc_34067         TIEL            saed90nm_max     
PLACE_optlc_34068         TIEL            saed90nm_max     
PLACE_optlc_34069         TIEL            saed90nm_max     
PLACE_optlc_34070         TIEL            saed90nm_max     
PLACE_optlc_34071         TIEL            saed90nm_max     
PLACE_optlc_34072         TIEL            saed90nm_max     
PLACE_optlc_34073         TIEL            saed90nm_max     
PLACE_optlc_34074         TIEL            saed90nm_max     
PLACE_optlc_34075         TIEL            saed90nm_max     
PLACE_optlc_34076         TIEL            saed90nm_max     
PLACE_optlc_34077         TIEL            saed90nm_max     
PLACE_optlc_34078         TIEL            saed90nm_max     
PLACE_optlc_34079         TIEL            saed90nm_max     
PLACE_optlc_34080         TIEL            saed90nm_max     
PLACE_optlc_34081         TIEL            saed90nm_max     
PLACE_optlc_34082         TIEL            saed90nm_max     
PLACE_optlc_34084         TIEH            saed90nm_max     
PLACE_optlc_34085         TIEH            saed90nm_max     
PLACE_optlc_34086         TIEH            saed90nm_max     
PLACE_optlc_34087         TIEH            saed90nm_max     
PLACE_optlc_34088         TIEH            saed90nm_max     
PLACE_optlc_34089         TIEH            saed90nm_max     
PLACE_optlc_34090         TIEH            saed90nm_max     
PLACE_optlc_34091         TIEH            saed90nm_max     
PLACE_optlc_34092         TIEH            saed90nm_max     
PLACE_optlc_34093         TIEH            saed90nm_max     
PLACE_optlc_34094         TIEH            saed90nm_max     
PLACE_optlc_34095         TIEH            saed90nm_max     
PLACE_optlc_34096         TIEH            saed90nm_max     
PLACE_optlc_34097         TIEH            saed90nm_max     
PLACE_optlc_34098         TIEH            saed90nm_max     
PLACE_optlc_34099         TIEH            saed90nm_max     
PLACE_optlc_34100         TIEH            saed90nm_max     
PLACE_optlc_34101         TIEH            saed90nm_max     
PLACE_optlc_34102         TIEH            saed90nm_max     
PLACE_optlc_34103         TIEH            saed90nm_max     
PLACE_optlc_34104         TIEH            saed90nm_max     
PLACE_optlc_34105         TIEH            saed90nm_max     
PLACE_optlc_34106         TIEH            saed90nm_max     
PLACE_optlc_34107         TIEH            saed90nm_max     
PLACE_optlc_34108         TIEH            saed90nm_max     
PLACE_optlc_34109         TIEH            saed90nm_max     
PLACE_optlc_34110         TIEH            saed90nm_max     
PLACE_optlc_34111         TIEH            saed90nm_max     
PLACE_optlc_34112         TIEH            saed90nm_max     
PLACE_optlc_34113         TIEH            saed90nm_max     
PLACE_optlc_34114         TIEH            saed90nm_max     
PLACE_optlc_34115         TIEH            saed90nm_max     
PLACE_optlc_34116         TIEH            saed90nm_max     
PLACE_optlc_34117         TIEH            saed90nm_max     
PLACE_optlc_34118         TIEH            saed90nm_max     
PLACE_optlc_34119         TIEH            saed90nm_max     
PLACE_optlc_34120         TIEH            saed90nm_max     
PLACE_optlc_34121         TIEH            saed90nm_max     
PLACE_optlc_34122         TIEH            saed90nm_max     
PLACE_optlc_34123         TIEH            saed90nm_max     
PLACE_optlc_34124         TIEH            saed90nm_max     
PLACE_optlc_34125         TIEH            saed90nm_max     
PLACE_optlc_34126         TIEH            saed90nm_max     
PLACE_optlc_34127         TIEH            saed90nm_max     
PLACE_optlc_34128         TIEH            saed90nm_max     
PLACE_optlc_34129         TIEH            saed90nm_max     
PLACE_optlc_34130         TIEH            saed90nm_max     
PLACE_optlc_34131         TIEH            saed90nm_max     
PLACE_optlc_34132         TIEH            saed90nm_max     
PLACE_optlc_34133         TIEH            saed90nm_max     
PLACE_optlc_34134         TIEH            saed90nm_max     
PLACE_optlc_34135         TIEH            saed90nm_max     
PLACE_optlc_34136         TIEH            saed90nm_max     
PLACE_optlc_34137         TIEH            saed90nm_max     
PLACE_optlc_34138         TIEH            saed90nm_max     
PLACE_optlc_34139         TIEH            saed90nm_max     
PLACE_optlc_34140         TIEH            saed90nm_max     
PLACE_optlc_34141         TIEH            saed90nm_max     
PLACE_optlc_34142         TIEH            saed90nm_max     
PLACE_optlc_34143         TIEH            saed90nm_max     
PLACE_optlc_34144         TIEH            saed90nm_max     
PLACE_optlc_34145         TIEH            saed90nm_max     
PLACE_optlc_34146         TIEH            saed90nm_max     
PLACE_optlc_34147         TIEH            saed90nm_max     
PLACE_optlc_34148         TIEH            saed90nm_max     
PLACE_optlc_34149         TIEH            saed90nm_max     
PLACE_optlc_34150         TIEH            saed90nm_max     
PLACE_optlc_34151         TIEH            saed90nm_max     
PLACE_optlc_34152         TIEH            saed90nm_max     
PLACE_optlc_34153         TIEH            saed90nm_max     
PLACE_optlc_34154         TIEH            saed90nm_max     
PLACE_optlc_34155         TIEH            saed90nm_max     
PLACE_optlc_34156         TIEH            saed90nm_max     
PLACE_optlc_34157         TIEH            saed90nm_max     
PLACE_optlc_34158         TIEH            saed90nm_max     
PLACE_optlc_34159         TIEH            saed90nm_max     
PLACE_optlc_34160         TIEH            saed90nm_max     
PLACE_optlc_34161         TIEH            saed90nm_max     
PLACE_optlc_34162         TIEH            saed90nm_max     
PLACE_optlc_34163         TIEH            saed90nm_max     
PLACE_optlc_34164         TIEH            saed90nm_max     
PLACE_optlc_34165         TIEH            saed90nm_max     
PLACE_optlc_34166         TIEH            saed90nm_max     
PLACE_optlc_34167         TIEH            saed90nm_max     
PLACE_optlc_34168         TIEH            saed90nm_max     
PLACE_optlc_34169         TIEH            saed90nm_max     
PLACE_optlc_34170         TIEH            saed90nm_max     
PLACE_optlc_34171         TIEH            saed90nm_max     
PLACE_optlc_34172         TIEH            saed90nm_max     
PLACE_optlc_34173         TIEH            saed90nm_max     
PLACE_optlc_34174         TIEH            saed90nm_max     
PLACE_optlc_34175         TIEH            saed90nm_max     
PLACE_optlc_34176         TIEH            saed90nm_max     
PLACE_optlc_34177         TIEH            saed90nm_max     
PLACE_optlc_34178         TIEH            saed90nm_max     
PLACE_optlc_34179         TIEH            saed90nm_max     
PLACE_optlc_34180         TIEH            saed90nm_max     
PLACE_optlc_34181         TIEH            saed90nm_max     
PLACE_optlc_34182         TIEH            saed90nm_max     
PLACE_optlc_34183         TIEH            saed90nm_max     
PLACE_optlc_34184         TIEH            saed90nm_max     
PLACE_optlc_34185         TIEH            saed90nm_max     
PLACE_optlc_34186         TIEH            saed90nm_max     
PLACE_optlc_34187         TIEH            saed90nm_max     
PLACE_optlc_34188         TIEH            saed90nm_max     
PLACE_optlc_34189         TIEH            saed90nm_max     
PLACE_optlc_34190         TIEH            saed90nm_max     
PLACE_optlc_34191         TIEH            saed90nm_max     
PLACE_optlc_34192         TIEH            saed90nm_max     
PLACE_optlc_34193         TIEH            saed90nm_max     
PLACE_optlc_34194         TIEH            saed90nm_max     
PLACE_optlc_34195         TIEH            saed90nm_max     
PLACE_optlc_34196         TIEH            saed90nm_max     
PLACE_optlc_34197         TIEH            saed90nm_max     
PLACE_optlc_34198         TIEH            saed90nm_max     
PLACE_optlc_34199         TIEH            saed90nm_max     
PLACE_optlc_34200         TIEH            saed90nm_max     
PLACE_optlc_34201         TIEH            saed90nm_max     
PLACE_optlc_34202         TIEH            saed90nm_max     
PLACE_optlc_34203         TIEH            saed90nm_max     
PLACE_optlc_34204         TIEH            saed90nm_max     
PLACE_optlc_34205         TIEH            saed90nm_max     
PLACE_optlc_34206         TIEH            saed90nm_max     
PLACE_optlc_34207         TIEH            saed90nm_max     
PLACE_optlc_34208         TIEH            saed90nm_max     
PLACE_optlc_34209         TIEH            saed90nm_max     
PLACE_optlc_34210         TIEH            saed90nm_max     
PLACE_optlc_34211         TIEH            saed90nm_max     
PLACE_optlc_34212         TIEH            saed90nm_max     
PLACE_optlc_34213         TIEH            saed90nm_max     
PLACE_optlc_34214         TIEH            saed90nm_max     
PLACE_optlc_34215         TIEH            saed90nm_max     
PLACE_optlc_34216         TIEH            saed90nm_max     
PLACE_optlc_34217         TIEH            saed90nm_max     
PLACE_optlc_34218         TIEH            saed90nm_max     
PLACE_optlc_34219         TIEH            saed90nm_max     
PLACE_optlc_34220         TIEH            saed90nm_max     
PLACE_optlc_34221         TIEH            saed90nm_max     
PLACE_optlc_34222         TIEH            saed90nm_max     
PLACE_optlc_34223         TIEH            saed90nm_max     
PLACE_optlc_34224         TIEH            saed90nm_max     
PLACE_optlc_34225         TIEH            saed90nm_max     
PLACE_optlc_34226         TIEH            saed90nm_max     
PLACE_optlc_34227         TIEH            saed90nm_max     
PLACE_optlc_34228         TIEH            saed90nm_max     
PLACE_optlc_34229         TIEH            saed90nm_max     
PLACE_optlc_34230         TIEH            saed90nm_max     
PLACE_optlc_34231         TIEH            saed90nm_max     
PLACE_optlc_34232         TIEH            saed90nm_max     
PLACE_optlc_34233         TIEH            saed90nm_max     
PLACE_optlc_34234         TIEH            saed90nm_max     
PLACE_optlc_34235         TIEH            saed90nm_max     
PLACE_optlc_34236         TIEH            saed90nm_max     
PLACE_optlc_34237         TIEH            saed90nm_max     
PLACE_optlc_34238         TIEH            saed90nm_max     
PLACE_optlc_34239         TIEH            saed90nm_max     
PLACE_optlc_34240         TIEH            saed90nm_max     
PLACE_optlc_34241         TIEH            saed90nm_max     
PLACE_optlc_34242         TIEH            saed90nm_max     
PLACE_optlc_34243         TIEH            saed90nm_max     
PLACE_optlc_34244         TIEH            saed90nm_max     
PLACE_optlc_34245         TIEH            saed90nm_max     
PLACE_optlc_34246         TIEH            saed90nm_max     
PLACE_optlc_34247         TIEH            saed90nm_max     
PLACE_optlc_34248         TIEH            saed90nm_max     
PLACE_optlc_34249         TIEH            saed90nm_max     
PLACE_optlc_34250         TIEH            saed90nm_max     
PLACE_optlc_34251         TIEH            saed90nm_max     
PLACE_optlc_34252         TIEH            saed90nm_max     
PLACE_optlc_34253         TIEH            saed90nm_max     
PLACE_optlc_34254         TIEH            saed90nm_max     
PLACE_optlc_34255         TIEH            saed90nm_max     
PLACE_optlc_34256         TIEH            saed90nm_max     
PLACE_optlc_34257         TIEH            saed90nm_max     
PLACE_optlc_34258         TIEH            saed90nm_max     
PLACE_optlc_34259         TIEH            saed90nm_max     
PLACE_optlc_34260         TIEH            saed90nm_max     
PLACE_optlc_34261         TIEH            saed90nm_max     
PLACE_optlc_34262         TIEH            saed90nm_max     
PLACE_optlc_34263         TIEH            saed90nm_max     
PLACE_optlc_34264         TIEH            saed90nm_max     
PLACE_optlc_34265         TIEH            saed90nm_max     
PLACE_optlc_34266         TIEH            saed90nm_max     
PLACE_optlc_34267         TIEH            saed90nm_max     
PLACE_optlc_34268         TIEH            saed90nm_max     
PLACE_optlc_34269         TIEH            saed90nm_max     
PLACE_optlc_34270         TIEH            saed90nm_max     
PLACE_optlc_34271         TIEH            saed90nm_max     
PLACE_optlc_34272         TIEH            saed90nm_max     
PLACE_optlc_34273         TIEH            saed90nm_max     
PLACE_optlc_34274         TIEH            saed90nm_max     
PLACE_optlc_34275         TIEH            saed90nm_max     
PLACE_optlc_34276         TIEH            saed90nm_max     
PLACE_optlc_34277         TIEH            saed90nm_max     
PLACE_optlc_34278         TIEH            saed90nm_max     
PLACE_optlc_34279         TIEH            saed90nm_max     
PLACE_optlc_34280         TIEH            saed90nm_max     
PLACE_optlc_34281         TIEH            saed90nm_max     
PLACE_optlc_34282         TIEH            saed90nm_max     
PLACE_optlc_34283         TIEH            saed90nm_max     
PLACE_optlc_34284         TIEH            saed90nm_max     
PLACE_optlc_34285         TIEH            saed90nm_max     
PLACE_optlc_34286         TIEH            saed90nm_max     
PLACE_optlc_34287         TIEH            saed90nm_max     
PLACE_optlc_34288         TIEH            saed90nm_max     
PLACE_optlc_34289         TIEH            saed90nm_max     
PLACE_optlc_34290         TIEH            saed90nm_max     
PLACE_optlc_34291         TIEH            saed90nm_max     
PLACE_optlc_34292         TIEH            saed90nm_max     
PLACE_optlc_34293         TIEH            saed90nm_max     
PLACE_optlc_34294         TIEH            saed90nm_max     
PLACE_optlc_34295         TIEH            saed90nm_max     
PLACE_optlc_34296         TIEH            saed90nm_max     
PLACE_optlc_34297         TIEH            saed90nm_max     
PLACE_optlc_34298         TIEH            saed90nm_max     
PLACE_optlc_34299         TIEH            saed90nm_max     
PLACE_optlc_34300         TIEH            saed90nm_max     
PLACE_optlc_34301         TIEH            saed90nm_max     
PLACE_optlc_34302         TIEH            saed90nm_max     
PLACE_optlc_34303         TIEH            saed90nm_max     
PLACE_optlc_34304         TIEH            saed90nm_max     
PLACE_optlc_34305         TIEH            saed90nm_max     
PLACE_optlc_34306         TIEH            saed90nm_max     
PLACE_optlc_34307         TIEH            saed90nm_max     
PLACE_optlc_34308         TIEH            saed90nm_max     
PLACE_optlc_34309         TIEH            saed90nm_max     
PLACE_optlc_34310         TIEH            saed90nm_max     
PLACE_optlc_34311         TIEH            saed90nm_max     
PLACE_optlc_34312         TIEH            saed90nm_max     
PLACE_optlc_34313         TIEH            saed90nm_max     
PLACE_optlc_34314         TIEH            saed90nm_max     
PLACE_optlc_34315         TIEH            saed90nm_max     
PLACE_optlc_34316         TIEH            saed90nm_max     
PLACE_optlc_34317         TIEH            saed90nm_max     
PLACE_optlc_34318         TIEH            saed90nm_max     
PLACE_optlc_34319         TIEH            saed90nm_max     
PLACE_optlc_34320         TIEH            saed90nm_max     
PLACE_optlc_34321         TIEH            saed90nm_max     
PLACE_optlc_34322         TIEH            saed90nm_max     
PLACE_optlc_34323         TIEH            saed90nm_max     
PLACE_optlc_34324         TIEH            saed90nm_max     
PLACE_optlc_34325         TIEH            saed90nm_max     
PLACE_optlc_34326         TIEH            saed90nm_max     
PLACE_optlc_34327         TIEH            saed90nm_max     
PLACE_optlc_34328         TIEH            saed90nm_max     
PLACE_optlc_34329         TIEH            saed90nm_max     
PLACE_optlc_34330         TIEH            saed90nm_max     
PLACE_optlc_34331         TIEH            saed90nm_max     
PLACE_optlc_34332         TIEH            saed90nm_max     
PLACE_optlc_34333         TIEH            saed90nm_max     
PLACE_optlc_34334         TIEH            saed90nm_max     
PLACE_optlc_34335         TIEH            saed90nm_max     
PLACE_optlc_34336         TIEH            saed90nm_max     
PLACE_optlc_34337         TIEH            saed90nm_max     
PLACE_optlc_34338         TIEH            saed90nm_max     
PLACE_optlc_34339         TIEH            saed90nm_max     
PLACE_optlc_34340         TIEH            saed90nm_max     
PLACE_optlc_34341         TIEH            saed90nm_max     
PLACE_optlc_34342         TIEH            saed90nm_max     
PLACE_optlc_34343         TIEH            saed90nm_max     
PLACE_optlc_34344         TIEH            saed90nm_max     
PLACE_optlc_34345         TIEH            saed90nm_max     
PLACE_optlc_34346         TIEH            saed90nm_max     
PLACE_optlc_34347         TIEH            saed90nm_max     
PLACE_optlc_34348         TIEH            saed90nm_max     
PLACE_optlc_34349         TIEH            saed90nm_max     
PLACE_optlc_34350         TIEH            saed90nm_max     
PLACE_optlc_34351         TIEH            saed90nm_max     
PLACE_optlc_34352         TIEH            saed90nm_max     
PLACE_optlc_34353         TIEH            saed90nm_max     
PLACE_optlc_34354         TIEH            saed90nm_max     
PLACE_optlc_34355         TIEH            saed90nm_max     
PLACE_optlc_34356         TIEH            saed90nm_max     
PLACE_optlc_34357         TIEH            saed90nm_max     
PLACE_optlc_34358         TIEH            saed90nm_max     
PLACE_optlc_34359         TIEH            saed90nm_max     
PLACE_optlc_34360         TIEH            saed90nm_max     
PLACE_optlc_34361         TIEH            saed90nm_max     
PLACE_optlc_34362         TIEH            saed90nm_max     
PLACE_optlc_34363         TIEH            saed90nm_max     
PLACE_optlc_34364         TIEH            saed90nm_max     
PLACE_optlc_34365         TIEH            saed90nm_max     
PLACE_optlc_34366         TIEH            saed90nm_max     
PLACE_optlc_34367         TIEH            saed90nm_max     
PLACE_optlc_34368         TIEH            saed90nm_max     
PLACE_optlc_34369         TIEH            saed90nm_max     
PLACE_optlc_34370         TIEH            saed90nm_max     
PLACE_optlc_34371         TIEH            saed90nm_max     
PLACE_optlc_34372         TIEH            saed90nm_max     
PLACE_optlc_34373         TIEH            saed90nm_max     
PLACE_optlc_34374         TIEH            saed90nm_max     
PLACE_optlc_34375         TIEH            saed90nm_max     
PLACE_optlc_34376         TIEH            saed90nm_max     
PLACE_optlc_34377         TIEH            saed90nm_max     
PLACE_optlc_34378         TIEH            saed90nm_max     
PLACE_optlc_34379         TIEH            saed90nm_max     
PLACE_optlc_34380         TIEH            saed90nm_max     
PLACE_optlc_34381         TIEH            saed90nm_max     
PLACE_optlc_34382         TIEH            saed90nm_max     
PLACE_optlc_34383         TIEH            saed90nm_max     
PLACE_optlc_34384         TIEH            saed90nm_max     
PLACE_optlc_34385         TIEH            saed90nm_max     
PLACE_optlc_34386         TIEH            saed90nm_max     
PLACE_optlc_34387         TIEH            saed90nm_max     
PLACE_optlc_34388         TIEH            saed90nm_max     
PLACE_optlc_34389         TIEH            saed90nm_max     
PLACE_optlc_34390         TIEH            saed90nm_max     
PLACE_optlc_34391         TIEH            saed90nm_max     
PLACE_optlc_34392         TIEH            saed90nm_max     
PLACE_optlc_34393         TIEH            saed90nm_max     
PLACE_optlc_34394         TIEH            saed90nm_max     
PLACE_optlc_34395         TIEH            saed90nm_max     
PLACE_optlc_34396         TIEH            saed90nm_max     
PLACE_optlc_34397         TIEH            saed90nm_max     
PLACE_optlc_34398         TIEH            saed90nm_max     
PLACE_optlc_34399         TIEH            saed90nm_max     
PLACE_optlc_34400         TIEH            saed90nm_max     
PLACE_optlc_34401         TIEH            saed90nm_max     
PLACE_optlc_34402         TIEH            saed90nm_max     
PLACE_optlc_34403         TIEH            saed90nm_max     
PLACE_optlc_34404         TIEH            saed90nm_max     
PLACE_optlc_34405         TIEH            saed90nm_max     
PLACE_optlc_34406         TIEH            saed90nm_max     
PLACE_optlc_34407         TIEH            saed90nm_max     
PLACE_optlc_34408         TIEH            saed90nm_max     
PLACE_optlc_34409         TIEH            saed90nm_max     
PLACE_optlc_34410         TIEH            saed90nm_max     
PLACE_optlc_34411         TIEH            saed90nm_max     
PLACE_optlc_34412         TIEH            saed90nm_max     
PLACE_optlc_34413         TIEH            saed90nm_max     
PLACE_optlc_34414         TIEH            saed90nm_max     
PLACE_optlc_34415         TIEH            saed90nm_max     
PLACE_optlc_34416         TIEH            saed90nm_max     
PLACE_optlc_34417         TIEH            saed90nm_max     
PLACE_optlc_34418         TIEH            saed90nm_max     
PLACE_optlc_34419         TIEH            saed90nm_max     
PLACE_optlc_34420         TIEH            saed90nm_max     
PLACE_optlc_34421         TIEH            saed90nm_max     
PLACE_optlc_34422         TIEH            saed90nm_max     
PLACE_optlc_34423         TIEH            saed90nm_max     
PLACE_optlc_34424         TIEH            saed90nm_max     
PLACE_optlc_34425         TIEH            saed90nm_max     
PLACE_optlc_34426         TIEH            saed90nm_max     
PLACE_optlc_34427         TIEH            saed90nm_max     
PLACE_optlc_34428         TIEH            saed90nm_max     
PLACE_optlc_34429         TIEH            saed90nm_max     
PLACE_optlc_34430         TIEH            saed90nm_max     
PLACE_optlc_34431         TIEH            saed90nm_max     
PLACE_optlc_34432         TIEH            saed90nm_max     
PLACE_optlc_34433         TIEH            saed90nm_max     
PLACE_optlc_34434         TIEH            saed90nm_max     
PLACE_optlc_34435         TIEH            saed90nm_max     
PLACE_optlc_34436         TIEH            saed90nm_max     
PLACE_optlc_34437         TIEH            saed90nm_max     
PLACE_optlc_34438         TIEH            saed90nm_max     
PLACE_optlc_34439         TIEH            saed90nm_max     
PLACE_optlc_34440         TIEH            saed90nm_max     
PLACE_optlc_34441         TIEH            saed90nm_max     
PLACE_optlc_34442         TIEH            saed90nm_max     
PLACE_optlc_34443         TIEH            saed90nm_max     
PLACE_optlc_34444         TIEH            saed90nm_max     
PLACE_optlc_34445         TIEH            saed90nm_max     
PLACE_optlc_34446         TIEH            saed90nm_max     
PLACE_optlc_34447         TIEH            saed90nm_max     
PLACE_optlc_34448         TIEH            saed90nm_max     
PLACE_optlc_34449         TIEH            saed90nm_max     
PLACE_optlc_34450         TIEH            saed90nm_max     
PLACE_optlc_34451         TIEH            saed90nm_max     
PLACE_optlc_34452         TIEH            saed90nm_max     
PLACE_optlc_34453         TIEH            saed90nm_max     
PLACE_optlc_34454         TIEH            saed90nm_max     
PLACE_optlc_34455         TIEH            saed90nm_max     
PLACE_optlc_34456         TIEH            saed90nm_max     
PLACE_optlc_34457         TIEH            saed90nm_max     
PLACE_optlc_34458         TIEH            saed90nm_max     
PLACE_optlc_34459         TIEH            saed90nm_max     
PLACE_optlc_34460         TIEH            saed90nm_max     
PLACE_optlc_34461         TIEH            saed90nm_max     
PLACE_optlc_34462         TIEH            saed90nm_max     
PLACE_optlc_34463         TIEH            saed90nm_max     
PLACE_optlc_34464         TIEH            saed90nm_max     
PLACE_optlc_34465         TIEH            saed90nm_max     
PLACE_optlc_34466         TIEH            saed90nm_max     
PLACE_optlc_34467         TIEH            saed90nm_max     
PLACE_optlc_34468         TIEH            saed90nm_max     
PLACE_optlc_34469         TIEH            saed90nm_max     
PLACE_optlc_34470         TIEH            saed90nm_max     
PLACE_optlc_34471         TIEH            saed90nm_max     
PLACE_optlc_34472         TIEH            saed90nm_max     
PLACE_optlc_34473         TIEH            saed90nm_max     
PLACE_optlc_34474         TIEH            saed90nm_max     
PLACE_optlc_34475         TIEH            saed90nm_max     
PLACE_optlc_34476         TIEH            saed90nm_max     
PLACE_optlc_34477         TIEH            saed90nm_max     
PLACE_optlc_34478         TIEH            saed90nm_max     
PLACE_optlc_34479         TIEH            saed90nm_max     
PLACE_optlc_34480         TIEH            saed90nm_max     
PLACE_optlc_34481         TIEH            saed90nm_max     
PLACE_optlc_34482         TIEH            saed90nm_max     
PLACE_optlc_34483         TIEH            saed90nm_max     
PLACE_optlc_34484         TIEH            saed90nm_max     
PLACE_optlc_34485         TIEH            saed90nm_max     
PLACE_optlc_34486         TIEH            saed90nm_max     
PLACE_optlc_34487         TIEH            saed90nm_max     
PLACE_optlc_34488         TIEH            saed90nm_max     
PLACE_optlc_34489         TIEH            saed90nm_max     
PLACE_optlc_34490         TIEH            saed90nm_max     
PLACE_optlc_34491         TIEH            saed90nm_max     
PLACE_optlc_34492         TIEH            saed90nm_max     
PLACE_optlc_34493         TIEH            saed90nm_max     
PLACE_optlc_34494         TIEH            saed90nm_max     
PLACE_optlc_34495         TIEH            saed90nm_max     
PLACE_optlc_34496         TIEH            saed90nm_max     
PLACE_optlc_34497         TIEH            saed90nm_max     
PLACE_optlc_34498         TIEH            saed90nm_max     
PLACE_optlc_34499         TIEH            saed90nm_max     
PLACE_optlc_34500         TIEH            saed90nm_max     
PLACE_optlc_34501         TIEH            saed90nm_max     
PLACE_optlc_34502         TIEH            saed90nm_max     
PLACE_optlc_34503         TIEH            saed90nm_max     
PLACE_optlc_34504         TIEH            saed90nm_max     
PLACE_optlc_34505         TIEH            saed90nm_max     
PLACE_optlc_34506         TIEH            saed90nm_max     
PLACE_optlc_34507         TIEH            saed90nm_max     
PLACE_optlc_34508         TIEH            saed90nm_max     
PLACE_optlc_34509         TIEH            saed90nm_max     
PLACE_optlc_34510         TIEH            saed90nm_max     
PLACE_optlc_34511         TIEH            saed90nm_max     
PLACE_optlc_34512         TIEH            saed90nm_max     
PLACE_optlc_34513         TIEH            saed90nm_max     
PLACE_optlc_34514         TIEH            saed90nm_max     
PLACE_optlc_34515         TIEH            saed90nm_max     
PLACE_optlc_34516         TIEH            saed90nm_max     
PLACE_optlc_34517         TIEH            saed90nm_max     
PLACE_optlc_34518         TIEH            saed90nm_max     
PLACE_optlc_34519         TIEH            saed90nm_max     
PLACE_optlc_34520         TIEH            saed90nm_max     
PLACE_optlc_34521         TIEH            saed90nm_max     
PLACE_optlc_34522         TIEH            saed90nm_max     
PLACE_optlc_34523         TIEH            saed90nm_max     
PLACE_optlc_34524         TIEH            saed90nm_max     
PLACE_optlc_34525         TIEH            saed90nm_max     
PLACE_optlc_34526         TIEH            saed90nm_max     
PLACE_optlc_34527         TIEH            saed90nm_max     
PLACE_optlc_34528         TIEH            saed90nm_max     
PLACE_optlc_34529         TIEH            saed90nm_max     
PLACE_optlc_34530         TIEH            saed90nm_max     
PLACE_optlc_34531         TIEH            saed90nm_max     
PLACE_optlc_34532         TIEH            saed90nm_max     
PLACE_optlc_34533         TIEH            saed90nm_max     
PLACE_optlc_34534         TIEH            saed90nm_max     
PLACE_optlc_34535         TIEH            saed90nm_max     
PLACE_optlc_34536         TIEH            saed90nm_max     
PLACE_optlc_34537         TIEH            saed90nm_max     
PLACE_optlc_34538         TIEH            saed90nm_max     
PLACE_optlc_34539         TIEH            saed90nm_max     
PLACE_optlc_34540         TIEH            saed90nm_max     
PLACE_optlc_34541         TIEH            saed90nm_max     
PLACE_optlc_34542         TIEH            saed90nm_max     
PLACE_optlc_34543         TIEH            saed90nm_max     
PLACE_optlc_34544         TIEH            saed90nm_max     
PLACE_optlc_34545         TIEH            saed90nm_max     
PLACE_optlc_34546         TIEH            saed90nm_max     
PLACE_optlc_34547         TIEH            saed90nm_max     
PLACE_optlc_34548         TIEH            saed90nm_max     
PLACE_optlc_34549         TIEH            saed90nm_max     
PLACE_optlc_34550         TIEH            saed90nm_max     
PLACE_optlc_34551         TIEH            saed90nm_max     
PLACE_optlc_34552         TIEH            saed90nm_max     
PLACE_optlc_34553         TIEH            saed90nm_max     
PLACE_optlc_34554         TIEH            saed90nm_max     
PLACE_optlc_34555         TIEH            saed90nm_max     
PLACE_optlc_34556         TIEH            saed90nm_max     
PLACE_optlc_34557         TIEH            saed90nm_max     
PLACE_optlc_34558         TIEH            saed90nm_max     
PLACE_optlc_34559         TIEH            saed90nm_max     
PLACE_optlc_34560         TIEH            saed90nm_max     
PLACE_optlc_34561         TIEH            saed90nm_max     
PLACE_optlc_34562         TIEH            saed90nm_max     
PLACE_optlc_34563         TIEH            saed90nm_max     
PLACE_optlc_34564         TIEH            saed90nm_max     
PLACE_optlc_34565         TIEH            saed90nm_max     
PLACE_optlc_34566         TIEH            saed90nm_max     
PLACE_optlc_34567         TIEH            saed90nm_max     
PLACE_optlc_34568         TIEH            saed90nm_max     
PLACE_optlc_34569         TIEH            saed90nm_max     
PLACE_optlc_34570         TIEH            saed90nm_max     
PLACE_optlc_34571         TIEH            saed90nm_max     
PLACE_optlc_34572         TIEH            saed90nm_max     
PLACE_optlc_34573         TIEH            saed90nm_max     
PLACE_optlc_34574         TIEH            saed90nm_max     
PLACE_optlc_34575         TIEH            saed90nm_max     
PLACE_optlc_34576         TIEH            saed90nm_max     
PLACE_optlc_34577         TIEH            saed90nm_max     
PLACE_optlc_34578         TIEH            saed90nm_max     
PLACE_optlc_34579         TIEH            saed90nm_max     
PLACE_optlc_34580         TIEH            saed90nm_max     
PLACE_optlc_34581         TIEH            saed90nm_max     
PLACE_optlc_34582         TIEH            saed90nm_max     
PLACE_optlc_34583         TIEH            saed90nm_max     
PLACE_optlc_34584         TIEH            saed90nm_max     
PLACE_optlc_34585         TIEH            saed90nm_max     
PLACE_optlc_34586         TIEH            saed90nm_max     
PLACE_optlc_34587         TIEH            saed90nm_max     
PLACE_optlc_34588         TIEH            saed90nm_max     
PLACE_optlc_34589         TIEH            saed90nm_max     
PLACE_optlc_34590         TIEH            saed90nm_max     
PLACE_optlc_34591         TIEH            saed90nm_max     
PLACE_optlc_34592         TIEH            saed90nm_max     
PLACE_optlc_34593         TIEH            saed90nm_max     
PLACE_optlc_34594         TIEH            saed90nm_max     
PLACE_optlc_34595         TIEH            saed90nm_max     
PLACE_optlc_34596         TIEH            saed90nm_max     
PLACE_optlc_34597         TIEH            saed90nm_max     
PLACE_optlc_34598         TIEH            saed90nm_max     
PLACE_optlc_34599         TIEH            saed90nm_max     
PLACE_optlc_34600         TIEH            saed90nm_max     
PLACE_optlc_34601         TIEH            saed90nm_max     
PLACE_optlc_34602         TIEH            saed90nm_max     
PLACE_optlc_34603         TIEH            saed90nm_max     
PLACE_optlc_34604         TIEH            saed90nm_max     
PLACE_optlc_34605         TIEH            saed90nm_max     
PLACE_optlc_34606         TIEH            saed90nm_max     
PLACE_optlc_34607         TIEH            saed90nm_max     
PLACE_optlc_34608         TIEH            saed90nm_max     
PLACE_optlc_34609         TIEH            saed90nm_max     
PLACE_optlc_34610         TIEH            saed90nm_max     
PLACE_optlc_34611         TIEH            saed90nm_max     
PLACE_optlc_34612         TIEH            saed90nm_max     
PLACE_optlc_34613         TIEH            saed90nm_max     
PLACE_optlc_34614         TIEH            saed90nm_max     
PLACE_optlc_34615         TIEH            saed90nm_max     
PLACE_optlc_34616         TIEH            saed90nm_max     
PLACE_optlc_34617         TIEH            saed90nm_max     
PLACE_optlc_34618         TIEH            saed90nm_max     
PLACE_optlc_34619         TIEH            saed90nm_max     
PLACE_optlc_34620         TIEH            saed90nm_max     
PLACE_optlc_34621         TIEH            saed90nm_max     
PLACE_optlc_34622         TIEH            saed90nm_max     
PLACE_optlc_34623         TIEH            saed90nm_max     
PLACE_optlc_34624         TIEH            saed90nm_max     
PLACE_optlc_34625         TIEH            saed90nm_max     
PLACE_optlc_34626         TIEH            saed90nm_max     
PLACE_optlc_34627         TIEH            saed90nm_max     
PLACE_optlc_34628         TIEH            saed90nm_max     
PLACE_optlc_34629         TIEH            saed90nm_max     
PLACE_optlc_34630         TIEH            saed90nm_max     
PLACE_optlc_34631         TIEH            saed90nm_max     
PLACE_optlc_34632         TIEH            saed90nm_max     
PLACE_optlc_34633         TIEH            saed90nm_max     
PLACE_optlc_34634         TIEH            saed90nm_max     
PLACE_optlc_34635         TIEH            saed90nm_max     
PLACE_optlc_34636         TIEH            saed90nm_max     
PLACE_optlc_34637         TIEH            saed90nm_max     
PLACE_optlc_34638         TIEH            saed90nm_max     
PLACE_optlc_34639         TIEH            saed90nm_max     
PLACE_optlc_34640         TIEH            saed90nm_max     
PLACE_optlc_34641         TIEH            saed90nm_max     
PLACE_optlc_34642         TIEH            saed90nm_max     
PLACE_optlc_34643         TIEH            saed90nm_max     
PLACE_optlc_34644         TIEH            saed90nm_max     
PLACE_optlc_34645         TIEH            saed90nm_max     
PLACE_optlc_34646         TIEH            saed90nm_max     
PLACE_optlc_34647         TIEH            saed90nm_max     
PLACE_optlc_34648         TIEH            saed90nm_max     
PLACE_optlc_34649         TIEH            saed90nm_max     
PLACE_optlc_34650         TIEH            saed90nm_max     
PLACE_optlc_34651         TIEH            saed90nm_max     
PLACE_optlc_34652         TIEH            saed90nm_max     
PLACE_optlc_34653         TIEH            saed90nm_max     
PLACE_optlc_34654         TIEH            saed90nm_max     
PLACE_optlc_34655         TIEH            saed90nm_max     
PLACE_optlc_34656         TIEH            saed90nm_max     
PLACE_optlc_34657         TIEH            saed90nm_max     
PLACE_optlc_34658         TIEH            saed90nm_max     
PLACE_optlc_34659         TIEH            saed90nm_max     
PLACE_optlc_34660         TIEH            saed90nm_max     
PLACE_optlc_34661         TIEH            saed90nm_max     
PLACE_optlc_34662         TIEH            saed90nm_max     
PLACE_optlc_34663         TIEH            saed90nm_max     
PLACE_optlc_34664         TIEH            saed90nm_max     
PLACE_optlc_34665         TIEH            saed90nm_max     
PLACE_optlc_34666         TIEH            saed90nm_max     
PLACE_optlc_34667         TIEH            saed90nm_max     
PLACE_optlc_34668         TIEH            saed90nm_max     
PLACE_optlc_34669         TIEH            saed90nm_max     
PLACE_optlc_34670         TIEH            saed90nm_max     
PLACE_optlc_34671         TIEH            saed90nm_max     
PLACE_optlc_34672         TIEH            saed90nm_max     
PLACE_optlc_34673         TIEH            saed90nm_max     
PLACE_optlc_34674         TIEH            saed90nm_max     
PLACE_optlc_34675         TIEH            saed90nm_max     
PLACE_optlc_34676         TIEH            saed90nm_max     
PLACE_optlc_34677         TIEH            saed90nm_max     
PLACE_optlc_34678         TIEH            saed90nm_max     
PLACE_optlc_34679         TIEH            saed90nm_max     
PLACE_optlc_34680         TIEH            saed90nm_max     
PLACE_optlc_34681         TIEH            saed90nm_max     
PLACE_optlc_34682         TIEH            saed90nm_max     
PLACE_optlc_34683         TIEH            saed90nm_max     
PLACE_optlc_34684         TIEH            saed90nm_max     
PLACE_optlc_34685         TIEH            saed90nm_max     
PLACE_optlc_34686         TIEH            saed90nm_max     
PLACE_optlc_34687         TIEH            saed90nm_max     
PLACE_optlc_34688         TIEH            saed90nm_max     
PLACE_optlc_34689         TIEH            saed90nm_max     
PLACE_optlc_34690         TIEH            saed90nm_max     
PLACE_optlc_34691         TIEH            saed90nm_max     
PLACE_optlc_34692         TIEH            saed90nm_max     
PLACE_optlc_34693         TIEH            saed90nm_max     
PLACE_optlc_34694         TIEH            saed90nm_max     
PLACE_optlc_34695         TIEH            saed90nm_max     
PLACE_optlc_34696         TIEH            saed90nm_max     
PLACE_optlc_34697         TIEH            saed90nm_max     
PLACE_optlc_34698         TIEH            saed90nm_max     
PLACE_optlc_34699         TIEH            saed90nm_max     
PLACE_optlc_34700         TIEH            saed90nm_max     
PLACE_optlc_34701         TIEH            saed90nm_max     
PLACE_optlc_34702         TIEH            saed90nm_max     
PLACE_optlc_34703         TIEH            saed90nm_max     
PLACE_optlc_34704         TIEH            saed90nm_max     
PLACE_optlc_34705         TIEH            saed90nm_max     
PLACE_optlc_34706         TIEH            saed90nm_max     
PLACE_optlc_34707         TIEH            saed90nm_max     
PLACE_optlc_34708         TIEH            saed90nm_max     
PLACE_optlc_34709         TIEH            saed90nm_max     
PLACE_optlc_34710         TIEH            saed90nm_max     
PLACE_optlc_34711         TIEH            saed90nm_max     
PLACE_optlc_34712         TIEH            saed90nm_max     
PLACE_optlc_34713         TIEH            saed90nm_max     
PLACE_optlc_34714         TIEH            saed90nm_max     
PLACE_optlc_34715         TIEH            saed90nm_max     
PLACE_optlc_34716         TIEH            saed90nm_max     
PLACE_optlc_34717         TIEH            saed90nm_max     
PLACE_optlc_34718         TIEH            saed90nm_max     
PLACE_optlc_34719         TIEH            saed90nm_max     
PLACE_optlc_34720         TIEH            saed90nm_max     
PLACE_optlc_34721         TIEH            saed90nm_max     
PLACE_optlc_34722         TIEH            saed90nm_max     
PLACE_optlc_34723         TIEH            saed90nm_max     
PLACE_optlc_34724         TIEH            saed90nm_max     
PLACE_optlc_34725         TIEH            saed90nm_max     
PLACE_optlc_34726         TIEH            saed90nm_max     
PLACE_optlc_34727         TIEH            saed90nm_max     
PLACE_optlc_34728         TIEH            saed90nm_max     
PLACE_optlc_34729         TIEH            saed90nm_max     
PLACE_optlc_34730         TIEH            saed90nm_max     
PLACE_optlc_34731         TIEH            saed90nm_max     
PLACE_optlc_34732         TIEH            saed90nm_max     
PLACE_optlc_34733         TIEH            saed90nm_max     
PLACE_optlc_34734         TIEH            saed90nm_max     
PLACE_optlc_34735         TIEH            saed90nm_max     
PLACE_optlc_34736         TIEH            saed90nm_max     
PLACE_optlc_34737         TIEH            saed90nm_max     
PLACE_optlc_34738         TIEH            saed90nm_max     
PLACE_optlc_34739         TIEH            saed90nm_max     
PLACE_optlc_34740         TIEH            saed90nm_max     
PLACE_optlc_34741         TIEH            saed90nm_max     
PLACE_optlc_34742         TIEH            saed90nm_max     
PLACE_optlc_34743         TIEH            saed90nm_max     
PLACE_optlc_34744         TIEH            saed90nm_max     
PLACE_optlc_34745         TIEH            saed90nm_max     
PLACE_optlc_34746         TIEH            saed90nm_max     
PLACE_optlc_34747         TIEH            saed90nm_max     
PLACE_optlc_34748         TIEH            saed90nm_max     
PLACE_optlc_34749         TIEH            saed90nm_max     
PLACE_optlc_34750         TIEH            saed90nm_max     
PLACE_optlc_34751         TIEH            saed90nm_max     
PLACE_optlc_34752         TIEH            saed90nm_max     
PLACE_optlc_34753         TIEH            saed90nm_max     
PLACE_optlc_34754         TIEH            saed90nm_max     
PLACE_optlc_34755         TIEH            saed90nm_max     
PLACE_optlc_34756         TIEH            saed90nm_max     
PLACE_optlc_34757         TIEH            saed90nm_max     
PLACE_optlc_34758         TIEH            saed90nm_max     
PLACE_optlc_34759         TIEH            saed90nm_max     
PLACE_optlc_34760         TIEH            saed90nm_max     
PLACE_optlc_34761         TIEH            saed90nm_max     
PLACE_optlc_34762         TIEH            saed90nm_max     
PLACE_optlc_34763         TIEH            saed90nm_max     
PLACE_optlc_34764         TIEH            saed90nm_max     
PLACE_optlc_34765         TIEH            saed90nm_max     
PLACE_optlc_34766         TIEH            saed90nm_max     
PLACE_optlc_34767         TIEH            saed90nm_max     
PLACE_optlc_34768         TIEH            saed90nm_max     
PLACE_optlc_34769         TIEH            saed90nm_max     
PLACE_optlc_34770         TIEH            saed90nm_max     
PLACE_optlc_34771         TIEH            saed90nm_max     
PLACE_optlc_34772         TIEH            saed90nm_max     
PLACE_optlc_34773         TIEH            saed90nm_max     
PLACE_optlc_34774         TIEH            saed90nm_max     
PLACE_optlc_34775         TIEH            saed90nm_max     
PLACE_optlc_34776         TIEH            saed90nm_max     
PLACE_optlc_34777         TIEH            saed90nm_max     
PLACE_optlc_34778         TIEH            saed90nm_max     
PLACE_optlc_34779         TIEH            saed90nm_max     
PLACE_optlc_34780         TIEH            saed90nm_max     
PLACE_optlc_34781         TIEH            saed90nm_max     
PLACE_optlc_34782         TIEH            saed90nm_max     
PLACE_optlc_34783         TIEH            saed90nm_max     
PLACE_optlc_34784         TIEH            saed90nm_max     
PLACE_optlc_34785         TIEH            saed90nm_max     
PLACE_optlc_34786         TIEH            saed90nm_max     
PLACE_optlc_34787         TIEH            saed90nm_max     
PLACE_optlc_34788         TIEH            saed90nm_max     
PLACE_optlc_34789         TIEH            saed90nm_max     
PLACE_optlc_34790         TIEH            saed90nm_max     
PLACE_optlc_34791         TIEH            saed90nm_max     
PLACE_optlc_34792         TIEH            saed90nm_max     
PLACE_optlc_34793         TIEH            saed90nm_max     
PLACE_optlc_34794         TIEH            saed90nm_max     
PLACE_optlc_34795         TIEH            saed90nm_max     
PLACE_optlc_34796         TIEH            saed90nm_max     
PLACE_optlc_34797         TIEH            saed90nm_max     
PLACE_optlc_34798         TIEH            saed90nm_max     
PLACE_optlc_34799         TIEH            saed90nm_max     
PLACE_optlc_34800         TIEH            saed90nm_max     
PLACE_optlc_34801         TIEH            saed90nm_max     
PLACE_optlc_34802         TIEH            saed90nm_max     
PLACE_optlc_34803         TIEH            saed90nm_max     
PLACE_optlc_34804         TIEH            saed90nm_max     
PLACE_optlc_34805         TIEH            saed90nm_max     
PLACE_optlc_34806         TIEH            saed90nm_max     
PLACE_optlc_34807         TIEH            saed90nm_max     
PLACE_optlc_34808         TIEH            saed90nm_max     
PLACE_optlc_34809         TIEH            saed90nm_max     
PLACE_optlc_34810         TIEH            saed90nm_max     
PLACE_optlc_34811         TIEH            saed90nm_max     
PLACE_optlc_34812         TIEH            saed90nm_max     
PLACE_optlc_34813         TIEH            saed90nm_max     
PLACE_optlc_34814         TIEH            saed90nm_max     
PLACE_optlc_34815         TIEH            saed90nm_max     
PLACE_optlc_34816         TIEH            saed90nm_max     
PLACE_optlc_34817         TIEH            saed90nm_max     
PLACE_optlc_34818         TIEH            saed90nm_max     
PLACE_optlc_34819         TIEH            saed90nm_max     
PLACE_optlc_34820         TIEH            saed90nm_max     
PLACE_optlc_34821         TIEH            saed90nm_max     
PLACE_optlc_34822         TIEH            saed90nm_max     
PLACE_optlc_34823         TIEH            saed90nm_max     
PLACE_optlc_34824         TIEH            saed90nm_max     
PLACE_optlc_34825         TIEH            saed90nm_max     
PLACE_optlc_34826         TIEH            saed90nm_max     
PLACE_optlc_34827         TIEH            saed90nm_max     
PLACE_optlc_34828         TIEH            saed90nm_max     
PLACE_optlc_34829         TIEH            saed90nm_max     
PLACE_optlc_34830         TIEH            saed90nm_max     
PLACE_optlc_34831         TIEH            saed90nm_max     
PLACE_optlc_34832         TIEH            saed90nm_max     
PLACE_optlc_34833         TIEH            saed90nm_max     
PLACE_optlc_34834         TIEH            saed90nm_max     
PLACE_optlc_34835         TIEH            saed90nm_max     
PLACE_optlc_34836         TIEH            saed90nm_max     
PLACE_optlc_34837         TIEH            saed90nm_max     
PLACE_optlc_34838         TIEH            saed90nm_max     
PLACE_optlc_34839         TIEH            saed90nm_max     
PLACE_optlc_34840         TIEH            saed90nm_max     
PLACE_optlc_34841         TIEH            saed90nm_max     
PLACE_optlc_34842         TIEH            saed90nm_max     
PLACE_optlc_34843         TIEH            saed90nm_max     
PLACE_optlc_34844         TIEH            saed90nm_max     
PLACE_optlc_34845         TIEH            saed90nm_max     
PLACE_optlc_34846         TIEH            saed90nm_max     
PLACE_optlc_34847         TIEH            saed90nm_max     
PLACE_optlc_34848         TIEH            saed90nm_max     
PLACE_optlc_34849         TIEH            saed90nm_max     
PLACE_optlc_34850         TIEH            saed90nm_max     
PLACE_optlc_34851         TIEH            saed90nm_max     
PLACE_optlc_34852         TIEH            saed90nm_max     
PLACE_optlc_34853         TIEH            saed90nm_max     
PLACE_optlc_34854         TIEH            saed90nm_max     
PLACE_optlc_34855         TIEH            saed90nm_max     
PLACE_optlc_34856         TIEH            saed90nm_max     
PLACE_optlc_34857         TIEH            saed90nm_max     
PLACE_optlc_34858         TIEH            saed90nm_max     
PLACE_optlc_34859         TIEH            saed90nm_max     
PLACE_optlc_34860         TIEH            saed90nm_max     
PLACE_optlc_34861         TIEH            saed90nm_max     
PLACE_optlc_34862         TIEH            saed90nm_max     
PLACE_optlc_34863         TIEH            saed90nm_max     
PLACE_optlc_34864         TIEH            saed90nm_max     
PLACE_optlc_34865         TIEH            saed90nm_max     
PLACE_optlc_34866         TIEH            saed90nm_max     
PLACE_optlc_34867         TIEH            saed90nm_max     
PLACE_optlc_34868         TIEH            saed90nm_max     
PLACE_optlc_34869         TIEH            saed90nm_max     
PLACE_optlc_34870         TIEH            saed90nm_max     
PLACE_optlc_34871         TIEH            saed90nm_max     
PLACE_optlc_34872         TIEH            saed90nm_max     
PLACE_optlc_34873         TIEH            saed90nm_max     
PLACE_optlc_34874         TIEH            saed90nm_max     
PLACE_optlc_34875         TIEH            saed90nm_max     
PLACE_optlc_34876         TIEH            saed90nm_max     
PLACE_optlc_34877         TIEH            saed90nm_max     
PLACE_optlc_34878         TIEH            saed90nm_max     
PLACE_optlc_34879         TIEH            saed90nm_max     
PLACE_optlc_34880         TIEH            saed90nm_max     
PLACE_optlc_34881         TIEH            saed90nm_max     
PLACE_optlc_34882         TIEH            saed90nm_max     
PLACE_optlc_34883         TIEH            saed90nm_max     
PLACE_optlc_34884         TIEH            saed90nm_max     
PLACE_optlc_34885         TIEH            saed90nm_max     
PLACE_optlc_34886         TIEH            saed90nm_max     
PLACE_optlc_34887         TIEH            saed90nm_max     
PLACE_optlc_34888         TIEH            saed90nm_max     
PLACE_optlc_34889         TIEH            saed90nm_max     
PLACE_optlc_34890         TIEH            saed90nm_max     
PLACE_optlc_34891         TIEH            saed90nm_max     
PLACE_optlc_34892         TIEH            saed90nm_max     
PLACE_optlc_34893         TIEH            saed90nm_max     
PLACE_optlc_34894         TIEH            saed90nm_max     
PLACE_optlc_34895         TIEH            saed90nm_max     
PLACE_optlc_34896         TIEH            saed90nm_max     
PLACE_optlc_34897         TIEH            saed90nm_max     
PLACE_optlc_34898         TIEH            saed90nm_max     
PLACE_optlc_34899         TIEH            saed90nm_max     
PLACE_optlc_34900         TIEH            saed90nm_max     
PLACE_optlc_34901         TIEH            saed90nm_max     
PLACE_optlc_34902         TIEH            saed90nm_max     
PLACE_optlc_34903         TIEH            saed90nm_max     
PLACE_optlc_34904         TIEH            saed90nm_max     
PLACE_optlc_34905         TIEH            saed90nm_max     
PLACE_optlc_34906         TIEH            saed90nm_max     
PLACE_optlc_34907         TIEH            saed90nm_max     
PLACE_optlc_34908         TIEH            saed90nm_max     
PLACE_optlc_34909         TIEH            saed90nm_max     
PLACE_optlc_34910         TIEH            saed90nm_max     
PLACE_optlc_34911         TIEH            saed90nm_max     
PLACE_optlc_34912         TIEH            saed90nm_max     
PLACE_optlc_34913         TIEH            saed90nm_max     
PLACE_optlc_34914         TIEH            saed90nm_max     
PLACE_optlc_34915         TIEH            saed90nm_max     
PLACE_optlc_34916         TIEH            saed90nm_max     
PLACE_optlc_34917         TIEH            saed90nm_max     
PLACE_optlc_34918         TIEH            saed90nm_max     
PLACE_optlc_34919         TIEH            saed90nm_max     
PLACE_optlc_34920         TIEH            saed90nm_max     
PLACE_optlc_34921         TIEH            saed90nm_max     
PLACE_optlc_34922         TIEH            saed90nm_max     
PLACE_optlc_34923         TIEH            saed90nm_max     
PLACE_optlc_34924         TIEH            saed90nm_max     
PLACE_optlc_34925         TIEH            saed90nm_max     
PLACE_optlc_34926         TIEH            saed90nm_max     
PLACE_optlc_34927         TIEH            saed90nm_max     
PLACE_optlc_34928         TIEH            saed90nm_max     
PLACE_optlc_34929         TIEH            saed90nm_max     
PLACE_optlc_34930         TIEH            saed90nm_max     
PLACE_optlc_34931         TIEH            saed90nm_max     
PLACE_optlc_34932         TIEH            saed90nm_max     
PLACE_optlc_34933         TIEH            saed90nm_max     
PLACE_optlc_34934         TIEH            saed90nm_max     
PLACE_optlc_34935         TIEH            saed90nm_max     
PLACE_optlc_34936         TIEH            saed90nm_max     
PLACE_optlc_34937         TIEH            saed90nm_max     
PLACE_optlc_34938         TIEH            saed90nm_max     
PLACE_optlc_34939         TIEH            saed90nm_max     
PLACE_optlc_34940         TIEH            saed90nm_max     
PLACE_optlc_34941         TIEH            saed90nm_max     
PLACE_optlc_34942         TIEH            saed90nm_max     
PLACE_optlc_34943         TIEH            saed90nm_max     
PLACE_optlc_34944         TIEH            saed90nm_max     
PLACE_optlc_34945         TIEH            saed90nm_max     
PLACE_optlc_34946         TIEH            saed90nm_max     
PLACE_optlc_34947         TIEH            saed90nm_max     
PLACE_optlc_34948         TIEH            saed90nm_max     
PLACE_optlc_34949         TIEH            saed90nm_max     
PLACE_optlc_34950         TIEH            saed90nm_max     
PLACE_optlc_34951         TIEH            saed90nm_max     
PLACE_optlc_34952         TIEH            saed90nm_max     
PLACE_optlc_34953         TIEH            saed90nm_max     
PLACE_optlc_34954         TIEH            saed90nm_max     
PLACE_optlc_34955         TIEH            saed90nm_max     
PLACE_optlc_34956         TIEH            saed90nm_max     
PLACE_optlc_34957         TIEH            saed90nm_max     
PLACE_optlc_34958         TIEH            saed90nm_max     
PLACE_optlc_34959         TIEH            saed90nm_max     
PLACE_optlc_34960         TIEH            saed90nm_max     
PLACE_optlc_34961         TIEH            saed90nm_max     
PLACE_optlc_34962         TIEH            saed90nm_max     
PLACE_optlc_34963         TIEH            saed90nm_max     
PLACE_optlc_34964         TIEH            saed90nm_max     
PLACE_optlc_34965         TIEH            saed90nm_max     
PLACE_optlc_34966         TIEH            saed90nm_max     
PLACE_optlc_34967         TIEH            saed90nm_max     
PLACE_optlc_34968         TIEH            saed90nm_max     
PLACE_optlc_34969         TIEH            saed90nm_max     
PLACE_optlc_34970         TIEH            saed90nm_max     
PLACE_optlc_34971         TIEH            saed90nm_max     
PLACE_optlc_34972         TIEH            saed90nm_max     
PLACE_optlc_34973         TIEH            saed90nm_max     
PLACE_optlc_34974         TIEH            saed90nm_max     
PLACE_optlc_34975         TIEH            saed90nm_max     
PLACE_optlc_34976         TIEH            saed90nm_max     
PLACE_optlc_34977         TIEH            saed90nm_max     
PLACE_optlc_34978         TIEH            saed90nm_max     
PLACE_optlc_34979         TIEH            saed90nm_max     
PLACE_optlc_34980         TIEH            saed90nm_max     
PLACE_optlc_34981         TIEH            saed90nm_max     
PLACE_optlc_34982         TIEH            saed90nm_max     
PLACE_optlc_34983         TIEH            saed90nm_max     
PLACE_optlc_34984         TIEH            saed90nm_max     
PLACE_optlc_34985         TIEH            saed90nm_max     
PLACE_optlc_34986         TIEH            saed90nm_max     
PLACE_optlc_34987         TIEH            saed90nm_max     
PLACE_optlc_34988         TIEH            saed90nm_max     
PLACE_optlc_34989         TIEH            saed90nm_max     
PLACE_optlc_34990         TIEH            saed90nm_max     
PLACE_optlc_34991         TIEH            saed90nm_max     
PLACE_optlc_34992         TIEH            saed90nm_max     
PLACE_optlc_34993         TIEH            saed90nm_max     
PLACE_optlc_34994         TIEH            saed90nm_max     
PLACE_optlc_34995         TIEH            saed90nm_max     
PLACE_optlc_34996         TIEH            saed90nm_max     
PLACE_optlc_34997         TIEH            saed90nm_max     
PLACE_optlc_34998         TIEH            saed90nm_max     
PLACE_optlc_34999         TIEH            saed90nm_max     
PLACE_optlc_35000         TIEH            saed90nm_max     
PLACE_optlc_35001         TIEH            saed90nm_max     
PLACE_optlc_35002         TIEH            saed90nm_max     
PLACE_optlc_35003         TIEH            saed90nm_max     
PLACE_optlc_35004         TIEH            saed90nm_max     
PLACE_optlc_35005         TIEH            saed90nm_max     
PLACE_optlc_35006         TIEH            saed90nm_max     
PLACE_optlc_35007         TIEH            saed90nm_max     
PLACE_optlc_35008         TIEH            saed90nm_max     
PLACE_optlc_35009         TIEH            saed90nm_max     
PLACE_optlc_35010         TIEH            saed90nm_max     
PLACE_optlc_35011         TIEH            saed90nm_max     
PLACE_optlc_35012         TIEH            saed90nm_max     
PLACE_optlc_35013         TIEH            saed90nm_max     
PLACE_optlc_35014         TIEH            saed90nm_max     
PLACE_optlc_35015         TIEH            saed90nm_max     
PLACE_optlc_35016         TIEH            saed90nm_max     
PLACE_optlc_35017         TIEH            saed90nm_max     
PLACE_optlc_35018         TIEH            saed90nm_max     
PLACE_optlc_35019         TIEH            saed90nm_max     
PLACE_optlc_35020         TIEH            saed90nm_max     
PLACE_optlc_35021         TIEH            saed90nm_max     
PLACE_optlc_35022         TIEH            saed90nm_max     
PLACE_optlc_35023         TIEH            saed90nm_max     
PLACE_optlc_35024         TIEH            saed90nm_max     
PLACE_optlc_35025         TIEH            saed90nm_max     
PLACE_optlc_35026         TIEH            saed90nm_max     
PLACE_optlc_35027         TIEH            saed90nm_max     
PLACE_optlc_35028         TIEH            saed90nm_max     
PLACE_optlc_35029         TIEH            saed90nm_max     
PLACE_optlc_35030         TIEH            saed90nm_max     
PLACE_optlc_35031         TIEH            saed90nm_max     
PLACE_optlc_35032         TIEH            saed90nm_max     
PLACE_optlc_35033         TIEH            saed90nm_max     
PLACE_optlc_35034         TIEH            saed90nm_max     
PLACE_optlc_35035         TIEH            saed90nm_max     
PLACE_optlc_35036         TIEH            saed90nm_max     
PLACE_optlc_35037         TIEH            saed90nm_max     
PLACE_optlc_35038         TIEH            saed90nm_max     
PLACE_optlc_35039         TIEH            saed90nm_max     
PLACE_optlc_35040         TIEH            saed90nm_max     
PLACE_optlc_35041         TIEH            saed90nm_max     
PLACE_optlc_35042         TIEH            saed90nm_max     
PLACE_optlc_35043         TIEH            saed90nm_max     
PLACE_optlc_35044         TIEH            saed90nm_max     
PLACE_optlc_35045         TIEH            saed90nm_max     
PLACE_optlc_35046         TIEH            saed90nm_max     
PLACE_optlc_35047         TIEH            saed90nm_max     
PLACE_optlc_35048         TIEH            saed90nm_max     
PLACE_optlc_35049         TIEH            saed90nm_max     
PLACE_optlc_35050         TIEH            saed90nm_max     
PLACE_optlc_35051         TIEH            saed90nm_max     
PLACE_optlc_35052         TIEH            saed90nm_max     
PLACE_optlc_35053         TIEH            saed90nm_max     
PLACE_optlc_35054         TIEH            saed90nm_max     
PLACE_optlc_35055         TIEH            saed90nm_max     
PLACE_optlc_35056         TIEH            saed90nm_max     
PLACE_optlc_35057         TIEH            saed90nm_max     
PLACE_optlc_35058         TIEH            saed90nm_max     
PLACE_optlc_35059         TIEH            saed90nm_max     
PLACE_optlc_35060         TIEH            saed90nm_max     
PLACE_optlc_35061         TIEH            saed90nm_max     
PLACE_optlc_35062         TIEH            saed90nm_max     
PLACE_optlc_35063         TIEH            saed90nm_max     
PLACE_optlc_35064         TIEH            saed90nm_max     
PLACE_optlc_35065         TIEH            saed90nm_max     
PLACE_optlc_35066         TIEH            saed90nm_max     
PLACE_optlc_35067         TIEH            saed90nm_max     
PLACE_optlc_35068         TIEH            saed90nm_max     
PLACE_optlc_35069         TIEH            saed90nm_max     
PLACE_optlc_35070         TIEH            saed90nm_max     
PLACE_optlc_35071         TIEH            saed90nm_max     
PLACE_optlc_35072         TIEH            saed90nm_max     
PLACE_optlc_35073         TIEH            saed90nm_max     
PLACE_optlc_35074         TIEH            saed90nm_max     
PLACE_optlc_35075         TIEH            saed90nm_max     
PLACE_optlc_35076         TIEH            saed90nm_max     
PLACE_optlc_35077         TIEH            saed90nm_max     
PLACE_optlc_35078         TIEH            saed90nm_max     
PLACE_optlc_35079         TIEH            saed90nm_max     
PLACE_optlc_35080         TIEH            saed90nm_max     
PLACE_optlc_35081         TIEH            saed90nm_max     
PLACE_optlc_35082         TIEH            saed90nm_max     
PLACE_optlc_35083         TIEH            saed90nm_max     
PLACE_optlc_35084         TIEH            saed90nm_max     
PLACE_optlc_35085         TIEH            saed90nm_max     
PLACE_optlc_35086         TIEH            saed90nm_max     
PLACE_optlc_35087         TIEH            saed90nm_max     
PLACE_optlc_35088         TIEH            saed90nm_max     
PLACE_optlc_35089         TIEH            saed90nm_max     
PLACE_optlc_35090         TIEH            saed90nm_max     
PLACE_optlc_35091         TIEH            saed90nm_max     
PLACE_optlc_35092         TIEH            saed90nm_max     
PLACE_optlc_35093         TIEH            saed90nm_max     
PLACE_optlc_35094         TIEH            saed90nm_max     
PLACE_optlc_35095         TIEH            saed90nm_max     
PLACE_optlc_35096         TIEH            saed90nm_max     
PLACE_optlc_35097         TIEH            saed90nm_max     
PLACE_optlc_35098         TIEH            saed90nm_max     
PLACE_optlc_35099         TIEH            saed90nm_max     
PLACE_optlc_35100         TIEH            saed90nm_max     
PLACE_optlc_35101         TIEH            saed90nm_max     
PLACE_optlc_35102         TIEH            saed90nm_max     
PLACE_optlc_35103         TIEH            saed90nm_max     
PLACE_optlc_35104         TIEH            saed90nm_max     
PLACE_optlc_35105         TIEH            saed90nm_max     
PLACE_optlc_35106         TIEH            saed90nm_max     
PLACE_optlc_35107         TIEH            saed90nm_max     
PLACE_optlc_35108         TIEH            saed90nm_max     
PLACE_optlc_35109         TIEH            saed90nm_max     
PLACE_optlc_35110         TIEH            saed90nm_max     
PLACE_optlc_35111         TIEH            saed90nm_max     
PLACE_optlc_35112         TIEH            saed90nm_max     
PLACE_optlc_35113         TIEH            saed90nm_max     
PLACE_optlc_35114         TIEH            saed90nm_max     
PLACE_optlc_35115         TIEH            saed90nm_max     
PLACE_optlc_35116         TIEH            saed90nm_max     
PLACE_optlc_35117         TIEH            saed90nm_max     
PLACE_optlc_35118         TIEH            saed90nm_max     
PLACE_optlc_35119         TIEH            saed90nm_max     
PLACE_optlc_35120         TIEH            saed90nm_max     
PLACE_optlc_35121         TIEH            saed90nm_max     
PLACE_optlc_35122         TIEH            saed90nm_max     
PLACE_optlc_35123         TIEH            saed90nm_max     
PLACE_optlc_35124         TIEH            saed90nm_max     
PLACE_optlc_35125         TIEH            saed90nm_max     
PLACE_optlc_35126         TIEH            saed90nm_max     
PLACE_optlc_35127         TIEH            saed90nm_max     
PLACE_optlc_35128         TIEH            saed90nm_max     
PLACE_optlc_35129         TIEH            saed90nm_max     
PLACE_optlc_35130         TIEH            saed90nm_max     
PLACE_optlc_35131         TIEH            saed90nm_max     
PLACE_optlc_35132         TIEH            saed90nm_max     
PLACE_optlc_35133         TIEH            saed90nm_max     
PLACE_optlc_35134         TIEH            saed90nm_max     
PLACE_optlc_35135         TIEH            saed90nm_max     
PLACE_optlc_35136         TIEH            saed90nm_max     
PLACE_optlc_35137         TIEH            saed90nm_max     
PLACE_optlc_35138         TIEH            saed90nm_max     
PLACE_optlc_35139         TIEH            saed90nm_max     
PLACE_optlc_35140         TIEH            saed90nm_max     
PLACE_optlc_35141         TIEH            saed90nm_max     
PLACE_optlc_35142         TIEH            saed90nm_max     
PLACE_optlc_35143         TIEH            saed90nm_max     
PLACE_optlc_35144         TIEH            saed90nm_max     
PLACE_optlc_35145         TIEH            saed90nm_max     
PLACE_optlc_35146         TIEH            saed90nm_max     
PLACE_optlc_35147         TIEH            saed90nm_max     
PLACE_optlc_35148         TIEH            saed90nm_max     
PLACE_optlc_35149         TIEH            saed90nm_max     
PLACE_optlc_35150         TIEH            saed90nm_max     
PLACE_optlc_35151         TIEH            saed90nm_max     
PLACE_optlc_35152         TIEH            saed90nm_max     
PLACE_optlc_35153         TIEH            saed90nm_max     
PLACE_optlc_35154         TIEH            saed90nm_max     
PLACE_optlc_35155         TIEH            saed90nm_max     
PLACE_optlc_35156         TIEH            saed90nm_max     
PLACE_optlc_35157         TIEH            saed90nm_max     
PLACE_optlc_35158         TIEH            saed90nm_max     
PLACE_optlc_35159         TIEH            saed90nm_max     
PLACE_optlc_35160         TIEH            saed90nm_max     
PLACE_optlc_35161         TIEH            saed90nm_max     
PLACE_optlc_35162         TIEH            saed90nm_max     
PLACE_optlc_35163         TIEH            saed90nm_max     
PLACE_optlc_35164         TIEH            saed90nm_max     
PLACE_optlc_35165         TIEH            saed90nm_max     
PLACE_optlc_35166         TIEH            saed90nm_max     
PLACE_optlc_35167         TIEH            saed90nm_max     
PLACE_optlc_35168         TIEH            saed90nm_max     
PLACE_optlc_35169         TIEH            saed90nm_max     
PLACE_optlc_35170         TIEH            saed90nm_max     
PLACE_optlc_35171         TIEH            saed90nm_max     
PLACE_optlc_35172         TIEH            saed90nm_max     
PLACE_optlc_35173         TIEH            saed90nm_max     
PLACE_optlc_35174         TIEH            saed90nm_max     
PLACE_optlc_35175         TIEH            saed90nm_max     
PLACE_optlc_35176         TIEH            saed90nm_max     
PLACE_optlc_35177         TIEH            saed90nm_max     
PLACE_optlc_35178         TIEH            saed90nm_max     
PLACE_optlc_35179         TIEH            saed90nm_max     
PLACE_optlc_35180         TIEH            saed90nm_max     
PLACE_optlc_35181         TIEH            saed90nm_max     
PLACE_optlc_35182         TIEH            saed90nm_max     
PLACE_optlc_35183         TIEH            saed90nm_max     
PLACE_optlc_35184         TIEH            saed90nm_max     
PLACE_optlc_35185         TIEH            saed90nm_max     
PLACE_optlc_35186         TIEH            saed90nm_max     
PLACE_optlc_35187         TIEH            saed90nm_max     
PLACE_optlc_35188         TIEH            saed90nm_max     
PLACE_optlc_35189         TIEH            saed90nm_max     
PLACE_optlc_35190         TIEH            saed90nm_max     
PLACE_optlc_35191         TIEH            saed90nm_max     
PLACE_optlc_35192         TIEH            saed90nm_max     
PLACE_optlc_35193         TIEH            saed90nm_max     
PLACE_optlc_35194         TIEH            saed90nm_max     
PLACE_optlc_35195         TIEH            saed90nm_max     
PLACE_optlc_35196         TIEH            saed90nm_max     
PLACE_optlc_35197         TIEH            saed90nm_max     
PLACE_optlc_35198         TIEH            saed90nm_max     
PLACE_optlc_35199         TIEH            saed90nm_max     
PLACE_optlc_35200         TIEH            saed90nm_max     
PLACE_optlc_35201         TIEH            saed90nm_max     
PLACE_optlc_35202         TIEH            saed90nm_max     
PLACE_optlc_35203         TIEH            saed90nm_max     
PLACE_optlc_35204         TIEH            saed90nm_max     
PLACE_optlc_35205         TIEH            saed90nm_max     
PLACE_optlc_35206         TIEH            saed90nm_max     
PLACE_optlc_35207         TIEH            saed90nm_max     
PLACE_optlc_35208         TIEH            saed90nm_max     
PLACE_optlc_35209         TIEH            saed90nm_max     
PLACE_optlc_35210         TIEH            saed90nm_max     
PLACE_optlc_35211         TIEH            saed90nm_max     
PLACE_optlc_35212         TIEH            saed90nm_max     
PLACE_optlc_35213         TIEH            saed90nm_max     
PLACE_optlc_35214         TIEH            saed90nm_max     
PLACE_optlc_35215         TIEH            saed90nm_max     
PLACE_optlc_35216         TIEH            saed90nm_max     
PLACE_optlc_35217         TIEH            saed90nm_max     
PLACE_optlc_35218         TIEH            saed90nm_max     
PLACE_optlc_35219         TIEH            saed90nm_max     
PLACE_optlc_35220         TIEH            saed90nm_max     
PLACE_optlc_35221         TIEH            saed90nm_max     
PLACE_optlc_35222         TIEH            saed90nm_max     
PLACE_optlc_35223         TIEH            saed90nm_max     
PLACE_optlc_35224         TIEH            saed90nm_max     
PLACE_optlc_35225         TIEH            saed90nm_max     
PLACE_optlc_35226         TIEH            saed90nm_max     
PLACE_optlc_35227         TIEH            saed90nm_max     
PLACE_optlc_35228         TIEH            saed90nm_max     
PLACE_optlc_35229         TIEH            saed90nm_max     
PLACE_optlc_35230         TIEH            saed90nm_max     
PLACE_optlc_35231         TIEH            saed90nm_max     
PLACE_optlc_35232         TIEH            saed90nm_max     
PLACE_optlc_35233         TIEH            saed90nm_max     
PLACE_optlc_35234         TIEH            saed90nm_max     
PLACE_optlc_35235         TIEH            saed90nm_max     
PLACE_optlc_35236         TIEH            saed90nm_max     
PLACE_optlc_35237         TIEH            saed90nm_max     
PLACE_optlc_35238         TIEH            saed90nm_max     
PLACE_optlc_35239         TIEH            saed90nm_max     
PLACE_optlc_35240         TIEH            saed90nm_max     
PLACE_optlc_35241         TIEH            saed90nm_max     
PLACE_optlc_35242         TIEH            saed90nm_max     
PLACE_optlc_35243         TIEH            saed90nm_max     
PLACE_optlc_35244         TIEH            saed90nm_max     
PLACE_optlc_35245         TIEH            saed90nm_max     
PLACE_optlc_35246         TIEH            saed90nm_max     
PLACE_optlc_35247         TIEH            saed90nm_max     
PLACE_optlc_35248         TIEH            saed90nm_max     
PLACE_optlc_35249         TIEH            saed90nm_max     
PLACE_optlc_35250         TIEH            saed90nm_max     
PLACE_optlc_35251         TIEH            saed90nm_max     
PLACE_optlc_35252         TIEH            saed90nm_max     
PLACE_optlc_35253         TIEH            saed90nm_max     
PLACE_optlc_35254         TIEH            saed90nm_max     
PLACE_optlc_35255         TIEH            saed90nm_max     
PLACE_optlc_35256         TIEH            saed90nm_max     
PLACE_optlc_35257         TIEH            saed90nm_max     
PLACE_optlc_35258         TIEH            saed90nm_max     
PLACE_optlc_35259         TIEH            saed90nm_max     
PLACE_optlc_35260         TIEH            saed90nm_max     
PLACE_optlc_35261         TIEH            saed90nm_max     
PLACE_optlc_35262         TIEH            saed90nm_max     
PLACE_optlc_35263         TIEH            saed90nm_max     
PLACE_optlc_35264         TIEH            saed90nm_max     
PLACE_optlc_35265         TIEH            saed90nm_max     
PLACE_optlc_35266         TIEH            saed90nm_max     
PLACE_optlc_35267         TIEH            saed90nm_max     
PLACE_optlc_35268         TIEH            saed90nm_max     
PLACE_optlc_35269         TIEH            saed90nm_max     
PLACE_optlc_35270         TIEH            saed90nm_max     
PLACE_optlc_35271         TIEH            saed90nm_max     
PLACE_optlc_35272         TIEH            saed90nm_max     
PLACE_optlc_35273         TIEH            saed90nm_max     
PLACE_optlc_35274         TIEH            saed90nm_max     
PLACE_optlc_35275         TIEH            saed90nm_max     
PLACE_optlc_35276         TIEH            saed90nm_max     
PLACE_optlc_35277         TIEH            saed90nm_max     
PLACE_optlc_35278         TIEH            saed90nm_max     
PLACE_optlc_35279         TIEH            saed90nm_max     
PLACE_optlc_35280         TIEH            saed90nm_max     
PLACE_optlc_35281         TIEH            saed90nm_max     
PLACE_optlc_35282         TIEH            saed90nm_max     
PLACE_optlc_35283         TIEH            saed90nm_max     
PLACE_optlc_35284         TIEH            saed90nm_max     
PLACE_optlc_35285         TIEH            saed90nm_max     
PLACE_optlc_35286         TIEH            saed90nm_max     
PLACE_optlc_35287         TIEH            saed90nm_max     
PLACE_optlc_35288         TIEH            saed90nm_max     
PLACE_optlc_35289         TIEH            saed90nm_max     
PLACE_optlc_35290         TIEH            saed90nm_max     
PLACE_optlc_35291         TIEH            saed90nm_max     
PLACE_optlc_35292         TIEH            saed90nm_max     
PLACE_optlc_35293         TIEH            saed90nm_max     
PLACE_optlc_35294         TIEH            saed90nm_max     
PLACE_optlc_35295         TIEH            saed90nm_max     
PLACE_optlc_35296         TIEH            saed90nm_max     
PLACE_optlc_35297         TIEH            saed90nm_max     
PLACE_optlc_35298         TIEH            saed90nm_max     
PLACE_optlc_35299         TIEH            saed90nm_max     
PLACE_optlc_35300         TIEH            saed90nm_max     
PLACE_optlc_35301         TIEH            saed90nm_max     
PLACE_optlc_35302         TIEH            saed90nm_max     
PLACE_optlc_35303         TIEH            saed90nm_max     
PLACE_optlc_35304         TIEH            saed90nm_max     
PLACE_optlc_35305         TIEH            saed90nm_max     
PLACE_optlc_35306         TIEH            saed90nm_max     
PLACE_optlc_35307         TIEH            saed90nm_max     
PLACE_optlc_35308         TIEH            saed90nm_max     
PLACE_optlc_35309         TIEH            saed90nm_max     
PLACE_optlc_35310         TIEH            saed90nm_max     
PLACE_optlc_35311         TIEH            saed90nm_max     
PLACE_optlc_35312         TIEH            saed90nm_max     
PLACE_optlc_35313         TIEH            saed90nm_max     
PLACE_optlc_35314         TIEH            saed90nm_max     
PLACE_optlc_35315         TIEH            saed90nm_max     
PLACE_optlc_35316         TIEH            saed90nm_max     
PLACE_optlc_35317         TIEH            saed90nm_max     
PLACE_optlc_35318         TIEH            saed90nm_max     
PLACE_optlc_35319         TIEH            saed90nm_max     
PLACE_optlc_35320         TIEH            saed90nm_max     
PLACE_optlc_35321         TIEH            saed90nm_max     
PLACE_optlc_35322         TIEH            saed90nm_max     
PLACE_optlc_35323         TIEH            saed90nm_max     
PLACE_optlc_35324         TIEH            saed90nm_max     
PLACE_optlc_35325         TIEH            saed90nm_max     
PLACE_optlc_35326         TIEH            saed90nm_max     
PLACE_optlc_35327         TIEH            saed90nm_max     
PLACE_optlc_35328         TIEH            saed90nm_max     
PLACE_optlc_35329         TIEH            saed90nm_max     
PLACE_optlc_35330         TIEH            saed90nm_max     
PLACE_optlc_35331         TIEH            saed90nm_max     
PLACE_optlc_35332         TIEH            saed90nm_max     
PLACE_optlc_35333         TIEH            saed90nm_max     
PLACE_optlc_35334         TIEH            saed90nm_max     
PLACE_optlc_35335         TIEH            saed90nm_max     
PLACE_optlc_35336         TIEH            saed90nm_max     
PLACE_optlc_35337         TIEH            saed90nm_max     
PLACE_optlc_35338         TIEH            saed90nm_max     
PLACE_optlc_35339         TIEH            saed90nm_max     
PLACE_optlc_35340         TIEH            saed90nm_max     
PLACE_optlc_35341         TIEH            saed90nm_max     
PLACE_optlc_35342         TIEH            saed90nm_max     
PLACE_optlc_35343         TIEH            saed90nm_max     
PLACE_optlc_35344         TIEH            saed90nm_max     
PLACE_optlc_35345         TIEH            saed90nm_max     
PLACE_optlc_35346         TIEH            saed90nm_max     
PLACE_optlc_35347         TIEH            saed90nm_max     
PLACE_optlc_35348         TIEH            saed90nm_max     
PLACE_optlc_35349         TIEH            saed90nm_max     
PLACE_optlc_35350         TIEH            saed90nm_max     
PLACE_optlc_35351         TIEH            saed90nm_max     
PLACE_optlc_35352         TIEH            saed90nm_max     
PLACE_optlc_35353         TIEH            saed90nm_max     
PLACE_optlc_35354         TIEH            saed90nm_max     
PLACE_optlc_35355         TIEH            saed90nm_max     
PLACE_optlc_35356         TIEH            saed90nm_max     
PLACE_optlc_35357         TIEH            saed90nm_max     
PLACE_optlc_35358         TIEH            saed90nm_max     
PLACE_optlc_35359         TIEH            saed90nm_max     
PLACE_optlc_35360         TIEH            saed90nm_max     
PLACE_optlc_35361         TIEH            saed90nm_max     
PLACE_optlc_35362         TIEH            saed90nm_max     
PLACE_optlc_35363         TIEH            saed90nm_max     
PLACE_optlc_35364         TIEH            saed90nm_max     
PLACE_optlc_35365         TIEH            saed90nm_max     
PLACE_optlc_35366         TIEH            saed90nm_max     
PLACE_optlc_35367         TIEH            saed90nm_max     
PLACE_optlc_35368         TIEH            saed90nm_max     
PLACE_optlc_35369         TIEH            saed90nm_max     
PLACE_optlc_35370         TIEH            saed90nm_max     
PLACE_optlc_35371         TIEH            saed90nm_max     
PLACE_optlc_35372         TIEH            saed90nm_max     
PLACE_optlc_35373         TIEH            saed90nm_max     
PLACE_optlc_35374         TIEH            saed90nm_max     
PLACE_optlc_35375         TIEH            saed90nm_max     
PLACE_optlc_35376         TIEH            saed90nm_max     
PLACE_optlc_35377         TIEH            saed90nm_max     
PLACE_optlc_35378         TIEH            saed90nm_max     
PLACE_optlc_35379         TIEH            saed90nm_max     
PLACE_optlc_35380         TIEH            saed90nm_max     
PLACE_optlc_35381         TIEH            saed90nm_max     
PLACE_optlc_35382         TIEH            saed90nm_max     
PLACE_optlc_35383         TIEH            saed90nm_max     
PLACE_optlc_35384         TIEH            saed90nm_max     
PLACE_optlc_35385         TIEH            saed90nm_max     
PLACE_optlc_35386         TIEH            saed90nm_max     
PLACE_optlc_35387         TIEH            saed90nm_max     
PLACE_optlc_35388         TIEH            saed90nm_max     
PLACE_optlc_35389         TIEH            saed90nm_max     
PLACE_optlc_35390         TIEH            saed90nm_max     
PLACE_optlc_35391         TIEH            saed90nm_max     
PLACE_optlc_35392         TIEH            saed90nm_max     
PLACE_optlc_35393         TIEH            saed90nm_max     
PLACE_optlc_35394         TIEH            saed90nm_max     
PLACE_optlc_35395         TIEH            saed90nm_max     
PLACE_optlc_35396         TIEH            saed90nm_max     
PLACE_optlc_35397         TIEH            saed90nm_max     
PLACE_optlc_35398         TIEH            saed90nm_max     
PLACE_optlc_35399         TIEH            saed90nm_max     
PLACE_optlc_35400         TIEH            saed90nm_max     
PLACE_optlc_35401         TIEH            saed90nm_max     
PLACE_optlc_35402         TIEH            saed90nm_max     
PLACE_optlc_35403         TIEH            saed90nm_max     
PLACE_optlc_35404         TIEH            saed90nm_max     
PLACE_optlc_35405         TIEH            saed90nm_max     
PLACE_optlc_35406         TIEH            saed90nm_max     
PLACE_optlc_35407         TIEH            saed90nm_max     
PLACE_optlc_35408         TIEH            saed90nm_max     
PLACE_optlc_35409         TIEH            saed90nm_max     
PLACE_optlc_35410         TIEH            saed90nm_max     
PLACE_optlc_35411         TIEH            saed90nm_max     
PLACE_optlc_35412         TIEH            saed90nm_max     
PLACE_optlc_35413         TIEH            saed90nm_max     
PLACE_optlc_35414         TIEH            saed90nm_max     
PLACE_optlc_35415         TIEH            saed90nm_max     
PLACE_optlc_35416         TIEH            saed90nm_max     
PLACE_optlc_35417         TIEH            saed90nm_max     
PLACE_optlc_35418         TIEH            saed90nm_max     
PLACE_optlc_35419         TIEH            saed90nm_max     
PLACE_optlc_35420         TIEH            saed90nm_max     
PLACE_optlc_35421         TIEH            saed90nm_max     
PLACE_optlc_35422         TIEH            saed90nm_max     
PLACE_optlc_35423         TIEH            saed90nm_max     
PLACE_optlc_35424         TIEH            saed90nm_max     
PLACE_optlc_35425         TIEH            saed90nm_max     
PLACE_optlc_35426         TIEH            saed90nm_max     
PLACE_optlc_35427         TIEH            saed90nm_max     
PLACE_optlc_35428         TIEH            saed90nm_max     
PLACE_optlc_35429         TIEH            saed90nm_max     
PLACE_optlc_35430         TIEH            saed90nm_max     
PLACE_optlc_35431         TIEH            saed90nm_max     
PLACE_optlc_35432         TIEH            saed90nm_max     
PLACE_optlc_35433         TIEH            saed90nm_max     
PLACE_optlc_35434         TIEH            saed90nm_max     
PLACE_optlc_35435         TIEH            saed90nm_max     
PLACE_optlc_35436         TIEH            saed90nm_max     
PLACE_optlc_35437         TIEH            saed90nm_max     
PLACE_optlc_35438         TIEH            saed90nm_max     
PLACE_optlc_35439         TIEH            saed90nm_max     
PLACE_optlc_35440         TIEH            saed90nm_max     
PLACE_optlc_35441         TIEH            saed90nm_max     
PLACE_optlc_35442         TIEH            saed90nm_max     
PLACE_optlc_35443         TIEH            saed90nm_max     
PLACE_optlc_35444         TIEH            saed90nm_max     
PLACE_optlc_35445         TIEH            saed90nm_max     
PLACE_optlc_35446         TIEH            saed90nm_max     
PLACE_optlc_35447         TIEH            saed90nm_max     
PLACE_optlc_35448         TIEH            saed90nm_max     
PLACE_optlc_35449         TIEH            saed90nm_max     
PLACE_optlc_35450         TIEH            saed90nm_max     
PLACE_optlc_35451         TIEH            saed90nm_max     
PLACE_optlc_35452         TIEH            saed90nm_max     
PLACE_optlc_35453         TIEH            saed90nm_max     
PLACE_optlc_35454         TIEH            saed90nm_max     
PLACE_optlc_35455         TIEH            saed90nm_max     
PLACE_optlc_35456         TIEH            saed90nm_max     
PLACE_optlc_35457         TIEH            saed90nm_max     
PLACE_optlc_35458         TIEH            saed90nm_max     
PLACE_optlc_35459         TIEH            saed90nm_max     
PLACE_optlc_35460         TIEH            saed90nm_max     
PLACE_optlc_35461         TIEH            saed90nm_max     
PLACE_optlc_35462         TIEH            saed90nm_max     
PLACE_optlc_35463         TIEH            saed90nm_max     
PLACE_optlc_35464         TIEH            saed90nm_max     
PLACE_optlc_35465         TIEH            saed90nm_max     
PLACE_optlc_35466         TIEH            saed90nm_max     
PLACE_optlc_35467         TIEH            saed90nm_max     
PLACE_optlc_35468         TIEH            saed90nm_max     
PLACE_optlc_35469         TIEH            saed90nm_max     
PLACE_optlc_35470         TIEH            saed90nm_max     
PLACE_optlc_35471         TIEH            saed90nm_max     
PLACE_optlc_35472         TIEH            saed90nm_max     
PLACE_optlc_35473         TIEH            saed90nm_max     
PLACE_optlc_35474         TIEH            saed90nm_max     
PLACE_optlc_35475         TIEH            saed90nm_max     
PLACE_optlc_35476         TIEH            saed90nm_max     
PLACE_optlc_35477         TIEH            saed90nm_max     
PLACE_optlc_35478         TIEH            saed90nm_max     
PLACE_optlc_35479         TIEH            saed90nm_max     
PLACE_optlc_35480         TIEH            saed90nm_max     
PLACE_optlc_35481         TIEH            saed90nm_max     
PLACE_optlc_35482         TIEH            saed90nm_max     
PLACE_optlc_35483         TIEH            saed90nm_max     
PLACE_optlc_35484         TIEH            saed90nm_max     
PLACE_optlc_35485         TIEH            saed90nm_max     
PLACE_optlc_35486         TIEH            saed90nm_max     
PLACE_optlc_35487         TIEH            saed90nm_max     
PLACE_optlc_35488         TIEH            saed90nm_max     
PLACE_optlc_35489         TIEH            saed90nm_max     
PLACE_optlc_35490         TIEH            saed90nm_max     
PLACE_optlc_35491         TIEH            saed90nm_max     
PLACE_optlc_35492         TIEH            saed90nm_max     
PLACE_optlc_35493         TIEH            saed90nm_max     
PLACE_optlc_35494         TIEH            saed90nm_max     
PLACE_optlc_35495         TIEH            saed90nm_max     
PLACE_optlc_35496         TIEH            saed90nm_max     
PLACE_optlc_35497         TIEH            saed90nm_max     
PLACE_optlc_35498         TIEH            saed90nm_max     
PLACE_optlc_35499         TIEH            saed90nm_max     
PLACE_optlc_35500         TIEH            saed90nm_max     
PLACE_optlc_35501         TIEH            saed90nm_max     
PLACE_optlc_35502         TIEH            saed90nm_max     
PLACE_optlc_35503         TIEH            saed90nm_max     
PLACE_optlc_35504         TIEH            saed90nm_max     
PLACE_optlc_35505         TIEH            saed90nm_max     
PLACE_optlc_35506         TIEH            saed90nm_max     
PLACE_optlc_35507         TIEH            saed90nm_max     
PLACE_optlc_35508         TIEH            saed90nm_max     
PLACE_optlc_35509         TIEH            saed90nm_max     
PLACE_optlc_35510         TIEH            saed90nm_max     
PLACE_optlc_35511         TIEH            saed90nm_max     
PLACE_optlc_35512         TIEH            saed90nm_max     
PLACE_optlc_35513         TIEH            saed90nm_max     
PLACE_optlc_35514         TIEH            saed90nm_max     
PLACE_optlc_35515         TIEH            saed90nm_max     
PLACE_optlc_35516         TIEH            saed90nm_max     
PLACE_optlc_35517         TIEH            saed90nm_max     
PLACE_optlc_35518         TIEH            saed90nm_max     
PLACE_optlc_35519         TIEH            saed90nm_max     
PLACE_optlc_35520         TIEH            saed90nm_max     
PLACE_optlc_35521         TIEH            saed90nm_max     
PLACE_optlc_35522         TIEH            saed90nm_max     
PLACE_optlc_35523         TIEH            saed90nm_max     
PLACE_optlc_35524         TIEH            saed90nm_max     
PLACE_optlc_35525         TIEH            saed90nm_max     
PLACE_optlc_35526         TIEH            saed90nm_max     
PLACE_optlc_35527         TIEH            saed90nm_max     
PLACE_optlc_35528         TIEH            saed90nm_max     
PLACE_optlc_35529         TIEH            saed90nm_max     
PLACE_optlc_35530         TIEH            saed90nm_max     
PLACE_optlc_35531         TIEH            saed90nm_max     
PLACE_optlc_35532         TIEH            saed90nm_max     
PLACE_optlc_35533         TIEH            saed90nm_max     
PLACE_optlc_35534         TIEH            saed90nm_max     
PLACE_optlc_35535         TIEH            saed90nm_max     
PLACE_optlc_35536         TIEH            saed90nm_max     
PLACE_optlc_35537         TIEH            saed90nm_max     
PLACE_optlc_35538         TIEH            saed90nm_max     
PLACE_optlc_35539         TIEH            saed90nm_max     
PLACE_optlc_35540         TIEH            saed90nm_max     
PLACE_optlc_35541         TIEH            saed90nm_max     
PLACE_optlc_35542         TIEH            saed90nm_max     
PLACE_optlc_35543         TIEH            saed90nm_max     
PLACE_optlc_35544         TIEH            saed90nm_max     
PLACE_optlc_35545         TIEH            saed90nm_max     
PLACE_optlc_35546         TIEH            saed90nm_max     
PLACE_optlc_35547         TIEH            saed90nm_max     
PLACE_optlc_35548         TIEH            saed90nm_max     
PLACE_optlc_35549         TIEH            saed90nm_max     
PLACE_optlc_35550         TIEH            saed90nm_max     
PLACE_optlc_35551         TIEH            saed90nm_max     
PLACE_optlc_35552         TIEH            saed90nm_max     
PLACE_optlc_35553         TIEH            saed90nm_max     
PLACE_optlc_35554         TIEH            saed90nm_max     
PLACE_optlc_35555         TIEH            saed90nm_max     
PLACE_optlc_35556         TIEH            saed90nm_max     
PLACE_optlc_35557         TIEH            saed90nm_max     
PLACE_optlc_35558         TIEH            saed90nm_max     
PLACE_optlc_35559         TIEH            saed90nm_max     
PLACE_optlc_35560         TIEH            saed90nm_max     
PLACE_optlc_35561         TIEH            saed90nm_max     
PLACE_optlc_35562         TIEH            saed90nm_max     
PLACE_optlc_35563         TIEH            saed90nm_max     
PLACE_optlc_35564         TIEH            saed90nm_max     
PLACE_optlc_35565         TIEH            saed90nm_max     
PLACE_optlc_35566         TIEH            saed90nm_max     
PLACE_optlc_35567         TIEH            saed90nm_max     
PLACE_optlc_35568         TIEH            saed90nm_max     
PLACE_optlc_35569         TIEH            saed90nm_max     
PLACE_optlc_35570         TIEH            saed90nm_max     
PLACE_optlc_35571         TIEH            saed90nm_max     
PLACE_optlc_35572         TIEH            saed90nm_max     
PLACE_optlc_35573         TIEH            saed90nm_max     
PLACE_optlc_35574         TIEH            saed90nm_max     
PLACE_optlc_35575         TIEH            saed90nm_max     
PLACE_optlc_35576         TIEH            saed90nm_max     
PLACE_optlc_35577         TIEH            saed90nm_max     
PLACE_optlc_35578         TIEH            saed90nm_max     
PLACE_optlc_35579         TIEH            saed90nm_max     
PLACE_optlc_35580         TIEH            saed90nm_max     
PLACE_optlc_35581         TIEH            saed90nm_max     
PLACE_optlc_35582         TIEH            saed90nm_max     
PLACE_optlc_35583         TIEH            saed90nm_max     
PLACE_optlc_35584         TIEH            saed90nm_max     
PLACE_optlc_35585         TIEH            saed90nm_max     
PLACE_optlc_35586         TIEH            saed90nm_max     
PLACE_optlc_35587         TIEH            saed90nm_max     
PLACE_optlc_35588         TIEH            saed90nm_max     
PLACE_optlc_35589         TIEH            saed90nm_max     
PLACE_optlc_35590         TIEH            saed90nm_max     
PLACE_optlc_35591         TIEH            saed90nm_max     
PLACE_optlc_35592         TIEH            saed90nm_max     
PLACE_optlc_35593         TIEH            saed90nm_max     
PLACE_optlc_35594         TIEH            saed90nm_max     
PLACE_optlc_35595         TIEH            saed90nm_max     
PLACE_optlc_35596         TIEH            saed90nm_max     
PLACE_optlc_35597         TIEH            saed90nm_max     
PLACE_optlc_35598         TIEH            saed90nm_max     
PLACE_optlc_35599         TIEH            saed90nm_max     
PLACE_optlc_35600         TIEH            saed90nm_max     
PLACE_optlc_35601         TIEH            saed90nm_max     
PLACE_optlc_35602         TIEH            saed90nm_max     
PLACE_optlc_35603         TIEH            saed90nm_max     
PLACE_optlc_35604         TIEH            saed90nm_max     
PLACE_optlc_35605         TIEH            saed90nm_max     
PLACE_optlc_35606         TIEH            saed90nm_max     
PLACE_optlc_35607         TIEH            saed90nm_max     
PLACE_optlc_35608         TIEH            saed90nm_max     
PLACE_optlc_35609         TIEH            saed90nm_max     
PLACE_optlc_35610         TIEH            saed90nm_max     
PLACE_optlc_35611         TIEH            saed90nm_max     
PLACE_optlc_35612         TIEH            saed90nm_max     
PLACE_optlc_35613         TIEH            saed90nm_max     
PLACE_optlc_35614         TIEH            saed90nm_max     
PLACE_optlc_35615         TIEH            saed90nm_max     
PLACE_optlc_35616         TIEH            saed90nm_max     
PLACE_optlc_35617         TIEH            saed90nm_max     
PLACE_optlc_35618         TIEH            saed90nm_max     
PLACE_optlc_35619         TIEH            saed90nm_max     
PLACE_optlc_35620         TIEH            saed90nm_max     
PLACE_optlc_35621         TIEH            saed90nm_max     
PLACE_optlc_35622         TIEH            saed90nm_max     
PLACE_optlc_35623         TIEH            saed90nm_max     
PLACE_optlc_35624         TIEH            saed90nm_max     
PLACE_optlc_35625         TIEH            saed90nm_max     
PLACE_optlc_35626         TIEH            saed90nm_max     
PLACE_optlc_35627         TIEH            saed90nm_max     
PLACE_optlc_35628         TIEH            saed90nm_max     
PLACE_optlc_35629         TIEH            saed90nm_max     
PLACE_optlc_35630         TIEH            saed90nm_max     
PLACE_optlc_35631         TIEH            saed90nm_max     
PLACE_optlc_35632         TIEH            saed90nm_max     
PLACE_optlc_35633         TIEH            saed90nm_max     
PLACE_optlc_35634         TIEH            saed90nm_max     
PLACE_optlc_35635         TIEH            saed90nm_max     
PLACE_optlc_35636         TIEH            saed90nm_max     
PLACE_optlc_35637         TIEH            saed90nm_max     
PLACE_optlc_35638         TIEH            saed90nm_max     
PLACE_optlc_35639         TIEH            saed90nm_max     
PLACE_optlc_35640         TIEH            saed90nm_max     
PLACE_optlc_35641         TIEH            saed90nm_max     
PLACE_optlc_35642         TIEH            saed90nm_max     
PLACE_optlc_35643         TIEH            saed90nm_max     
PLACE_optlc_35644         TIEH            saed90nm_max     
PLACE_optlc_35645         TIEH            saed90nm_max     
PLACE_optlc_35646         TIEH            saed90nm_max     
PLACE_optlc_35647         TIEH            saed90nm_max     
PLACE_optlc_35648         TIEH            saed90nm_max     
PLACE_optlc_35649         TIEH            saed90nm_max     
PLACE_optlc_35650         TIEH            saed90nm_max     
PLACE_optlc_35651         TIEH            saed90nm_max     
PLACE_optlc_35652         TIEH            saed90nm_max     
PLACE_optlc_35653         TIEH            saed90nm_max     
PLACE_optlc_35654         TIEH            saed90nm_max     
PLACE_optlc_35655         TIEH            saed90nm_max     
PLACE_optlc_35656         TIEH            saed90nm_max     
PLACE_optlc_35657         TIEH            saed90nm_max     
PLACE_optlc_35658         TIEH            saed90nm_max     
PLACE_optlc_35659         TIEH            saed90nm_max     
PLACE_optlc_35660         TIEH            saed90nm_max     
PLACE_optlc_35661         TIEH            saed90nm_max     
PLACE_optlc_35662         TIEH            saed90nm_max     
PLACE_optlc_35663         TIEH            saed90nm_max     
PLACE_optlc_35664         TIEH            saed90nm_max     
PLACE_optlc_35665         TIEH            saed90nm_max     
PLACE_optlc_35666         TIEH            saed90nm_max     
PLACE_optlc_35667         TIEH            saed90nm_max     
PLACE_optlc_35668         TIEH            saed90nm_max     
PLACE_optlc_35669         TIEH            saed90nm_max     
PLACE_optlc_35670         TIEH            saed90nm_max     
PLACE_optlc_35671         TIEH            saed90nm_max     
PLACE_optlc_35672         TIEH            saed90nm_max     
PLACE_optlc_35673         TIEH            saed90nm_max     
PLACE_optlc_35674         TIEH            saed90nm_max     
PLACE_optlc_35675         TIEH            saed90nm_max     
PLACE_optlc_35676         TIEH            saed90nm_max     
PLACE_optlc_35677         TIEH            saed90nm_max     
PLACE_optlc_35678         TIEH            saed90nm_max     
PLACE_optlc_35679         TIEH            saed90nm_max     
PLACE_optlc_35680         TIEH            saed90nm_max     
PLACE_optlc_35681         TIEH            saed90nm_max     
PLACE_optlc_35682         TIEH            saed90nm_max     
PLACE_optlc_35683         TIEH            saed90nm_max     
PLACE_optlc_35684         TIEH            saed90nm_max     
PLACE_optlc_35685         TIEH            saed90nm_max     
PLACE_optlc_35686         TIEH            saed90nm_max     
PLACE_optlc_35687         TIEH            saed90nm_max     
PLACE_optlc_35688         TIEH            saed90nm_max     
PLACE_optlc_35689         TIEH            saed90nm_max     
PLACE_optlc_35690         TIEH            saed90nm_max     
PLACE_optlc_35691         TIEH            saed90nm_max     
PLACE_optlc_35692         TIEH            saed90nm_max     
PLACE_optlc_35693         TIEH            saed90nm_max     
PLACE_optlc_35694         TIEH            saed90nm_max     
PLACE_optlc_35695         TIEH            saed90nm_max     
PLACE_optlc_35696         TIEH            saed90nm_max     
PLACE_optlc_35697         TIEH            saed90nm_max     
PLACE_optlc_35698         TIEH            saed90nm_max     
PLACE_optlc_35699         TIEH            saed90nm_max     
PLACE_optlc_35700         TIEH            saed90nm_max     
PLACE_optlc_35701         TIEH            saed90nm_max     
PLACE_optlc_35702         TIEH            saed90nm_max     
PLACE_optlc_35703         TIEH            saed90nm_max     
PLACE_optlc_35704         TIEH            saed90nm_max     
PLACE_optlc_35705         TIEH            saed90nm_max     
PLACE_optlc_35706         TIEH            saed90nm_max     
PLACE_optlc_35707         TIEH            saed90nm_max     
PLACE_optlc_35708         TIEH            saed90nm_max     
PLACE_optlc_35709         TIEH            saed90nm_max     
PLACE_optlc_35710         TIEH            saed90nm_max     
PLACE_optlc_35711         TIEH            saed90nm_max     
PLACE_optlc_35712         TIEH            saed90nm_max     
PLACE_optlc_35713         TIEH            saed90nm_max     
PLACE_optlc_35714         TIEH            saed90nm_max     
PLACE_optlc_35715         TIEH            saed90nm_max     
PLACE_optlc_35716         TIEH            saed90nm_max     
PLACE_optlc_35717         TIEH            saed90nm_max     
PLACE_optlc_35718         TIEH            saed90nm_max     
PLACE_optlc_35719         TIEH            saed90nm_max     
PLACE_optlc_35720         TIEH            saed90nm_max     
PLACE_optlc_35721         TIEH            saed90nm_max     
PLACE_optlc_35722         TIEH            saed90nm_max     
PLACE_optlc_35723         TIEH            saed90nm_max     
PLACE_optlc_35724         TIEH            saed90nm_max     
PLACE_optlc_35725         TIEH            saed90nm_max     
PLACE_optlc_35726         TIEH            saed90nm_max     
PLACE_optlc_35727         TIEH            saed90nm_max     
PLACE_optlc_35728         TIEH            saed90nm_max     
PLACE_optlc_35729         TIEH            saed90nm_max     
PLACE_optlc_35730         TIEH            saed90nm_max     
PLACE_optlc_35731         TIEH            saed90nm_max     
PLACE_optlc_35732         TIEH            saed90nm_max     
PLACE_optlc_35733         TIEH            saed90nm_max     
PLACE_optlc_35734         TIEH            saed90nm_max     
PLACE_optlc_35735         TIEH            saed90nm_max     
PLACE_optlc_35736         TIEH            saed90nm_max     
PLACE_optlc_35737         TIEH            saed90nm_max     
PLACE_optlc_35738         TIEH            saed90nm_max     
PLACE_optlc_35739         TIEH            saed90nm_max     
PLACE_optlc_35740         TIEH            saed90nm_max     
PLACE_optlc_35741         TIEH            saed90nm_max     
PLACE_optlc_35742         TIEH            saed90nm_max     
PLACE_optlc_35743         TIEH            saed90nm_max     
PLACE_optlc_35744         TIEH            saed90nm_max     
PLACE_optlc_35745         TIEH            saed90nm_max     
PLACE_optlc_35746         TIEH            saed90nm_max     
PLACE_optlc_35747         TIEH            saed90nm_max     
PLACE_optlc_35748         TIEH            saed90nm_max     
PLACE_optlc_35749         TIEH            saed90nm_max     
PLACE_optlc_35750         TIEH            saed90nm_max     
PLACE_optlc_35751         TIEH            saed90nm_max     
PLACE_optlc_35752         TIEH            saed90nm_max     
PLACE_optlc_35753         TIEH            saed90nm_max     
PLACE_optlc_35754         TIEH            saed90nm_max     
PLACE_optlc_35755         TIEH            saed90nm_max     
PLACE_optlc_35756         TIEH            saed90nm_max     
PLACE_optlc_35757         TIEH            saed90nm_max     
PLACE_optlc_35758         TIEH            saed90nm_max     
PLACE_optlc_35759         TIEH            saed90nm_max     
PLACE_optlc_35760         TIEH            saed90nm_max     
PLACE_optlc_35761         TIEH            saed90nm_max     
PLACE_optlc_35762         TIEH            saed90nm_max     
PLACE_optlc_35763         TIEH            saed90nm_max     
PLACE_optlc_35764         TIEH            saed90nm_max     
PLACE_optlc_35765         TIEH            saed90nm_max     
PLACE_optlc_35766         TIEH            saed90nm_max     
PLACE_optlc_35767         TIEH            saed90nm_max     
PLACE_optlc_35768         TIEH            saed90nm_max     
PLACE_optlc_35769         TIEH            saed90nm_max     
PLACE_optlc_35770         TIEH            saed90nm_max     
PLACE_optlc_35771         TIEH            saed90nm_max     
PLACE_optlc_35772         TIEH            saed90nm_max     
PLACE_optlc_35773         TIEH            saed90nm_max     
PLACE_optlc_35774         TIEH            saed90nm_max     
PLACE_optlc_35775         TIEH            saed90nm_max     
PLACE_optlc_35776         TIEH            saed90nm_max     
PLACE_optlc_35777         TIEH            saed90nm_max     
PLACE_optlc_35778         TIEH            saed90nm_max     
PLACE_optlc_35779         TIEH            saed90nm_max     
PLACE_optlc_35780         TIEH            saed90nm_max     
PLACE_optlc_35781         TIEH            saed90nm_max     
PLACE_optlc_35782         TIEH            saed90nm_max     
PLACE_optlc_35783         TIEH            saed90nm_max     
PLACE_optlc_35784         TIEH            saed90nm_max     
PLACE_optlc_35785         TIEH            saed90nm_max     
PLACE_optlc_35786         TIEH            saed90nm_max     
PLACE_optlc_35787         TIEH            saed90nm_max     
PLACE_optlc_35788         TIEH            saed90nm_max     
PLACE_optlc_35789         TIEH            saed90nm_max     
PLACE_optlc_35790         TIEH            saed90nm_max     
PLACE_optlc_35791         TIEH            saed90nm_max     
PLACE_optlc_35792         TIEH            saed90nm_max     
PLACE_optlc_35793         TIEH            saed90nm_max     
PLACE_optlc_35794         TIEH            saed90nm_max     
PLACE_optlc_35795         TIEH            saed90nm_max     
PLACE_optlc_35796         TIEH            saed90nm_max     
PLACE_optlc_35797         TIEH            saed90nm_max     
PLACE_optlc_35798         TIEH            saed90nm_max     
PLACE_optlc_35799         TIEH            saed90nm_max     
PLACE_optlc_35800         TIEH            saed90nm_max     
PLACE_optlc_35801         TIEH            saed90nm_max     
PLACE_optlc_35802         TIEH            saed90nm_max     
PLACE_optlc_35803         TIEH            saed90nm_max     
PLACE_optlc_35804         TIEH            saed90nm_max     
PLACE_optlc_35805         TIEH            saed90nm_max     
PLACE_optlc_35806         TIEH            saed90nm_max     
PLACE_optlc_35807         TIEH            saed90nm_max     
PLACE_optlc_35808         TIEH            saed90nm_max     
PLACE_optlc_35809         TIEH            saed90nm_max     
PLACE_optlc_35810         TIEH            saed90nm_max     
PLACE_optlc_35811         TIEH            saed90nm_max     
PLACE_optlc_35812         TIEH            saed90nm_max     
PLACE_optlc_35813         TIEH            saed90nm_max     
PLACE_optlc_35814         TIEH            saed90nm_max     
PLACE_optlc_35815         TIEH            saed90nm_max     
PLACE_optlc_35816         TIEH            saed90nm_max     
PLACE_optlc_35817         TIEH            saed90nm_max     
PLACE_optlc_35818         TIEH            saed90nm_max     
PLACE_optlc_35819         TIEH            saed90nm_max     
PLACE_optlc_35820         TIEH            saed90nm_max     
PLACE_optlc_35821         TIEH            saed90nm_max     
PLACE_optlc_35822         TIEH            saed90nm_max     
PLACE_optlc_35823         TIEH            saed90nm_max     
PLACE_optlc_35824         TIEH            saed90nm_max     
PLACE_optlc_35825         TIEH            saed90nm_max     
PLACE_optlc_35826         TIEH            saed90nm_max     
PLACE_optlc_35827         TIEH            saed90nm_max     
PLACE_optlc_35828         TIEH            saed90nm_max     
PLACE_optlc_35829         TIEH            saed90nm_max     
PLACE_optlc_35830         TIEH            saed90nm_max     
PLACE_optlc_35831         TIEH            saed90nm_max     
PLACE_optlc_35832         TIEH            saed90nm_max     
PLACE_optlc_35833         TIEH            saed90nm_max     
PLACE_optlc_35834         TIEH            saed90nm_max     
PLACE_optlc_35835         TIEH            saed90nm_max     
PLACE_optlc_35836         TIEH            saed90nm_max     
PLACE_optlc_35837         TIEH            saed90nm_max     
PLACE_optlc_35838         TIEH            saed90nm_max     
PLACE_optlc_35839         TIEH            saed90nm_max     
PLACE_optlc_35840         TIEH            saed90nm_max     
PLACE_optlc_35841         TIEH            saed90nm_max     
PLACE_optlc_35842         TIEH            saed90nm_max     
PLACE_optlc_35843         TIEH            saed90nm_max     
PLACE_optlc_35844         TIEH            saed90nm_max     
PLACE_optlc_35845         TIEH            saed90nm_max     
PLACE_optlc_35846         TIEH            saed90nm_max     
PLACE_optlc_35847         TIEH            saed90nm_max     
PLACE_optlc_35848         TIEH            saed90nm_max     
PLACE_optlc_35849         TIEH            saed90nm_max     
PLACE_optlc_35850         TIEH            saed90nm_max     
PLACE_optlc_35851         TIEH            saed90nm_max     
PLACE_optlc_35852         TIEH            saed90nm_max     
PLACE_optlc_35853         TIEH            saed90nm_max     
PLACE_optlc_35854         TIEH            saed90nm_max     
PLACE_optlc_35855         TIEH            saed90nm_max     
PLACE_optlc_35856         TIEH            saed90nm_max     
PLACE_optlc_35857         TIEH            saed90nm_max     
PLACE_optlc_35858         TIEH            saed90nm_max     
PLACE_optlc_35859         TIEH            saed90nm_max     
PLACE_optlc_35860         TIEH            saed90nm_max     
PLACE_optlc_35861         TIEH            saed90nm_max     
PLACE_optlc_35862         TIEH            saed90nm_max     
PLACE_optlc_35863         TIEH            saed90nm_max     
PLACE_optlc_35864         TIEH            saed90nm_max     
PLACE_optlc_35865         TIEH            saed90nm_max     
PLACE_optlc_35866         TIEH            saed90nm_max     
PLACE_optlc_35867         TIEH            saed90nm_max     
PLACE_optlc_35868         TIEH            saed90nm_max     
PLACE_optlc_35869         TIEH            saed90nm_max     
PLACE_optlc_35870         TIEH            saed90nm_max     
PLACE_optlc_35871         TIEH            saed90nm_max     
PLACE_optlc_35872         TIEH            saed90nm_max     
PLACE_optlc_35873         TIEH            saed90nm_max     
PLACE_optlc_35874         TIEH            saed90nm_max     
PLACE_optlc_35875         TIEH            saed90nm_max     
PLACE_optlc_35876         TIEH            saed90nm_max     
PLACE_optlc_35877         TIEH            saed90nm_max     
PLACE_optlc_35878         TIEH            saed90nm_max     
PLACE_optlc_35879         TIEH            saed90nm_max     
PLACE_optlc_35880         TIEH            saed90nm_max     
PLACE_optlc_35881         TIEH            saed90nm_max     
PLACE_optlc_35882         TIEH            saed90nm_max     
PLACE_optlc_35883         TIEH            saed90nm_max     
PLACE_optlc_35884         TIEH            saed90nm_max     
PLACE_optlc_35885         TIEH            saed90nm_max     
PLACE_optlc_35886         TIEH            saed90nm_max     
PLACE_optlc_35887         TIEH            saed90nm_max     
PLACE_optlc_35888         TIEH            saed90nm_max     
PLACE_optlc_35889         TIEH            saed90nm_max     
PLACE_optlc_35890         TIEH            saed90nm_max     
PLACE_optlc_35891         TIEH            saed90nm_max     
PLACE_optlc_35892         TIEH            saed90nm_max     
PLACE_optlc_35893         TIEH            saed90nm_max     
PLACE_optlc_35894         TIEH            saed90nm_max     
PLACE_optlc_35895         TIEH            saed90nm_max     
PLACE_optlc_35896         TIEH            saed90nm_max     
PLACE_optlc_35897         TIEH            saed90nm_max     
PLACE_optlc_35898         TIEH            saed90nm_max     
PLACE_optlc_35899         TIEH            saed90nm_max     
PLACE_optlc_35900         TIEH            saed90nm_max     
PLACE_optlc_35901         TIEH            saed90nm_max     
PLACE_optlc_35902         TIEH            saed90nm_max     
PLACE_optlc_35903         TIEH            saed90nm_max     
PLACE_optlc_35904         TIEH            saed90nm_max     
PLACE_optlc_35905         TIEH            saed90nm_max     
PLACE_optlc_35906         TIEH            saed90nm_max     
PLACE_optlc_35907         TIEH            saed90nm_max     
PLACE_optlc_35908         TIEH            saed90nm_max     
PLACE_optlc_35909         TIEH            saed90nm_max     
PLACE_optlc_35910         TIEH            saed90nm_max     
PLACE_optlc_35911         TIEH            saed90nm_max     
PLACE_optlc_35912         TIEH            saed90nm_max     
PLACE_optlc_35913         TIEH            saed90nm_max     
PLACE_optlc_35914         TIEH            saed90nm_max     
PLACE_optlc_35915         TIEH            saed90nm_max     
PLACE_optlc_35916         TIEH            saed90nm_max     
PLACE_optlc_35917         TIEH            saed90nm_max     
PLACE_optlc_35918         TIEH            saed90nm_max     
PLACE_optlc_35919         TIEH            saed90nm_max     
PLACE_optlc_35920         TIEH            saed90nm_max     
PLACE_optlc_35921         TIEH            saed90nm_max     
PLACE_optlc_35922         TIEH            saed90nm_max     
PLACE_optlc_35923         TIEH            saed90nm_max     
PLACE_optlc_35924         TIEH            saed90nm_max     
PLACE_optlc_35925         TIEH            saed90nm_max     
PLACE_optlc_35926         TIEH            saed90nm_max     
PLACE_optlc_35927         TIEH            saed90nm_max     
PLACE_optlc_35928         TIEH            saed90nm_max     
PLACE_optlc_35929         TIEH            saed90nm_max     
PLACE_optlc_35930         TIEH            saed90nm_max     
PLACE_optlc_35931         TIEH            saed90nm_max     
PLACE_optlc_35932         TIEH            saed90nm_max     
PLACE_optlc_35933         TIEH            saed90nm_max     
PLACE_optlc_35934         TIEH            saed90nm_max     
PLACE_optlc_35935         TIEH            saed90nm_max     
PLACE_optlc_35936         TIEH            saed90nm_max     
PLACE_optlc_35937         TIEH            saed90nm_max     
PLACE_optlc_35938         TIEH            saed90nm_max     
PLACE_optlc_35939         TIEH            saed90nm_max     
PLACE_optlc_35940         TIEH            saed90nm_max     
PLACE_optlc_35941         TIEH            saed90nm_max     
PLACE_optlc_35942         TIEH            saed90nm_max     
PLACE_optlc_35943         TIEH            saed90nm_max     
PLACE_optlc_35944         TIEH            saed90nm_max     
PLACE_optlc_35945         TIEH            saed90nm_max     
PLACE_optlc_35946         TIEH            saed90nm_max     
PLACE_optlc_35947         TIEH            saed90nm_max     
PLACE_optlc_35948         TIEH            saed90nm_max     
PLACE_optlc_35949         TIEH            saed90nm_max     
PLACE_optlc_35950         TIEH            saed90nm_max     
PLACE_optlc_35951         TIEH            saed90nm_max     
PLACE_optlc_35952         TIEH            saed90nm_max     
PLACE_optlc_35953         TIEH            saed90nm_max     
PLACE_optlc_35954         TIEH            saed90nm_max     
PLACE_optlc_35955         TIEH            saed90nm_max     
PLACE_optlc_35956         TIEH            saed90nm_max     
PLACE_optlc_35957         TIEH            saed90nm_max     
PLACE_optlc_35958         TIEH            saed90nm_max     
PLACE_optlc_35959         TIEH            saed90nm_max     
PLACE_optlc_35960         TIEH            saed90nm_max     
PLACE_optlc_35961         TIEH            saed90nm_max     
PLACE_optlc_35962         TIEH            saed90nm_max     
PLACE_optlc_35963         TIEH            saed90nm_max     
PLACE_optlc_35964         TIEH            saed90nm_max     
PLACE_optlc_35965         TIEH            saed90nm_max     
PLACE_optlc_35966         TIEH            saed90nm_max     
PLACE_optlc_35967         TIEH            saed90nm_max     
PLACE_optlc_35968         TIEH            saed90nm_max     
PLACE_optlc_35969         TIEH            saed90nm_max     
PLACE_optlc_35970         TIEH            saed90nm_max     
PLACE_optlc_35971         TIEH            saed90nm_max     
PLACE_optlc_35972         TIEH            saed90nm_max     
PLACE_optlc_35973         TIEH            saed90nm_max     
PLACE_optlc_35974         TIEH            saed90nm_max     
PLACE_optlc_35975         TIEH            saed90nm_max     
PLACE_optlc_35976         TIEH            saed90nm_max     
PLACE_optlc_35977         TIEH            saed90nm_max     
PLACE_optlc_35978         TIEH            saed90nm_max     
PLACE_optlc_35979         TIEH            saed90nm_max     
PLACE_optlc_35980         TIEH            saed90nm_max     
PLACE_optlc_35981         TIEH            saed90nm_max     
PLACE_optlc_35982         TIEH            saed90nm_max     
PLACE_optlc_35983         TIEH            saed90nm_max     
PLACE_optlc_35984         TIEH            saed90nm_max     
PLACE_optlc_35985         TIEH            saed90nm_max     
PLACE_optlc_35986         TIEH            saed90nm_max     
PLACE_optlc_35987         TIEH            saed90nm_max     
PLACE_optlc_35988         TIEH            saed90nm_max     
PLACE_optlc_35989         TIEH            saed90nm_max     
PLACE_optlc_35990         TIEH            saed90nm_max     
PLACE_optlc_35991         TIEH            saed90nm_max     
PLACE_optlc_35992         TIEH            saed90nm_max     
PLACE_optlc_35993         TIEH            saed90nm_max     
PLACE_optlc_35994         TIEH            saed90nm_max     
PLACE_optlc_35995         TIEH            saed90nm_max     
PLACE_optlc_35996         TIEH            saed90nm_max     
PLACE_optlc_35997         TIEH            saed90nm_max     
PLACE_optlc_35998         TIEH            saed90nm_max     
PLACE_optlc_35999         TIEH            saed90nm_max     
PLACE_optlc_36000         TIEH            saed90nm_max     
PLACE_optlc_36001         TIEH            saed90nm_max     
PLACE_optlc_36002         TIEH            saed90nm_max     
PLACE_optlc_36003         TIEH            saed90nm_max     
PLACE_optlc_36004         TIEH            saed90nm_max     
PLACE_optlc_36005         TIEH            saed90nm_max     
PLACE_optlc_36006         TIEH            saed90nm_max     
PLACE_optlc_36007         TIEH            saed90nm_max     
PLACE_optlc_36008         TIEH            saed90nm_max     
PLACE_optlc_36009         TIEH            saed90nm_max     
PLACE_optlc_36010         TIEH            saed90nm_max     
PLACE_optlc_36011         TIEH            saed90nm_max     
PLACE_optlc_36012         TIEH            saed90nm_max     
PLACE_optlc_36013         TIEH            saed90nm_max     
PLACE_optlc_36014         TIEH            saed90nm_max     
PLACE_optlc_36015         TIEH            saed90nm_max     
PLACE_optlc_36016         TIEH            saed90nm_max     
PLACE_optlc_36017         TIEH            saed90nm_max     
PLACE_optlc_36018         TIEH            saed90nm_max     
PLACE_optlc_36019         TIEH            saed90nm_max     
PLACE_optlc_36020         TIEH            saed90nm_max     
PLACE_optlc_36021         TIEH            saed90nm_max     
PLACE_optlc_36022         TIEH            saed90nm_max     
PLACE_optlc_36023         TIEH            saed90nm_max     
PLACE_optlc_36024         TIEH            saed90nm_max     
PLACE_optlc_36025         TIEH            saed90nm_max     
PLACE_optlc_36026         TIEH            saed90nm_max     
PLACE_optlc_36027         TIEH            saed90nm_max     
PLACE_optlc_36028         TIEH            saed90nm_max     
PLACE_optlc_36029         TIEH            saed90nm_max     
PLACE_optlc_36030         TIEH            saed90nm_max     
PLACE_optlc_36031         TIEH            saed90nm_max     
PLACE_optlc_36032         TIEH            saed90nm_max     
PLACE_optlc_36033         TIEH            saed90nm_max     
PLACE_optlc_36034         TIEH            saed90nm_max     
PLACE_optlc_36035         TIEH            saed90nm_max     
PLACE_optlc_36036         TIEH            saed90nm_max     
PLACE_optlc_36037         TIEH            saed90nm_max     
PLACE_optlc_36038         TIEH            saed90nm_max     
PLACE_optlc_36039         TIEH            saed90nm_max     
PLACE_optlc_36040         TIEH            saed90nm_max     
PLACE_optlc_36041         TIEH            saed90nm_max     
PLACE_optlc_36042         TIEH            saed90nm_max     
PLACE_optlc_36043         TIEH            saed90nm_max     
PLACE_optlc_36044         TIEH            saed90nm_max     
PLACE_optlc_36045         TIEH            saed90nm_max     
PLACE_optlc_36046         TIEH            saed90nm_max     
PLACE_optlc_36047         TIEH            saed90nm_max     
PLACE_optlc_36048         TIEH            saed90nm_max     
PLACE_optlc_36049         TIEH            saed90nm_max     
PLACE_optlc_36050         TIEH            saed90nm_max     
PLACE_optlc_36051         TIEH            saed90nm_max     
PLACE_optlc_36052         TIEH            saed90nm_max     
PLACE_optlc_36053         TIEH            saed90nm_max     
PLACE_optlc_36054         TIEH            saed90nm_max     
PLACE_optlc_36055         TIEH            saed90nm_max     
PLACE_optlc_36056         TIEH            saed90nm_max     
PLACE_optlc_36057         TIEH            saed90nm_max     
PLACE_optlc_36058         TIEH            saed90nm_max     
PLACE_optlc_36059         TIEH            saed90nm_max     
PLACE_optlc_36060         TIEH            saed90nm_max     
PLACE_optlc_36061         TIEH            saed90nm_max     
PLACE_optlc_36062         TIEH            saed90nm_max     
PLACE_optlc_36063         TIEH            saed90nm_max     
PLACE_optlc_36064         TIEH            saed90nm_max     
PLACE_optlc_36065         TIEH            saed90nm_max     
PLACE_optlc_36066         TIEH            saed90nm_max     
PLACE_optlc_36067         TIEH            saed90nm_max     
PLACE_optlc_36068         TIEH            saed90nm_max     
PLACE_optlc_36069         TIEH            saed90nm_max     
PLACE_optlc_36070         TIEH            saed90nm_max     
PLACE_optlc_36071         TIEH            saed90nm_max     
PLACE_optlc_36072         TIEH            saed90nm_max     
PLACE_optlc_36073         TIEH            saed90nm_max     
PLACE_optlc_36074         TIEH            saed90nm_max     
PLACE_optlc_36075         TIEH            saed90nm_max     
PLACE_optlc_36076         TIEH            saed90nm_max     
PLACE_optlc_36077         TIEH            saed90nm_max     
PLACE_optlc_36078         TIEH            saed90nm_max     
PLACE_optlc_36079         TIEH            saed90nm_max     
PLACE_optlc_36080         TIEH            saed90nm_max     
PLACE_optlc_36081         TIEH            saed90nm_max     
PLACE_optlc_36082         TIEH            saed90nm_max     
PLACE_optlc_36083         TIEH            saed90nm_max     
PLACE_optlc_36084         TIEH            saed90nm_max     
PLACE_optlc_36085         TIEH            saed90nm_max     
PLACE_optlc_36086         TIEH            saed90nm_max     
PLACE_optlc_36087         TIEH            saed90nm_max     
PLACE_optlc_36088         TIEH            saed90nm_max     
PLACE_optlc_36089         TIEH            saed90nm_max     
PLACE_optlc_36090         TIEH            saed90nm_max     
PLACE_optlc_36091         TIEH            saed90nm_max     
PLACE_optlc_36092         TIEH            saed90nm_max     
PLACE_optlc_36093         TIEH            saed90nm_max     
PLACE_optlc_36094         TIEH            saed90nm_max     
PLACE_optlc_36095         TIEH            saed90nm_max     
PLACE_optlc_36096         TIEH            saed90nm_max     
PLACE_optlc_36097         TIEH            saed90nm_max     
PLACE_optlc_36098         TIEH            saed90nm_max     
PLACE_optlc_36099         TIEH            saed90nm_max     
PLACE_optlc_36100         TIEH            saed90nm_max     
PLACE_optlc_36101         TIEH            saed90nm_max     
PLACE_optlc_36102         TIEH            saed90nm_max     
PLACE_optlc_36103         TIEH            saed90nm_max     
PLACE_optlc_36104         TIEH            saed90nm_max     
PLACE_optlc_36105         TIEH            saed90nm_max     
PLACE_optlc_36106         TIEH            saed90nm_max     
PLACE_optlc_36107         TIEH            saed90nm_max     
PLACE_optlc_36108         TIEH            saed90nm_max     
PLACE_optlc_36109         TIEH            saed90nm_max     
PLACE_optlc_36110         TIEH            saed90nm_max     
PLACE_optlc_36111         TIEH            saed90nm_max     
PLACE_optlc_36112         TIEH            saed90nm_max     
PLACE_optlc_36113         TIEH            saed90nm_max     
PLACE_optlc_36114         TIEH            saed90nm_max     
PLACE_optlc_36115         TIEH            saed90nm_max     
PLACE_optlc_36116         TIEH            saed90nm_max     
PLACE_optlc_36117         TIEH            saed90nm_max     
PLACE_optlc_36118         TIEH            saed90nm_max     
PLACE_optlc_36119         TIEH            saed90nm_max     
PLACE_optlc_36120         TIEH            saed90nm_max     
PLACE_optlc_36121         TIEH            saed90nm_max     
PLACE_optlc_36122         TIEH            saed90nm_max     
PLACE_optlc_36123         TIEH            saed90nm_max     
PLACE_optlc_36124         TIEH            saed90nm_max     
PLACE_optlc_36125         TIEH            saed90nm_max     
PLACE_optlc_36126         TIEH            saed90nm_max     
PLACE_optlc_36127         TIEH            saed90nm_max     
PLACE_optlc_36128         TIEH            saed90nm_max     
PLACE_optlc_36129         TIEH            saed90nm_max     
PLACE_optlc_36130         TIEH            saed90nm_max     
PLACE_optlc_36131         TIEH            saed90nm_max     
PLACE_optlc_36132         TIEH            saed90nm_max     
PLACE_optlc_36133         TIEH            saed90nm_max     
PLACE_optlc_36134         TIEH            saed90nm_max     
PLACE_optlc_36135         TIEH            saed90nm_max     
PLACE_optlc_36136         TIEH            saed90nm_max     
PLACE_optlc_36137         TIEH            saed90nm_max     
PLACE_optlc_36138         TIEH            saed90nm_max     
PLACE_optlc_36139         TIEH            saed90nm_max     
PLACE_optlc_36140         TIEH            saed90nm_max     
PLACE_optlc_36141         TIEH            saed90nm_max     
PLACE_optlc_36142         TIEH            saed90nm_max     
PLACE_optlc_36143         TIEH            saed90nm_max     
PLACE_optlc_36144         TIEH            saed90nm_max     
PLACE_optlc_36145         TIEH            saed90nm_max     
PLACE_optlc_36146         TIEH            saed90nm_max     
PLACE_optlc_36147         TIEH            saed90nm_max     
PLACE_optlc_36148         TIEH            saed90nm_max     
PLACE_optlc_36149         TIEH            saed90nm_max     
PLACE_optlc_36150         TIEH            saed90nm_max     
PLACE_optlc_36151         TIEH            saed90nm_max     
PLACE_optlc_36152         TIEH            saed90nm_max     
PLACE_optlc_36153         TIEH            saed90nm_max     
PLACE_optlc_36154         TIEH            saed90nm_max     
PLACE_optlc_36155         TIEH            saed90nm_max     
PLACE_optlc_36156         TIEH            saed90nm_max     
PLACE_optlc_36157         TIEH            saed90nm_max     
PLACE_optlc_36158         TIEH            saed90nm_max     
PLACE_optlc_36159         TIEH            saed90nm_max     
PLACE_optlc_36160         TIEH            saed90nm_max     
PLACE_optlc_36161         TIEH            saed90nm_max     
PLACE_optlc_36162         TIEH            saed90nm_max     
PLACE_optlc_36163         TIEH            saed90nm_max     
PLACE_optlc_36164         TIEH            saed90nm_max     
PLACE_optlc_36165         TIEH            saed90nm_max     
PLACE_optlc_36166         TIEH            saed90nm_max     
PLACE_optlc_36167         TIEH            saed90nm_max     
PLACE_optlc_36168         TIEH            saed90nm_max     
PLACE_optlc_36169         TIEH            saed90nm_max     
PLACE_optlc_36170         TIEH            saed90nm_max     
PLACE_optlc_36171         TIEH            saed90nm_max     
PLACE_optlc_36172         TIEH            saed90nm_max     
PLACE_optlc_36173         TIEH            saed90nm_max     
PLACE_optlc_36174         TIEH            saed90nm_max     
PLACE_optlc_36175         TIEH            saed90nm_max     
PLACE_optlc_36176         TIEH            saed90nm_max     
PLACE_optlc_36177         TIEH            saed90nm_max     
PLACE_optlc_36178         TIEH            saed90nm_max     
PLACE_optlc_36179         TIEH            saed90nm_max     
PLACE_optlc_36180         TIEH            saed90nm_max     
PLACE_optlc_36181         TIEH            saed90nm_max     
PLACE_optlc_36182         TIEH            saed90nm_max     
PLACE_optlc_36183         TIEH            saed90nm_max     
PLACE_optlc_36184         TIEH            saed90nm_max     
PLACE_optlc_36185         TIEH            saed90nm_max     
PLACE_optlc_36186         TIEH            saed90nm_max     
PLACE_optlc_36187         TIEH            saed90nm_max     
PLACE_optlc_36188         TIEH            saed90nm_max     
PLACE_optlc_36189         TIEH            saed90nm_max     
PLACE_optlc_36190         TIEH            saed90nm_max     
PLACE_optlc_36191         TIEH            saed90nm_max     
PLACE_optlc_36192         TIEH            saed90nm_max     
PLACE_optlc_36193         TIEH            saed90nm_max     
PLACE_optlc_36194         TIEH            saed90nm_max     
PLACE_optlc_36195         TIEH            saed90nm_max     
PLACE_optlc_36196         TIEH            saed90nm_max     
PLACE_optlc_36197         TIEH            saed90nm_max     
PLACE_optlc_36198         TIEH            saed90nm_max     
PLACE_optlc_36199         TIEH            saed90nm_max     
PLACE_optlc_36200         TIEH            saed90nm_max     
PLACE_optlc_36201         TIEH            saed90nm_max     
PLACE_optlc_36202         TIEH            saed90nm_max     
PLACE_optlc_36203         TIEH            saed90nm_max     
PLACE_optlc_36204         TIEH            saed90nm_max     
PLACE_optlc_36205         TIEH            saed90nm_max     
PLACE_optlc_36206         TIEH            saed90nm_max     
PLACE_optlc_36207         TIEH            saed90nm_max     
PLACE_optlc_36208         TIEH            saed90nm_max     
PLACE_optlc_36209         TIEH            saed90nm_max     
PLACE_optlc_36210         TIEH            saed90nm_max     
PLACE_optlc_36211         TIEH            saed90nm_max     
PLACE_optlc_36212         TIEH            saed90nm_max     
PLACE_optlc_36213         TIEH            saed90nm_max     
PLACE_optlc_36214         TIEH            saed90nm_max     
PLACE_optlc_36215         TIEH            saed90nm_max     
PLACE_optlc_36216         TIEH            saed90nm_max     
PLACE_optlc_36217         TIEH            saed90nm_max     
PLACE_optlc_36218         TIEH            saed90nm_max     
PLACE_optlc_36219         TIEH            saed90nm_max     
PLACE_optlc_36220         TIEH            saed90nm_max     
PLACE_optlc_36221         TIEH            saed90nm_max     
PLACE_optlc_36222         TIEH            saed90nm_max     
PLACE_optlc_36223         TIEH            saed90nm_max     
PLACE_optlc_36224         TIEH            saed90nm_max     
PLACE_optlc_36225         TIEH            saed90nm_max     
PLACE_optlc_36226         TIEH            saed90nm_max     
PLACE_optlc_36227         TIEH            saed90nm_max     
PLACE_optlc_36228         TIEH            saed90nm_max     
PLACE_optlc_36229         TIEH            saed90nm_max     
PLACE_optlc_36230         TIEH            saed90nm_max     
PLACE_optlc_36231         TIEH            saed90nm_max     
PLACE_optlc_36232         TIEH            saed90nm_max     
PLACE_optlc_36233         TIEH            saed90nm_max     
PLACE_optlc_36234         TIEH            saed90nm_max     
PLACE_optlc_36235         TIEH            saed90nm_max     
PLACE_optlc_36236         TIEH            saed90nm_max     
PLACE_optlc_36237         TIEH            saed90nm_max     
PLACE_optlc_36238         TIEH            saed90nm_max     
PLACE_optlc_36239         TIEH            saed90nm_max     
PLACE_optlc_36240         TIEH            saed90nm_max     
PLACE_optlc_36241         TIEH            saed90nm_max     
PLACE_optlc_36242         TIEH            saed90nm_max     
PLACE_optlc_36243         TIEH            saed90nm_max     
PLACE_optlc_36244         TIEH            saed90nm_max     
PLACE_optlc_36245         TIEH            saed90nm_max     
PLACE_optlc_36246         TIEH            saed90nm_max     
PLACE_optlc_36247         TIEH            saed90nm_max     
PLACE_optlc_36248         TIEH            saed90nm_max     
PLACE_optlc_36249         TIEH            saed90nm_max     
PLACE_optlc_36250         TIEH            saed90nm_max     
PLACE_optlc_36251         TIEH            saed90nm_max     
PLACE_optlc_36252         TIEH            saed90nm_max     
PLACE_optlc_36253         TIEH            saed90nm_max     
PLACE_optlc_36254         TIEH            saed90nm_max     
PLACE_optlc_36255         TIEH            saed90nm_max     
PLACE_optlc_36256         TIEH            saed90nm_max     
PLACE_optlc_36257         TIEH            saed90nm_max     
PLACE_optlc_36258         TIEH            saed90nm_max     
PLACE_optlc_36259         TIEH            saed90nm_max     
PLACE_optlc_36260         TIEH            saed90nm_max     
PLACE_optlc_36261         TIEH            saed90nm_max     
PLACE_optlc_36262         TIEH            saed90nm_max     
PLACE_optlc_36263         TIEH            saed90nm_max     
PLACE_optlc_36264         TIEH            saed90nm_max     
PLACE_optlc_36265         TIEH            saed90nm_max     
PLACE_optlc_36266         TIEH            saed90nm_max     
PLACE_optlc_36267         TIEH            saed90nm_max     
PLACE_optlc_36268         TIEH            saed90nm_max     
PLACE_optlc_36269         TIEH            saed90nm_max     
PLACE_optlc_36270         TIEH            saed90nm_max     
PLACE_optlc_36271         TIEH            saed90nm_max     
PLACE_optlc_36272         TIEH            saed90nm_max     
PLACE_optlc_36273         TIEH            saed90nm_max     
PLACE_optlc_36274         TIEH            saed90nm_max     
PLACE_optlc_36275         TIEH            saed90nm_max     
PLACE_optlc_36276         TIEH            saed90nm_max     
PLACE_optlc_36277         TIEH            saed90nm_max     
PLACE_optlc_36278         TIEH            saed90nm_max     
PLACE_optlc_36279         TIEH            saed90nm_max     
PLACE_optlc_36280         TIEH            saed90nm_max     
PLACE_optlc_36281         TIEH            saed90nm_max     
PLACE_optlc_36282         TIEH            saed90nm_max     
PLACE_optlc_36283         TIEH            saed90nm_max     
PLACE_optlc_36284         TIEH            saed90nm_max     
PLACE_optlc_36285         TIEH            saed90nm_max     
PLACE_optlc_36286         TIEH            saed90nm_max     
PLACE_optlc_36287         TIEH            saed90nm_max     
PLACE_optlc_36288         TIEH            saed90nm_max     
PLACE_optlc_36289         TIEH            saed90nm_max     
PLACE_optlc_36290         TIEH            saed90nm_max     
PLACE_optlc_36291         TIEH            saed90nm_max     
PLACE_optlc_36292         TIEH            saed90nm_max     
PLACE_optlc_36293         TIEH            saed90nm_max     
PLACE_optlc_36294         TIEH            saed90nm_max     
PLACE_optlc_36295         TIEH            saed90nm_max     
PLACE_optlc_36296         TIEH            saed90nm_max     
PLACE_optlc_36297         TIEH            saed90nm_max     
PLACE_optlc_36298         TIEH            saed90nm_max     
PLACE_optlc_36299         TIEH            saed90nm_max     
PLACE_optlc_36300         TIEH            saed90nm_max     
PLACE_optlc_36301         TIEH            saed90nm_max     
PLACE_optlc_36302         TIEH            saed90nm_max     
PLACE_optlc_36303         TIEH            saed90nm_max     
PLACE_optlc_36304         TIEH            saed90nm_max     
PLACE_optlc_36305         TIEH            saed90nm_max     
PLACE_optlc_36306         TIEH            saed90nm_max     
PLACE_optlc_36307         TIEH            saed90nm_max     
PLACE_optlc_36308         TIEH            saed90nm_max     
PLACE_optlc_36309         TIEH            saed90nm_max     
PLACE_optlc_36310         TIEH            saed90nm_max     
PLACE_optlc_36311         TIEH            saed90nm_max     
PLACE_optlc_36312         TIEH            saed90nm_max     
PLACE_optlc_36313         TIEH            saed90nm_max     
PLACE_optlc_36314         TIEH            saed90nm_max     
PLACE_optlc_36315         TIEH            saed90nm_max     
PLACE_optlc_36316         TIEH            saed90nm_max     
PLACE_optlc_36317         TIEH            saed90nm_max     
PLACE_optlc_36318         TIEH            saed90nm_max     
PLACE_optlc_36319         TIEH            saed90nm_max     
PLACE_optlc_36320         TIEH            saed90nm_max     
PLACE_optlc_36321         TIEH            saed90nm_max     
PLACE_optlc_36322         TIEH            saed90nm_max     
PLACE_optlc_36323         TIEH            saed90nm_max     
PLACE_optlc_36324         TIEH            saed90nm_max     
PLACE_optlc_36325         TIEH            saed90nm_max     
PLACE_optlc_36326         TIEH            saed90nm_max     
PLACE_optlc_36327         TIEH            saed90nm_max     
PLACE_optlc_36328         TIEH            saed90nm_max     
PLACE_optlc_36329         TIEH            saed90nm_max     
PLACE_optlc_36330         TIEH            saed90nm_max     
PLACE_optlc_36331         TIEH            saed90nm_max     
PLACE_optlc_36332         TIEH            saed90nm_max     
PLACE_optlc_36333         TIEH            saed90nm_max     
PLACE_optlc_36334         TIEH            saed90nm_max     
PLACE_optlc_36335         TIEH            saed90nm_max     
PLACE_optlc_36336         TIEH            saed90nm_max     
PLACE_optlc_36337         TIEH            saed90nm_max     
PLACE_optlc_36338         TIEH            saed90nm_max     
PLACE_optlc_36339         TIEH            saed90nm_max     
PLACE_optlc_36340         TIEH            saed90nm_max     
PLACE_optlc_36341         TIEH            saed90nm_max     
PLACE_optlc_36342         TIEH            saed90nm_max     
PLACE_optlc_36343         TIEH            saed90nm_max     
PLACE_optlc_36344         TIEH            saed90nm_max     
PLACE_optlc_36345         TIEH            saed90nm_max     
PLACE_optlc_36346         TIEH            saed90nm_max     
PLACE_optlc_36347         TIEH            saed90nm_max     
PLACE_optlc_36348         TIEH            saed90nm_max     
PLACE_optlc_36349         TIEH            saed90nm_max     
PLACE_optlc_36350         TIEH            saed90nm_max     
PLACE_optlc_36351         TIEH            saed90nm_max     
PLACE_optlc_36352         TIEH            saed90nm_max     
PLACE_optlc_36353         TIEH            saed90nm_max     
PLACE_optlc_36354         TIEH            saed90nm_max     
PLACE_optlc_36355         TIEH            saed90nm_max     
PLACE_optlc_36356         TIEH            saed90nm_max     
PLACE_optlc_36357         TIEH            saed90nm_max     
PLACE_optlc_36358         TIEH            saed90nm_max     
PLACE_optlc_36359         TIEH            saed90nm_max     
PLACE_optlc_36360         TIEH            saed90nm_max     
PLACE_optlc_36361         TIEH            saed90nm_max     
PLACE_optlc_36362         TIEH            saed90nm_max     
PLACE_optlc_36363         TIEH            saed90nm_max     
PLACE_optlc_36364         TIEH            saed90nm_max     
PLACE_optlc_36365         TIEH            saed90nm_max     
PLACE_optlc_36366         TIEH            saed90nm_max     
PLACE_optlc_36367         TIEH            saed90nm_max     
PLACE_optlc_36368         TIEH            saed90nm_max     
PLACE_optlc_36369         TIEH            saed90nm_max     
PLACE_optlc_36370         TIEH            saed90nm_max     
PLACE_optlc_36371         TIEH            saed90nm_max     
PLACE_optlc_36372         TIEH            saed90nm_max     
PLACE_optlc_36373         TIEH            saed90nm_max     
PLACE_optlc_36374         TIEH            saed90nm_max     
PLACE_optlc_36375         TIEH            saed90nm_max     
PLACE_optlc_36376         TIEH            saed90nm_max     
PLACE_optlc_36377         TIEH            saed90nm_max     
PLACE_optlc_36378         TIEH            saed90nm_max     
PLACE_optlc_36379         TIEH            saed90nm_max     
PLACE_optlc_36380         TIEH            saed90nm_max     
PLACE_optlc_36381         TIEH            saed90nm_max     
PLACE_optlc_36382         TIEH            saed90nm_max     
PLACE_optlc_36383         TIEH            saed90nm_max     
PLACE_optlc_36384         TIEH            saed90nm_max     
PLACE_optlc_36385         TIEH            saed90nm_max     
PLACE_optlc_36386         TIEH            saed90nm_max     
PLACE_optlc_36387         TIEH            saed90nm_max     
PLACE_optlc_36388         TIEH            saed90nm_max     
PLACE_optlc_36389         TIEH            saed90nm_max     
PLACE_optlc_36390         TIEH            saed90nm_max     
PLACE_optlc_36391         TIEH            saed90nm_max     
PLACE_optlc_36392         TIEH            saed90nm_max     
PLACE_optlc_36393         TIEH            saed90nm_max     
PLACE_optlc_36394         TIEH            saed90nm_max     
PLACE_optlc_36395         TIEH            saed90nm_max     
PLACE_optlc_36396         TIEH            saed90nm_max     
PLACE_optlc_36397         TIEH            saed90nm_max     
PLACE_optlc_36398         TIEH            saed90nm_max     
PLACE_optlc_36399         TIEH            saed90nm_max     
PLACE_optlc_36400         TIEH            saed90nm_max     
PLACE_optlc_36401         TIEH            saed90nm_max     
PLACE_optlc_36402         TIEH            saed90nm_max     
PLACE_optlc_36403         TIEH            saed90nm_max     
PLACE_optlc_36404         TIEH            saed90nm_max     
PLACE_optlc_36405         TIEH            saed90nm_max     
PLACE_optlc_36406         TIEH            saed90nm_max     
PLACE_optlc_36407         TIEH            saed90nm_max     
PLACE_optlc_36408         TIEH            saed90nm_max     
PLACE_optlc_36409         TIEH            saed90nm_max     
PLACE_optlc_36410         TIEH            saed90nm_max     
PLACE_optlc_36411         TIEH            saed90nm_max     
PLACE_optlc_36412         TIEH            saed90nm_max     
PLACE_optlc_36413         TIEH            saed90nm_max     
PLACE_optlc_36414         TIEH            saed90nm_max     
PLACE_optlc_36415         TIEH            saed90nm_max     
PLACE_optlc_36416         TIEH            saed90nm_max     
PLACE_optlc_36417         TIEH            saed90nm_max     
PLACE_optlc_36418         TIEH            saed90nm_max     
PLACE_optlc_36419         TIEH            saed90nm_max     
PLACE_optlc_36420         TIEH            saed90nm_max     
PLACE_optlc_36421         TIEH            saed90nm_max     
PLACE_optlc_36422         TIEH            saed90nm_max     
PLACE_optlc_36423         TIEH            saed90nm_max     
PLACE_optlc_36424         TIEH            saed90nm_max     
PLACE_optlc_36425         TIEH            saed90nm_max     
PLACE_optlc_36426         TIEH            saed90nm_max     
PLACE_optlc_36427         TIEH            saed90nm_max     
PLACE_optlc_36428         TIEH            saed90nm_max     
PLACE_optlc_36429         TIEH            saed90nm_max     
PLACE_optlc_36430         TIEH            saed90nm_max     
PLACE_optlc_36431         TIEH            saed90nm_max     
PLACE_optlc_36432         TIEH            saed90nm_max     
PLACE_optlc_36433         TIEH            saed90nm_max     
PLACE_optlc_36434         TIEH            saed90nm_max     
PLACE_optlc_36435         TIEH            saed90nm_max     
PLACE_optlc_36436         TIEH            saed90nm_max     
PLACE_optlc_36437         TIEH            saed90nm_max     
PLACE_optlc_36438         TIEH            saed90nm_max     
PLACE_optlc_36439         TIEH            saed90nm_max     
PLACE_optlc_36440         TIEH            saed90nm_max     
PLACE_optlc_36441         TIEH            saed90nm_max     
PLACE_optlc_36442         TIEH            saed90nm_max     
PLACE_optlc_36443         TIEH            saed90nm_max     
PLACE_optlc_36444         TIEH            saed90nm_max     
PLACE_optlc_36445         TIEH            saed90nm_max     
PLACE_optlc_36446         TIEH            saed90nm_max     
PLACE_optlc_36447         TIEH            saed90nm_max     
PLACE_optlc_36448         TIEH            saed90nm_max     
PLACE_optlc_36449         TIEH            saed90nm_max     
PLACE_optlc_36450         TIEH            saed90nm_max     
PLACE_optlc_36451         TIEH            saed90nm_max     
PLACE_optlc_36452         TIEH            saed90nm_max     
PLACE_optlc_36453         TIEH            saed90nm_max     
PLACE_optlc_36454         TIEH            saed90nm_max     
PLACE_optlc_36455         TIEH            saed90nm_max     
PLACE_optlc_36456         TIEH            saed90nm_max     
PLACE_optlc_36457         TIEH            saed90nm_max     
PLACE_optlc_36458         TIEH            saed90nm_max     
PLACE_optlc_36459         TIEH            saed90nm_max     
PLACE_optlc_36460         TIEH            saed90nm_max     
PLACE_optlc_36461         TIEH            saed90nm_max     
PLACE_optlc_36462         TIEH            saed90nm_max     
PLACE_optlc_36463         TIEH            saed90nm_max     
PLACE_optlc_36464         TIEH            saed90nm_max     
PLACE_optlc_36465         TIEH            saed90nm_max     
PLACE_optlc_36466         TIEH            saed90nm_max     
PLACE_optlc_36467         TIEH            saed90nm_max     
PLACE_optlc_36468         TIEH            saed90nm_max     
PLACE_optlc_36469         TIEH            saed90nm_max     
PLACE_optlc_36470         TIEH            saed90nm_max     
PLACE_optlc_36471         TIEH            saed90nm_max     
PLACE_optlc_36472         TIEH            saed90nm_max     
PLACE_optlc_36473         TIEH            saed90nm_max     
PLACE_optlc_36474         TIEH            saed90nm_max     
PLACE_optlc_36475         TIEH            saed90nm_max     
PLACE_optlc_36476         TIEH            saed90nm_max     
PLACE_optlc_36477         TIEH            saed90nm_max     
PLACE_optlc_36478         TIEH            saed90nm_max     
PLACE_optlc_36479         TIEH            saed90nm_max     
PLACE_optlc_36480         TIEH            saed90nm_max     
PLACE_optlc_36481         TIEH            saed90nm_max     
PLACE_optlc_36482         TIEH            saed90nm_max     
PLACE_optlc_36483         TIEH            saed90nm_max     
PLACE_optlc_36484         TIEH            saed90nm_max     
PLACE_optlc_36485         TIEH            saed90nm_max     
PLACE_optlc_36486         TIEH            saed90nm_max     
PLACE_optlc_36487         TIEH            saed90nm_max     
PLACE_optlc_36488         TIEH            saed90nm_max     
PLACE_optlc_36489         TIEH            saed90nm_max     
PLACE_optlc_36490         TIEH            saed90nm_max     
PLACE_optlc_36491         TIEH            saed90nm_max     
PLACE_optlc_36492         TIEH            saed90nm_max     
PLACE_optlc_36493         TIEH            saed90nm_max     
PLACE_optlc_36494         TIEH            saed90nm_max     
PLACE_optlc_36495         TIEH            saed90nm_max     
PLACE_optlc_36496         TIEH            saed90nm_max     
PLACE_optlc_36497         TIEH            saed90nm_max     
PLACE_optlc_36498         TIEH            saed90nm_max     
PLACE_optlc_36499         TIEH            saed90nm_max     
PLACE_optlc_36500         TIEH            saed90nm_max     
PLACE_optlc_36501         TIEH            saed90nm_max     
PLACE_optlc_36502         TIEH            saed90nm_max     
PLACE_optlc_36503         TIEH            saed90nm_max     
PLACE_optlc_36504         TIEH            saed90nm_max     
PLACE_optlc_36505         TIEH            saed90nm_max     
PLACE_optlc_36506         TIEH            saed90nm_max     
PLACE_optlc_36507         TIEH            saed90nm_max     
PLACE_optlc_36508         TIEH            saed90nm_max     
PLACE_optlc_36509         TIEH            saed90nm_max     
PLACE_optlc_36510         TIEH            saed90nm_max     
PLACE_optlc_36511         TIEH            saed90nm_max     
PLACE_optlc_36512         TIEH            saed90nm_max     
PLACE_optlc_36513         TIEH            saed90nm_max     
PLACE_optlc_36514         TIEH            saed90nm_max     
PLACE_optlc_36515         TIEH            saed90nm_max     
PLACE_optlc_36516         TIEH            saed90nm_max     
PLACE_optlc_36517         TIEH            saed90nm_max     
PLACE_optlc_36518         TIEH            saed90nm_max     
PLACE_optlc_36519         TIEH            saed90nm_max     
PLACE_optlc_36520         TIEH            saed90nm_max     
PLACE_optlc_36521         TIEH            saed90nm_max     
PLACE_optlc_36522         TIEH            saed90nm_max     
PLACE_optlc_36523         TIEH            saed90nm_max     
PLACE_optlc_36524         TIEH            saed90nm_max     
PLACE_optlc_36525         TIEH            saed90nm_max     
PLACE_optlc_36526         TIEH            saed90nm_max     
PLACE_optlc_36527         TIEH            saed90nm_max     
PLACE_optlc_36528         TIEH            saed90nm_max     
PLACE_optlc_36529         TIEH            saed90nm_max     
PLACE_optlc_36530         TIEH            saed90nm_max     
PLACE_optlc_36531         TIEH            saed90nm_max     
PLACE_optlc_36532         TIEH            saed90nm_max     
PLACE_optlc_36533         TIEH            saed90nm_max     
PLACE_optlc_36534         TIEH            saed90nm_max     
PLACE_optlc_36535         TIEH            saed90nm_max     
PLACE_optlc_36536         TIEH            saed90nm_max     
PLACE_optlc_36537         TIEH            saed90nm_max     
PLACE_optlc_36538         TIEH            saed90nm_max     
PLACE_optlc_36539         TIEH            saed90nm_max     
PLACE_optlc_36540         TIEH            saed90nm_max     
PLACE_optlc_36541         TIEH            saed90nm_max     
PLACE_optlc_36542         TIEH            saed90nm_max     
PLACE_optlc_36543         TIEH            saed90nm_max     
PLACE_optlc_36544         TIEH            saed90nm_max     
PLACE_optlc_36545         TIEH            saed90nm_max     
PLACE_optlc_36546         TIEH            saed90nm_max     
PLACE_optlc_36547         TIEH            saed90nm_max     
PLACE_optlc_36548         TIEH            saed90nm_max     
PLACE_optlc_36549         TIEH            saed90nm_max     
PLACE_optlc_36550         TIEH            saed90nm_max     
PLACE_optlc_36551         TIEH            saed90nm_max     
PLACE_optlc_36552         TIEH            saed90nm_max     
PLACE_optlc_36553         TIEH            saed90nm_max     
PLACE_optlc_36554         TIEH            saed90nm_max     
PLACE_optlc_36555         TIEH            saed90nm_max     
PLACE_optlc_36556         TIEH            saed90nm_max     
PLACE_optlc_36557         TIEH            saed90nm_max     
PLACE_optlc_36558         TIEH            saed90nm_max     
PLACE_optlc_36559         TIEH            saed90nm_max     
PLACE_optlc_36560         TIEH            saed90nm_max     
PLACE_optlc_36561         TIEH            saed90nm_max     
PLACE_optlc_36562         TIEH            saed90nm_max     
PLACE_optlc_36563         TIEH            saed90nm_max     
PLACE_optlc_36564         TIEH            saed90nm_max     
PLACE_optlc_36565         TIEH            saed90nm_max     
PLACE_optlc_36566         TIEH            saed90nm_max     
PLACE_optlc_36567         TIEH            saed90nm_max     
PLACE_optlc_36568         TIEH            saed90nm_max     
PLACE_optlc_36569         TIEH            saed90nm_max     
PLACE_optlc_36570         TIEH            saed90nm_max     
PLACE_optlc_36571         TIEH            saed90nm_max     
PLACE_optlc_36572         TIEH            saed90nm_max     
PLACE_optlc_36573         TIEH            saed90nm_max     
PLACE_optlc_36574         TIEH            saed90nm_max     
PLACE_optlc_36575         TIEH            saed90nm_max     
PLACE_optlc_36576         TIEH            saed90nm_max     
PLACE_optlc_36577         TIEH            saed90nm_max     
PLACE_optlc_36578         TIEH            saed90nm_max     
PLACE_optlc_36579         TIEH            saed90nm_max     
PLACE_optlc_36580         TIEH            saed90nm_max     
PLACE_optlc_36581         TIEH            saed90nm_max     
PLACE_optlc_36582         TIEH            saed90nm_max     
PLACE_optlc_36583         TIEH            saed90nm_max     
PLACE_optlc_36584         TIEH            saed90nm_max     
PLACE_optlc_36585         TIEH            saed90nm_max     
PLACE_optlc_36586         TIEH            saed90nm_max     
PLACE_optlc_36587         TIEH            saed90nm_max     
PLACE_optlc_36588         TIEH            saed90nm_max     
PLACE_optlc_36589         TIEH            saed90nm_max     
PLACE_optlc_36590         TIEH            saed90nm_max     
PLACE_optlc_36591         TIEH            saed90nm_max     
PLACE_optlc_36592         TIEH            saed90nm_max     
PLACE_optlc_36593         TIEH            saed90nm_max     
PLACE_optlc_36594         TIEH            saed90nm_max     
PLACE_optlc_36595         TIEH            saed90nm_max     
PLACE_optlc_36596         TIEH            saed90nm_max     
PLACE_optlc_36597         TIEH            saed90nm_max     
PLACE_optlc_36598         TIEH            saed90nm_max     
PLACE_optlc_36599         TIEH            saed90nm_max     
PLACE_optlc_36600         TIEH            saed90nm_max     
PLACE_optlc_36601         TIEH            saed90nm_max     
PLACE_optlc_36602         TIEH            saed90nm_max     
PLACE_optlc_36603         TIEH            saed90nm_max     
PLACE_optlc_36604         TIEH            saed90nm_max     
PLACE_optlc_36605         TIEH            saed90nm_max     
PLACE_optlc_36606         TIEH            saed90nm_max     
PLACE_optlc_36607         TIEH            saed90nm_max     
PLACE_optlc_36608         TIEH            saed90nm_max     
PLACE_optlc_36609         TIEH            saed90nm_max     
PLACE_optlc_36610         TIEH            saed90nm_max     
PLACE_optlc_36611         TIEH            saed90nm_max     
PLACE_optlc_36612         TIEH            saed90nm_max     
PLACE_optlc_36613         TIEH            saed90nm_max     
PLACE_optlc_36614         TIEH            saed90nm_max     
PLACE_optlc_36615         TIEH            saed90nm_max     
PLACE_optlc_36616         TIEH            saed90nm_max     
PLACE_optlc_36617         TIEH            saed90nm_max     
PLACE_optlc_36618         TIEH            saed90nm_max     
PLACE_optlc_36619         TIEH            saed90nm_max     
PLACE_optlc_36620         TIEH            saed90nm_max     
PLACE_optlc_36621         TIEH            saed90nm_max     
PLACE_optlc_36622         TIEH            saed90nm_max     
PLACE_optlc_36623         TIEH            saed90nm_max     
PLACE_optlc_36624         TIEH            saed90nm_max     
PLACE_optlc_36625         TIEH            saed90nm_max     
PLACE_optlc_36626         TIEH            saed90nm_max     
PLACE_optlc_36627         TIEH            saed90nm_max     
PLACE_optlc_36628         TIEH            saed90nm_max     
PLACE_optlc_36629         TIEH            saed90nm_max     
PLACE_optlc_36630         TIEH            saed90nm_max     
PLACE_optlc_36631         TIEH            saed90nm_max     
PLACE_optlc_36632         TIEH            saed90nm_max     
PLACE_optlc_36633         TIEH            saed90nm_max     
PLACE_optlc_36634         TIEH            saed90nm_max     
PLACE_optlc_36635         TIEH            saed90nm_max     
PLACE_optlc_36636         TIEH            saed90nm_max     
PLACE_optlc_36637         TIEH            saed90nm_max     
PLACE_optlc_36638         TIEH            saed90nm_max     
PLACE_optlc_36639         TIEH            saed90nm_max     
PLACE_optlc_36640         TIEH            saed90nm_max     
PLACE_optlc_36641         TIEH            saed90nm_max     
PLACE_optlc_36642         TIEH            saed90nm_max     
PLACE_optlc_36643         TIEH            saed90nm_max     
PLACE_optlc_36644         TIEH            saed90nm_max     
PLACE_optlc_36645         TIEH            saed90nm_max     
PLACE_optlc_36646         TIEH            saed90nm_max     
PLACE_optlc_36647         TIEH            saed90nm_max     
PLACE_optlc_36648         TIEH            saed90nm_max     
PLACE_optlc_36649         TIEH            saed90nm_max     
PLACE_optlc_36650         TIEH            saed90nm_max     
PLACE_optlc_36651         TIEH            saed90nm_max     
PLACE_optlc_36652         TIEH            saed90nm_max     
PLACE_optlc_36653         TIEH            saed90nm_max     
PLACE_optlc_36654         TIEH            saed90nm_max     
PLACE_optlc_36655         TIEH            saed90nm_max     
PLACE_optlc_36656         TIEH            saed90nm_max     
PLACE_optlc_36657         TIEH            saed90nm_max     
PLACE_optlc_36658         TIEH            saed90nm_max     
PLACE_optlc_36659         TIEH            saed90nm_max     
PLACE_optlc_36660         TIEH            saed90nm_max     
PLACE_optlc_36661         TIEH            saed90nm_max     
PLACE_optlc_36662         TIEH            saed90nm_max     
PLACE_optlc_36663         TIEH            saed90nm_max     
PLACE_optlc_36664         TIEH            saed90nm_max     
PLACE_optlc_36665         TIEH            saed90nm_max     
PLACE_optlc_36666         TIEH            saed90nm_max     
PLACE_optlc_36667         TIEH            saed90nm_max     
PLACE_optlc_36668         TIEH            saed90nm_max     
PLACE_optlc_36669         TIEH            saed90nm_max     
PLACE_optlc_36670         TIEH            saed90nm_max     
PLACE_optlc_36671         TIEH            saed90nm_max     
PLACE_optlc_36672         TIEH            saed90nm_max     
PLACE_optlc_36673         TIEH            saed90nm_max     
PLACE_optlc_36674         TIEH            saed90nm_max     
PLACE_optlc_36675         TIEH            saed90nm_max     
PLACE_optlc_36676         TIEH            saed90nm_max     
PLACE_optlc_36677         TIEH            saed90nm_max     
PLACE_optlc_36678         TIEH            saed90nm_max     
PLACE_optlc_36679         TIEH            saed90nm_max     
PLACE_optlc_36680         TIEH            saed90nm_max     
PLACE_optlc_36681         TIEH            saed90nm_max     
PLACE_optlc_36682         TIEH            saed90nm_max     
PLACE_optlc_36683         TIEH            saed90nm_max     
PLACE_optlc_36684         TIEH            saed90nm_max     
PLACE_optlc_36685         TIEH            saed90nm_max     
PLACE_optlc_36686         TIEH            saed90nm_max     
PLACE_optlc_36687         TIEH            saed90nm_max     
PLACE_optlc_36688         TIEH            saed90nm_max     
PLACE_optlc_36689         TIEH            saed90nm_max     
PLACE_optlc_36690         TIEH            saed90nm_max     
PLACE_optlc_36691         TIEH            saed90nm_max     
PLACE_optlc_36692         TIEH            saed90nm_max     
PLACE_optlc_36693         TIEH            saed90nm_max     
PLACE_optlc_36694         TIEH            saed90nm_max     
PLACE_optlc_36695         TIEH            saed90nm_max     
PLACE_optlc_36696         TIEH            saed90nm_max     
PLACE_optlc_36697         TIEH            saed90nm_max     
PLACE_optlc_36698         TIEH            saed90nm_max     
PLACE_optlc_36699         TIEH            saed90nm_max     
PLACE_optlc_36700         TIEH            saed90nm_max     
PLACE_optlc_36701         TIEH            saed90nm_max     
PLACE_optlc_36702         TIEH            saed90nm_max     
PLACE_optlc_36703         TIEH            saed90nm_max     
PLACE_optlc_36704         TIEH            saed90nm_max     
PLACE_optlc_36705         TIEH            saed90nm_max     
PLACE_optlc_36706         TIEH            saed90nm_max     
PLACE_optlc_36707         TIEH            saed90nm_max     
PLACE_optlc_36708         TIEH            saed90nm_max     
PLACE_optlc_36709         TIEH            saed90nm_max     
PLACE_optlc_36710         TIEH            saed90nm_max     
PLACE_optlc_36711         TIEH            saed90nm_max     
PLACE_optlc_36712         TIEH            saed90nm_max     
PLACE_optlc_36713         TIEH            saed90nm_max     
PLACE_optlc_36714         TIEH            saed90nm_max     
PLACE_optlc_36715         TIEH            saed90nm_max     
PLACE_optlc_36716         TIEH            saed90nm_max     
PLACE_optlc_36717         TIEH            saed90nm_max     
PLACE_optlc_36718         TIEH            saed90nm_max     
PLACE_optlc_36719         TIEH            saed90nm_max     
PLACE_optlc_36720         TIEH            saed90nm_max     
PLACE_optlc_36721         TIEH            saed90nm_max     
PLACE_optlc_36722         TIEH            saed90nm_max     
PLACE_optlc_36723         TIEH            saed90nm_max     
PLACE_optlc_36724         TIEH            saed90nm_max     
PLACE_optlc_36725         TIEH            saed90nm_max     
PLACE_optlc_36726         TIEH            saed90nm_max     
PLACE_optlc_36727         TIEH            saed90nm_max     
PLACE_optlc_36728         TIEH            saed90nm_max     
PLACE_optlc_36729         TIEH            saed90nm_max     
PLACE_optlc_36730         TIEH            saed90nm_max     
PLACE_optlc_36731         TIEH            saed90nm_max     
PLACE_optlc_36732         TIEH            saed90nm_max     
PLACE_optlc_36733         TIEH            saed90nm_max     
PLACE_optlc_36734         TIEH            saed90nm_max     
PLACE_optlc_36735         TIEH            saed90nm_max     
PLACE_optlc_36736         TIEH            saed90nm_max     
PLACE_optlc_36737         TIEH            saed90nm_max     
PLACE_optlc_36738         TIEH            saed90nm_max     
PLACE_optlc_36739         TIEH            saed90nm_max     
PLACE_optlc_36740         TIEH            saed90nm_max     
PLACE_optlc_36741         TIEH            saed90nm_max     
PLACE_optlc_36742         TIEH            saed90nm_max     
PLACE_optlc_36743         TIEH            saed90nm_max     
PLACE_optlc_36744         TIEH            saed90nm_max     
PLACE_optlc_36745         TIEH            saed90nm_max     
PLACE_optlc_36746         TIEH            saed90nm_max     
PLACE_optlc_36747         TIEH            saed90nm_max     
PLACE_optlc_36748         TIEH            saed90nm_max     
PLACE_optlc_36749         TIEH            saed90nm_max     
PLACE_optlc_36750         TIEH            saed90nm_max     
PLACE_optlc_36751         TIEH            saed90nm_max     
PLACE_optlc_36752         TIEH            saed90nm_max     
PLACE_optlc_36753         TIEH            saed90nm_max     
PLACE_optlc_36754         TIEH            saed90nm_max     
PLACE_optlc_36755         TIEH            saed90nm_max     
PLACE_optlc_36756         TIEH            saed90nm_max     
PLACE_optlc_36757         TIEH            saed90nm_max     
PLACE_optlc_36758         TIEH            saed90nm_max     
PLACE_optlc_36759         TIEH            saed90nm_max     
PLACE_optlc_36760         TIEH            saed90nm_max     
PLACE_optlc_36761         TIEH            saed90nm_max     
PLACE_optlc_36762         TIEH            saed90nm_max     
PLACE_optlc_36763         TIEH            saed90nm_max     
PLACE_optlc_36764         TIEH            saed90nm_max     
PLACE_optlc_36765         TIEH            saed90nm_max     
PLACE_optlc_36766         TIEH            saed90nm_max     
PLACE_optlc_36767         TIEH            saed90nm_max     
PLACE_optlc_36768         TIEH            saed90nm_max     
PLACE_optlc_36769         TIEH            saed90nm_max     
PLACE_optlc_36770         TIEH            saed90nm_max     
PLACE_optlc_36771         TIEH            saed90nm_max     
PLACE_optlc_36772         TIEH            saed90nm_max     
PLACE_optlc_36773         TIEH            saed90nm_max     
PLACE_optlc_36774         TIEH            saed90nm_max     
PLACE_optlc_36775         TIEH            saed90nm_max     
PLACE_optlc_36776         TIEH            saed90nm_max     
PLACE_optlc_36777         TIEH            saed90nm_max     
PLACE_optlc_36778         TIEH            saed90nm_max     
PLACE_optlc_36779         TIEH            saed90nm_max     
PLACE_optlc_36780         TIEH            saed90nm_max     
PLACE_optlc_36781         TIEH            saed90nm_max     
PLACE_optlc_36782         TIEH            saed90nm_max     
PLACE_optlc_36783         TIEH            saed90nm_max     
PLACE_optlc_36784         TIEH            saed90nm_max     
PLACE_optlc_36785         TIEH            saed90nm_max     
PLACE_optlc_36786         TIEH            saed90nm_max     
PLACE_optlc_36787         TIEH            saed90nm_max     
PLACE_optlc_36788         TIEH            saed90nm_max     
PLACE_optlc_36789         TIEH            saed90nm_max     
PLACE_optlc_36790         TIEH            saed90nm_max     
PLACE_optlc_36791         TIEH            saed90nm_max     
PLACE_optlc_36792         TIEH            saed90nm_max     
PLACE_optlc_36793         TIEH            saed90nm_max     
PLACE_optlc_36794         TIEH            saed90nm_max     
PLACE_optlc_36795         TIEH            saed90nm_max     
PLACE_optlc_36796         TIEH            saed90nm_max     
PLACE_optlc_36797         TIEH            saed90nm_max     
PLACE_optlc_36798         TIEH            saed90nm_max     
PLACE_optlc_36799         TIEH            saed90nm_max     
PLACE_optlc_36800         TIEH            saed90nm_max     
PLACE_optlc_36801         TIEH            saed90nm_max     
PLACE_optlc_36802         TIEH            saed90nm_max     
PLACE_optlc_36803         TIEH            saed90nm_max     
PLACE_optlc_36804         TIEH            saed90nm_max     
PLACE_optlc_36805         TIEH            saed90nm_max     
PLACE_optlc_36806         TIEH            saed90nm_max     
PLACE_optlc_36807         TIEH            saed90nm_max     
PLACE_optlc_36808         TIEH            saed90nm_max     
PLACE_optlc_36809         TIEH            saed90nm_max     
PLACE_optlc_36810         TIEH            saed90nm_max     
PLACE_optlc_36811         TIEH            saed90nm_max     
PLACE_optlc_36812         TIEH            saed90nm_max     
PLACE_optlc_36813         TIEH            saed90nm_max     
PLACE_optlc_36814         TIEH            saed90nm_max     
PLACE_optlc_36815         TIEH            saed90nm_max     
PLACE_optlc_36816         TIEH            saed90nm_max     
PLACE_optlc_36817         TIEH            saed90nm_max     
PLACE_optlc_36818         TIEH            saed90nm_max     
PLACE_optlc_36819         TIEH            saed90nm_max     
PLACE_optlc_36820         TIEH            saed90nm_max     
PLACE_optlc_36821         TIEH            saed90nm_max     
PLACE_optlc_36822         TIEH            saed90nm_max     
PLACE_optlc_36823         TIEH            saed90nm_max     
PLACE_optlc_36824         TIEH            saed90nm_max     
PLACE_optlc_36825         TIEH            saed90nm_max     
PLACE_optlc_36826         TIEH            saed90nm_max     
PLACE_optlc_36827         TIEH            saed90nm_max     
PLACE_optlc_36828         TIEH            saed90nm_max     
PLACE_optlc_36829         TIEH            saed90nm_max     
PLACE_optlc_36830         TIEH            saed90nm_max     
PLACE_optlc_36831         TIEH            saed90nm_max     
PLACE_optlc_36832         TIEH            saed90nm_max     
PLACE_optlc_36833         TIEH            saed90nm_max     
PLACE_optlc_36834         TIEH            saed90nm_max     
PLACE_optlc_36835         TIEH            saed90nm_max     
PLACE_optlc_36836         TIEH            saed90nm_max     
PLACE_optlc_36837         TIEH            saed90nm_max     
PLACE_optlc_36838         TIEH            saed90nm_max     
PLACE_optlc_36839         TIEH            saed90nm_max     
PLACE_optlc_36840         TIEH            saed90nm_max     
PLACE_optlc_36841         TIEH            saed90nm_max     
PLACE_optlc_36842         TIEH            saed90nm_max     
PLACE_optlc_36843         TIEH            saed90nm_max     
PLACE_optlc_36844         TIEH            saed90nm_max     
PLACE_optlc_36845         TIEH            saed90nm_max     
PLACE_optlc_36846         TIEH            saed90nm_max     
PLACE_optlc_36847         TIEH            saed90nm_max     
PLACE_optlc_36848         TIEH            saed90nm_max     
PLACE_optlc_36849         TIEH            saed90nm_max     
PLACE_optlc_36850         TIEH            saed90nm_max     
PLACE_optlc_36851         TIEH            saed90nm_max     
PLACE_optlc_36852         TIEH            saed90nm_max     
PLACE_optlc_36853         TIEH            saed90nm_max     
PLACE_optlc_36854         TIEH            saed90nm_max     
PLACE_optlc_36855         TIEH            saed90nm_max     
PLACE_optlc_36856         TIEH            saed90nm_max     
PLACE_optlc_36857         TIEH            saed90nm_max     
PLACE_optlc_36858         TIEH            saed90nm_max     
PLACE_optlc_36859         TIEH            saed90nm_max     
PLACE_optlc_36860         TIEH            saed90nm_max     
PLACE_optlc_36861         TIEH            saed90nm_max     
PLACE_optlc_36862         TIEH            saed90nm_max     
PLACE_optlc_36863         TIEH            saed90nm_max     
PLACE_optlc_36864         TIEH            saed90nm_max     
PLACE_optlc_36865         TIEH            saed90nm_max     
PLACE_optlc_36866         TIEH            saed90nm_max     
PLACE_optlc_36867         TIEH            saed90nm_max     
PLACE_optlc_36868         TIEH            saed90nm_max     
PLACE_optlc_36869         TIEH            saed90nm_max     
PLACE_optlc_36870         TIEH            saed90nm_max     
PLACE_optlc_36871         TIEH            saed90nm_max     
PLACE_optlc_36872         TIEH            saed90nm_max     
PLACE_optlc_36873         TIEH            saed90nm_max     
PLACE_optlc_36874         TIEH            saed90nm_max     
PLACE_optlc_36875         TIEH            saed90nm_max     
PLACE_optlc_36876         TIEH            saed90nm_max     
PLACE_optlc_36877         TIEH            saed90nm_max     
PLACE_optlc_36878         TIEH            saed90nm_max     
PLACE_optlc_36879         TIEH            saed90nm_max     
PLACE_optlc_36880         TIEH            saed90nm_max     
PLACE_optlc_36881         TIEH            saed90nm_max     
PLACE_optlc_36882         TIEH            saed90nm_max     
PLACE_optlc_36883         TIEH            saed90nm_max     
PLACE_optlc_36884         TIEH            saed90nm_max     
PLACE_optlc_36885         TIEH            saed90nm_max     
PLACE_optlc_36886         TIEH            saed90nm_max     
PLACE_optlc_36887         TIEH            saed90nm_max     
PLACE_optlc_36888         TIEH            saed90nm_max     
PLACE_optlc_36889         TIEH            saed90nm_max     
PLACE_optlc_36890         TIEH            saed90nm_max     
PLACE_optlc_36891         TIEH            saed90nm_max     
PLACE_optlc_36892         TIEH            saed90nm_max     
PLACE_optlc_36893         TIEH            saed90nm_max     
PLACE_optlc_36894         TIEH            saed90nm_max     
PLACE_optlc_36895         TIEH            saed90nm_max     
PLACE_optlc_36896         TIEH            saed90nm_max     
PLACE_optlc_36897         TIEH            saed90nm_max     
PLACE_optlc_36898         TIEH            saed90nm_max     
PLACE_optlc_36899         TIEH            saed90nm_max     
PLACE_optlc_36900         TIEH            saed90nm_max     
PLACE_optlc_36901         TIEH            saed90nm_max     
PLACE_optlc_36902         TIEH            saed90nm_max     
PLACE_optlc_36903         TIEH            saed90nm_max     
PLACE_optlc_36904         TIEH            saed90nm_max     
PLACE_optlc_36905         TIEH            saed90nm_max     
PLACE_optlc_36906         TIEH            saed90nm_max     
PLACE_optlc_36907         TIEH            saed90nm_max     
PLACE_optlc_36908         TIEH            saed90nm_max     
PLACE_optlc_36909         TIEH            saed90nm_max     
PLACE_optlc_36910         TIEH            saed90nm_max     
PLACE_optlc_36911         TIEH            saed90nm_max     
PLACE_optlc_36912         TIEH            saed90nm_max     
PLACE_optlc_36913         TIEH            saed90nm_max     
PLACE_optlc_36914         TIEH            saed90nm_max     
PLACE_optlc_36915         TIEH            saed90nm_max     
PLACE_optlc_36916         TIEH            saed90nm_max     
PLACE_optlc_36917         TIEH            saed90nm_max     
PLACE_optlc_36918         TIEH            saed90nm_max     
PLACE_optlc_36919         TIEH            saed90nm_max     
PLACE_optlc_36920         TIEH            saed90nm_max     
PLACE_optlc_36921         TIEH            saed90nm_max     
PLACE_optlc_36922         TIEH            saed90nm_max     
PLACE_optlc_36923         TIEH            saed90nm_max     
PLACE_optlc_36924         TIEH            saed90nm_max     
PLACE_optlc_36925         TIEH            saed90nm_max     
PLACE_optlc_36926         TIEH            saed90nm_max     
PLACE_optlc_36927         TIEH            saed90nm_max     
PLACE_optlc_36928         TIEH            saed90nm_max     
PLACE_optlc_36929         TIEH            saed90nm_max     
PLACE_optlc_36930         TIEH            saed90nm_max     
PLACE_optlc_36931         TIEH            saed90nm_max     
PLACE_optlc_36932         TIEH            saed90nm_max     
PLACE_optlc_36933         TIEH            saed90nm_max     
PLACE_optlc_36934         TIEH            saed90nm_max     
PLACE_optlc_36935         TIEH            saed90nm_max     
PLACE_optlc_36936         TIEH            saed90nm_max     
PLACE_optlc_36937         TIEH            saed90nm_max     
PLACE_optlc_36938         TIEH            saed90nm_max     
PLACE_optlc_36939         TIEH            saed90nm_max     
PLACE_optlc_36940         TIEH            saed90nm_max     
PLACE_optlc_36941         TIEH            saed90nm_max     
PLACE_optlc_36942         TIEH            saed90nm_max     
PLACE_optlc_36943         TIEH            saed90nm_max     
PLACE_optlc_36944         TIEH            saed90nm_max     
PLACE_optlc_36945         TIEH            saed90nm_max     
PLACE_optlc_36946         TIEH            saed90nm_max     
PLACE_optlc_36947         TIEH            saed90nm_max     
PLACE_optlc_36948         TIEH            saed90nm_max     
PLACE_optlc_36949         TIEH            saed90nm_max     
PLACE_optlc_36950         TIEH            saed90nm_max     
PLACE_optlc_36951         TIEH            saed90nm_max     
PLACE_optlc_36952         TIEH            saed90nm_max     
PLACE_optlc_36953         TIEH            saed90nm_max     
PLACE_optlc_36954         TIEH            saed90nm_max     
PLACE_optlc_36955         TIEH            saed90nm_max     
PLACE_optlc_36956         TIEH            saed90nm_max     
PLACE_optlc_36957         TIEH            saed90nm_max     
PLACE_optlc_36958         TIEH            saed90nm_max     
PLACE_optlc_36959         TIEH            saed90nm_max     
PLACE_optlc_36960         TIEH            saed90nm_max     
PLACE_optlc_36961         TIEH            saed90nm_max     
PLACE_optlc_36962         TIEH            saed90nm_max     
PLACE_optlc_36963         TIEH            saed90nm_max     
PLACE_optlc_36964         TIEH            saed90nm_max     
PLACE_optlc_36965         TIEH            saed90nm_max     
PLACE_optlc_36966         TIEH            saed90nm_max     
PLACE_optlc_36967         TIEH            saed90nm_max     
PLACE_optlc_36968         TIEH            saed90nm_max     
PLACE_optlc_36969         TIEH            saed90nm_max     
PLACE_optlc_36970         TIEH            saed90nm_max     
PLACE_optlc_36971         TIEH            saed90nm_max     
PLACE_optlc_36972         TIEH            saed90nm_max     
PLACE_optlc_36973         TIEH            saed90nm_max     
PLACE_optlc_36974         TIEH            saed90nm_max     
PLACE_optlc_36975         TIEH            saed90nm_max     
PLACE_optlc_36976         TIEH            saed90nm_max     
PLACE_optlc_36977         TIEH            saed90nm_max     
PLACE_optlc_36978         TIEH            saed90nm_max     
PLACE_optlc_36979         TIEH            saed90nm_max     
PLACE_optlc_36980         TIEH            saed90nm_max     
PLACE_optlc_36981         TIEH            saed90nm_max     
PLACE_optlc_36982         TIEH            saed90nm_max     
PLACE_optlc_36983         TIEH            saed90nm_max     
PLACE_optlc_36984         TIEH            saed90nm_max     
PLACE_optlc_36985         TIEH            saed90nm_max     
PLACE_optlc_36986         TIEH            saed90nm_max     
PLACE_optlc_36987         TIEH            saed90nm_max     
PLACE_optlc_36988         TIEH            saed90nm_max     
PLACE_optlc_36989         TIEH            saed90nm_max     
PLACE_optlc_36990         TIEH            saed90nm_max     
PLACE_optlc_36991         TIEH            saed90nm_max     
PLACE_optlc_36992         TIEH            saed90nm_max     
PLACE_optlc_36993         TIEH            saed90nm_max     
PLACE_optlc_36994         TIEH            saed90nm_max     
PLACE_optlc_36995         TIEH            saed90nm_max     
PLACE_optlc_36996         TIEH            saed90nm_max     
PLACE_optlc_36997         TIEH            saed90nm_max     
PLACE_optlc_36998         TIEH            saed90nm_max     
PLACE_optlc_36999         TIEH            saed90nm_max     
PLACE_optlc_37000         TIEH            saed90nm_max     
PLACE_optlc_37001         TIEH            saed90nm_max     
PLACE_optlc_37002         TIEH            saed90nm_max     
PLACE_optlc_37003         TIEH            saed90nm_max     
PLACE_optlc_37004         TIEH            saed90nm_max     
PLACE_optlc_37005         TIEH            saed90nm_max     
PLACE_optlc_37006         TIEH            saed90nm_max     
PLACE_optlc_37007         TIEH            saed90nm_max     
PLACE_optlc_37008         TIEH            saed90nm_max     
PLACE_optlc_37009         TIEH            saed90nm_max     
PLACE_optlc_37010         TIEH            saed90nm_max     
PLACE_optlc_37011         TIEH            saed90nm_max     
PLACE_optlc_37012         TIEH            saed90nm_max     
PLACE_optlc_37013         TIEH            saed90nm_max     
PLACE_optlc_37014         TIEH            saed90nm_max     
PLACE_optlc_37015         TIEH            saed90nm_max     
PLACE_optlc_37016         TIEH            saed90nm_max     
PLACE_optlc_37017         TIEH            saed90nm_max     
PLACE_optlc_37018         TIEH            saed90nm_max     
PLACE_optlc_37019         TIEH            saed90nm_max     
PLACE_optlc_37020         TIEH            saed90nm_max     
PLACE_optlc_37021         TIEH            saed90nm_max     
PLACE_optlc_37022         TIEH            saed90nm_max     
PLACE_optlc_37023         TIEH            saed90nm_max     
PLACE_optlc_37024         TIEH            saed90nm_max     
PLACE_optlc_37025         TIEH            saed90nm_max     
PLACE_optlc_37026         TIEH            saed90nm_max     
PLACE_optlc_37027         TIEH            saed90nm_max     
PLACE_optlc_37028         TIEH            saed90nm_max     
PLACE_optlc_37029         TIEH            saed90nm_max     
PLACE_optlc_37030         TIEH            saed90nm_max     
PLACE_optlc_37031         TIEH            saed90nm_max     
PLACE_optlc_37032         TIEH            saed90nm_max     
PLACE_optlc_37033         TIEH            saed90nm_max     
PLACE_optlc_37034         TIEH            saed90nm_max     
PLACE_optlc_37035         TIEH            saed90nm_max     
PLACE_optlc_37036         TIEH            saed90nm_max     
PLACE_optlc_37037         TIEH            saed90nm_max     
PLACE_optlc_37038         TIEH            saed90nm_max     
PLACE_optlc_37039         TIEH            saed90nm_max     
PLACE_optlc_37040         TIEH            saed90nm_max     
PLACE_optlc_37041         TIEH            saed90nm_max     
PLACE_optlc_37042         TIEH            saed90nm_max     
PLACE_optlc_37043         TIEH            saed90nm_max     
PLACE_optlc_37044         TIEH            saed90nm_max     
PLACE_optlc_37045         TIEH            saed90nm_max     
PLACE_optlc_37046         TIEH            saed90nm_max     
PLACE_optlc_37047         TIEH            saed90nm_max     
PLACE_optlc_37048         TIEH            saed90nm_max     
PLACE_optlc_37049         TIEH            saed90nm_max     
PLACE_optlc_37050         TIEH            saed90nm_max     
PLACE_optlc_37051         TIEH            saed90nm_max     
PLACE_optlc_37052         TIEH            saed90nm_max     
PLACE_optlc_37053         TIEH            saed90nm_max     
PLACE_optlc_37054         TIEH            saed90nm_max     
PLACE_optlc_37055         TIEH            saed90nm_max     
PLACE_optlc_37056         TIEH            saed90nm_max     
PLACE_optlc_37057         TIEH            saed90nm_max     
PLACE_optlc_37058         TIEH            saed90nm_max     
PLACE_optlc_37059         TIEH            saed90nm_max     
PLACE_optlc_37060         TIEH            saed90nm_max     
PLACE_optlc_37061         TIEH            saed90nm_max     
PLACE_optlc_37062         TIEH            saed90nm_max     
PLACE_optlc_37063         TIEH            saed90nm_max     
PLACE_optlc_37064         TIEH            saed90nm_max     
PLACE_optlc_37065         TIEH            saed90nm_max     
PLACE_optlc_37066         TIEH            saed90nm_max     
PLACE_optlc_37067         TIEH            saed90nm_max     
PLACE_optlc_37068         TIEH            saed90nm_max     
PLACE_optlc_37069         TIEH            saed90nm_max     
PLACE_optlc_37070         TIEH            saed90nm_max     
PLACE_optlc_37071         TIEH            saed90nm_max     
PLACE_optlc_37072         TIEH            saed90nm_max     
PLACE_optlc_37073         TIEH            saed90nm_max     
PLACE_optlc_37074         TIEH            saed90nm_max     
PLACE_optlc_37075         TIEH            saed90nm_max     
PLACE_optlc_37076         TIEH            saed90nm_max     
PLACE_optlc_37077         TIEH            saed90nm_max     
PLACE_optlc_37078         TIEH            saed90nm_max     
PLACE_optlc_37079         TIEH            saed90nm_max     
PLACE_optlc_37080         TIEH            saed90nm_max     
PLACE_optlc_37081         TIEH            saed90nm_max     
PLACE_optlc_37082         TIEH            saed90nm_max     
PLACE_optlc_37083         TIEH            saed90nm_max     
PLACE_optlc_37084         TIEH            saed90nm_max     
PLACE_optlc_37085         TIEH            saed90nm_max     
PLACE_optlc_37086         TIEH            saed90nm_max     
PLACE_optlc_37087         TIEH            saed90nm_max     
PLACE_optlc_37088         TIEH            saed90nm_max     
PLACE_optlc_37089         TIEH            saed90nm_max     
PLACE_optlc_37090         TIEH            saed90nm_max     
PLACE_optlc_37091         TIEH            saed90nm_max     
PLACE_optlc_37092         TIEH            saed90nm_max     
PLACE_optlc_37093         TIEH            saed90nm_max     
PLACE_optlc_37094         TIEH            saed90nm_max     
PLACE_optlc_37095         TIEH            saed90nm_max     
PLACE_optlc_37096         TIEH            saed90nm_max     
PLACE_optlc_37097         TIEH            saed90nm_max     
PLACE_optlc_37098         TIEH            saed90nm_max     
PLACE_optlc_37099         TIEH            saed90nm_max     
PLACE_optlc_37100         TIEH            saed90nm_max     
PLACE_optlc_37101         TIEH            saed90nm_max     
PLACE_optlc_37102         TIEH            saed90nm_max     
PLACE_optlc_37103         TIEH            saed90nm_max     
PLACE_optlc_37104         TIEH            saed90nm_max     
PLACE_optlc_37105         TIEH            saed90nm_max     
PLACE_optlc_37106         TIEH            saed90nm_max     
PLACE_optlc_37107         TIEH            saed90nm_max     
PLACE_optlc_37108         TIEH            saed90nm_max     
PLACE_optlc_37109         TIEH            saed90nm_max     
PLACE_optlc_37110         TIEH            saed90nm_max     
PLACE_optlc_37111         TIEH            saed90nm_max     
PLACE_optlc_37112         TIEH            saed90nm_max     
PLACE_optlc_37113         TIEH            saed90nm_max     
PLACE_optlc_37114         TIEH            saed90nm_max     
PLACE_optlc_37115         TIEH            saed90nm_max     
PLACE_optlc_37116         TIEH            saed90nm_max     
PLACE_optlc_37117         TIEH            saed90nm_max     
PLACE_optlc_37118         TIEH            saed90nm_max     
PLACE_optlc_37119         TIEH            saed90nm_max     
PLACE_optlc_37120         TIEH            saed90nm_max     
PLACE_optlc_37121         TIEH            saed90nm_max     
PLACE_optlc_37122         TIEH            saed90nm_max     
PLACE_optlc_37123         TIEH            saed90nm_max     
PLACE_optlc_37124         TIEH            saed90nm_max     
PLACE_optlc_37125         TIEH            saed90nm_max     
PLACE_optlc_37126         TIEH            saed90nm_max     
PLACE_optlc_37127         TIEH            saed90nm_max     
PLACE_optlc_37128         TIEH            saed90nm_max     
PLACE_optlc_37129         TIEH            saed90nm_max     
PLACE_optlc_37130         TIEH            saed90nm_max     
PLACE_optlc_37131         TIEH            saed90nm_max     
PLACE_optlc_37132         TIEH            saed90nm_max     
PLACE_optlc_37133         TIEH            saed90nm_max     
PLACE_optlc_37134         TIEH            saed90nm_max     
PLACE_optlc_37135         TIEH            saed90nm_max     
PLACE_optlc_37136         TIEH            saed90nm_max     
PLACE_optlc_37137         TIEH            saed90nm_max     
PLACE_optlc_37138         TIEH            saed90nm_max     
PLACE_optlc_37139         TIEH            saed90nm_max     
PLACE_optlc_37140         TIEH            saed90nm_max     
PLACE_optlc_37141         TIEH            saed90nm_max     
PLACE_optlc_37142         TIEH            saed90nm_max     
PLACE_optlc_37143         TIEH            saed90nm_max     
PLACE_optlc_37144         TIEH            saed90nm_max     
PLACE_optlc_37145         TIEH            saed90nm_max     
PLACE_optlc_37146         TIEH            saed90nm_max     
PLACE_optlc_37147         TIEH            saed90nm_max     
PLACE_optlc_37148         TIEH            saed90nm_max     
PLACE_optlc_37149         TIEH            saed90nm_max     
PLACE_optlc_37150         TIEH            saed90nm_max     
PLACE_optlc_37151         TIEH            saed90nm_max     
PLACE_optlc_37152         TIEH            saed90nm_max     
PLACE_optlc_37153         TIEH            saed90nm_max     
PLACE_optlc_37154         TIEH            saed90nm_max     
PLACE_optlc_37155         TIEH            saed90nm_max     
PLACE_optlc_37156         TIEH            saed90nm_max     
PLACE_optlc_37157         TIEH            saed90nm_max     
PLACE_optlc_37158         TIEH            saed90nm_max     
PLACE_optlc_37159         TIEH            saed90nm_max     
PLACE_optlc_37160         TIEH            saed90nm_max     
PLACE_optlc_37161         TIEH            saed90nm_max     
PLACE_optlc_37162         TIEH            saed90nm_max     
PLACE_optlc_37163         TIEH            saed90nm_max     
PLACE_optlc_37164         TIEH            saed90nm_max     
PLACE_optlc_37165         TIEH            saed90nm_max     
PLACE_optlc_37166         TIEH            saed90nm_max     
PLACE_optlc_37167         TIEH            saed90nm_max     
PLACE_optlc_37168         TIEH            saed90nm_max     
PLACE_optlc_37169         TIEH            saed90nm_max     
PLACE_optlc_37170         TIEH            saed90nm_max     
PLACE_optlc_37171         TIEH            saed90nm_max     
PLACE_optlc_37172         TIEH            saed90nm_max     
PLACE_optlc_37173         TIEH            saed90nm_max     
PLACE_optlc_37174         TIEH            saed90nm_max     
PLACE_optlc_37175         TIEH            saed90nm_max     
PLACE_optlc_37176         TIEH            saed90nm_max     
PLACE_optlc_37177         TIEH            saed90nm_max     
PLACE_optlc_37178         TIEH            saed90nm_max     
PLACE_optlc_37179         TIEH            saed90nm_max     
PLACE_optlc_37180         TIEH            saed90nm_max     
PLACE_optlc_37181         TIEH            saed90nm_max     
PLACE_optlc_37182         TIEH            saed90nm_max     
PLACE_optlc_37183         TIEH            saed90nm_max     
PLACE_optlc_37184         TIEH            saed90nm_max     
PLACE_optlc_37185         TIEH            saed90nm_max     
PLACE_optlc_37186         TIEH            saed90nm_max     
PLACE_optlc_37187         TIEH            saed90nm_max     
PLACE_optlc_37188         TIEH            saed90nm_max     
PLACE_optlc_37189         TIEH            saed90nm_max     
PLACE_optlc_37190         TIEH            saed90nm_max     
PLACE_optlc_37191         TIEH            saed90nm_max     
PLACE_optlc_37192         TIEH            saed90nm_max     
PLACE_optlc_37193         TIEH            saed90nm_max     
PLACE_optlc_37194         TIEH            saed90nm_max     
PLACE_optlc_37195         TIEH            saed90nm_max     
PLACE_optlc_37196         TIEH            saed90nm_max     
PLACE_optlc_37197         TIEH            saed90nm_max     
PLACE_optlc_37198         TIEH            saed90nm_max     
PLACE_optlc_37199         TIEH            saed90nm_max     
PLACE_optlc_37200         TIEH            saed90nm_max     
PLACE_optlc_37201         TIEH            saed90nm_max     
PLACE_optlc_37202         TIEH            saed90nm_max     
PLACE_optlc_37203         TIEH            saed90nm_max     
PLACE_optlc_37204         TIEH            saed90nm_max     
PLACE_optlc_37205         TIEH            saed90nm_max     
PLACE_optlc_37206         TIEH            saed90nm_max     
PLACE_optlc_37207         TIEH            saed90nm_max     
PLACE_optlc_37208         TIEH            saed90nm_max     
PLACE_optlc_37209         TIEH            saed90nm_max     
PLACE_optlc_37210         TIEH            saed90nm_max     
PLACE_optlc_37211         TIEH            saed90nm_max     
PLACE_optlc_37212         TIEH            saed90nm_max     
PLACE_optlc_37213         TIEH            saed90nm_max     
PLACE_optlc_37214         TIEH            saed90nm_max     
PLACE_optlc_37215         TIEH            saed90nm_max     
PLACE_optlc_37216         TIEH            saed90nm_max     
PLACE_optlc_37217         TIEH            saed90nm_max     
PLACE_optlc_37218         TIEH            saed90nm_max     
PLACE_optlc_37219         TIEH            saed90nm_max     
PLACE_optlc_37220         TIEH            saed90nm_max     
PLACE_optlc_37221         TIEH            saed90nm_max     
PLACE_optlc_37222         TIEH            saed90nm_max     
PLACE_optlc_37223         TIEH            saed90nm_max     
PLACE_optlc_37224         TIEH            saed90nm_max     
PLACE_optlc_37225         TIEH            saed90nm_max     
PLACE_optlc_37226         TIEH            saed90nm_max     
PLACE_optlc_37227         TIEH            saed90nm_max     
PLACE_optlc_37228         TIEH            saed90nm_max     
PLACE_optlc_37229         TIEH            saed90nm_max     
PLACE_optlc_37230         TIEH            saed90nm_max     
PLACE_optlc_37231         TIEH            saed90nm_max     
PLACE_optlc_37232         TIEH            saed90nm_max     
PLACE_optlc_37233         TIEH            saed90nm_max     
PLACE_optlc_37234         TIEH            saed90nm_max     
PLACE_optlc_37235         TIEH            saed90nm_max     
PLACE_optlc_37236         TIEH            saed90nm_max     
PLACE_optlc_37237         TIEH            saed90nm_max     
PLACE_optlc_37238         TIEH            saed90nm_max     
PLACE_optlc_37239         TIEH            saed90nm_max     
PLACE_optlc_37240         TIEH            saed90nm_max     
PLACE_optlc_37241         TIEH            saed90nm_max     
PLACE_optlc_37242         TIEH            saed90nm_max     
PLACE_optlc_37243         TIEH            saed90nm_max     
PLACE_optlc_37244         TIEH            saed90nm_max     
PLACE_optlc_37245         TIEH            saed90nm_max     
PLACE_optlc_37246         TIEH            saed90nm_max     
PLACE_optlc_37247         TIEH            saed90nm_max     
PLACE_optlc_37248         TIEH            saed90nm_max     
PLACE_optlc_37249         TIEH            saed90nm_max     
PLACE_optlc_37250         TIEH            saed90nm_max     
PLACE_optlc_37251         TIEH            saed90nm_max     
PLACE_optlc_37252         TIEH            saed90nm_max     
PLACE_optlc_37253         TIEH            saed90nm_max     
PLACE_optlc_37254         TIEH            saed90nm_max     
PLACE_optlc_37255         TIEH            saed90nm_max     
PLACE_optlc_37256         TIEH            saed90nm_max     
PLACE_optlc_37257         TIEH            saed90nm_max     
PLACE_optlc_37258         TIEH            saed90nm_max     
PLACE_optlc_37259         TIEH            saed90nm_max     
PLACE_optlc_37260         TIEH            saed90nm_max     
PLACE_optlc_37261         TIEH            saed90nm_max     
PLACE_optlc_37262         TIEH            saed90nm_max     
PLACE_optlc_37263         TIEH            saed90nm_max     
PLACE_optlc_37264         TIEH            saed90nm_max     
PLACE_optlc_37265         TIEH            saed90nm_max     
PLACE_optlc_37266         TIEH            saed90nm_max     
PLACE_optlc_37267         TIEH            saed90nm_max     
PLACE_optlc_37268         TIEH            saed90nm_max     
PLACE_optlc_37269         TIEH            saed90nm_max     
PLACE_optlc_37270         TIEH            saed90nm_max     
PLACE_optlc_37271         TIEH            saed90nm_max     
PLACE_optlc_37272         TIEH            saed90nm_max     
PLACE_optlc_37273         TIEH            saed90nm_max     
PLACE_optlc_37274         TIEH            saed90nm_max     
PLACE_optlc_37275         TIEH            saed90nm_max     
PLACE_optlc_37276         TIEH            saed90nm_max     
PLACE_optlc_37277         TIEH            saed90nm_max     
PLACE_optlc_37278         TIEH            saed90nm_max     
PLACE_optlc_37279         TIEH            saed90nm_max     
PLACE_optlc_37280         TIEH            saed90nm_max     
PLACE_optlc_37281         TIEH            saed90nm_max     
PLACE_optlc_37282         TIEH            saed90nm_max     
PLACE_optlc_37283         TIEH            saed90nm_max     
PLACE_optlc_37284         TIEH            saed90nm_max     
PLACE_optlc_37285         TIEH            saed90nm_max     
PLACE_optlc_37286         TIEH            saed90nm_max     
PLACE_optlc_37287         TIEH            saed90nm_max     
PLACE_optlc_37288         TIEH            saed90nm_max     
PLACE_optlc_37289         TIEH            saed90nm_max     
PLACE_optlc_37290         TIEH            saed90nm_max     
PLACE_optlc_37291         TIEH            saed90nm_max     
PLACE_optlc_37292         TIEH            saed90nm_max     
PLACE_optlc_37293         TIEH            saed90nm_max     
PLACE_optlc_37294         TIEH            saed90nm_max     
PLACE_optlc_37295         TIEH            saed90nm_max     
PLACE_optlc_37296         TIEH            saed90nm_max     
PLACE_optlc_37297         TIEH            saed90nm_max     
PLACE_optlc_37298         TIEH            saed90nm_max     
PLACE_optlc_37299         TIEH            saed90nm_max     
PLACE_optlc_37300         TIEH            saed90nm_max     
PLACE_optlc_37301         TIEH            saed90nm_max     
PLACE_optlc_37302         TIEH            saed90nm_max     
PLACE_optlc_37303         TIEH            saed90nm_max     
PLACE_optlc_37304         TIEH            saed90nm_max     
PLACE_optlc_37305         TIEH            saed90nm_max     
PLACE_optlc_37306         TIEH            saed90nm_max     
PLACE_optlc_37307         TIEH            saed90nm_max     
PLACE_optlc_37308         TIEH            saed90nm_max     
PLACE_optlc_37309         TIEH            saed90nm_max     
PLACE_optlc_37310         TIEH            saed90nm_max     
PLACE_optlc_37311         TIEH            saed90nm_max     
PLACE_optlc_37312         TIEH            saed90nm_max     
PLACE_optlc_37313         TIEH            saed90nm_max     
PLACE_optlc_37314         TIEH            saed90nm_max     
PLACE_optlc_37315         TIEH            saed90nm_max     
PLACE_optlc_37316         TIEH            saed90nm_max     
PLACE_optlc_37317         TIEH            saed90nm_max     
PLACE_optlc_37318         TIEH            saed90nm_max     
PLACE_optlc_37319         TIEH            saed90nm_max     
PLACE_optlc_37320         TIEH            saed90nm_max     
PLACE_optlc_37321         TIEH            saed90nm_max     
PLACE_optlc_37322         TIEH            saed90nm_max     
PLACE_optlc_37323         TIEH            saed90nm_max     
PLACE_optlc_37324         TIEH            saed90nm_max     
PLACE_optlc_37325         TIEH            saed90nm_max     
PLACE_optlc_37326         TIEH            saed90nm_max     
PLACE_optlc_37327         TIEH            saed90nm_max     
PLACE_optlc_37328         TIEH            saed90nm_max     
PLACE_optlc_37329         TIEH            saed90nm_max     
PLACE_optlc_37330         TIEH            saed90nm_max     
PLACE_optlc_37331         TIEH            saed90nm_max     
PLACE_optlc_37332         TIEH            saed90nm_max     
PLACE_optlc_37333         TIEH            saed90nm_max     
PLACE_optlc_37334         TIEH            saed90nm_max     
PLACE_optlc_37335         TIEH            saed90nm_max     
PLACE_optlc_37336         TIEH            saed90nm_max     
PLACE_optlc_37337         TIEH            saed90nm_max     
PLACE_optlc_37338         TIEH            saed90nm_max     
PLACE_optlc_37339         TIEH            saed90nm_max     
PLACE_optlc_37340         TIEH            saed90nm_max     
PLACE_optlc_37341         TIEH            saed90nm_max     
PLACE_optlc_37342         TIEH            saed90nm_max     
PLACE_optlc_37343         TIEH            saed90nm_max     
PLACE_optlc_37344         TIEH            saed90nm_max     
PLACE_optlc_37345         TIEH            saed90nm_max     
PLACE_optlc_37346         TIEH            saed90nm_max     
PLACE_optlc_37347         TIEH            saed90nm_max     
PLACE_optlc_37348         TIEH            saed90nm_max     
PLACE_optlc_37349         TIEH            saed90nm_max     
PLACE_optlc_37350         TIEH            saed90nm_max     
PLACE_optlc_37351         TIEH            saed90nm_max     
PLACE_optlc_37352         TIEH            saed90nm_max     
PLACE_optlc_37353         TIEH            saed90nm_max     
PLACE_optlc_37354         TIEH            saed90nm_max     
PLACE_optlc_37355         TIEH            saed90nm_max     
PLACE_optlc_37356         TIEH            saed90nm_max     
PLACE_optlc_37357         TIEH            saed90nm_max     
PLACE_optlc_37358         TIEH            saed90nm_max     
PLACE_optlc_37359         TIEH            saed90nm_max     
PLACE_optlc_37360         TIEH            saed90nm_max     
PLACE_optlc_37361         TIEH            saed90nm_max     
PLACE_optlc_37362         TIEH            saed90nm_max     
PLACE_optlc_37363         TIEH            saed90nm_max     
PLACE_optlc_37364         TIEH            saed90nm_max     
PLACE_optlc_37365         TIEH            saed90nm_max     
PLACE_optlc_37366         TIEH            saed90nm_max     
PLACE_optlc_37367         TIEH            saed90nm_max     
PLACE_optlc_37368         TIEH            saed90nm_max     
PLACE_optlc_37369         TIEH            saed90nm_max     
PLACE_optlc_37370         TIEH            saed90nm_max     
PLACE_optlc_37371         TIEH            saed90nm_max     
PLACE_optlc_37372         TIEH            saed90nm_max     
PLACE_optlc_37373         TIEH            saed90nm_max     
PLACE_optlc_37374         TIEH            saed90nm_max     
PLACE_optlc_37375         TIEH            saed90nm_max     
PLACE_optlc_37376         TIEH            saed90nm_max     
PLACE_optlc_37377         TIEH            saed90nm_max     
PLACE_optlc_37378         TIEH            saed90nm_max     
PLACE_optlc_37379         TIEH            saed90nm_max     
PLACE_optlc_37380         TIEH            saed90nm_max     
PLACE_optlc_37381         TIEH            saed90nm_max     
PLACE_optlc_37382         TIEH            saed90nm_max     
PLACE_optlc_37383         TIEH            saed90nm_max     
PLACE_optlc_37384         TIEH            saed90nm_max     
PLACE_optlc_37385         TIEH            saed90nm_max     
PLACE_optlc_37386         TIEH            saed90nm_max     
PLACE_optlc_37387         TIEH            saed90nm_max     
PLACE_optlc_37388         TIEH            saed90nm_max     
PLACE_optlc_37389         TIEH            saed90nm_max     
PLACE_optlc_37390         TIEH            saed90nm_max     
PLACE_optlc_37391         TIEH            saed90nm_max     
PLACE_optlc_37392         TIEH            saed90nm_max     
PLACE_optlc_37393         TIEH            saed90nm_max     
PLACE_optlc_37394         TIEH            saed90nm_max     
PLACE_optlc_37395         TIEH            saed90nm_max     
PLACE_optlc_37396         TIEH            saed90nm_max     
PLACE_optlc_37397         TIEH            saed90nm_max     
PLACE_optlc_37398         TIEH            saed90nm_max     
PLACE_optlc_37399         TIEH            saed90nm_max     
PLACE_optlc_37400         TIEH            saed90nm_max     
PLACE_optlc_37401         TIEH            saed90nm_max     
PLACE_optlc_37402         TIEH            saed90nm_max     
PLACE_optlc_37403         TIEH            saed90nm_max     
PLACE_optlc_37404         TIEH            saed90nm_max     
PLACE_optlc_37405         TIEH            saed90nm_max     
PLACE_optlc_37406         TIEH            saed90nm_max     
PLACE_optlc_37407         TIEH            saed90nm_max     
PLACE_optlc_37408         TIEH            saed90nm_max     
PLACE_optlc_37409         TIEH            saed90nm_max     
PLACE_optlc_37410         TIEH            saed90nm_max     
PLACE_optlc_37411         TIEH            saed90nm_max     
PLACE_optlc_37412         TIEH            saed90nm_max     
PLACE_optlc_37413         TIEH            saed90nm_max     
PLACE_optlc_37414         TIEH            saed90nm_max     
PLACE_optlc_37415         TIEH            saed90nm_max     
PLACE_optlc_37416         TIEH            saed90nm_max     
PLACE_optlc_37417         TIEH            saed90nm_max     
PLACE_optlc_37418         TIEH            saed90nm_max     
PLACE_optlc_37419         TIEH            saed90nm_max     
PLACE_optlc_37420         TIEH            saed90nm_max     
PLACE_optlc_37421         TIEH            saed90nm_max     
PLACE_optlc_37422         TIEH            saed90nm_max     
PLACE_optlc_37423         TIEH            saed90nm_max     
PLACE_optlc_37424         TIEH            saed90nm_max     
PLACE_optlc_37425         TIEH            saed90nm_max     
PLACE_optlc_37426         TIEH            saed90nm_max     
PLACE_optlc_37427         TIEH            saed90nm_max     
PLACE_optlc_37428         TIEH            saed90nm_max     
PLACE_optlc_37429         TIEH            saed90nm_max     
PLACE_optlc_37430         TIEH            saed90nm_max     
PLACE_optlc_37431         TIEH            saed90nm_max     
PLACE_optlc_37432         TIEH            saed90nm_max     
PLACE_optlc_37433         TIEH            saed90nm_max     
PLACE_optlc_37434         TIEH            saed90nm_max     
PLACE_optlc_37435         TIEH            saed90nm_max     
PLACE_optlc_37436         TIEH            saed90nm_max     
PLACE_optlc_37437         TIEH            saed90nm_max     
PLACE_optlc_37438         TIEH            saed90nm_max     
PLACE_optlc_37439         TIEH            saed90nm_max     
PLACE_optlc_37440         TIEH            saed90nm_max     
PLACE_optlc_37441         TIEH            saed90nm_max     
PLACE_optlc_37442         TIEH            saed90nm_max     
PLACE_optlc_37443         TIEH            saed90nm_max     
PLACE_optlc_37444         TIEH            saed90nm_max     
PLACE_optlc_37445         TIEH            saed90nm_max     
PLACE_optlc_37446         TIEH            saed90nm_max     
PLACE_optlc_37447         TIEH            saed90nm_max     
PLACE_optlc_37448         TIEH            saed90nm_max     
PLACE_optlc_37449         TIEH            saed90nm_max     
PLACE_optlc_37450         TIEH            saed90nm_max     
PLACE_optlc_37451         TIEH            saed90nm_max     
PLACE_optlc_37452         TIEH            saed90nm_max     
PLACE_optlc_37453         TIEH            saed90nm_max     
PLACE_optlc_37454         TIEH            saed90nm_max     
PLACE_optlc_37455         TIEH            saed90nm_max     
PLACE_optlc_37456         TIEH            saed90nm_max     
PLACE_optlc_37457         TIEH            saed90nm_max     
PLACE_optlc_37458         TIEH            saed90nm_max     
PLACE_optlc_37459         TIEH            saed90nm_max     
PLACE_optlc_37460         TIEH            saed90nm_max     
PLACE_optlc_37461         TIEH            saed90nm_max     
PLACE_optlc_37462         TIEH            saed90nm_max     
PLACE_optlc_37463         TIEH            saed90nm_max     
PLACE_optlc_37464         TIEH            saed90nm_max     
PLACE_optlc_37465         TIEH            saed90nm_max     
PLACE_optlc_37466         TIEH            saed90nm_max     
PLACE_optlc_37467         TIEH            saed90nm_max     
PLACE_optlc_37468         TIEH            saed90nm_max     
PLACE_optlc_37469         TIEH            saed90nm_max     
PLACE_optlc_37470         TIEH            saed90nm_max     
PLACE_optlc_37471         TIEH            saed90nm_max     
PLACE_optlc_37472         TIEH            saed90nm_max     
PLACE_optlc_37473         TIEH            saed90nm_max     
PLACE_optlc_37474         TIEH            saed90nm_max     
PLACE_optlc_37475         TIEH            saed90nm_max     
PLACE_optlc_37476         TIEH            saed90nm_max     
PLACE_optlc_37477         TIEH            saed90nm_max     
PLACE_optlc_37478         TIEH            saed90nm_max     
PLACE_optlc_37479         TIEH            saed90nm_max     
PLACE_optlc_37480         TIEH            saed90nm_max     
PLACE_optlc_37481         TIEH            saed90nm_max     
PLACE_optlc_37482         TIEH            saed90nm_max     
PLACE_optlc_37483         TIEH            saed90nm_max     
PLACE_optlc_37484         TIEH            saed90nm_max     
PLACE_optlc_37485         TIEH            saed90nm_max     
PLACE_optlc_37486         TIEH            saed90nm_max     
PLACE_optlc_37487         TIEH            saed90nm_max     
PLACE_optlc_37488         TIEH            saed90nm_max     
PLACE_optlc_37489         TIEH            saed90nm_max     
PLACE_optlc_37490         TIEH            saed90nm_max     
PLACE_optlc_37491         TIEH            saed90nm_max     
PLACE_optlc_37492         TIEH            saed90nm_max     
PLACE_optlc_37493         TIEH            saed90nm_max     
PLACE_optlc_37494         TIEH            saed90nm_max     
PLACE_optlc_37495         TIEH            saed90nm_max     
PLACE_optlc_37496         TIEH            saed90nm_max     
PLACE_optlc_37497         TIEH            saed90nm_max     
PLACE_optlc_37498         TIEH            saed90nm_max     
PLACE_optlc_37499         TIEH            saed90nm_max     
PLACE_optlc_37500         TIEH            saed90nm_max     
PLACE_optlc_37501         TIEH            saed90nm_max     
PLACE_optlc_37502         TIEH            saed90nm_max     
PLACE_optlc_37503         TIEH            saed90nm_max     
PLACE_optlc_37504         TIEH            saed90nm_max     
PLACE_optlc_37505         TIEH            saed90nm_max     
PLACE_optlc_37506         TIEH            saed90nm_max     
PLACE_optlc_37507         TIEH            saed90nm_max     
PLACE_optlc_37508         TIEH            saed90nm_max     
PLACE_optlc_37509         TIEH            saed90nm_max     
PLACE_optlc_37510         TIEH            saed90nm_max     
PLACE_optlc_37511         TIEH            saed90nm_max     
PLACE_optlc_37512         TIEH            saed90nm_max     
PLACE_optlc_37513         TIEH            saed90nm_max     
PLACE_optlc_37514         TIEH            saed90nm_max     
PLACE_optlc_37515         TIEH            saed90nm_max     
PLACE_optlc_37516         TIEH            saed90nm_max     
PLACE_optlc_37517         TIEH            saed90nm_max     
PLACE_optlc_37518         TIEH            saed90nm_max     
PLACE_optlc_37519         TIEH            saed90nm_max     
PLACE_optlc_37520         TIEH            saed90nm_max     
PLACE_optlc_37521         TIEH            saed90nm_max     
PLACE_optlc_37522         TIEH            saed90nm_max     
PLACE_optlc_37523         TIEH            saed90nm_max     
PLACE_optlc_37524         TIEH            saed90nm_max     
PLACE_optlc_37525         TIEH            saed90nm_max     
PLACE_optlc_37526         TIEH            saed90nm_max     
PLACE_optlc_37527         TIEH            saed90nm_max     
PLACE_optlc_37528         TIEH            saed90nm_max     
PLACE_optlc_37529         TIEH            saed90nm_max     
PLACE_optlc_37530         TIEH            saed90nm_max     
PLACE_optlc_37531         TIEH            saed90nm_max     
PLACE_optlc_37532         TIEH            saed90nm_max     
PLACE_optlc_37533         TIEH            saed90nm_max     
PLACE_optlc_37534         TIEH            saed90nm_max     
PLACE_optlc_37535         TIEH            saed90nm_max     
PLACE_optlc_37536         TIEH            saed90nm_max     
PLACE_optlc_37537         TIEH            saed90nm_max     
PLACE_optlc_37538         TIEH            saed90nm_max     
PLACE_optlc_37539         TIEH            saed90nm_max     
PLACE_optlc_37540         TIEH            saed90nm_max     
PLACE_optlc_37541         TIEH            saed90nm_max     
PLACE_optlc_37542         TIEH            saed90nm_max     
PLACE_optlc_37543         TIEH            saed90nm_max     
PLACE_optlc_37544         TIEH            saed90nm_max     
PLACE_optlc_37545         TIEH            saed90nm_max     
PLACE_optlc_37546         TIEH            saed90nm_max     
PLACE_optlc_37547         TIEH            saed90nm_max     
PLACE_optlc_37548         TIEH            saed90nm_max     
PLACE_optlc_37549         TIEH            saed90nm_max     
PLACE_optlc_37550         TIEH            saed90nm_max     
PLACE_optlc_37551         TIEH            saed90nm_max     
PLACE_optlc_37552         TIEH            saed90nm_max     
PLACE_optlc_37553         TIEH            saed90nm_max     
PLACE_optlc_37554         TIEH            saed90nm_max     
PLACE_optlc_37555         TIEH            saed90nm_max     
PLACE_optlc_37556         TIEH            saed90nm_max     
PLACE_optlc_37557         TIEH            saed90nm_max     
PLACE_optlc_37558         TIEH            saed90nm_max     
PLACE_optlc_37559         TIEH            saed90nm_max     
PLACE_optlc_37560         TIEH            saed90nm_max     
PLACE_optlc_37561         TIEH            saed90nm_max     
PLACE_optlc_37562         TIEH            saed90nm_max     
PLACE_optlc_37563         TIEH            saed90nm_max     
PLACE_optlc_37564         TIEH            saed90nm_max     
PLACE_optlc_37565         TIEH            saed90nm_max     
PLACE_optlc_37566         TIEH            saed90nm_max     
PLACE_optlc_37567         TIEH            saed90nm_max     
PLACE_optlc_37568         TIEH            saed90nm_max     
PLACE_optlc_37569         TIEH            saed90nm_max     
PLACE_optlc_37570         TIEH            saed90nm_max     
PLACE_optlc_37571         TIEH            saed90nm_max     
PLACE_optlc_37572         TIEH            saed90nm_max     
PLACE_optlc_37573         TIEH            saed90nm_max     
PLACE_optlc_37574         TIEH            saed90nm_max     
PLACE_optlc_37575         TIEH            saed90nm_max     
PLACE_optlc_37576         TIEH            saed90nm_max     
PLACE_optlc_37577         TIEH            saed90nm_max     
PLACE_optlc_37578         TIEH            saed90nm_max     
PLACE_optlc_37579         TIEH            saed90nm_max     
PLACE_optlc_37580         TIEH            saed90nm_max     
PLACE_optlc_37581         TIEH            saed90nm_max     
PLACE_optlc_37582         TIEH            saed90nm_max     
PLACE_optlc_37583         TIEH            saed90nm_max     
PLACE_optlc_37584         TIEH            saed90nm_max     
PLACE_optlc_37585         TIEH            saed90nm_max     
PLACE_optlc_37586         TIEH            saed90nm_max     
PLACE_optlc_37587         TIEH            saed90nm_max     
PLACE_optlc_37588         TIEH            saed90nm_max     
PLACE_optlc_37589         TIEH            saed90nm_max     
PLACE_optlc_37590         TIEH            saed90nm_max     
PLACE_optlc_37591         TIEH            saed90nm_max     
PLACE_optlc_37592         TIEH            saed90nm_max     
PLACE_optlc_37593         TIEH            saed90nm_max     
PLACE_optlc_37594         TIEH            saed90nm_max     
PLACE_optlc_37595         TIEH            saed90nm_max     
PLACE_optlc_37596         TIEH            saed90nm_max     
PLACE_optlc_37597         TIEH            saed90nm_max     
PLACE_optlc_37598         TIEH            saed90nm_max     
PLACE_optlc_37599         TIEH            saed90nm_max     
PLACE_optlc_37600         TIEH            saed90nm_max     
PLACE_optlc_37601         TIEH            saed90nm_max     
PLACE_optlc_37602         TIEH            saed90nm_max     
PLACE_optlc_37603         TIEH            saed90nm_max     
PLACE_optlc_37604         TIEH            saed90nm_max     
PLACE_optlc_37605         TIEH            saed90nm_max     
PLACE_optlc_37606         TIEH            saed90nm_max     
PLACE_optlc_37607         TIEH            saed90nm_max     
PLACE_optlc_37608         TIEH            saed90nm_max     
PLACE_optlc_37609         TIEH            saed90nm_max     
PLACE_optlc_37610         TIEH            saed90nm_max     
PLACE_optlc_37611         TIEH            saed90nm_max     
PLACE_optlc_37612         TIEH            saed90nm_max     
PLACE_optlc_37613         TIEH            saed90nm_max     
PLACE_optlc_37614         TIEH            saed90nm_max     
PLACE_optlc_37615         TIEH            saed90nm_max     
PLACE_optlc_37616         TIEH            saed90nm_max     
PLACE_optlc_37617         TIEH            saed90nm_max     
PLACE_optlc_37618         TIEH            saed90nm_max     
PLACE_optlc_37619         TIEH            saed90nm_max     
PLACE_optlc_37620         TIEH            saed90nm_max     
PLACE_optlc_37621         TIEH            saed90nm_max     
PLACE_optlc_37622         TIEH            saed90nm_max     
PLACE_optlc_37623         TIEH            saed90nm_max     
PLACE_optlc_37624         TIEH            saed90nm_max     
PLACE_optlc_37625         TIEH            saed90nm_max     
PLACE_optlc_37626         TIEH            saed90nm_max     
PLACE_optlc_37627         TIEH            saed90nm_max     
PLACE_optlc_37628         TIEH            saed90nm_max     
PLACE_optlc_37629         TIEH            saed90nm_max     
PLACE_optlc_37630         TIEH            saed90nm_max     
PLACE_optlc_37631         TIEH            saed90nm_max     
PLACE_optlc_37632         TIEH            saed90nm_max     
PLACE_optlc_37633         TIEH            saed90nm_max     
PLACE_optlc_37634         TIEH            saed90nm_max     
PLACE_optlc_37635         TIEH            saed90nm_max     
PLACE_optlc_37636         TIEH            saed90nm_max     
PLACE_optlc_37637         TIEH            saed90nm_max     
PLACE_optlc_37638         TIEH            saed90nm_max     
PLACE_optlc_37639         TIEH            saed90nm_max     
PLACE_optlc_37640         TIEH            saed90nm_max     
PLACE_optlc_37641         TIEH            saed90nm_max     
PLACE_optlc_37642         TIEH            saed90nm_max     
PLACE_optlc_37643         TIEH            saed90nm_max     
PLACE_optlc_37644         TIEH            saed90nm_max     
PLACE_optlc_37645         TIEH            saed90nm_max     
PLACE_optlc_37646         TIEH            saed90nm_max     
PLACE_optlc_37647         TIEH            saed90nm_max     
PLACE_optlc_37648         TIEH            saed90nm_max     
PLACE_optlc_37649         TIEH            saed90nm_max     
PLACE_optlc_37650         TIEH            saed90nm_max     
PLACE_optlc_37651         TIEH            saed90nm_max     
PLACE_optlc_37652         TIEH            saed90nm_max     
PLACE_optlc_37653         TIEH            saed90nm_max     
PLACE_optlc_37654         TIEH            saed90nm_max     
PLACE_optlc_37655         TIEH            saed90nm_max     
PLACE_optlc_37656         TIEH            saed90nm_max     
PLACE_optlc_37657         TIEH            saed90nm_max     
PLACE_optlc_37658         TIEH            saed90nm_max     
PLACE_optlc_37659         TIEH            saed90nm_max     
PLACE_optlc_37660         TIEH            saed90nm_max     
PLACE_optlc_37661         TIEH            saed90nm_max     
PLACE_optlc_37662         TIEH            saed90nm_max     
PLACE_optlc_37663         TIEH            saed90nm_max     
PLACE_optlc_37664         TIEH            saed90nm_max     
PLACE_optlc_37665         TIEH            saed90nm_max     
PLACE_optlc_37666         TIEH            saed90nm_max     
PLACE_optlc_37667         TIEH            saed90nm_max     
PLACE_optlc_37668         TIEH            saed90nm_max     
PLACE_optlc_37669         TIEH            saed90nm_max     
PLACE_optlc_37670         TIEH            saed90nm_max     
PLACE_optlc_37671         TIEH            saed90nm_max     
PLACE_optlc_37672         TIEH            saed90nm_max     
PLACE_optlc_37673         TIEH            saed90nm_max     
PLACE_optlc_37674         TIEH            saed90nm_max     
PLACE_optlc_37675         TIEH            saed90nm_max     
PLACE_optlc_37676         TIEH            saed90nm_max     
PLACE_optlc_37677         TIEH            saed90nm_max     
PLACE_optlc_37678         TIEH            saed90nm_max     
PLACE_optlc_37679         TIEH            saed90nm_max     
PLACE_optlc_37680         TIEH            saed90nm_max     
PLACE_optlc_37681         TIEH            saed90nm_max     
PLACE_optlc_37682         TIEH            saed90nm_max     
PLACE_optlc_37683         TIEH            saed90nm_max     
PLACE_optlc_37684         TIEH            saed90nm_max     
PLACE_optlc_37685         TIEH            saed90nm_max     
PLACE_optlc_37686         TIEH            saed90nm_max     
PLACE_optlc_37687         TIEH            saed90nm_max     
PLACE_optlc_37688         TIEH            saed90nm_max     
PLACE_optlc_37689         TIEH            saed90nm_max     
PLACE_optlc_37690         TIEH            saed90nm_max     
PLACE_optlc_37691         TIEH            saed90nm_max     
PLACE_optlc_37692         TIEH            saed90nm_max     
PLACE_optlc_37693         TIEH            saed90nm_max     
PLACE_optlc_37694         TIEH            saed90nm_max     
PLACE_optlc_37695         TIEH            saed90nm_max     
PLACE_optlc_37696         TIEH            saed90nm_max     
PLACE_optlc_37697         TIEH            saed90nm_max     
PLACE_optlc_37698         TIEH            saed90nm_max     
PLACE_optlc_37699         TIEH            saed90nm_max     
PLACE_optlc_37700         TIEH            saed90nm_max     
PLACE_optlc_37701         TIEH            saed90nm_max     
PLACE_optlc_37702         TIEH            saed90nm_max     
PLACE_optlc_37703         TIEH            saed90nm_max     
PLACE_optlc_37704         TIEH            saed90nm_max     
PLACE_optlc_37705         TIEH            saed90nm_max     
PLACE_optlc_37706         TIEH            saed90nm_max     
PLACE_optlc_37707         TIEH            saed90nm_max     
PLACE_optlc_37708         TIEH            saed90nm_max     
PLACE_optlc_37709         TIEH            saed90nm_max     
PLACE_optlc_37710         TIEH            saed90nm_max     
PLACE_optlc_37711         TIEH            saed90nm_max     
PLACE_optlc_37712         TIEH            saed90nm_max     
PLACE_optlc_37713         TIEH            saed90nm_max     
PLACE_optlc_37714         TIEH            saed90nm_max     
PLACE_optlc_37715         TIEH            saed90nm_max     
PLACE_optlc_37716         TIEH            saed90nm_max     
PLACE_optlc_37717         TIEH            saed90nm_max     
PLACE_optlc_37718         TIEH            saed90nm_max     
PLACE_optlc_37719         TIEH            saed90nm_max     
PLACE_optlc_37720         TIEH            saed90nm_max     
PLACE_optlc_37721         TIEH            saed90nm_max     
PLACE_optlc_37722         TIEH            saed90nm_max     
PLACE_optlc_37723         TIEH            saed90nm_max     
PLACE_optlc_37724         TIEH            saed90nm_max     
PLACE_optlc_37725         TIEH            saed90nm_max     
PLACE_optlc_37726         TIEH            saed90nm_max     
PLACE_optlc_37727         TIEH            saed90nm_max     
PLACE_optlc_37728         TIEH            saed90nm_max     
PLACE_optlc_37729         TIEH            saed90nm_max     
PLACE_optlc_37730         TIEH            saed90nm_max     
PLACE_optlc_37731         TIEH            saed90nm_max     
PLACE_optlc_37732         TIEH            saed90nm_max     
PLACE_optlc_37733         TIEH            saed90nm_max     
PLACE_optlc_37734         TIEH            saed90nm_max     
PLACE_optlc_37735         TIEH            saed90nm_max     
PLACE_optlc_37736         TIEH            saed90nm_max     
PLACE_optlc_37737         TIEH            saed90nm_max     
PLACE_optlc_37738         TIEH            saed90nm_max     
PLACE_optlc_37739         TIEH            saed90nm_max     
PLACE_optlc_37740         TIEH            saed90nm_max     
PLACE_optlc_37741         TIEH            saed90nm_max     
PLACE_optlc_37742         TIEH            saed90nm_max     
PLACE_optlc_37743         TIEH            saed90nm_max     
PLACE_optlc_37744         TIEH            saed90nm_max     
PLACE_optlc_37745         TIEH            saed90nm_max     
PLACE_optlc_37746         TIEH            saed90nm_max     
PLACE_optlc_37747         TIEH            saed90nm_max     
PLACE_optlc_37748         TIEH            saed90nm_max     
PLACE_optlc_37749         TIEH            saed90nm_max     
PLACE_optlc_37750         TIEH            saed90nm_max     
PLACE_optlc_37751         TIEH            saed90nm_max     
PLACE_optlc_37752         TIEH            saed90nm_max     
PLACE_optlc_37753         TIEH            saed90nm_max     
PLACE_optlc_37754         TIEH            saed90nm_max     
PLACE_optlc_37755         TIEH            saed90nm_max     
PLACE_optlc_37756         TIEH            saed90nm_max     
PLACE_optlc_37757         TIEH            saed90nm_max     
PLACE_optlc_37758         TIEH            saed90nm_max     
PLACE_optlc_37759         TIEH            saed90nm_max     
PLACE_optlc_37760         TIEH            saed90nm_max     
PLACE_optlc_37761         TIEH            saed90nm_max     
PLACE_optlc_37762         TIEH            saed90nm_max     
PLACE_optlc_37763         TIEH            saed90nm_max     
PLACE_optlc_37764         TIEH            saed90nm_max     
PLACE_optlc_37765         TIEH            saed90nm_max     
PLACE_optlc_37766         TIEH            saed90nm_max     
PLACE_optlc_37767         TIEH            saed90nm_max     
PLACE_optlc_37768         TIEH            saed90nm_max     
PLACE_optlc_37769         TIEH            saed90nm_max     
PLACE_optlc_37770         TIEH            saed90nm_max     
PLACE_optlc_37771         TIEH            saed90nm_max     
PLACE_optlc_37772         TIEH            saed90nm_max     
PLACE_optlc_37773         TIEH            saed90nm_max     
PLACE_optlc_37774         TIEH            saed90nm_max     
PLACE_optlc_37775         TIEH            saed90nm_max     
PLACE_optlc_37776         TIEH            saed90nm_max     
PLACE_optlc_37777         TIEH            saed90nm_max     
PLACE_optlc_37778         TIEH            saed90nm_max     
PLACE_optlc_37779         TIEH            saed90nm_max     
PLACE_optlc_37780         TIEH            saed90nm_max     
PLACE_optlc_37781         TIEH            saed90nm_max     
PLACE_optlc_37782         TIEH            saed90nm_max     
PLACE_optlc_37783         TIEH            saed90nm_max     
PLACE_optlc_37784         TIEH            saed90nm_max     
PLACE_optlc_37785         TIEH            saed90nm_max     
PLACE_optlc_37786         TIEH            saed90nm_max     
PLACE_optlc_37787         TIEH            saed90nm_max     
PLACE_optlc_37788         TIEH            saed90nm_max     
PLACE_optlc_37789         TIEH            saed90nm_max     
PLACE_optlc_37790         TIEH            saed90nm_max     
PLACE_optlc_37791         TIEH            saed90nm_max     
PLACE_optlc_37792         TIEH            saed90nm_max     
PLACE_optlc_37793         TIEH            saed90nm_max     
PLACE_optlc_37794         TIEH            saed90nm_max     
PLACE_optlc_37795         TIEH            saed90nm_max     
PLACE_optlc_37796         TIEH            saed90nm_max     
PLACE_optlc_37797         TIEH            saed90nm_max     
PLACE_optlc_37798         TIEH            saed90nm_max     
PLACE_optlc_37799         TIEH            saed90nm_max     
PLACE_optlc_37800         TIEH            saed90nm_max     
PLACE_optlc_37801         TIEH            saed90nm_max     
PLACE_optlc_37802         TIEH            saed90nm_max     
PLACE_optlc_37803         TIEH            saed90nm_max     
PLACE_optlc_37804         TIEH            saed90nm_max     
PLACE_optlc_37805         TIEH            saed90nm_max     
PLACE_optlc_37806         TIEH            saed90nm_max     
PLACE_optlc_37807         TIEH            saed90nm_max     
PLACE_optlc_37808         TIEH            saed90nm_max     
PLACE_optlc_37809         TIEH            saed90nm_max     
PLACE_optlc_37810         TIEH            saed90nm_max     
PLACE_optlc_37811         TIEH            saed90nm_max     
PLACE_optlc_37812         TIEH            saed90nm_max     
PLACE_optlc_37813         TIEH            saed90nm_max     
PLACE_optlc_37814         TIEH            saed90nm_max     
PLACE_optlc_37815         TIEH            saed90nm_max     
PLACE_optlc_37816         TIEH            saed90nm_max     
PLACE_optlc_37817         TIEH            saed90nm_max     
PLACE_optlc_37818         TIEH            saed90nm_max     
PLACE_optlc_37819         TIEH            saed90nm_max     
PLACE_optlc_37820         TIEH            saed90nm_max     
PLACE_optlc_37821         TIEH            saed90nm_max     
PLACE_optlc_37822         TIEH            saed90nm_max     
PLACE_optlc_37823         TIEH            saed90nm_max     
PLACE_optlc_37824         TIEH            saed90nm_max     
PLACE_optlc_37825         TIEH            saed90nm_max     
PLACE_optlc_37826         TIEH            saed90nm_max     
PLACE_optlc_37827         TIEH            saed90nm_max     
PLACE_optlc_37828         TIEH            saed90nm_max     
PLACE_optlc_37829         TIEH            saed90nm_max     
PLACE_optlc_37830         TIEH            saed90nm_max     
PLACE_optlc_37831         TIEH            saed90nm_max     
PLACE_optlc_37832         TIEH            saed90nm_max     
PLACE_optlc_37833         TIEH            saed90nm_max     
PLACE_optlc_37834         TIEH            saed90nm_max     
PLACE_optlc_37835         TIEH            saed90nm_max     
PLACE_optlc_37836         TIEH            saed90nm_max     
PLACE_optlc_37837         TIEH            saed90nm_max     
PLACE_optlc_37838         TIEH            saed90nm_max     
PLACE_optlc_37839         TIEH            saed90nm_max     
PLACE_optlc_37840         TIEH            saed90nm_max     
PLACE_optlc_37841         TIEH            saed90nm_max     
PLACE_optlc_37842         TIEH            saed90nm_max     
PLACE_optlc_37843         TIEH            saed90nm_max     
PLACE_optlc_37844         TIEH            saed90nm_max     
PLACE_optlc_37845         TIEH            saed90nm_max     
PLACE_optlc_37846         TIEH            saed90nm_max     
PLACE_optlc_37847         TIEH            saed90nm_max     
PLACE_optlc_37848         TIEH            saed90nm_max     
PLACE_optlc_37849         TIEH            saed90nm_max     
PLACE_optlc_37850         TIEH            saed90nm_max     
PLACE_optlc_37851         TIEH            saed90nm_max     
PLACE_optlc_37852         TIEH            saed90nm_max     
PLACE_optlc_37853         TIEH            saed90nm_max     
PLACE_optlc_37854         TIEH            saed90nm_max     
PLACE_optlc_37855         TIEH            saed90nm_max     
PLACE_optlc_37856         TIEH            saed90nm_max     
PLACE_optlc_37857         TIEH            saed90nm_max     
PLACE_optlc_37858         TIEH            saed90nm_max     
PLACE_optlc_37859         TIEH            saed90nm_max     
PLACE_optlc_37860         TIEH            saed90nm_max     
PLACE_optlc_37861         TIEH            saed90nm_max     
PLACE_optlc_37862         TIEH            saed90nm_max     
PLACE_optlc_37863         TIEH            saed90nm_max     
PLACE_optlc_37864         TIEH            saed90nm_max     
PLACE_optlc_37865         TIEH            saed90nm_max     
PLACE_optlc_37866         TIEH            saed90nm_max     
PLACE_optlc_37867         TIEH            saed90nm_max     
PLACE_optlc_37868         TIEH            saed90nm_max     
PLACE_optlc_37869         TIEH            saed90nm_max     
PLACE_optlc_37870         TIEH            saed90nm_max     
PLACE_optlc_37871         TIEH            saed90nm_max     
PLACE_optlc_37872         TIEH            saed90nm_max     
PLACE_optlc_37873         TIEH            saed90nm_max     
PLACE_optlc_37874         TIEH            saed90nm_max     
PLACE_optlc_37875         TIEH            saed90nm_max     
PLACE_optlc_37876         TIEH            saed90nm_max     
PLACE_optlc_37877         TIEH            saed90nm_max     
PLACE_optlc_37878         TIEH            saed90nm_max     
PLACE_optlc_37879         TIEH            saed90nm_max     
PLACE_optlc_37880         TIEH            saed90nm_max     
PLACE_optlc_37881         TIEH            saed90nm_max     
PLACE_optlc_37882         TIEH            saed90nm_max     
PLACE_optlc_37883         TIEH            saed90nm_max     
PLACE_optlc_37884         TIEH            saed90nm_max     
PLACE_optlc_37885         TIEH            saed90nm_max     
PLACE_optlc_37886         TIEH            saed90nm_max     
PLACE_optlc_37887         TIEH            saed90nm_max     
PLACE_optlc_37888         TIEH            saed90nm_max     
PLACE_optlc_37889         TIEH            saed90nm_max     
PLACE_optlc_37890         TIEH            saed90nm_max     
PLACE_optlc_37891         TIEH            saed90nm_max     
PLACE_optlc_37892         TIEH            saed90nm_max     
PLACE_optlc_37893         TIEH            saed90nm_max     
PLACE_optlc_37894         TIEH            saed90nm_max     
PLACE_optlc_37895         TIEH            saed90nm_max     
PLACE_optlc_37896         TIEH            saed90nm_max     
PLACE_optlc_37897         TIEH            saed90nm_max     
PLACE_optlc_37898         TIEH            saed90nm_max     
PLACE_optlc_37899         TIEH            saed90nm_max     
PLACE_optlc_37900         TIEH            saed90nm_max     
PLACE_optlc_37901         TIEH            saed90nm_max     
PLACE_optlc_37902         TIEH            saed90nm_max     
PLACE_optlc_37903         TIEH            saed90nm_max     
PLACE_optlc_37904         TIEH            saed90nm_max     
PLACE_optlc_37905         TIEH            saed90nm_max     
PLACE_optlc_37906         TIEH            saed90nm_max     
PLACE_optlc_37907         TIEH            saed90nm_max     
PLACE_optlc_37908         TIEH            saed90nm_max     
PLACE_optlc_37909         TIEH            saed90nm_max     
PLACE_optlc_37910         TIEH            saed90nm_max     
PLACE_optlc_37911         TIEH            saed90nm_max     
PLACE_optlc_37912         TIEH            saed90nm_max     
PLACE_optlc_37913         TIEH            saed90nm_max     
PLACE_optlc_37914         TIEH            saed90nm_max     
PLACE_optlc_37915         TIEH            saed90nm_max     
PLACE_optlc_37916         TIEH            saed90nm_max     
PLACE_optlc_37917         TIEH            saed90nm_max     
PLACE_optlc_37918         TIEH            saed90nm_max     
PLACE_optlc_37919         TIEH            saed90nm_max     
PLACE_optlc_37920         TIEH            saed90nm_max     
PLACE_optlc_37921         TIEH            saed90nm_max     
PLACE_optlc_37922         TIEH            saed90nm_max     
PLACE_optlc_37923         TIEH            saed90nm_max     
PLACE_optlc_37924         TIEH            saed90nm_max     
PLACE_optlc_37925         TIEH            saed90nm_max     
PLACE_optlc_37926         TIEH            saed90nm_max     
PLACE_optlc_37927         TIEH            saed90nm_max     
PLACE_optlc_37928         TIEH            saed90nm_max     
PLACE_optlc_37929         TIEH            saed90nm_max     
PLACE_optlc_37930         TIEH            saed90nm_max     
PLACE_optlc_37931         TIEH            saed90nm_max     
PLACE_optlc_37932         TIEH            saed90nm_max     
PLACE_optlc_37933         TIEH            saed90nm_max     
PLACE_optlc_37934         TIEH            saed90nm_max     
PLACE_optlc_37935         TIEH            saed90nm_max     
PLACE_optlc_37936         TIEH            saed90nm_max     
PLACE_optlc_37937         TIEH            saed90nm_max     
PLACE_optlc_37938         TIEH            saed90nm_max     
PLACE_optlc_37939         TIEH            saed90nm_max     
PLACE_optlc_37940         TIEH            saed90nm_max     
PLACE_optlc_37941         TIEH            saed90nm_max     
PLACE_optlc_37942         TIEH            saed90nm_max     
PLACE_optlc_37943         TIEH            saed90nm_max     
PLACE_optlc_37944         TIEH            saed90nm_max     
PLACE_optlc_37945         TIEH            saed90nm_max     
PLACE_optlc_37946         TIEH            saed90nm_max     
PLACE_optlc_37947         TIEH            saed90nm_max     
PLACE_optlc_37948         TIEH            saed90nm_max     
PLACE_optlc_37949         TIEH            saed90nm_max     
PLACE_optlc_37950         TIEH            saed90nm_max     
PLACE_optlc_37951         TIEH            saed90nm_max     
PLACE_optlc_37952         TIEH            saed90nm_max     
PLACE_optlc_37953         TIEH            saed90nm_max     
PLACE_optlc_37954         TIEH            saed90nm_max     
PLACE_optlc_37955         TIEH            saed90nm_max     
PLACE_optlc_37956         TIEH            saed90nm_max     
PLACE_optlc_37957         TIEH            saed90nm_max     
PLACE_optlc_37958         TIEH            saed90nm_max     
PLACE_optlc_37959         TIEH            saed90nm_max     
PLACE_optlc_37960         TIEH            saed90nm_max     
PLACE_optlc_37961         TIEH            saed90nm_max     
PLACE_optlc_37962         TIEH            saed90nm_max     
PLACE_optlc_37963         TIEH            saed90nm_max     
PLACE_optlc_37964         TIEH            saed90nm_max     
PLACE_optlc_37965         TIEH            saed90nm_max     
PLACE_optlc_37966         TIEH            saed90nm_max     
PLACE_optlc_37967         TIEH            saed90nm_max     
PLACE_optlc_37968         TIEH            saed90nm_max     
PLACE_optlc_37969         TIEH            saed90nm_max     
PLACE_optlc_37970         TIEH            saed90nm_max     
PLACE_optlc_37971         TIEH            saed90nm_max     
PLACE_optlc_37972         TIEH            saed90nm_max     
PLACE_optlc_37973         TIEH            saed90nm_max     
PLACE_optlc_37974         TIEH            saed90nm_max     
PLACE_optlc_37975         TIEH            saed90nm_max     
PLACE_optlc_37976         TIEH            saed90nm_max     
PLACE_optlc_37977         TIEH            saed90nm_max     
PLACE_optlc_37978         TIEH            saed90nm_max     
PLACE_optlc_37979         TIEH            saed90nm_max     
PLACE_optlc_37980         TIEH            saed90nm_max     
PLACE_optlc_37981         TIEH            saed90nm_max     
PLACE_optlc_37982         TIEH            saed90nm_max     
PLACE_optlc_37983         TIEH            saed90nm_max     
PLACE_optlc_37984         TIEH            saed90nm_max     
PLACE_optlc_37985         TIEH            saed90nm_max     
PLACE_optlc_37986         TIEH            saed90nm_max     
PLACE_optlc_37987         TIEH            saed90nm_max     
PLACE_optlc_37988         TIEH            saed90nm_max     
PLACE_optlc_37989         TIEH            saed90nm_max     
PLACE_optlc_37990         TIEH            saed90nm_max     
PLACE_optlc_37991         TIEH            saed90nm_max     
PLACE_optlc_37992         TIEH            saed90nm_max     
PLACE_optlc_37993         TIEH            saed90nm_max     
PLACE_optlc_37994         TIEH            saed90nm_max     
PLACE_optlc_37995         TIEH            saed90nm_max     
PLACE_optlc_37996         TIEH            saed90nm_max     
PLACE_optlc_37997         TIEH            saed90nm_max     
PLACE_optlc_37998         TIEH            saed90nm_max     
PLACE_optlc_37999         TIEH            saed90nm_max     
PLACE_optlc_38000         TIEH            saed90nm_max     
PLACE_optlc_38001         TIEH            saed90nm_max     
PLACE_optlc_38002         TIEH            saed90nm_max     
PLACE_optlc_38003         TIEH            saed90nm_max     
PLACE_optlc_38004         TIEH            saed90nm_max     
PLACE_optlc_38005         TIEH            saed90nm_max     
PLACE_optlc_38006         TIEH            saed90nm_max     
PLACE_optlc_38007         TIEH            saed90nm_max     
PLACE_optlc_38008         TIEH            saed90nm_max     
PLACE_optlc_38009         TIEH            saed90nm_max     
PLACE_optlc_38010         TIEH            saed90nm_max     
PLACE_optlc_38011         TIEH            saed90nm_max     
PLACE_optlc_38012         TIEH            saed90nm_max     
PLACE_optlc_38013         TIEH            saed90nm_max     
PLACE_optlc_38014         TIEH            saed90nm_max     
PLACE_optlc_38015         TIEH            saed90nm_max     
PLACE_optlc_38016         TIEH            saed90nm_max     
PLACE_optlc_38017         TIEH            saed90nm_max     
PLACE_optlc_38018         TIEH            saed90nm_max     
PLACE_optlc_38019         TIEH            saed90nm_max     
PLACE_optlc_38020         TIEH            saed90nm_max     
PLACE_optlc_38021         TIEH            saed90nm_max     
PLACE_optlc_38022         TIEH            saed90nm_max     
PLACE_optlc_38023         TIEH            saed90nm_max     
PLACE_optlc_38024         TIEH            saed90nm_max     
PLACE_optlc_38025         TIEH            saed90nm_max     
PLACE_optlc_38026         TIEH            saed90nm_max     
PLACE_optlc_38027         TIEH            saed90nm_max     
PLACE_optlc_38028         TIEH            saed90nm_max     
PLACE_optlc_38029         TIEH            saed90nm_max     
PLACE_optlc_38030         TIEH            saed90nm_max     
PLACE_optlc_38031         TIEH            saed90nm_max     
PLACE_optlc_38032         TIEH            saed90nm_max     
PLACE_optlc_38033         TIEH            saed90nm_max     
PLACE_optlc_38034         TIEH            saed90nm_max     
PLACE_optlc_38035         TIEH            saed90nm_max     
PLACE_optlc_38036         TIEH            saed90nm_max     
PLACE_optlc_38037         TIEH            saed90nm_max     
PLACE_optlc_38038         TIEH            saed90nm_max     
PLACE_optlc_38039         TIEH            saed90nm_max     
PLACE_optlc_38040         TIEH            saed90nm_max     
PLACE_optlc_38041         TIEH            saed90nm_max     
PLACE_optlc_38042         TIEH            saed90nm_max     
PLACE_optlc_38043         TIEH            saed90nm_max     
PLACE_optlc_38044         TIEH            saed90nm_max     
PLACE_optlc_38045         TIEH            saed90nm_max     
PLACE_optlc_38046         TIEH            saed90nm_max     
PLACE_optlc_38047         TIEH            saed90nm_max     
PLACE_optlc_38048         TIEH            saed90nm_max     
PLACE_optlc_38049         TIEH            saed90nm_max     
PLACE_optlc_38050         TIEH            saed90nm_max     
PLACE_optlc_38051         TIEH            saed90nm_max     
PLACE_optlc_38052         TIEH            saed90nm_max     
PLACE_optlc_38053         TIEH            saed90nm_max     
PLACE_optlc_38054         TIEH            saed90nm_max     
PLACE_optlc_38055         TIEH            saed90nm_max     
PLACE_optlc_38056         TIEH            saed90nm_max     
PLACE_optlc_38057         TIEH            saed90nm_max     
PLACE_optlc_38058         TIEH            saed90nm_max     
PLACE_optlc_38059         TIEH            saed90nm_max     
PLACE_optlc_38060         TIEH            saed90nm_max     
PLACE_optlc_38061         TIEH            saed90nm_max     
PLACE_optlc_38062         TIEH            saed90nm_max     
PLACE_optlc_38063         TIEH            saed90nm_max     
PLACE_optlc_38064         TIEH            saed90nm_max     
PLACE_optlc_38065         TIEH            saed90nm_max     
PLACE_optlc_38066         TIEH            saed90nm_max     
PLACE_optlc_38067         TIEH            saed90nm_max     
PLACE_optlc_38068         TIEH            saed90nm_max     
PLACE_optlc_38069         TIEH            saed90nm_max     
PLACE_optlc_38070         TIEH            saed90nm_max     
PLACE_optlc_38071         TIEH            saed90nm_max     
PLACE_optlc_38072         TIEH            saed90nm_max     
PLACE_optlc_38073         TIEH            saed90nm_max     
PLACE_optlc_38074         TIEH            saed90nm_max     
PLACE_optlc_38075         TIEH            saed90nm_max     
PLACE_optlc_38076         TIEH            saed90nm_max     
PLACE_optlc_38077         TIEH            saed90nm_max     
PLACE_optlc_38078         TIEH            saed90nm_max     
PLACE_optlc_38079         TIEH            saed90nm_max     
PLACE_optlc_38080         TIEH            saed90nm_max     
PLACE_optlc_38081         TIEH            saed90nm_max     
PLACE_optlc_38082         TIEH            saed90nm_max     
PLACE_optlc_38083         TIEH            saed90nm_max     
PLACE_optlc_38084         TIEH            saed90nm_max     
PLACE_optlc_38085         TIEH            saed90nm_max     
PLACE_optlc_38086         TIEH            saed90nm_max     
PLACE_optlc_38087         TIEH            saed90nm_max     
PLACE_optlc_38088         TIEH            saed90nm_max     
PLACE_optlc_38089         TIEH            saed90nm_max     
PLACE_optlc_38090         TIEH            saed90nm_max     
PLACE_optlc_38091         TIEH            saed90nm_max     
PLACE_optlc_38092         TIEH            saed90nm_max     
PLACE_optlc_38093         TIEH            saed90nm_max     
PLACE_optlc_38094         TIEH            saed90nm_max     
PLACE_optlc_38095         TIEH            saed90nm_max     
PLACE_optlc_38096         TIEH            saed90nm_max     
PLACE_optlc_38097         TIEH            saed90nm_max     
PLACE_optlc_38098         TIEH            saed90nm_max     
PLACE_optlc_38099         TIEH            saed90nm_max     
PLACE_optlc_38100         TIEH            saed90nm_max     
PLACE_optlc_38101         TIEH            saed90nm_max     
PLACE_optlc_38102         TIEH            saed90nm_max     
PLACE_optlc_38103         TIEH            saed90nm_max     
PLACE_optlc_38104         TIEH            saed90nm_max     
PLACE_optlc_38105         TIEH            saed90nm_max     
PLACE_optlc_38106         TIEH            saed90nm_max     
PLACE_optlc_38107         TIEH            saed90nm_max     
PLACE_optlc_38108         TIEH            saed90nm_max     
PLACE_optlc_38109         TIEH            saed90nm_max     
PLACE_optlc_38110         TIEH            saed90nm_max     
PLACE_optlc_38111         TIEH            saed90nm_max     
PLACE_optlc_38112         TIEH            saed90nm_max     
PLACE_optlc_38113         TIEH            saed90nm_max     
PLACE_optlc_38114         TIEH            saed90nm_max     
PLACE_optlc_38115         TIEH            saed90nm_max     
PLACE_optlc_38116         TIEH            saed90nm_max     
PLACE_optlc_38117         TIEH            saed90nm_max     
PLACE_optlc_38118         TIEH            saed90nm_max     
PLACE_optlc_38119         TIEH            saed90nm_max     
PLACE_optlc_38120         TIEH            saed90nm_max     
PLACE_optlc_38121         TIEH            saed90nm_max     
PLACE_optlc_38122         TIEH            saed90nm_max     
PLACE_optlc_38123         TIEH            saed90nm_max     
PLACE_optlc_38124         TIEH            saed90nm_max     
PLACE_optlc_38125         TIEH            saed90nm_max     
PLACE_optlc_38126         TIEH            saed90nm_max     
PLACE_optlc_38127         TIEH            saed90nm_max     
PLACE_optlc_38128         TIEH            saed90nm_max     
PLACE_optlc_38129         TIEH            saed90nm_max     
PLACE_optlc_38130         TIEH            saed90nm_max     
PLACE_optlc_38131         TIEH            saed90nm_max     
PLACE_optlc_38132         TIEH            saed90nm_max     
PLACE_optlc_38133         TIEH            saed90nm_max     
PLACE_optlc_38134         TIEH            saed90nm_max     
PLACE_optlc_38135         TIEH            saed90nm_max     
PLACE_optlc_38136         TIEH            saed90nm_max     
PLACE_optlc_38137         TIEH            saed90nm_max     
PLACE_optlc_38138         TIEH            saed90nm_max     
PLACE_optlc_38139         TIEH            saed90nm_max     
PLACE_optlc_38140         TIEH            saed90nm_max     
PLACE_optlc_38141         TIEH            saed90nm_max     
PLACE_optlc_38142         TIEH            saed90nm_max     
PLACE_optlc_38143         TIEH            saed90nm_max     
PLACE_optlc_38144         TIEH            saed90nm_max     
PLACE_optlc_38145         TIEH            saed90nm_max     
PLACE_optlc_38146         TIEH            saed90nm_max     
PLACE_optlc_38147         TIEH            saed90nm_max     
PLACE_optlc_38148         TIEH            saed90nm_max     
PLACE_optlc_38149         TIEH            saed90nm_max     
PLACE_optlc_38150         TIEH            saed90nm_max     
PLACE_optlc_38151         TIEH            saed90nm_max     
PLACE_optlc_38152         TIEH            saed90nm_max     
PLACE_optlc_38153         TIEH            saed90nm_max     
PLACE_optlc_38154         TIEH            saed90nm_max     
PLACE_optlc_38155         TIEH            saed90nm_max     
PLACE_optlc_38156         TIEH            saed90nm_max     
PLACE_optlc_38157         TIEH            saed90nm_max     
PLACE_optlc_38158         TIEH            saed90nm_max     
PLACE_optlc_38159         TIEH            saed90nm_max     
PLACE_optlc_38160         TIEH            saed90nm_max     
PLACE_optlc_38161         TIEH            saed90nm_max     
PLACE_optlc_38162         TIEH            saed90nm_max     
PLACE_optlc_38163         TIEH            saed90nm_max     
PLACE_optlc_38164         TIEH            saed90nm_max     
PLACE_optlc_38165         TIEH            saed90nm_max     
PLACE_optlc_38166         TIEH            saed90nm_max     
PLACE_optlc_38167         TIEH            saed90nm_max     
PLACE_optlc_38168         TIEH            saed90nm_max     
PLACE_optlc_38169         TIEH            saed90nm_max     
PLACE_optlc_38170         TIEH            saed90nm_max     
PLACE_optlc_38171         TIEH            saed90nm_max     
PLACE_optlc_38172         TIEH            saed90nm_max     
PLACE_optlc_38173         TIEH            saed90nm_max     
PLACE_optlc_38174         TIEH            saed90nm_max     
PLACE_optlc_38175         TIEH            saed90nm_max     
PLACE_optlc_38176         TIEH            saed90nm_max     
PLACE_optlc_38177         TIEH            saed90nm_max     
PLACE_optlc_38178         TIEH            saed90nm_max     
PLACE_optlc_38179         TIEH            saed90nm_max     
PLACE_optlc_38180         TIEH            saed90nm_max     
PLACE_optlc_38181         TIEH            saed90nm_max     
PLACE_optlc_38182         TIEH            saed90nm_max     
PLACE_optlc_38183         TIEH            saed90nm_max     
PLACE_optlc_38184         TIEH            saed90nm_max     
PLACE_optlc_38185         TIEH            saed90nm_max     
PLACE_optlc_38186         TIEH            saed90nm_max     
PLACE_optlc_38187         TIEH            saed90nm_max     
PLACE_optlc_38188         TIEH            saed90nm_max     
PLACE_optlc_38189         TIEH            saed90nm_max     
PLACE_optlc_38190         TIEH            saed90nm_max     
PLACE_optlc_38191         TIEH            saed90nm_max     
PLACE_optlc_38192         TIEH            saed90nm_max     
PLACE_optlc_38193         TIEH            saed90nm_max     
PLACE_optlc_38194         TIEH            saed90nm_max     
PLACE_optlc_38195         TIEH            saed90nm_max     
PLACE_optlc_38196         TIEH            saed90nm_max     
PLACE_optlc_38197         TIEH            saed90nm_max     
PLACE_optlc_38198         TIEH            saed90nm_max     
PLACE_optlc_38199         TIEH            saed90nm_max     
PLACE_optlc_38200         TIEH            saed90nm_max     
PLACE_optlc_38201         TIEH            saed90nm_max     
PLACE_optlc_38202         TIEH            saed90nm_max     
PLACE_optlc_38203         TIEH            saed90nm_max     
PLACE_optlc_38204         TIEH            saed90nm_max     
PLACE_optlc_38205         TIEH            saed90nm_max     
PLACE_optlc_38206         TIEH            saed90nm_max     
PLACE_optlc_38207         TIEH            saed90nm_max     
PLACE_optlc_38208         TIEH            saed90nm_max     
PLACE_optlc_38209         TIEH            saed90nm_max     
PLACE_optlc_38210         TIEH            saed90nm_max     
PLACE_optlc_38211         TIEH            saed90nm_max     
PLACE_optlc_38212         TIEH            saed90nm_max     
PLACE_optlc_38213         TIEH            saed90nm_max     
PLACE_optlc_38214         TIEH            saed90nm_max     
PLACE_optlc_38215         TIEH            saed90nm_max     
PLACE_optlc_38216         TIEH            saed90nm_max     
PLACE_optlc_38217         TIEH            saed90nm_max     
PLACE_optlc_38218         TIEH            saed90nm_max     
PLACE_optlc_38219         TIEH            saed90nm_max     
PLACE_optlc_38220         TIEH            saed90nm_max     
PLACE_optlc_38221         TIEH            saed90nm_max     
PLACE_optlc_38222         TIEH            saed90nm_max     
PLACE_optlc_38223         TIEH            saed90nm_max     
PLACE_optlc_38224         TIEH            saed90nm_max     
PLACE_optlc_38225         TIEH            saed90nm_max     
PLACE_optlc_38226         TIEH            saed90nm_max     
PLACE_optlc_38227         TIEH            saed90nm_max     
PLACE_optlc_38228         TIEH            saed90nm_max     
PLACE_optlc_38229         TIEH            saed90nm_max     
PLACE_optlc_38230         TIEH            saed90nm_max     
PLACE_optlc_38231         TIEH            saed90nm_max     
PLACE_optlc_38232         TIEH            saed90nm_max     
PLACE_optlc_38233         TIEH            saed90nm_max     
PLACE_optlc_38234         TIEH            saed90nm_max     
PLACE_optlc_38235         TIEH            saed90nm_max     
PLACE_optlc_38236         TIEH            saed90nm_max     
PLACE_optlc_38237         TIEH            saed90nm_max     
PLACE_optlc_38238         TIEH            saed90nm_max     
PLACE_optlc_38239         TIEH            saed90nm_max     
PLACE_optlc_38240         TIEH            saed90nm_max     
PLACE_optlc_38241         TIEH            saed90nm_max     
PLACE_optlc_38242         TIEH            saed90nm_max     
PLACE_optlc_38243         TIEH            saed90nm_max     
PLACE_optlc_38244         TIEH            saed90nm_max     
PLACE_optlc_38245         TIEH            saed90nm_max     
PLACE_optlc_38246         TIEH            saed90nm_max     
PLACE_optlc_38247         TIEH            saed90nm_max     
PLACE_optlc_38248         TIEH            saed90nm_max     
PLACE_optlc_38249         TIEH            saed90nm_max     
PLACE_optlc_38250         TIEH            saed90nm_max     
PLACE_optlc_38251         TIEH            saed90nm_max     
PLACE_optlc_38252         TIEH            saed90nm_max     
PLACE_optlc_38253         TIEH            saed90nm_max     
PLACE_optlc_38254         TIEH            saed90nm_max     
PLACE_optlc_38255         TIEH            saed90nm_max     
PLACE_optlc_38256         TIEH            saed90nm_max     
PLACE_optlc_38257         TIEH            saed90nm_max     
PLACE_optlc_38258         TIEH            saed90nm_max     
PLACE_optlc_38259         TIEH            saed90nm_max     
PLACE_optlc_38260         TIEH            saed90nm_max     
PLACE_optlc_38261         TIEH            saed90nm_max     
PLACE_optlc_38262         TIEH            saed90nm_max     
PLACE_optlc_38263         TIEH            saed90nm_max     
PLACE_optlc_38264         TIEH            saed90nm_max     
PLACE_optlc_38265         TIEH            saed90nm_max     
PLACE_optlc_38266         TIEH            saed90nm_max     
PLACE_optlc_38267         TIEH            saed90nm_max     
PLACE_optlc_38268         TIEH            saed90nm_max     
PLACE_optlc_38269         TIEH            saed90nm_max     
PLACE_optlc_38270         TIEH            saed90nm_max     
PLACE_optlc_38271         TIEH            saed90nm_max     
PLACE_optlc_38272         TIEH            saed90nm_max     
PLACE_optlc_38273         TIEH            saed90nm_max     
PLACE_optlc_38274         TIEH            saed90nm_max     
PLACE_optlc_38275         TIEH            saed90nm_max     
PLACE_optlc_38276         TIEH            saed90nm_max     
PLACE_optlc_38277         TIEH            saed90nm_max     
PLACE_optlc_38278         TIEH            saed90nm_max     
PLACE_optlc_38279         TIEH            saed90nm_max     
PLACE_optlc_38280         TIEH            saed90nm_max     
PLACE_optlc_38281         TIEH            saed90nm_max     
PLACE_optlc_38282         TIEH            saed90nm_max     
PLACE_optlc_38283         TIEH            saed90nm_max     
PLACE_optlc_38284         TIEH            saed90nm_max     
PLACE_optlc_38285         TIEH            saed90nm_max     
PLACE_optlc_38286         TIEH            saed90nm_max     
PLACE_optlc_38287         TIEH            saed90nm_max     
PLACE_optlc_38288         TIEH            saed90nm_max     
PLACE_optlc_38289         TIEH            saed90nm_max     
PLACE_optlc_38290         TIEH            saed90nm_max     
PLACE_optlc_38291         TIEH            saed90nm_max     
PLACE_optlc_38292         TIEH            saed90nm_max     
PLACE_optlc_38293         TIEH            saed90nm_max     
PLACE_optlc_38294         TIEH            saed90nm_max     
PLACE_optlc_38295         TIEH            saed90nm_max     
PLACE_optlc_38296         TIEH            saed90nm_max     
PLACE_optlc_38297         TIEH            saed90nm_max     
PLACE_optlc_38298         TIEH            saed90nm_max     
PLACE_optlc_38299         TIEH            saed90nm_max     
PLACE_optlc_38300         TIEH            saed90nm_max     
PLACE_optlc_38301         TIEH            saed90nm_max     
PLACE_optlc_38302         TIEH            saed90nm_max     
PLACE_optlc_38303         TIEH            saed90nm_max     
PLACE_optlc_38304         TIEH            saed90nm_max     
PLACE_optlc_38305         TIEH            saed90nm_max     
PLACE_optlc_38306         TIEH            saed90nm_max     
PLACE_optlc_38307         TIEH            saed90nm_max     
PLACE_optlc_38308         TIEH            saed90nm_max     
PLACE_optlc_38309         TIEH            saed90nm_max     
PLACE_optlc_38310         TIEH            saed90nm_max     
PLACE_optlc_38311         TIEH            saed90nm_max     
PLACE_optlc_38312         TIEH            saed90nm_max     
PLACE_optlc_38313         TIEH            saed90nm_max     
PLACE_optlc_38314         TIEH            saed90nm_max     
PLACE_optlc_38315         TIEH            saed90nm_max     
PLACE_optlc_38316         TIEH            saed90nm_max     
PLACE_optlc_38317         TIEH            saed90nm_max     
PLACE_optlc_38318         TIEH            saed90nm_max     
PLACE_optlc_38319         TIEH            saed90nm_max     
PLACE_optlc_38320         TIEH            saed90nm_max     
PLACE_optlc_38321         TIEH            saed90nm_max     
PLACE_optlc_38322         TIEH            saed90nm_max     
PLACE_optlc_38323         TIEH            saed90nm_max     
PLACE_optlc_38324         TIEH            saed90nm_max     
PLACE_optlc_38325         TIEH            saed90nm_max     
PLACE_optlc_38326         TIEH            saed90nm_max     
PLACE_optlc_38327         TIEH            saed90nm_max     
PLACE_optlc_38328         TIEH            saed90nm_max     
PLACE_optlc_38329         TIEH            saed90nm_max     
PLACE_optlc_38330         TIEH            saed90nm_max     
PLACE_optlc_38331         TIEH            saed90nm_max     
PLACE_optlc_38332         TIEH            saed90nm_max     
PLACE_optlc_38333         TIEH            saed90nm_max     
PLACE_optlc_38334         TIEH            saed90nm_max     
PLACE_optlc_38335         TIEH            saed90nm_max     
PLACE_optlc_38336         TIEH            saed90nm_max     
PLACE_optlc_38337         TIEH            saed90nm_max     
PLACE_optlc_38338         TIEH            saed90nm_max     
PLACE_optlc_38339         TIEH            saed90nm_max     
PLACE_optlc_38340         TIEH            saed90nm_max     
PLACE_optlc_38341         TIEH            saed90nm_max     
PLACE_optlc_38342         TIEH            saed90nm_max     
PLACE_optlc_38343         TIEH            saed90nm_max     
PLACE_optlc_38344         TIEH            saed90nm_max     
PLACE_optlc_38345         TIEH            saed90nm_max     
PLACE_optlc_38346         TIEH            saed90nm_max     
PLACE_optlc_38347         TIEH            saed90nm_max     
PLACE_optlc_38348         TIEH            saed90nm_max     
PLACE_optlc_38349         TIEH            saed90nm_max     
PLACE_optlc_38350         TIEH            saed90nm_max     
PLACE_optlc_38351         TIEH            saed90nm_max     
PLACE_optlc_38352         TIEH            saed90nm_max     
PLACE_optlc_38353         TIEH            saed90nm_max     
PLACE_optlc_38354         TIEH            saed90nm_max     
PLACE_optlc_38355         TIEH            saed90nm_max     
PLACE_optlc_38356         TIEH            saed90nm_max     
PLACE_optlc_38357         TIEH            saed90nm_max     
PLACE_optlc_38358         TIEH            saed90nm_max     
PLACE_optlc_38359         TIEH            saed90nm_max     
PLACE_optlc_38360         TIEH            saed90nm_max     
PLACE_optlc_38361         TIEH            saed90nm_max     
PLACE_optlc_38362         TIEH            saed90nm_max     
PLACE_optlc_38363         TIEH            saed90nm_max     
PLACE_optlc_38364         TIEH            saed90nm_max     
PLACE_optlc_38365         TIEH            saed90nm_max     
PLACE_optlc_38366         TIEH            saed90nm_max     
PLACE_optlc_38367         TIEH            saed90nm_max     
PLACE_optlc_38368         TIEH            saed90nm_max     
PLACE_optlc_38369         TIEH            saed90nm_max     
PLACE_optlc_38370         TIEH            saed90nm_max     
PLACE_optlc_38371         TIEH            saed90nm_max     
PLACE_optlc_38372         TIEH            saed90nm_max     
PLACE_optlc_38373         TIEH            saed90nm_max     
PLACE_optlc_38374         TIEH            saed90nm_max     
PLACE_optlc_38375         TIEH            saed90nm_max     
PLACE_optlc_38376         TIEH            saed90nm_max     
PLACE_optlc_38378         TIEL            saed90nm_max     
PLACE_optlc_38379         TIEL            saed90nm_max     
PLACE_optlc_38380         TIEL            saed90nm_max     
PLACE_optlc_38381         TIEL            saed90nm_max     
PLACE_optlc_38383         TIEL            saed90nm_max     
PLACE_optlc_38384         TIEL            saed90nm_max     
PLACE_optlc_38385         TIEL            saed90nm_max     
PLACE_optlc_38386         TIEL            saed90nm_max     
PLACE_optlc_38387         TIEL            saed90nm_max     
PLACE_optlc_38388         TIEL            saed90nm_max     
PLACE_optlc_38389         TIEL            saed90nm_max     
PLACE_optlc_38390         TIEL            saed90nm_max     
PLACE_optlc_38391         TIEL            saed90nm_max     
PLACE_optlc_38392         TIEL            saed90nm_max     
PLACE_optlc_38393         TIEL            saed90nm_max     
PLACE_optlc_38394         TIEL            saed90nm_max     
PLACE_optlc_38395         TIEL            saed90nm_max     
PLACE_optlc_38396         TIEL            saed90nm_max     
PLACE_optlc_38397         TIEL            saed90nm_max     
PLACE_optlc_38398         TIEL            saed90nm_max     
PLACE_optlc_38399         TIEL            saed90nm_max     
PLACE_optlc_38400         TIEL            saed90nm_max     
PLACE_optlc_38401         TIEL            saed90nm_max     
PLACE_optlc_38402         TIEL            saed90nm_max     
PLACE_optlc_38403         TIEL            saed90nm_max     
PLACE_optlc_38404         TIEL            saed90nm_max     
PLACE_optlc_38405         TIEL            saed90nm_max     
PLACE_optlc_38406         TIEL            saed90nm_max     
PLACE_optlc_38407         TIEL            saed90nm_max     
PLACE_optlc_38408         TIEL            saed90nm_max     
PLACE_optlc_38409         TIEL            saed90nm_max     
PLACE_optlc_38410         TIEL            saed90nm_max     
PLACE_optlc_38411         TIEL            saed90nm_max     
PLACE_optlc_38412         TIEL            saed90nm_max     
PLACE_optlc_38413         TIEL            saed90nm_max     
PLACE_optlc_38414         TIEL            saed90nm_max     
PLACE_optlc_38415         TIEL            saed90nm_max     
PLACE_optlc_38416         TIEL            saed90nm_max     
PLACE_optlc_38417         TIEL            saed90nm_max     
PLACE_optlc_38418         TIEL            saed90nm_max     
PLACE_optlc_38419         TIEL            saed90nm_max     
PLACE_optlc_38420         TIEL            saed90nm_max     
PLACE_optlc_38421         TIEL            saed90nm_max     
PLACE_optlc_38422         TIEL            saed90nm_max     
PLACE_optlc_38423         TIEL            saed90nm_max     
PLACE_optlc_38424         TIEL            saed90nm_max     
PLACE_optlc_4600          TIEL            saed90nm_max     
PLACE_optlc_8655          TIEH            saed90nm_max     
SpareCell_0               NAND2X1         saed90nm_max     d
SpareCell_0_0             INVX1           saed90nm_max     d
SpareCell_0_1             INVX1           saed90nm_max     d
SpareCell_0_2             INVX1           saed90nm_max     d
SpareCell_0_3             INVX1           saed90nm_max     d
SpareCell_1               NAND2X1         saed90nm_max     d
SpareCell_1_0             MUX21X1         saed90nm_max     d
SpareCell_1_1             MUX21X1         saed90nm_max     d
SpareCell_1_2             MUX21X1         saed90nm_max     d
SpareCell_1_3             MUX21X1         saed90nm_max     d
SpareCell_2               NAND2X1         saed90nm_max     d
SpareCell_2_0             OR2X1           saed90nm_max     d
SpareCell_2_1             OR2X1           saed90nm_max     d
SpareCell_2_2             OR2X1           saed90nm_max     d
SpareCell_3               NAND2X1         saed90nm_max     d
SpareCell_3_0             SDFFX1          saed90nm_max     n, d
SpareCell_3_1             SDFFX1          saed90nm_max     n, d
SpareCell_3_2             SDFFX1          saed90nm_max     n, d
U0_Mux2x1                 Mux2x1_0                         h
U101                      NAND2X1         saed90nm_max     
U127                      NAND2X0         saed90nm_max     
U128                      NAND2X0         saed90nm_max     
U129                      NAND2X0         saed90nm_max     
U130                      NAND2X0         saed90nm_max     
U131                      NAND2X0         saed90nm_max     
U132                      NAND2X0         saed90nm_max     
U133                      NAND2X0         saed90nm_max     
U134                      NAND2X1         saed90nm_max     
U135                      NAND2X1         saed90nm_max     
U136                      NAND2X1         saed90nm_max     
U137                      NAND2X1         saed90nm_max     
U138                      NAND2X1         saed90nm_max     
U139                      NAND2X1         saed90nm_max     
U160                      OAI21X1         saed90nm_max     
U161                      XOR2X1          saed90nm_max     
U164                      AND2X1          saed90nm_max     
U165                      NAND2X0         saed90nm_max     
U166                      XOR2X1          saed90nm_max     
U168                      NOR2X0          saed90nm_max     
U169                      INVX0           saed90nm_max     
U170                      INVX0           saed90nm_max     
U171                      AND2X1          saed90nm_max     
U172                      AND4X1          saed90nm_max     
U173                      NOR2X0          saed90nm_max     
U175                      INVX0           saed90nm_max     
U176                      INVX0           saed90nm_max     
U177                      AND2X1          saed90nm_max     
U180                      OAI21X1         saed90nm_max     
U181                      XOR2X1          saed90nm_max     
U183                      NAND2X0         saed90nm_max     
U184                      NAND2X0         saed90nm_max     
U186                      OAI21X1         saed90nm_max     
U187                      XOR2X1          saed90nm_max     
U189                      OR2X1           saed90nm_max     
U190                      AND2X1          saed90nm_max     
U191                      AND2X1          saed90nm_max     
U192                      NAND2X0         saed90nm_max     
U193                      NAND2X0         saed90nm_max     
U194                      NAND2X0         saed90nm_max     
U195                      INVX0           saed90nm_max     
U196                      INVX0           saed90nm_max     
U197                      NAND2X0         saed90nm_max     
U198                      NOR2X0          saed90nm_max     
U199                      NOR2X0          saed90nm_max     
U1_Mux2x1                 Mux2x1_1                         h
U200                      NAND2X0         saed90nm_max     
U202                      INVX0           saed90nm_max     
U204                      XOR2X1          saed90nm_max     
U205                      NAND2X0         saed90nm_max     
U206                      INVX0           saed90nm_max     
U208                      AND2X1          saed90nm_max     
U209                      NOR2X0          saed90nm_max     
U210                      NAND2X0         saed90nm_max     
U213                      AND2X1          saed90nm_max     
U219                      NOR3X0          saed90nm_max     
U221                      INVX1           saed90nm_max     
U222                      NOR2X0          saed90nm_max     
U223                      XOR2X1          saed90nm_max     
U224                      INVX0           saed90nm_max     
U225                      NAND2X0         saed90nm_max     
U226                      NAND2X0         saed90nm_max     
U227                      NAND2X1         saed90nm_max     
U228                      NAND2X1         saed90nm_max     
U229                      NOR2X0          saed90nm_max     
U230                      NOR2X0          saed90nm_max     
U233                      INVX0           saed90nm_max     
U234                      INVX0           saed90nm_max     
U236                      INVX0           saed90nm_max     
U238                      NAND2X0         saed90nm_max     
U241                      INVX0           saed90nm_max     
U245                      NAND2X0         saed90nm_max     
U246                      AND2X1          saed90nm_max     
U248                      NAND2X0         saed90nm_max     
U249                      INVX0           saed90nm_max     
U251                      NAND2X0         saed90nm_max     
U253                      INVX0           saed90nm_max     
U255                      XOR2X1          saed90nm_max     
U256                      OR2X1           saed90nm_max     
U257                      INVX0           saed90nm_max     
U258                      NAND2X0         saed90nm_max     
U259                      NAND2X0         saed90nm_max     
U26                       AO222X1         saed90nm_max     
U260                      NAND2X1         saed90nm_max     
U261                      NAND2X1         saed90nm_max     
U262                      NAND2X1         saed90nm_max     
U263                      NAND2X1         saed90nm_max     
U265                      NAND2X1         saed90nm_max     
U266                      NAND2X1         saed90nm_max     
U267                      NAND2X1         saed90nm_max     
U268                      NAND2X1         saed90nm_max     
U269                      INVX0           saed90nm_max     
U270                      INVX0           saed90nm_max     
U273                      XOR2X1          saed90nm_max     
U274                      NOR2X0          saed90nm_max     
U275                      NOR2X0          saed90nm_max     
U276                      NOR2X0          saed90nm_max     
U277                      NOR2X0          saed90nm_max     
U278                      NOR2X0          saed90nm_max     
U284                      INVX0           saed90nm_max     
U286                      INVX0           saed90nm_max     
U288                      INVX0           saed90nm_max     
U290                      INVX0           saed90nm_max     
U291                      INVX0           saed90nm_max     
U303                      INVX0           saed90nm_max     
U304                      INVX0           saed90nm_max     
U305                      XOR2X1          saed90nm_max     
U306                      INVX0           saed90nm_max     
U308                      INVX0           saed90nm_max     
U309                      INVX0           saed90nm_max     
U312                      XOR2X1          saed90nm_max     
U314                      INVX0           saed90nm_max     
U317                      INVX0           saed90nm_max     
U319                      INVX0           saed90nm_max     
U321                      NAND2X1         saed90nm_max     
U322                      NAND2X1         saed90nm_max     
U323                      NAND2X1         saed90nm_max     
U324                      NAND2X1         saed90nm_max     
U326                      NAND2X1         saed90nm_max     
U327                      NAND2X1         saed90nm_max     
U328                      NAND2X1         saed90nm_max     
U329                      NAND2X1         saed90nm_max     
U33                       AO222X1         saed90nm_max     
U330                      INVX0           saed90nm_max     
U331                      XOR2X1          saed90nm_max     
U332                      NOR2X0          saed90nm_max     
U333                      NOR2X0          saed90nm_max     
U334                      NOR2X0          saed90nm_max     
U335                      NOR2X0          saed90nm_max     
U336                      NOR2X0          saed90nm_max     
U337                      NOR2X0          saed90nm_max     
U338                      NOR2X0          saed90nm_max     
U342                      INVX0           saed90nm_max     
U344                      INVX0           saed90nm_max     
U347                      INVX0           saed90nm_max     
U350                      INVX0           saed90nm_max     
U353                      INVX0           saed90nm_max     
U355                      INVX0           saed90nm_max     
U358                      INVX0           saed90nm_max     
U371                      INVX0           saed90nm_max     
U372                      NAND2X0         saed90nm_max     
U375                      NOR2X0          saed90nm_max     
U377                      NOR2X0          saed90nm_max     
U378                      XOR2X1          saed90nm_max     
U380                      XNOR2X1         saed90nm_max     
U386                      XOR2X1          saed90nm_max     
U388                      NAND2X0         saed90nm_max     
U391                      NAND2X0         saed90nm_max     
U393                      NAND2X0         saed90nm_max     
U394                      NAND2X0         saed90nm_max     
U395                      NOR2X0          saed90nm_max     
U396                      NAND2X0         saed90nm_max     
U397                      NAND2X0         saed90nm_max     
U436                      INVX0           saed90nm_max     
U62                       AO221X1         saed90nm_max     
U76                       AO221X1         saed90nm_max     
U91                       AO22X1          saed90nm_max     
alu_unit                  alu                              h
control_unit              control                          h
datamem                   data_memory                      h
instrucion_memory         instr_mem                        h
pc_current_reg_0_         DFFARX1         saed90nm_max     n
pc_current_reg_10_        DFFARX1         saed90nm_max     n
pc_current_reg_11_        DFFARX1         saed90nm_max     n
pc_current_reg_12_        DFFARX1         saed90nm_max     n
pc_current_reg_13_        DFFARX1         saed90nm_max     n
pc_current_reg_14_        DFFARX1         saed90nm_max     n
pc_current_reg_15_        DFFARX1         saed90nm_max     n
pc_current_reg_1_         DFFARX1         saed90nm_max     n
pc_current_reg_2_         DFFARX1         saed90nm_max     n
pc_current_reg_3_         DFFARX1         saed90nm_max     n
pc_current_reg_4_         DFFARX1         saed90nm_max     n
pc_current_reg_5_         DFFARX1         saed90nm_max     n
pc_current_reg_6_         DFFARX1         saed90nm_max     n
pc_current_reg_7_         DFFARX1         saed90nm_max     n
pc_current_reg_8_         DFFARX1         saed90nm_max     n
pc_current_reg_9_         DFFARX1         saed90nm_max     n
reg_file                  register_file                    h
--------------------------------------------------------------------------------
Total 12979 cells

1
