****************************************
Report : net
Design : mips_16
Version: O-2018.06-SP1
Date   : Sat Aug 29 10:04:36 2026
****************************************

Attributes
    d - user dont_touch
    D - derived dont_touch


Net                 Fanout    Fanin   Pins         Attributes
--------------------------------------------------------------------------------
*Logic0*                 0        0      0         
*Logic1*                 0        0      0         
N53                      1        1      2         
N68                      3        1      4         
PLACE_HFSNET_0          10        1     11         
PLACE_HFSNET_11         10        1     11         
PLACE_HFSNET_13          7        1      8         
PLACE_HFSNET_26          5        1      6         
PLACE_HFSNET_28          4        1      5         
SYNOPSYS_UNCONNECTED_1
                         0        0      0         
SYNOPSYS_UNCONNECTED_10
                         0        0      0         
SYNOPSYS_UNCONNECTED_11
                         0        0      0         
SYNOPSYS_UNCONNECTED_12
                         0        0      0         
SYNOPSYS_UNCONNECTED_13
                         0        0      0         
SYNOPSYS_UNCONNECTED_14
                         0        0      0         
SYNOPSYS_UNCONNECTED_15
                         0        0      0         
SYNOPSYS_UNCONNECTED_16
                         0        0      0         
SYNOPSYS_UNCONNECTED_2
                         0        0      0         
SYNOPSYS_UNCONNECTED_3
                         0        0      0         
SYNOPSYS_UNCONNECTED_4
                         0        0      0         
SYNOPSYS_UNCONNECTED_5
                         0        0      0         
SYNOPSYS_UNCONNECTED_6
                         0        0      0         
SYNOPSYS_UNCONNECTED_7
                         0        0      0         
SYNOPSYS_UNCONNECTED_8
                         0        0      0         
SYNOPSYS_UNCONNECTED_9
                         0        0      0         
VDD                      0        0      0         
VSS                      0        0      0         
alu_result[0]            1        1      2         
alu_result[10]           2        1      3         
alu_result[11]           2        1      3         
alu_result[12]           2        1      3         
alu_result[13]           2        1      3         
alu_result[14]           2        1      3         
alu_result[15]           2        1      3         
alu_result[1]            2        1      3         
alu_result[2]            2        1      3         
alu_result[3]            2        1      3         
alu_result[4]            2        1      3         
alu_result[5]            2        1      3         
alu_result[6]            2        1      3         
alu_result[7]            2        1      3         
alu_result[8]            2        1      3         
alu_result[9]            2        1      3         
clk                   4240        1   4241         
fun_clk                  1        1      2         
fun_reset                1        1      2         
n101                     1        1      2         
n102                     1        1      2         
n103                     1        1      2         
n106                     1        1      2         
n107                     1        1      2         
n110                     1        1      2         
n111                     1        1      2         
n114                     1        1      2         
n116                     1        1      2         
n117                     1        1      2         
n118                     1        1      2         
n119                     1        1      2         
n121                     1        1      2         
n122                     1        1      2         
n123                     1        1      2         
n125                     1        1      2         
n131                     1        1      2         
n132                     1        1      2         
n133                     1        1      2         
n135                     1        1      2         
n136                     1        1      2         
n137                     1        1      2         
n145                     1        1      2         
n146                     1        1      2         
n147                     1        1      2         
n150                     1        1      2         
n151                     1        1      2         
n152                     1        1      2         
n155                     1        1      2         
n156                     1        1      2         
n157                     1        1      2         
n160                     1        1      2         
n161                     1        1      2         
n164                     1        1      2         
n165                     1        1      2         
n168                     1        1      2         
n169                     1        1      2         
n172                     1        1      2         
n173                     1        1      2         
n175                     1        1      2         
n177                     1        1      2         
n179                     1        1      2         
n181                     1        1      2         
n183                     1        1      2         
n185                     1        1      2         
n187                     1        1      2         
n195                     1        1      2         
n197                     1        1      2         
n198                     1        1      2         
n200                     1        1      2         
n202                     1        1      2         
n204                     1        1      2         
n206                     1        1      2         
n208                     1        1      2         
n215                     2        1      3         
n225                     2        1      3         
n227                     2        1      3         
n261                     1        1      2         
n49                      1        1      2         
n56                      1        1      2         
n57                      1        1      2         
n58                      2        1      3         
n60                      1        1      2         
n61                      1        1      2         
n63                      1        1      2         
n64                      2        1      3         
n65                      1        1      2         
n67                      1        1      2         
n68                      1        1      2         
n69                      1        1      2         
n70                      1        1      2         
n71                      2        1      3         
n76                      1        1      2         
n78                      1        1      2         
n81                      1        1      2         
n82                      1        1      2         
n84                      1        1      2         
n85                      1        1      2         
n86                      1        1      2         
n88                      1        1      2         
n91                      1        1      2         
n92                      1        1      2         
n93                      1        1      2         
n96                      1        1      2         
n97                      1        1      2         
n98                      1        1      2         
net66666                 3        1      4         
net66673                 2        1      3         
net66676                 3        1      4         
net66679                 2        1      3         
net66683                 1        1      2         
net66684                 2        1      3         
net66685                 3        1      4         
net66686                 3        1      4         
net66687                 3        1      4         
net66688                 3        1      4         
net66689                 2        1      3         
net66690                 2        1      3         
net66843                 1        1      2         
net66941                 1        1      2         
net67035                 2        1      3         
net67040                 1        1      2         
net67041                 2        1      3         
net67046                 2        1      3         
net67047                 1        1      2         
net67069                 1        1      2         
net67090                 1        1      2         
net67126                 1        1      2         
net67162                 2        1      3         
net67184                 1        1      2         
net67186                 2        1      3         
net67459                 1        1      2         
net67480                 3        1      4         
net67518                 1        1      2         
net67522                 1        1      2         
net67526                 3        1      4         
net67530                 1        1      2         
net67531                 1        1      2         
net67532                 1        1      2         
net67593                 1        1      2         
net67598                 2        1      3         
net67600                 1        1      2         
net67602                 2        1      3         
net67613                 2        1      3         
net67634                 2        1      3         
net67651                 1        1      2         
net67673                 1        1      2         
net67675                 2        1      3         
net67682                 2        1      3         
net67683                 1        1      2         
net67684                 1        1      2         
net67984                 1        1      2         
net68045                 3        1      4         
net68077                 1        1      2         
net68080                 1        1      2         
net68081                 1        1      2         
net68082                 1        1      2         
net68084                 1        1      2         
net68085                 2        1      3         
optlc_net_25511          1        1      2         
optlc_net_25512          1        1      2         
optlc_net_25513          1        1      2         
optlc_net_25514          1        1      2         
optlc_net_25515          1        1      2         
optlc_net_25516          1        1      2         
optlc_net_25517          1        1      2         
optlc_net_25518          1        1      2         
optlc_net_25519          1        1      2         
optlc_net_25520          1        1      2         
optlc_net_25521          1        1      2         
optlc_net_25522          1        1      2         
optlc_net_25523          1        1      2         
optlc_net_25524          1        1      2         
optlc_net_25525          1        1      2         
optlc_net_25526          1        1      2         
optlc_net_25527          1        1      2         
optlc_net_25528          1        1      2         
optlc_net_25529          1        1      2         
optlc_net_25530          1        1      2         
optlc_net_25531          1        1      2         
optlc_net_25532          1        1      2         
optlc_net_25533          1        1      2         
optlc_net_25534          1        1      2         
optlc_net_25535          1        1      2         
optlc_net_25536          1        1      2         
optlc_net_25537          1        1      2         
optlc_net_25538          1        1      2         
optlc_net_25539          1        1      2         
optlc_net_25540          1        1      2         
optlc_net_25541          1        1      2         
optlc_net_25542          1        1      2         
optlc_net_25543          1        1      2         
optlc_net_25544          1        1      2         
optlc_net_25545          1        1      2         
optlc_net_25546          1        1      2         
optlc_net_25547          1        1      2         
optlc_net_25548          1        1      2         
optlc_net_25549          1        1      2         
optlc_net_25550          1        1      2         
optlc_net_25551          1        1      2         
optlc_net_25552          1        1      2         
optlc_net_25553          1        1      2         
optlc_net_25554          1        1      2         
optlc_net_25555          1        1      2         
optlc_net_25556          1        1      2         
optlc_net_25557          1        1      2         
optlc_net_25558          1        1      2         
optlc_net_25559          1        1      2         
optlc_net_25560          1        1      2         
optlc_net_25561          1        1      2         
optlc_net_25562          1        1      2         
optlc_net_25563          1        1      2         
optlc_net_25564          1        1      2         
optlc_net_25565          1        1      2         
optlc_net_25566          1        1      2         
optlc_net_25567          1        1      2         
optlc_net_25568          1        1      2         
optlc_net_25569          1        1      2         
optlc_net_25570          1        1      2         
optlc_net_25571          1        1      2         
optlc_net_25572          1        1      2         
optlc_net_25573          1        1      2         
optlc_net_25574          1        1      2         
optlc_net_25575          1        1      2         
optlc_net_25576          1        1      2         
optlc_net_25577          1        1      2         
optlc_net_25578          1        1      2         
optlc_net_25579          1        1      2         
optlc_net_25580          1        1      2         
optlc_net_25581          1        1      2         
optlc_net_25582          1        1      2         
optlc_net_25583          1        1      2         
optlc_net_25584          1        1      2         
optlc_net_25585          1        1      2         
optlc_net_25586          1        1      2         
optlc_net_25587          1        1      2         
optlc_net_25589          1        1      2         
optlc_net_25590          1        1      2         
optlc_net_25591          1        1      2         
optlc_net_25592          1        1      2         
optlc_net_25593          1        1      2         
optlc_net_25594          1        1      2         
optlc_net_25595          1        1      2         
optlc_net_25596          1        1      2         
optlc_net_25597          1        1      2         
optlc_net_25598          1        1      2         
optlc_net_25599          1        1      2         
optlc_net_25600          1        1      2         
optlc_net_25601          1        1      2         
optlc_net_25602          1        1      2         
optlc_net_25603          1        1      2         
optlc_net_25604          1        1      2         
optlc_net_25605          1        1      2         
optlc_net_25606          1        1      2         
optlc_net_25607          1        1      2         
optlc_net_25608          1        1      2         
optlc_net_25609          1        1      2         
optlc_net_25610          1        1      2         
optlc_net_25611          1        1      2         
optlc_net_25612          1        1      2         
optlc_net_25613          1        1      2         
optlc_net_25614          1        1      2         
optlc_net_25615          1        1      2         
optlc_net_25616          1        1      2         
optlc_net_25617          1        1      2         
optlc_net_25618          1        1      2         
optlc_net_25619          1        1      2         
optlc_net_25620          1        1      2         
optlc_net_25621          1        1      2         
optlc_net_25622          1        1      2         
optlc_net_25623          1        1      2         
optlc_net_25624          1        1      2         
optlc_net_25625          1        1      2         
optlc_net_25626          1        1      2         
optlc_net_25627          1        1      2         
optlc_net_25628          1        1      2         
optlc_net_25629          1        1      2         
optlc_net_25630          1        1      2         
optlc_net_25631          1        1      2         
optlc_net_25632          1        1      2         
optlc_net_25633          1        1      2         
optlc_net_25634          1        1      2         
optlc_net_25635          1        1      2         
optlc_net_25636          1        1      2         
optlc_net_25637          1        1      2         
optlc_net_25638          1        1      2         
optlc_net_25639          1        1      2         
optlc_net_25640          1        1      2         
optlc_net_25641          1        1      2         
optlc_net_25642          1        1      2         
optlc_net_25643          1        1      2         
optlc_net_25644          1        1      2         
optlc_net_25645          1        1      2         
optlc_net_25646          1        1      2         
optlc_net_25647          1        1      2         
optlc_net_25648          1        1      2         
optlc_net_25649          1        1      2         
optlc_net_25650          1        1      2         
optlc_net_25651          1        1      2         
optlc_net_25652          1        1      2         
optlc_net_25653          1        1      2         
optlc_net_25654          1        1      2         
optlc_net_25655          1        1      2         
optlc_net_25656          1        1      2         
optlc_net_25657          1        1      2         
optlc_net_25658          1        1      2         
optlc_net_25659          1        1      2         
optlc_net_25660          1        1      2         
optlc_net_25661          1        1      2         
optlc_net_25662          1        1      2         
optlc_net_25663          1        1      2         
optlc_net_25664          1        1      2         
optlc_net_25665          1        1      2         
optlc_net_25666          1        1      2         
optlc_net_25667          1        1      2         
optlc_net_25668          1        1      2         
optlc_net_25669          1        1      2         
optlc_net_25670          1        1      2         
optlc_net_25671          1        1      2         
optlc_net_25672          1        1      2         
optlc_net_25673          1        1      2         
optlc_net_25674          1        1      2         
optlc_net_25675          1        1      2         
optlc_net_25676          1        1      2         
optlc_net_25677          1        1      2         
optlc_net_25678          1        1      2         
optlc_net_25679          1        1      2         
optlc_net_25680          1        1      2         
optlc_net_25681          1        1      2         
optlc_net_25682          1        1      2         
optlc_net_25683          1        1      2         
optlc_net_25684          1        1      2         
optlc_net_25685          1        1      2         
optlc_net_25686          1        1      2         
optlc_net_25687          1        1      2         
optlc_net_25688          1        1      2         
optlc_net_25689          1        1      2         
optlc_net_25690          1        1      2         
optlc_net_25691          1        1      2         
optlc_net_25692          1        1      2         
optlc_net_25693          1        1      2         
optlc_net_25694          1        1      2         
optlc_net_25695          1        1      2         
optlc_net_25696          1        1      2         
optlc_net_25697          1        1      2         
optlc_net_25698          1        1      2         
optlc_net_25699          1        1      2         
optlc_net_25700          1        1      2         
optlc_net_25701          1        1      2         
optlc_net_25702          1        1      2         
optlc_net_25703          1        1      2         
optlc_net_25704          1        1      2         
optlc_net_25705          1        1      2         
optlc_net_25706          1        1      2         
optlc_net_25707          1        1      2         
optlc_net_25708          1        1      2         
optlc_net_25709          1        1      2         
optlc_net_25710          1        1      2         
optlc_net_25711          1        1      2         
optlc_net_25712          1        1      2         
optlc_net_25713          1        1      2         
optlc_net_25714          1        1      2         
optlc_net_25715          1        1      2         
optlc_net_25716          1        1      2         
optlc_net_25717          1        1      2         
optlc_net_25718          1        1      2         
optlc_net_25719          1        1      2         
optlc_net_25720          1        1      2         
optlc_net_25721          1        1      2         
optlc_net_25722          1        1      2         
optlc_net_25723          1        1      2         
optlc_net_25724          1        1      2         
optlc_net_25725          1        1      2         
optlc_net_25726          1        1      2         
optlc_net_25727          1        1      2         
optlc_net_25728          1        1      2         
optlc_net_25729          1        1      2         
optlc_net_25730          1        1      2         
optlc_net_25731          1        1      2         
optlc_net_25732          1        1      2         
optlc_net_25733          1        1      2         
optlc_net_25734          1        1      2         
optlc_net_25735          1        1      2         
optlc_net_25736          1        1      2         
optlc_net_25737          1        1      2         
optlc_net_25738          1        1      2         
optlc_net_25739          1        1      2         
optlc_net_25740          1        1      2         
optlc_net_25741          1        1      2         
optlc_net_25742          1        1      2         
optlc_net_25743          1        1      2         
optlc_net_25744          1        1      2         
optlc_net_25745          1        1      2         
optlc_net_25746          1        1      2         
optlc_net_25747          1        1      2         
optlc_net_25748          1        1      2         
optlc_net_25749          1        1      2         
optlc_net_25750          1        1      2         
optlc_net_25751          1        1      2         
optlc_net_25752          1        1      2         
optlc_net_25753          1        1      2         
optlc_net_25754          1        1      2         
optlc_net_25755          1        1      2         
optlc_net_25756          1        1      2         
optlc_net_25757          1        1      2         
optlc_net_25758          1        1      2         
optlc_net_25759          1        1      2         
optlc_net_25760          1        1      2         
optlc_net_25761          1        1      2         
optlc_net_25762          1        1      2         
optlc_net_25763          1        1      2         
optlc_net_25764          1        1      2         
optlc_net_25765          1        1      2         
optlc_net_25766          1        1      2         
optlc_net_25767          1        1      2         
optlc_net_25768          1        1      2         
optlc_net_25769          1        1      2         
optlc_net_25770          1        1      2         
optlc_net_25771          1        1      2         
optlc_net_25772          1        1      2         
optlc_net_25773          1        1      2         
optlc_net_25774          1        1      2         
optlc_net_25775          1        1      2         
optlc_net_25776          1        1      2         
optlc_net_25777          1        1      2         
optlc_net_25778          1        1      2         
optlc_net_25779          1        1      2         
optlc_net_25780          1        1      2         
optlc_net_25781          1        1      2         
optlc_net_25782          1        1      2         
optlc_net_25783          1        1      2         
optlc_net_25784          1        1      2         
optlc_net_25785          1        1      2         
optlc_net_25786          1        1      2         
optlc_net_25787          1        1      2         
optlc_net_25788          1        1      2         
optlc_net_25789          1        1      2         
optlc_net_25790          1        1      2         
optlc_net_25791          1        1      2         
optlc_net_25792          1        1      2         
optlc_net_25793          1        1      2         
optlc_net_25794          1        1      2         
optlc_net_25795          1        1      2         
optlc_net_25796          1        1      2         
optlc_net_25797          1        1      2         
optlc_net_25798          1        1      2         
optlc_net_25799          1        1      2         
optlc_net_25800          1        1      2         
optlc_net_25801          1        1      2         
optlc_net_25802          1        1      2         
optlc_net_25803          1        1      2         
optlc_net_25804          1        1      2         
optlc_net_25805          1        1      2         
optlc_net_25806          1        1      2         
optlc_net_25807          1        1      2         
optlc_net_25808          1        1      2         
optlc_net_25809          1        1      2         
optlc_net_25810          1        1      2         
optlc_net_25811          1        1      2         
optlc_net_25812          1        1      2         
optlc_net_25813          1        1      2         
optlc_net_25814          1        1      2         
optlc_net_25815          1        1      2         
optlc_net_25816          1        1      2         
optlc_net_25817          1        1      2         
optlc_net_25818          1        1      2         
optlc_net_25819          1        1      2         
optlc_net_25820          1        1      2         
optlc_net_25821          1        1      2         
optlc_net_25822          1        1      2         
optlc_net_25823          1        1      2         
optlc_net_25824          1        1      2         
optlc_net_25825          1        1      2         
optlc_net_25826          1        1      2         
optlc_net_25827          1        1      2         
optlc_net_25828          1        1      2         
optlc_net_25829          1        1      2         
optlc_net_25830          1        1      2         
optlc_net_25831          1        1      2         
optlc_net_25832          1        1      2         
optlc_net_25833          1        1      2         
optlc_net_25834          1        1      2         
optlc_net_25835          1        1      2         
optlc_net_25836          1        1      2         
optlc_net_25837          1        1      2         
optlc_net_25838          1        1      2         
optlc_net_25839          1        1      2         
optlc_net_25840          1        1      2         
optlc_net_25841          1        1      2         
optlc_net_25842          1        1      2         
optlc_net_25843          1        1      2         
optlc_net_25844          1        1      2         
optlc_net_25845          1        1      2         
optlc_net_25846          1        1      2         
optlc_net_25847          1        1      2         
optlc_net_25848          1        1      2         
optlc_net_25849          1        1      2         
optlc_net_25850          1        1      2         
optlc_net_25851          1        1      2         
optlc_net_25852          1        1      2         
optlc_net_25853          1        1      2         
optlc_net_25854          1        1      2         
optlc_net_25855          1        1      2         
optlc_net_25856          1        1      2         
optlc_net_25857          1        1      2         
optlc_net_25858          1        1      2         
optlc_net_25859          1        1      2         
optlc_net_25860          1        1      2         
optlc_net_25861          1        1      2         
optlc_net_25862          1        1      2         
optlc_net_25863          1        1      2         
optlc_net_25864          1        1      2         
optlc_net_25865          1        1      2         
optlc_net_25866          1        1      2         
optlc_net_25867          1        1      2         
optlc_net_25868          1        1      2         
optlc_net_25869          1        1      2         
optlc_net_25870          1        1      2         
optlc_net_25871          1        1      2         
optlc_net_25872          1        1      2         
optlc_net_25873          1        1      2         
optlc_net_25875          1        1      2         
optlc_net_25876          1        1      2         
optlc_net_25877          1        1      2         
optlc_net_25878          1        1      2         
optlc_net_25879          1        1      2         
optlc_net_25880          1        1      2         
optlc_net_25881          1        1      2         
optlc_net_25882          1        1      2         
optlc_net_25883          1        1      2         
optlc_net_25884          1        1      2         
optlc_net_25885          1        1      2         
optlc_net_25886          1        1      2         
optlc_net_25887          1        1      2         
optlc_net_25888          1        1      2         
optlc_net_25889          1        1      2         
optlc_net_25890          1        1      2         
optlc_net_25891          1        1      2         
optlc_net_25892          1        1      2         
optlc_net_25893          1        1      2         
optlc_net_25894          1        1      2         
optlc_net_25895          1        1      2         
optlc_net_25896          1        1      2         
optlc_net_25897          1        1      2         
optlc_net_25898          1        1      2         
optlc_net_25899          1        1      2         
optlc_net_25900          1        1      2         
optlc_net_25901          1        1      2         
optlc_net_25902          1        1      2         
optlc_net_25903          1        1      2         
optlc_net_25904          1        1      2         
optlc_net_25905          1        1      2         
optlc_net_25906          1        1      2         
optlc_net_25907          1        1      2         
optlc_net_25908          1        1      2         
optlc_net_25909          1        1      2         
optlc_net_25910          1        1      2         
optlc_net_25911          1        1      2         
optlc_net_25912          1        1      2         
optlc_net_25913          1        1      2         
optlc_net_25914          1        1      2         
optlc_net_25915          1        1      2         
optlc_net_25916          1        1      2         
optlc_net_25917          1        1      2         
optlc_net_25918          1        1      2         
optlc_net_25919          1        1      2         
optlc_net_25920          1        1      2         
optlc_net_25921          1        1      2         
optlc_net_25922          1        1      2         
optlc_net_25923          1        1      2         
optlc_net_25924          1        1      2         
optlc_net_25925          1        1      2         
optlc_net_25926          1        1      2         
optlc_net_25927          1        1      2         
optlc_net_25928          1        1      2         
optlc_net_25929          1        1      2         
optlc_net_25930          1        1      2         
optlc_net_25931          1        1      2         
optlc_net_25932          1        1      2         
optlc_net_25933          1        1      2         
optlc_net_25934          1        1      2         
optlc_net_25935          1        1      2         
optlc_net_25936          1        1      2         
optlc_net_25937          1        1      2         
optlc_net_25938          1        1      2         
optlc_net_25939          1        1      2         
optlc_net_25940          1        1      2         
optlc_net_25941          1        1      2         
optlc_net_25942          1        1      2         
optlc_net_25943          1        1      2         
optlc_net_25944          1        1      2         
optlc_net_25945          1        1      2         
optlc_net_25946          1        1      2         
optlc_net_25947          1        1      2         
optlc_net_25948          1        1      2         
optlc_net_25949          1        1      2         
optlc_net_25950          1        1      2         
optlc_net_25951          1        1      2         
optlc_net_25952          1        1      2         
optlc_net_25953          1        1      2         
optlc_net_25954          1        1      2         
optlc_net_25955          1        1      2         
optlc_net_25956          1        1      2         
optlc_net_25957          1        1      2         
optlc_net_25958          1        1      2         
optlc_net_25959          1        1      2         
optlc_net_25960          1        1      2         
optlc_net_25961          1        1      2         
optlc_net_25962          1        1      2         
optlc_net_25963          1        1      2         
optlc_net_25964          1        1      2         
optlc_net_25965          1        1      2         
optlc_net_25966          1        1      2         
optlc_net_25967          1        1      2         
optlc_net_25968          1        1      2         
optlc_net_25969          1        1      2         
optlc_net_25970          1        1      2         
optlc_net_25971          1        1      2         
optlc_net_25972          1        1      2         
optlc_net_25973          1        1      2         
optlc_net_25974          1        1      2         
optlc_net_25975          1        1      2         
optlc_net_25976          1        1      2         
optlc_net_25977          1        1      2         
optlc_net_25978          1        1      2         
optlc_net_25979          1        1      2         
optlc_net_25980          1        1      2         
optlc_net_25981          1        1      2         
optlc_net_25982          1        1      2         
optlc_net_25983          1        1      2         
optlc_net_25984          1        1      2         
optlc_net_25985          1        1      2         
optlc_net_25986          1        1      2         
optlc_net_25987          1        1      2         
optlc_net_25988          1        1      2         
optlc_net_25989          1        1      2         
optlc_net_25990          1        1      2         
optlc_net_25991          1        1      2         
optlc_net_25992          1        1      2         
optlc_net_25993          1        1      2         
optlc_net_25994          1        1      2         
optlc_net_25995          1        1      2         
optlc_net_25996          1        1      2         
optlc_net_25997          1        1      2         
optlc_net_25998          1        1      2         
optlc_net_25999          1        1      2         
optlc_net_26000          1        1      2         
optlc_net_26001          1        1      2         
optlc_net_26002          1        1      2         
optlc_net_26003          1        1      2         
optlc_net_26004          1        1      2         
optlc_net_26005          1        1      2         
optlc_net_26006          1        1      2         
optlc_net_26007          1        1      2         
optlc_net_26008          1        1      2         
optlc_net_26009          1        1      2         
optlc_net_26010          1        1      2         
optlc_net_26011          1        1      2         
optlc_net_26012          1        1      2         
optlc_net_26013          1        1      2         
optlc_net_26014          1        1      2         
optlc_net_26015          1        1      2         
optlc_net_26016          1        1      2         
optlc_net_26017          1        1      2         
optlc_net_26018          1        1      2         
optlc_net_26019          1        1      2         
optlc_net_26020          1        1      2         
optlc_net_26021          1        1      2         
optlc_net_26022          1        1      2         
optlc_net_26023          1        1      2         
optlc_net_26024          1        1      2         
optlc_net_26025          1        1      2         
optlc_net_26026          1        1      2         
optlc_net_26027          1        1      2         
optlc_net_26028          1        1      2         
optlc_net_26029          1        1      2         
optlc_net_26030          1        1      2         
optlc_net_26031          1        1      2         
optlc_net_26032          1        1      2         
optlc_net_26033          1        1      2         
optlc_net_26034          1        1      2         
optlc_net_26035          1        1      2         
optlc_net_26036          1        1      2         
optlc_net_26037          1        1      2         
optlc_net_26038          1        1      2         
optlc_net_26039          1        1      2         
optlc_net_26040          1        1      2         
optlc_net_26041          1        1      2         
optlc_net_26042          1        1      2         
optlc_net_26043          1        1      2         
optlc_net_26044          1        1      2         
optlc_net_26045          1        1      2         
optlc_net_26046          1        1      2         
optlc_net_26047          1        1      2         
optlc_net_26048          1        1      2         
optlc_net_26049          1        1      2         
optlc_net_26050          1        1      2         
optlc_net_26051          1        1      2         
optlc_net_26052          1        1      2         
optlc_net_26054          1        1      2         
optlc_net_26055          1        1      2         
optlc_net_26056          1        1      2         
optlc_net_26057          1        1      2         
optlc_net_26058          1        1      2         
optlc_net_26059          1        1      2         
optlc_net_26060          1        1      2         
optlc_net_26061          1        1      2         
optlc_net_26062          1        1      2         
optlc_net_26063          1        1      2         
optlc_net_26064          1        1      2         
optlc_net_26065          1        1      2         
optlc_net_26066          1        1      2         
optlc_net_26067          1        1      2         
optlc_net_26068          1        1      2         
optlc_net_26069          1        1      2         
optlc_net_26070          1        1      2         
optlc_net_26071          1        1      2         
optlc_net_26072          1        1      2         
optlc_net_26073          1        1      2         
optlc_net_26074          1        1      2         
optlc_net_26075          1        1      2         
optlc_net_26076          1        1      2         
optlc_net_26077          1        1      2         
optlc_net_26078          1        1      2         
optlc_net_26079          1        1      2         
optlc_net_26080          1        1      2         
optlc_net_26081          1        1      2         
optlc_net_26082          1        1      2         
optlc_net_26083          1        1      2         
optlc_net_26084          1        1      2         
optlc_net_26085          1        1      2         
optlc_net_26086          1        1      2         
optlc_net_26087          1        1      2         
optlc_net_26088          1        1      2         
optlc_net_26089          1        1      2         
optlc_net_26090          1        1      2         
optlc_net_26091          1        1      2         
optlc_net_26092          1        1      2         
optlc_net_26093          1        1      2         
optlc_net_26094          1        1      2         
optlc_net_26095          1        1      2         
optlc_net_26096          1        1      2         
optlc_net_26097          1        1      2         
optlc_net_26098          1        1      2         
optlc_net_26099          1        1      2         
optlc_net_26101          1        1      2         
optlc_net_26102          1        1      2         
optlc_net_26103          1        1      2         
optlc_net_26104          1        1      2         
optlc_net_26105          1        1      2         
optlc_net_26106          1        1      2         
optlc_net_26107          1        1      2         
optlc_net_26108          1        1      2         
optlc_net_26110          1        1      2         
optlc_net_26111          1        1      2         
optlc_net_26112          1        1      2         
optlc_net_26113          1        1      2         
optlc_net_26114          1        1      2         
optlc_net_26115          1        1      2         
optlc_net_26116          1        1      2         
optlc_net_26117          1        1      2         
optlc_net_26118          1        1      2         
optlc_net_26119          1        1      2         
optlc_net_26120          1        1      2         
optlc_net_26121          1        1      2         
optlc_net_26122          1        1      2         
optlc_net_26123          1        1      2         
optlc_net_26124          1        1      2         
optlc_net_26125          1        1      2         
optlc_net_26126          1        1      2         
optlc_net_26127          1        1      2         
optlc_net_26128          1        1      2         
optlc_net_26129          1        1      2         
optlc_net_26130          1        1      2         
optlc_net_26131          1        1      2         
optlc_net_26132          1        1      2         
optlc_net_26133          1        1      2         
optlc_net_26134          1        1      2         
optlc_net_26135          1        1      2         
optlc_net_26136          1        1      2         
optlc_net_26137          1        1      2         
optlc_net_26138          1        1      2         
optlc_net_26139          1        1      2         
optlc_net_26140          1        1      2         
optlc_net_26141          1        1      2         
optlc_net_26142          1        1      2         
optlc_net_26143          1        1      2         
optlc_net_26144          1        1      2         
optlc_net_26145          1        1      2         
optlc_net_26146          1        1      2         
optlc_net_26147          1        1      2         
optlc_net_26148          1        1      2         
optlc_net_26149          1        1      2         
optlc_net_26150          1        1      2         
optlc_net_26151          1        1      2         
optlc_net_26152          1        1      2         
optlc_net_26153          1        1      2         
optlc_net_26154          1        1      2         
optlc_net_26155          1        1      2         
optlc_net_26156          1        1      2         
optlc_net_26157          1        1      2         
optlc_net_26158          1        1      2         
optlc_net_26159          1        1      2         
optlc_net_26160          1        1      2         
optlc_net_26161          1        1      2         
optlc_net_26162          1        1      2         
optlc_net_26163          1        1      2         
optlc_net_26164          1        1      2         
optlc_net_26165          1        1      2         
optlc_net_26166          1        1      2         
optlc_net_26167          1        1      2         
optlc_net_26168          1        1      2         
optlc_net_26169          1        1      2         
optlc_net_26170          1        1      2         
optlc_net_26171          1        1      2         
optlc_net_26172          1        1      2         
optlc_net_26173          1        1      2         
optlc_net_26174          1        1      2         
optlc_net_26175          1        1      2         
optlc_net_26176          1        1      2         
optlc_net_26177          1        1      2         
optlc_net_26178          1        1      2         
optlc_net_26179          1        1      2         
optlc_net_26180          1        1      2         
optlc_net_26181          1        1      2         
optlc_net_26182          1        1      2         
optlc_net_26183          1        1      2         
optlc_net_26184          1        1      2         
optlc_net_26185          1        1      2         
optlc_net_26186          1        1      2         
optlc_net_26187          1        1      2         
optlc_net_26188          1        1      2         
optlc_net_26189          1        1      2         
optlc_net_26190          1        1      2         
optlc_net_26191          1        1      2         
optlc_net_26192          1        1      2         
optlc_net_26193          1        1      2         
optlc_net_26194          1        1      2         
optlc_net_26195          1        1      2         
optlc_net_26196          1        1      2         
optlc_net_26197          1        1      2         
optlc_net_26198          1        1      2         
optlc_net_26199          1        1      2         
optlc_net_26200          1        1      2         
optlc_net_26201          1        1      2         
optlc_net_26202          1        1      2         
optlc_net_26203          1        1      2         
optlc_net_26204          1        1      2         
optlc_net_26205          1        1      2         
optlc_net_26206          1        1      2         
optlc_net_26207          1        1      2         
optlc_net_26208          1        1      2         
optlc_net_26209          1        1      2         
optlc_net_26210          1        1      2         
optlc_net_26211          1        1      2         
optlc_net_26212          1        1      2         
optlc_net_26213          1        1      2         
optlc_net_26214          1        1      2         
optlc_net_26215          1        1      2         
optlc_net_26216          1        1      2         
optlc_net_26217          1        1      2         
optlc_net_26218          1        1      2         
optlc_net_26219          1        1      2         
optlc_net_26220          1        1      2         
optlc_net_26221          1        1      2         
optlc_net_26222          1        1      2         
optlc_net_26223          1        1      2         
optlc_net_26224          1        1      2         
optlc_net_26225          1        1      2         
optlc_net_26226          1        1      2         
optlc_net_26227          1        1      2         
optlc_net_26228          1        1      2         
optlc_net_26229          1        1      2         
optlc_net_26231          1        1      2         
optlc_net_26232          1        1      2         
optlc_net_26233          1        1      2         
optlc_net_26234          1        1      2         
optlc_net_26235          1        1      2         
optlc_net_26236          1        1      2         
optlc_net_26237          1        1      2         
optlc_net_26238          1        1      2         
optlc_net_26239          1        1      2         
optlc_net_26240          1        1      2         
optlc_net_26241          1        1      2         
optlc_net_26242          1        1      2         
optlc_net_26243          1        1      2         
optlc_net_26244          1        1      2         
optlc_net_26245          1        1      2         
optlc_net_26246          1        1      2         
optlc_net_26247          1        1      2         
optlc_net_26248          1        1      2         
optlc_net_26249          1        1      2         
optlc_net_26250          1        1      2         
optlc_net_26251          1        1      2         
optlc_net_26252          1        1      2         
optlc_net_26253          1        1      2         
optlc_net_26254          1        1      2         
optlc_net_26255          1        1      2         
optlc_net_26256          1        1      2         
optlc_net_26257          1        1      2         
optlc_net_26258          1        1      2         
optlc_net_26259          1        1      2         
optlc_net_26260          1        1      2         
optlc_net_26261          1        1      2         
optlc_net_26262          1        1      2         
optlc_net_26263          1        1      2         
optlc_net_26264          1        1      2         
optlc_net_26265          1        1      2         
optlc_net_26266          1        1      2         
optlc_net_26267          1        1      2         
optlc_net_26268          1        1      2         
optlc_net_26269          1        1      2         
optlc_net_26270          1        1      2         
optlc_net_26271          1        1      2         
optlc_net_26272          1        1      2         
optlc_net_26273          1        1      2         
optlc_net_26274          1        1      2         
optlc_net_26275          1        1      2         
optlc_net_26276          1        1      2         
optlc_net_26277          1        1      2         
optlc_net_26278          1        1      2         
optlc_net_26279          1        1      2         
optlc_net_26280          1        1      2         
optlc_net_26281          1        1      2         
optlc_net_26282          1        1      2         
optlc_net_26283          1        1      2         
optlc_net_26284          1        1      2         
optlc_net_26285          1        1      2         
optlc_net_26286          1        1      2         
optlc_net_26287          1        1      2         
optlc_net_26288          1        1      2         
optlc_net_26289          1        1      2         
optlc_net_26290          1        1      2         
optlc_net_26291          1        1      2         
optlc_net_26292          1        1      2         
optlc_net_26293          1        1      2         
optlc_net_26294          1        1      2         
optlc_net_26295          1        1      2         
optlc_net_26296          1        1      2         
optlc_net_26297          1        1      2         
optlc_net_26298          1        1      2         
optlc_net_26299          1        1      2         
optlc_net_26300          1        1      2         
optlc_net_26301          1        1      2         
optlc_net_26302          1        1      2         
optlc_net_26303          1        1      2         
optlc_net_26304          1        1      2         
optlc_net_26305          1        1      2         
optlc_net_26306          1        1      2         
optlc_net_26307          1        1      2         
optlc_net_26308          1        1      2         
optlc_net_26309          1        1      2         
optlc_net_26310          1        1      2         
optlc_net_26311          1        1      2         
optlc_net_26312          1        1      2         
optlc_net_26313          1        1      2         
optlc_net_26314          1        1      2         
optlc_net_26315          1        1      2         
optlc_net_26316          1        1      2         
optlc_net_26317          1        1      2         
optlc_net_26318          1        1      2         
optlc_net_26319          1        1      2         
optlc_net_26320          1        1      2         
optlc_net_26321          1        1      2         
optlc_net_26322          1        1      2         
optlc_net_26323          1        1      2         
optlc_net_26324          1        1      2         
optlc_net_26325          1        1      2         
optlc_net_26326          1        1      2         
optlc_net_26327          1        1      2         
optlc_net_26328          1        1      2         
optlc_net_26329          1        1      2         
optlc_net_26330          1        1      2         
optlc_net_26331          1        1      2         
optlc_net_26332          1        1      2         
optlc_net_26333          1        1      2         
optlc_net_26334          1        1      2         
optlc_net_26335          1        1      2         
optlc_net_26336          1        1      2         
optlc_net_26337          1        1      2         
optlc_net_26338          1        1      2         
optlc_net_26339          1        1      2         
optlc_net_26340          1        1      2         
optlc_net_26341          1        1      2         
optlc_net_26342          1        1      2         
optlc_net_26343          1        1      2         
optlc_net_26344          1        1      2         
optlc_net_26345          1        1      2         
optlc_net_26346          1        1      2         
optlc_net_26347          1        1      2         
optlc_net_26348          1        1      2         
optlc_net_26349          1        1      2         
optlc_net_26350          1        1      2         
optlc_net_26351          1        1      2         
optlc_net_26352          1        1      2         
optlc_net_26353          1        1      2         
optlc_net_26354          1        1      2         
optlc_net_26355          1        1      2         
optlc_net_26356          1        1      2         
optlc_net_26357          1        1      2         
optlc_net_26358          1        1      2         
optlc_net_26359          1        1      2         
optlc_net_26360          1        1      2         
optlc_net_26361          1        1      2         
optlc_net_26362          1        1      2         
optlc_net_26363          1        1      2         
optlc_net_26364          1        1      2         
optlc_net_26365          1        1      2         
optlc_net_26366          1        1      2         
optlc_net_26367          1        1      2         
optlc_net_26368          1        1      2         
optlc_net_26369          1        1      2         
optlc_net_26370          1        1      2         
optlc_net_26371          1        1      2         
optlc_net_26372          1        1      2         
optlc_net_26373          1        1      2         
optlc_net_26374          1        1      2         
optlc_net_26375          1        1      2         
optlc_net_26376          1        1      2         
optlc_net_26377          1        1      2         
optlc_net_26378          1        1      2         
optlc_net_26379          1        1      2         
optlc_net_26380          1        1      2         
optlc_net_26381          1        1      2         
optlc_net_26382          1        1      2         
optlc_net_26383          1        1      2         
optlc_net_26384          1        1      2         
optlc_net_26385          1        1      2         
optlc_net_26386          1        1      2         
optlc_net_26387          1        1      2         
optlc_net_26388          1        1      2         
optlc_net_26389          1        1      2         
optlc_net_26390          1        1      2         
optlc_net_26391          1        1      2         
optlc_net_26392          1        1      2         
optlc_net_26393          1        1      2         
optlc_net_26394          1        1      2         
optlc_net_26395          1        1      2         
optlc_net_26396          1        1      2         
optlc_net_26397          1        1      2         
optlc_net_26398          1        1      2         
optlc_net_26399          1        1      2         
optlc_net_26400          1        1      2         
optlc_net_26401          1        1      2         
optlc_net_26402          1        1      2         
optlc_net_26403          1        1      2         
optlc_net_26404          1        1      2         
optlc_net_26405          1        1      2         
optlc_net_26406          1        1      2         
optlc_net_26407          1        1      2         
optlc_net_26408          1        1      2         
optlc_net_26409          1        1      2         
optlc_net_26410          1        1      2         
optlc_net_26411          1        1      2         
optlc_net_26412          1        1      2         
optlc_net_26413          1        1      2         
optlc_net_26414          1        1      2         
optlc_net_26415          1        1      2         
optlc_net_26416          1        1      2         
optlc_net_26417          1        1      2         
optlc_net_26418          1        1      2         
optlc_net_26419          1        1      2         
optlc_net_26420          1        1      2         
optlc_net_26421          1        1      2         
optlc_net_26422          1        1      2         
optlc_net_26423          1        1      2         
optlc_net_26424          1        1      2         
optlc_net_26425          1        1      2         
optlc_net_26426          1        1      2         
optlc_net_26427          1        1      2         
optlc_net_26428          1        1      2         
optlc_net_26429          1        1      2         
optlc_net_26430          1        1      2         
optlc_net_26431          1        1      2         
optlc_net_26432          1        1      2         
optlc_net_26433          1        1      2         
optlc_net_26434          1        1      2         
optlc_net_26435          1        1      2         
optlc_net_26436          1        1      2         
optlc_net_26437          1        1      2         
optlc_net_26438          1        1      2         
optlc_net_26439          1        1      2         
optlc_net_26440          1        1      2         
optlc_net_26441          1        1      2         
optlc_net_26442          1        1      2         
optlc_net_26443          1        1      2         
optlc_net_26444          1        1      2         
optlc_net_26445          1        1      2         
optlc_net_26446          1        1      2         
optlc_net_26447          1        1      2         
optlc_net_26448          1        1      2         
optlc_net_26449          1        1      2         
optlc_net_26450          1        1      2         
optlc_net_26451          1        1      2         
optlc_net_26452          1        1      2         
optlc_net_26453          1        1      2         
optlc_net_26454          1        1      2         
optlc_net_26455          1        1      2         
optlc_net_26456          1        1      2         
optlc_net_26457          1        1      2         
optlc_net_26458          1        1      2         
optlc_net_26459          1        1      2         
optlc_net_26460          1        1      2         
optlc_net_26461          1        1      2         
optlc_net_26462          1        1      2         
optlc_net_26463          1        1      2         
optlc_net_26464          1        1      2         
optlc_net_26465          1        1      2         
optlc_net_26466          1        1      2         
optlc_net_26467          1        1      2         
optlc_net_26468          1        1      2         
optlc_net_26469          1        1      2         
optlc_net_26470          1        1      2         
optlc_net_26471          1        1      2         
optlc_net_26472          1        1      2         
optlc_net_26473          1        1      2         
optlc_net_26474          1        1      2         
optlc_net_26475          1        1      2         
optlc_net_26476          1        1      2         
optlc_net_26477          1        1      2         
optlc_net_26478          1        1      2         
optlc_net_26479          1        1      2         
optlc_net_26480          1        1      2         
optlc_net_26481          1        1      2         
optlc_net_26482          1        1      2         
optlc_net_26483          1        1      2         
optlc_net_26484          1        1      2         
optlc_net_26485          1        1      2         
optlc_net_26486          1        1      2         
optlc_net_26487          1        1      2         
optlc_net_26488          1        1      2         
optlc_net_26489          1        1      2         
optlc_net_26490          1        1      2         
optlc_net_26491          1        1      2         
optlc_net_26492          1        1      2         
optlc_net_26493          1        1      2         
optlc_net_26494          1        1      2         
optlc_net_26495          1        1      2         
optlc_net_26496          1        1      2         
optlc_net_26497          1        1      2         
optlc_net_26498          1        1      2         
optlc_net_26499          1        1      2         
optlc_net_26500          1        1      2         
optlc_net_26501          1        1      2         
optlc_net_26502          1        1      2         
optlc_net_26503          1        1      2         
optlc_net_26504          1        1      2         
optlc_net_26505          1        1      2         
optlc_net_26506          1        1      2         
optlc_net_26507          1        1      2         
optlc_net_26508          1        1      2         
optlc_net_26509          1        1      2         
optlc_net_26510          1        1      2         
optlc_net_26511          1        1      2         
optlc_net_26512          1        1      2         
optlc_net_26513          1        1      2         
optlc_net_26514          1        1      2         
optlc_net_26515          1        1      2         
optlc_net_26516          1        1      2         
optlc_net_26517          1        1      2         
optlc_net_26518          1        1      2         
optlc_net_26519          1        1      2         
optlc_net_26520          1        1      2         
optlc_net_26521          1        1      2         
optlc_net_26522          1        1      2         
optlc_net_26523          1        1      2         
optlc_net_26524          1        1      2         
optlc_net_26525          1        1      2         
optlc_net_26526          1        1      2         
optlc_net_26527          1        1      2         
optlc_net_26528          1        1      2         
optlc_net_26529          1        1      2         
optlc_net_26530          1        1      2         
optlc_net_26531          1        1      2         
optlc_net_26532          1        1      2         
optlc_net_26533          1        1      2         
optlc_net_26534          1        1      2         
optlc_net_26535          1        1      2         
optlc_net_26536          1        1      2         
optlc_net_26537          1        1      2         
optlc_net_26538          1        1      2         
optlc_net_26539          1        1      2         
optlc_net_26540          1        1      2         
optlc_net_26541          1        1      2         
optlc_net_26542          1        1      2         
optlc_net_26543          1        1      2         
optlc_net_26544          1        1      2         
optlc_net_26545          1        1      2         
optlc_net_26546          1        1      2         
optlc_net_26547          1        1      2         
optlc_net_26548          1        1      2         
optlc_net_26549          1        1      2         
optlc_net_26550          1        1      2         
optlc_net_26551          1        1      2         
optlc_net_26552          1        1      2         
optlc_net_26553          1        1      2         
optlc_net_26554          1        1      2         
optlc_net_26555          1        1      2         
optlc_net_26556          1        1      2         
optlc_net_26557          1        1      2         
optlc_net_26558          1        1      2         
optlc_net_26559          1        1      2         
optlc_net_26560          1        1      2         
optlc_net_26561          1        1      2         
optlc_net_26562          1        1      2         
optlc_net_26563          1        1      2         
optlc_net_26564          1        1      2         
optlc_net_26565          1        1      2         
optlc_net_26566          1        1      2         
optlc_net_26567          1        1      2         
optlc_net_26568          1        1      2         
optlc_net_26569          1        1      2         
optlc_net_26570          1        1      2         
optlc_net_26571          1        1      2         
optlc_net_26572          1        1      2         
optlc_net_26573          1        1      2         
optlc_net_26574          1        1      2         
optlc_net_26575          1        1      2         
optlc_net_26576          1        1      2         
optlc_net_26577          1        1      2         
optlc_net_26578          1        1      2         
optlc_net_26579          1        1      2         
optlc_net_26580          1        1      2         
optlc_net_26581          1        1      2         
optlc_net_26582          1        1      2         
optlc_net_26583          1        1      2         
optlc_net_26584          1        1      2         
optlc_net_26585          1        1      2         
optlc_net_26586          1        1      2         
optlc_net_26587          1        1      2         
optlc_net_26588          1        1      2         
optlc_net_26589          1        1      2         
optlc_net_26590          1        1      2         
optlc_net_26591          1        1      2         
optlc_net_26592          1        1      2         
optlc_net_26593          1        1      2         
optlc_net_26594          1        1      2         
optlc_net_26596          1        1      2         
optlc_net_26597          1        1      2         
optlc_net_26598          1        1      2         
optlc_net_26599          1        1      2         
optlc_net_26600          1        1      2         
optlc_net_26601          1        1      2         
optlc_net_26602          1        1      2         
optlc_net_26603          1        1      2         
optlc_net_26604          1        1      2         
optlc_net_26605          1        1      2         
optlc_net_26606          1        1      2         
optlc_net_26607          1        1      2         
optlc_net_26608          1        1      2         
optlc_net_26609          1        1      2         
optlc_net_26610          1        1      2         
optlc_net_26611          1        1      2         
optlc_net_26612          1        1      2         
optlc_net_26613          1        1      2         
optlc_net_26614          1        1      2         
optlc_net_26615          1        1      2         
optlc_net_26616          1        1      2         
optlc_net_26617          1        1      2         
optlc_net_26618          1        1      2         
optlc_net_26619          1        1      2         
optlc_net_26620          1        1      2         
optlc_net_26621          1        1      2         
optlc_net_26622          1        1      2         
optlc_net_26623          1        1      2         
optlc_net_26624          1        1      2         
optlc_net_26625          1        1      2         
optlc_net_26626          1        1      2         
optlc_net_26627          1        1      2         
optlc_net_26628          1        1      2         
optlc_net_26629          1        1      2         
optlc_net_26630          1        1      2         
optlc_net_26631          1        1      2         
optlc_net_26632          1        1      2         
optlc_net_26633          1        1      2         
optlc_net_26634          1        1      2         
optlc_net_26635          1        1      2         
optlc_net_26636          1        1      2         
optlc_net_26637          1        1      2         
optlc_net_26638          1        1      2         
optlc_net_26639          1        1      2         
optlc_net_26640          1        1      2         
optlc_net_26641          1        1      2         
optlc_net_26642          1        1      2         
optlc_net_26643          1        1      2         
optlc_net_26644          1        1      2         
optlc_net_26645          1        1      2         
optlc_net_26646          1        1      2         
optlc_net_26647          1        1      2         
optlc_net_26648          1        1      2         
optlc_net_26649          1        1      2         
optlc_net_26650          1        1      2         
optlc_net_26651          1        1      2         
optlc_net_26652          1        1      2         
optlc_net_26653          1        1      2         
optlc_net_26654          1        1      2         
optlc_net_26655          1        1      2         
optlc_net_26656          1        1      2         
optlc_net_26657          1        1      2         
optlc_net_26658          1        1      2         
optlc_net_26659          1        1      2         
optlc_net_26660          1        1      2         
optlc_net_26661          1        1      2         
optlc_net_26662          1        1      2         
optlc_net_26663          1        1      2         
optlc_net_26664          1        1      2         
optlc_net_26665          1        1      2         
optlc_net_26666          1        1      2         
optlc_net_26667          1        1      2         
optlc_net_26668          1        1      2         
optlc_net_26669          1        1      2         
optlc_net_26670          1        1      2         
optlc_net_26671          1        1      2         
optlc_net_26672          1        1      2         
optlc_net_26673          1        1      2         
optlc_net_26674          1        1      2         
optlc_net_26675          1        1      2         
optlc_net_26676          1        1      2         
optlc_net_26677          1        1      2         
optlc_net_26678          1        1      2         
optlc_net_26679          1        1      2         
optlc_net_26680          1        1      2         
optlc_net_26681          1        1      2         
optlc_net_26682          1        1      2         
optlc_net_26683          1        1      2         
optlc_net_26684          1        1      2         
optlc_net_26685          1        1      2         
optlc_net_26686          1        1      2         
optlc_net_26687          1        1      2         
optlc_net_26688          1        1      2         
optlc_net_26689          1        1      2         
optlc_net_26690          1        1      2         
optlc_net_26691          1        1      2         
optlc_net_26692          1        1      2         
optlc_net_26693          1        1      2         
optlc_net_26694          1        1      2         
optlc_net_26695          1        1      2         
optlc_net_26696          1        1      2         
optlc_net_26697          1        1      2         
optlc_net_26698          1        1      2         
optlc_net_26699          1        1      2         
optlc_net_26700          1        1      2         
optlc_net_26701          1        1      2         
optlc_net_26702          1        1      2         
optlc_net_26703          1        1      2         
optlc_net_26704          1        1      2         
optlc_net_26705          1        1      2         
optlc_net_26706          1        1      2         
optlc_net_26707          1        1      2         
optlc_net_26708          1        1      2         
optlc_net_26709          1        1      2         
optlc_net_26710          1        1      2         
optlc_net_26711          1        1      2         
optlc_net_26712          1        1      2         
optlc_net_26713          1        1      2         
optlc_net_26714          1        1      2         
optlc_net_26715          1        1      2         
optlc_net_26716          1        1      2         
optlc_net_26717          1        1      2         
optlc_net_26718          1        1      2         
optlc_net_26719          1        1      2         
optlc_net_26720          1        1      2         
optlc_net_26721          1        1      2         
optlc_net_26722          1        1      2         
optlc_net_26723          1        1      2         
optlc_net_26724          1        1      2         
optlc_net_26725          1        1      2         
optlc_net_26726          1        1      2         
optlc_net_26727          1        1      2         
optlc_net_26728          1        1      2         
optlc_net_26729          1        1      2         
optlc_net_26730          1        1      2         
optlc_net_26731          1        1      2         
optlc_net_26732          1        1      2         
optlc_net_26733          1        1      2         
optlc_net_26734          1        1      2         
optlc_net_26735          1        1      2         
optlc_net_26736          1        1      2         
optlc_net_26737          1        1      2         
optlc_net_26738          1        1      2         
optlc_net_26739          1        1      2         
optlc_net_26740          1        1      2         
optlc_net_26741          1        1      2         
optlc_net_26742          1        1      2         
optlc_net_26743          1        1      2         
optlc_net_26744          1        1      2         
optlc_net_26745          1        1      2         
optlc_net_26746          1        1      2         
optlc_net_26747          1        1      2         
optlc_net_26748          1        1      2         
optlc_net_26749          1        1      2         
optlc_net_26750          1        1      2         
optlc_net_26751          1        1      2         
optlc_net_26752          1        1      2         
optlc_net_26753          1        1      2         
optlc_net_26754          1        1      2         
optlc_net_26755          1        1      2         
optlc_net_26756          1        1      2         
optlc_net_26757          1        1      2         
optlc_net_26758          1        1      2         
optlc_net_26759          1        1      2         
optlc_net_26760          1        1      2         
optlc_net_26761          1        1      2         
optlc_net_26762          1        1      2         
optlc_net_26763          1        1      2         
optlc_net_26764          1        1      2         
optlc_net_26765          1        1      2         
optlc_net_26766          1        1      2         
optlc_net_26767          1        1      2         
optlc_net_26768          1        1      2         
optlc_net_26769          1        1      2         
optlc_net_26770          1        1      2         
optlc_net_26771          1        1      2         
optlc_net_26772          1        1      2         
optlc_net_26773          1        1      2         
optlc_net_26774          1        1      2         
optlc_net_26775          1        1      2         
optlc_net_26776          1        1      2         
optlc_net_26777          1        1      2         
optlc_net_26778          1        1      2         
optlc_net_26779          1        1      2         
optlc_net_26780          1        1      2         
optlc_net_26781          1        1      2         
optlc_net_26782          1        1      2         
optlc_net_26783          1        1      2         
optlc_net_26784          1        1      2         
optlc_net_26785          1        1      2         
optlc_net_26786          1        1      2         
optlc_net_26787          1        1      2         
optlc_net_26788          1        1      2         
optlc_net_26789          1        1      2         
optlc_net_26791          1        1      2         
optlc_net_26792          1        1      2         
optlc_net_26793          1        1      2         
optlc_net_26794          1        1      2         
optlc_net_26795          1        1      2         
optlc_net_26796          1        1      2         
optlc_net_26797          1        1      2         
optlc_net_26798          1        1      2         
optlc_net_26799          1        1      2         
optlc_net_26800          1        1      2         
optlc_net_26801          1        1      2         
optlc_net_26802          1        1      2         
optlc_net_26803          1        1      2         
optlc_net_26804          1        1      2         
optlc_net_26805          1        1      2         
optlc_net_26806          1        1      2         
optlc_net_26807          1        1      2         
optlc_net_26808          1        1      2         
optlc_net_26809          1        1      2         
optlc_net_26810          1        1      2         
optlc_net_26811          1        1      2         
optlc_net_26812          1        1      2         
optlc_net_26813          1        1      2         
optlc_net_26815          1        1      2         
optlc_net_26816          1        1      2         
optlc_net_26817          1        1      2         
optlc_net_26818          1        1      2         
optlc_net_26819          1        1      2         
optlc_net_26820          1        1      2         
optlc_net_26821          1        1      2         
optlc_net_26822          1        1      2         
optlc_net_26823          1        1      2         
optlc_net_26824          1        1      2         
optlc_net_26825          1        1      2         
optlc_net_26826          1        1      2         
optlc_net_26827          1        1      2         
optlc_net_26828          1        1      2         
optlc_net_26829          1        1      2         
optlc_net_26830          1        1      2         
optlc_net_26831          1        1      2         
optlc_net_26832          1        1      2         
optlc_net_26833          1        1      2         
optlc_net_26834          1        1      2         
optlc_net_26835          1        1      2         
optlc_net_26836          1        1      2         
optlc_net_26837          1        1      2         
optlc_net_26838          1        1      2         
optlc_net_26839          1        1      2         
optlc_net_26840          1        1      2         
optlc_net_26841          1        1      2         
optlc_net_26842          1        1      2         
optlc_net_26843          1        1      2         
optlc_net_26844          1        1      2         
optlc_net_26845          1        1      2         
optlc_net_26846          1        1      2         
optlc_net_26847          1        1      2         
optlc_net_26848          1        1      2         
optlc_net_26849          1        1      2         
optlc_net_26850          1        1      2         
optlc_net_26851          1        1      2         
optlc_net_26852          1        1      2         
optlc_net_26853          1        1      2         
optlc_net_26854          1        1      2         
optlc_net_26855          1        1      2         
optlc_net_26856          1        1      2         
optlc_net_26857          1        1      2         
optlc_net_26858          1        1      2         
optlc_net_26859          1        1      2         
optlc_net_26860          1        1      2         
optlc_net_26861          1        1      2         
optlc_net_26862          1        1      2         
optlc_net_26863          1        1      2         
optlc_net_26864          1        1      2         
optlc_net_26865          1        1      2         
optlc_net_26866          1        1      2         
optlc_net_26867          1        1      2         
optlc_net_26868          1        1      2         
optlc_net_26869          1        1      2         
optlc_net_26870          1        1      2         
optlc_net_26871          1        1      2         
optlc_net_26872          1        1      2         
optlc_net_26873          1        1      2         
optlc_net_26874          1        1      2         
optlc_net_26875          1        1      2         
optlc_net_26876          1        1      2         
optlc_net_26877          1        1      2         
optlc_net_26878          1        1      2         
optlc_net_26879          1        1      2         
optlc_net_26880          1        1      2         
optlc_net_26881          1        1      2         
optlc_net_26882          1        1      2         
optlc_net_26883          1        1      2         
optlc_net_26884          1        1      2         
optlc_net_26885          1        1      2         
optlc_net_26886          1        1      2         
optlc_net_26887          1        1      2         
optlc_net_26888          1        1      2         
optlc_net_26889          1        1      2         
optlc_net_26890          1        1      2         
optlc_net_26891          1        1      2         
optlc_net_26892          1        1      2         
optlc_net_26893          1        1      2         
optlc_net_26894          1        1      2         
optlc_net_26895          1        1      2         
optlc_net_26896          1        1      2         
optlc_net_26897          1        1      2         
optlc_net_26898          1        1      2         
optlc_net_26899          1        1      2         
optlc_net_26900          1        1      2         
optlc_net_26901          1        1      2         
optlc_net_26902          1        1      2         
optlc_net_26903          1        1      2         
optlc_net_26904          1        1      2         
optlc_net_26905          1        1      2         
optlc_net_26906          1        1      2         
optlc_net_26907          1        1      2         
optlc_net_26908          1        1      2         
optlc_net_26909          1        1      2         
optlc_net_26910          1        1      2         
optlc_net_26911          1        1      2         
optlc_net_26912          1        1      2         
optlc_net_26913          1        1      2         
optlc_net_26914          1        1      2         
optlc_net_26915          1        1      2         
optlc_net_26916          1        1      2         
optlc_net_26917          1        1      2         
optlc_net_26918          1        1      2         
optlc_net_26919          1        1      2         
optlc_net_26920          1        1      2         
optlc_net_26921          1        1      2         
optlc_net_26922          1        1      2         
optlc_net_26923          1        1      2         
optlc_net_26924          1        1      2         
optlc_net_26925          1        1      2         
optlc_net_26926          1        1      2         
optlc_net_26927          1        1      2         
optlc_net_26928          1        1      2         
optlc_net_26929          1        1      2         
optlc_net_26930          1        1      2         
optlc_net_26931          1        1      2         
optlc_net_26932          1        1      2         
optlc_net_26933          1        1      2         
optlc_net_26934          1        1      2         
optlc_net_26935          1        1      2         
optlc_net_26936          1        1      2         
optlc_net_26937          1        1      2         
optlc_net_26938          1        1      2         
optlc_net_26939          1        1      2         
optlc_net_26940          1        1      2         
optlc_net_26941          1        1      2         
optlc_net_26942          1        1      2         
optlc_net_26943          1        1      2         
optlc_net_26944          1        1      2         
optlc_net_26945          1        1      2         
optlc_net_26946          1        1      2         
optlc_net_26947          1        1      2         
optlc_net_26948          1        1      2         
optlc_net_26949          1        1      2         
optlc_net_26950          1        1      2         
optlc_net_26951          1        1      2         
optlc_net_26952          1        1      2         
optlc_net_26953          1        1      2         
optlc_net_26954          1        1      2         
optlc_net_26955          1        1      2         
optlc_net_26956          1        1      2         
optlc_net_26957          1        1      2         
optlc_net_26958          1        1      2         
optlc_net_26959          1        1      2         
optlc_net_26960          1        1      2         
optlc_net_26961          1        1      2         
optlc_net_26962          1        1      2         
optlc_net_26963          1        1      2         
optlc_net_26964          1        1      2         
optlc_net_26965          1        1      2         
optlc_net_26966          1        1      2         
optlc_net_26967          1        1      2         
optlc_net_26968          1        1      2         
optlc_net_26969          1        1      2         
optlc_net_26970          1        1      2         
optlc_net_26971          1        1      2         
optlc_net_26972          1        1      2         
optlc_net_26973          1        1      2         
optlc_net_26974          1        1      2         
optlc_net_26975          1        1      2         
optlc_net_26976          1        1      2         
optlc_net_26977          1        1      2         
optlc_net_26978          1        1      2         
optlc_net_26979          1        1      2         
optlc_net_26980          1        1      2         
optlc_net_26981          1        1      2         
optlc_net_26982          1        1      2         
optlc_net_26983          1        1      2         
optlc_net_26984          1        1      2         
optlc_net_26985          1        1      2         
optlc_net_26986          1        1      2         
optlc_net_26987          1        1      2         
optlc_net_26988          1        1      2         
optlc_net_26989          1        1      2         
optlc_net_26990          1        1      2         
optlc_net_26991          1        1      2         
optlc_net_26992          1        1      2         
optlc_net_26993          1        1      2         
optlc_net_26994          1        1      2         
optlc_net_26995          1        1      2         
optlc_net_26996          1        1      2         
optlc_net_26997          1        1      2         
optlc_net_26998          1        1      2         
optlc_net_26999          1        1      2         
optlc_net_27000          1        1      2         
optlc_net_27001          1        1      2         
optlc_net_27002          1        1      2         
optlc_net_27003          1        1      2         
optlc_net_27004          1        1      2         
optlc_net_27005          1        1      2         
optlc_net_27006          1        1      2         
optlc_net_27007          1        1      2         
optlc_net_27008          1        1      2         
optlc_net_27009          1        1      2         
optlc_net_27010          1        1      2         
optlc_net_27011          1        1      2         
optlc_net_27012          1        1      2         
optlc_net_27013          1        1      2         
optlc_net_27014          1        1      2         
optlc_net_27015          1        1      2         
optlc_net_27016          1        1      2         
optlc_net_27017          1        1      2         
optlc_net_27018          1        1      2         
optlc_net_27019          1        1      2         
optlc_net_27020          1        1      2         
optlc_net_27021          1        1      2         
optlc_net_27022          1        1      2         
optlc_net_27023          1        1      2         
optlc_net_27024          1        1      2         
optlc_net_27025          1        1      2         
optlc_net_27026          1        1      2         
optlc_net_27027          1        1      2         
optlc_net_27028          1        1      2         
optlc_net_27029          1        1      2         
optlc_net_27030          1        1      2         
optlc_net_27031          1        1      2         
optlc_net_27032          1        1      2         
optlc_net_27033          1        1      2         
optlc_net_27034          1        1      2         
optlc_net_27035          1        1      2         
optlc_net_27036          1        1      2         
optlc_net_27037          1        1      2         
optlc_net_27038          1        1      2         
optlc_net_27039          1        1      2         
optlc_net_27040          1        1      2         
optlc_net_27041          1        1      2         
optlc_net_27042          1        1      2         
optlc_net_27044          1        1      2         
optlc_net_27045          1        1      2         
optlc_net_27046          1        1      2         
optlc_net_27047          1        1      2         
optlc_net_27048          1        1      2         
optlc_net_27049          1        1      2         
optlc_net_27050          1        1      2         
optlc_net_27051          1        1      2         
optlc_net_27052          1        1      2         
optlc_net_27053          1        1      2         
optlc_net_27054          1        1      2         
optlc_net_27055          1        1      2         
optlc_net_27056          1        1      2         
optlc_net_27057          1        1      2         
optlc_net_27058          1        1      2         
optlc_net_27059          1        1      2         
optlc_net_27060          1        1      2         
optlc_net_27061          1        1      2         
optlc_net_27062          1        1      2         
optlc_net_27063          1        1      2         
optlc_net_27064          1        1      2         
optlc_net_27065          1        1      2         
optlc_net_27066          1        1      2         
optlc_net_27067          1        1      2         
optlc_net_27068          1        1      2         
optlc_net_27069          1        1      2         
optlc_net_27070          1        1      2         
optlc_net_27071          1        1      2         
optlc_net_27072          1        1      2         
optlc_net_27073          1        1      2         
optlc_net_27074          1        1      2         
optlc_net_27075          1        1      2         
optlc_net_27076          1        1      2         
optlc_net_27077          1        1      2         
optlc_net_27079          1        1      2         
optlc_net_27080          1        1      2         
optlc_net_27081          1        1      2         
optlc_net_27082          1        1      2         
optlc_net_27083          1        1      2         
optlc_net_27084          1        1      2         
optlc_net_27085          1        1      2         
optlc_net_27086          1        1      2         
optlc_net_27087          1        1      2         
optlc_net_27088          1        1      2         
optlc_net_27089          1        1      2         
optlc_net_27090          1        1      2         
optlc_net_27091          1        1      2         
optlc_net_27092          1        1      2         
optlc_net_27093          1        1      2         
optlc_net_27094          1        1      2         
optlc_net_27095          1        1      2         
optlc_net_27096          1        1      2         
optlc_net_27097          1        1      2         
optlc_net_27098          1        1      2         
optlc_net_27099          1        1      2         
optlc_net_27100          1        1      2         
optlc_net_27101          1        1      2         
optlc_net_27102          1        1      2         
optlc_net_27103          1        1      2         
optlc_net_27104          1        1      2         
optlc_net_27105          1        1      2         
optlc_net_27106          1        1      2         
optlc_net_27107          1        1      2         
optlc_net_27108          1        1      2         
optlc_net_27109          1        1      2         
optlc_net_27110          1        1      2         
optlc_net_27111          1        1      2         
optlc_net_27112          1        1      2         
optlc_net_27113          1        1      2         
optlc_net_27114          1        1      2         
optlc_net_27115          1        1      2         
optlc_net_27116          1        1      2         
optlc_net_27117          1        1      2         
optlc_net_27118          1        1      2         
optlc_net_27119          1        1      2         
optlc_net_27120          1        1      2         
optlc_net_27121          1        1      2         
optlc_net_27122          1        1      2         
optlc_net_27123          1        1      2         
optlc_net_27124          1        1      2         
optlc_net_27125          1        1      2         
optlc_net_27126          1        1      2         
optlc_net_27127          1        1      2         
optlc_net_27128          1        1      2         
optlc_net_27129          1        1      2         
optlc_net_27130          1        1      2         
optlc_net_27131          1        1      2         
optlc_net_27132          1        1      2         
optlc_net_27133          1        1      2         
optlc_net_27134          1        1      2         
optlc_net_27135          1        1      2         
optlc_net_27136          1        1      2         
optlc_net_27137          1        1      2         
optlc_net_27138          1        1      2         
optlc_net_27139          1        1      2         
optlc_net_27140          1        1      2         
optlc_net_27141          1        1      2         
optlc_net_27142          1        1      2         
optlc_net_27143          1        1      2         
optlc_net_27144          1        1      2         
optlc_net_27145          1        1      2         
optlc_net_27146          1        1      2         
optlc_net_27147          1        1      2         
optlc_net_27148          1        1      2         
optlc_net_27149          1        1      2         
optlc_net_27150          1        1      2         
optlc_net_27151          1        1      2         
optlc_net_27152          1        1      2         
optlc_net_27153          1        1      2         
optlc_net_27154          1        1      2         
optlc_net_27155          1        1      2         
optlc_net_27156          1        1      2         
optlc_net_27157          1        1      2         
optlc_net_27158          1        1      2         
optlc_net_27159          1        1      2         
optlc_net_27160          1        1      2         
optlc_net_27161          1        1      2         
optlc_net_27162          1        1      2         
optlc_net_27163          1        1      2         
optlc_net_27164          1        1      2         
optlc_net_27165          1        1      2         
optlc_net_27166          1        1      2         
optlc_net_27167          1        1      2         
optlc_net_27168          1        1      2         
optlc_net_27169          1        1      2         
optlc_net_27170          1        1      2         
optlc_net_27171          1        1      2         
optlc_net_27172          1        1      2         
optlc_net_27173          1        1      2         
optlc_net_27174          1        1      2         
optlc_net_27175          1        1      2         
optlc_net_27176          1        1      2         
optlc_net_27177          1        1      2         
optlc_net_27178          1        1      2         
optlc_net_27179          1        1      2         
optlc_net_27180          1        1      2         
optlc_net_27181          1        1      2         
optlc_net_27182          1        1      2         
optlc_net_27183          1        1      2         
optlc_net_27184          1        1      2         
optlc_net_27185          1        1      2         
optlc_net_27186          1        1      2         
optlc_net_27187          1        1      2         
optlc_net_27188          1        1      2         
optlc_net_27189          1        1      2         
optlc_net_27190          1        1      2         
optlc_net_27191          1        1      2         
optlc_net_27192          1        1      2         
optlc_net_27193          1        1      2         
optlc_net_27194          1        1      2         
optlc_net_27195          1        1      2         
optlc_net_27196          1        1      2         
optlc_net_27197          1        1      2         
optlc_net_27198          1        1      2         
optlc_net_27199          1        1      2         
optlc_net_27200          1        1      2         
optlc_net_27201          1        1      2         
optlc_net_27202          1        1      2         
optlc_net_27203          1        1      2         
optlc_net_27204          1        1      2         
optlc_net_27205          1        1      2         
optlc_net_27206          1        1      2         
optlc_net_27207          1        1      2         
optlc_net_27208          1        1      2         
optlc_net_27209          1        1      2         
optlc_net_27210          1        1      2         
optlc_net_27211          1        1      2         
optlc_net_27212          1        1      2         
optlc_net_27213          1        1      2         
optlc_net_27214          1        1      2         
optlc_net_27215          1        1      2         
optlc_net_27216          1        1      2         
optlc_net_27217          1        1      2         
optlc_net_27218          1        1      2         
optlc_net_27219          1        1      2         
optlc_net_27220          1        1      2         
optlc_net_27221          1        1      2         
optlc_net_27222          1        1      2         
optlc_net_27223          1        1      2         
optlc_net_27224          1        1      2         
optlc_net_27225          1        1      2         
optlc_net_27226          1        1      2         
optlc_net_27227          1        1      2         
optlc_net_27228          1        1      2         
optlc_net_27229          1        1      2         
optlc_net_27230          1        1      2         
optlc_net_27231          1        1      2         
optlc_net_27232          1        1      2         
optlc_net_27233          1        1      2         
optlc_net_27234          1        1      2         
optlc_net_27235          1        1      2         
optlc_net_27236          1        1      2         
optlc_net_27237          1        1      2         
optlc_net_27238          1        1      2         
optlc_net_27239          1        1      2         
optlc_net_27240          1        1      2         
optlc_net_27241          1        1      2         
optlc_net_27242          1        1      2         
optlc_net_27243          1        1      2         
optlc_net_27244          1        1      2         
optlc_net_27245          1        1      2         
optlc_net_27246          1        1      2         
optlc_net_27247          1        1      2         
optlc_net_27248          1        1      2         
optlc_net_27249          1        1      2         
optlc_net_27250          1        1      2         
optlc_net_27251          1        1      2         
optlc_net_27252          1        1      2         
optlc_net_27253          1        1      2         
optlc_net_27254          1        1      2         
optlc_net_27255          1        1      2         
optlc_net_27256          1        1      2         
optlc_net_27257          1        1      2         
optlc_net_27258          1        1      2         
optlc_net_27259          1        1      2         
optlc_net_27260          1        1      2         
optlc_net_27261          1        1      2         
optlc_net_27262          1        1      2         
optlc_net_27263          1        1      2         
optlc_net_27264          1        1      2         
optlc_net_27265          1        1      2         
optlc_net_27266          1        1      2         
optlc_net_27267          1        1      2         
optlc_net_27268          1        1      2         
optlc_net_27269          1        1      2         
optlc_net_27270          1        1      2         
optlc_net_27271          1        1      2         
optlc_net_27272          1        1      2         
optlc_net_27273          1        1      2         
optlc_net_27274          1        1      2         
optlc_net_27275          1        1      2         
optlc_net_27276          1        1      2         
optlc_net_27277          1        1      2         
optlc_net_27278          1        1      2         
optlc_net_27279          1        1      2         
optlc_net_27280          1        1      2         
optlc_net_27281          1        1      2         
optlc_net_27282          1        1      2         
optlc_net_27283          1        1      2         
optlc_net_27284          1        1      2         
optlc_net_27285          1        1      2         
optlc_net_27286          1        1      2         
optlc_net_27287          1        1      2         
optlc_net_27288          1        1      2         
optlc_net_27289          1        1      2         
optlc_net_27290          1        1      2         
optlc_net_27291          1        1      2         
optlc_net_27292          1        1      2         
optlc_net_27293          1        1      2         
optlc_net_27294          1        1      2         
optlc_net_27295          1        1      2         
optlc_net_27296          1        1      2         
optlc_net_27297          1        1      2         
optlc_net_27298          1        1      2         
optlc_net_27299          1        1      2         
optlc_net_27300          1        1      2         
optlc_net_27301          1        1      2         
optlc_net_27302          1        1      2         
optlc_net_27303          1        1      2         
optlc_net_27304          1        1      2         
optlc_net_27305          1        1      2         
optlc_net_27306          1        1      2         
optlc_net_27307          1        1      2         
optlc_net_27308          1        1      2         
optlc_net_27309          1        1      2         
optlc_net_27310          1        1      2         
optlc_net_27311          1        1      2         
optlc_net_27312          1        1      2         
optlc_net_27313          1        1      2         
optlc_net_27314          1        1      2         
optlc_net_27315          1        1      2         
optlc_net_27316          1        1      2         
optlc_net_27317          1        1      2         
optlc_net_27318          1        1      2         
optlc_net_27319          1        1      2         
optlc_net_27320          1        1      2         
optlc_net_27321          1        1      2         
optlc_net_27322          1        1      2         
optlc_net_27323          1        1      2         
optlc_net_27324          1        1      2         
optlc_net_27325          1        1      2         
optlc_net_27326          1        1      2         
optlc_net_27327          1        1      2         
optlc_net_27328          1        1      2         
optlc_net_27329          1        1      2         
optlc_net_27330          1        1      2         
optlc_net_27331          1        1      2         
optlc_net_27332          1        1      2         
optlc_net_27333          1        1      2         
optlc_net_27334          1        1      2         
optlc_net_27335          1        1      2         
optlc_net_27336          1        1      2         
optlc_net_27337          1        1      2         
optlc_net_27338          1        1      2         
optlc_net_27339          1        1      2         
optlc_net_27340          1        1      2         
optlc_net_27341          1        1      2         
optlc_net_27342          1        1      2         
optlc_net_27343          1        1      2         
optlc_net_27344          1        1      2         
optlc_net_27345          1        1      2         
optlc_net_27346          1        1      2         
optlc_net_27347          1        1      2         
optlc_net_27348          1        1      2         
optlc_net_27349          1        1      2         
optlc_net_27350          1        1      2         
optlc_net_27351          1        1      2         
optlc_net_27352          1        1      2         
optlc_net_27353          1        1      2         
optlc_net_27354          1        1      2         
optlc_net_27355          1        1      2         
optlc_net_27356          1        1      2         
optlc_net_27357          1        1      2         
optlc_net_27358          1        1      2         
optlc_net_27359          1        1      2         
optlc_net_27360          1        1      2         
optlc_net_27362          1        1      2         
optlc_net_27363          1        1      2         
optlc_net_27364          1        1      2         
optlc_net_27365          1        1      2         
optlc_net_27366          1        1      2         
optlc_net_27367          1        1      2         
optlc_net_27368          1        1      2         
optlc_net_27369          1        1      2         
optlc_net_27370          1        1      2         
optlc_net_27371          1        1      2         
optlc_net_27372          1        1      2         
optlc_net_27373          1        1      2         
optlc_net_27374          1        1      2         
optlc_net_27375          1        1      2         
optlc_net_27376          1        1      2         
optlc_net_27377          1        1      2         
optlc_net_27378          1        1      2         
optlc_net_27379          1        1      2         
optlc_net_27380          1        1      2         
optlc_net_27381          1        1      2         
optlc_net_27382          1        1      2         
optlc_net_27383          1        1      2         
optlc_net_27384          1        1      2         
optlc_net_27385          1        1      2         
optlc_net_27386          1        1      2         
optlc_net_27387          1        1      2         
optlc_net_27388          1        1      2         
optlc_net_27389          1        1      2         
optlc_net_27390          1        1      2         
optlc_net_27391          1        1      2         
optlc_net_27392          1        1      2         
optlc_net_27393          1        1      2         
optlc_net_27394          1        1      2         
optlc_net_27395          1        1      2         
optlc_net_27396          1        1      2         
optlc_net_27397          1        1      2         
optlc_net_27398          1        1      2         
optlc_net_27399          1        1      2         
optlc_net_27400          1        1      2         
optlc_net_27401          1        1      2         
optlc_net_27402          1        1      2         
optlc_net_27403          1        1      2         
optlc_net_27405          1        1      2         
optlc_net_27406          1        1      2         
optlc_net_27407          1        1      2         
optlc_net_27408          1        1      2         
optlc_net_27409          1        1      2         
optlc_net_27410          1        1      2         
optlc_net_27411          1        1      2         
optlc_net_27412          1        1      2         
optlc_net_27413          1        1      2         
optlc_net_27414          1        1      2         
optlc_net_27415          1        1      2         
optlc_net_27416          1        1      2         
optlc_net_27417          1        1      2         
optlc_net_27418          1        1      2         
optlc_net_27419          1        1      2         
optlc_net_27420          1        1      2         
optlc_net_27421          1        1      2         
optlc_net_27422          1        1      2         
optlc_net_27423          1        1      2         
optlc_net_27424          1        1      2         
optlc_net_27425          1        1      2         
optlc_net_27426          1        1      2         
optlc_net_27427          1        1      2         
optlc_net_27428          1        1      2         
optlc_net_27429          1        1      2         
optlc_net_27430          1        1      2         
optlc_net_27431          1        1      2         
optlc_net_27432          1        1      2         
optlc_net_27433          1        1      2         
optlc_net_27434          1        1      2         
optlc_net_27435          1        1      2         
optlc_net_27436          1        1      2         
optlc_net_27437          1        1      2         
optlc_net_27438          1        1      2         
optlc_net_27439          1        1      2         
optlc_net_27440          1        1      2         
optlc_net_27441          1        1      2         
optlc_net_27442          1        1      2         
optlc_net_27443          1        1      2         
optlc_net_27444          1        1      2         
optlc_net_27445          1        1      2         
optlc_net_27446          1        1      2         
optlc_net_27447          1        1      2         
optlc_net_27448          1        1      2         
optlc_net_27449          1        1      2         
optlc_net_27450          1        1      2         
optlc_net_27451          1        1      2         
optlc_net_27452          1        1      2         
optlc_net_27453          1        1      2         
optlc_net_27454          1        1      2         
optlc_net_27455          1        1      2         
optlc_net_27456          1        1      2         
optlc_net_27457          1        1      2         
optlc_net_27458          1        1      2         
optlc_net_27459          1        1      2         
optlc_net_27460          1        1      2         
optlc_net_27461          1        1      2         
optlc_net_27462          1        1      2         
optlc_net_27463          1        1      2         
optlc_net_27464          1        1      2         
optlc_net_27465          1        1      2         
optlc_net_27466          1        1      2         
optlc_net_27467          1        1      2         
optlc_net_27468          1        1      2         
optlc_net_27469          1        1      2         
optlc_net_27470          1        1      2         
optlc_net_27471          1        1      2         
optlc_net_27472          1        1      2         
optlc_net_27473          1        1      2         
optlc_net_27474          1        1      2         
optlc_net_27475          1        1      2         
optlc_net_27476          1        1      2         
optlc_net_27477          1        1      2         
optlc_net_27478          1        1      2         
optlc_net_27479          1        1      2         
optlc_net_27480          1        1      2         
optlc_net_27481          1        1      2         
optlc_net_27482          1        1      2         
optlc_net_27483          1        1      2         
optlc_net_27484          1        1      2         
optlc_net_27485          1        1      2         
optlc_net_27486          1        1      2         
optlc_net_27487          1        1      2         
optlc_net_27488          1        1      2         
optlc_net_27489          1        1      2         
optlc_net_27490          1        1      2         
optlc_net_27491          1        1      2         
optlc_net_27492          1        1      2         
optlc_net_27493          1        1      2         
optlc_net_27494          1        1      2         
optlc_net_27495          1        1      2         
optlc_net_27496          1        1      2         
optlc_net_27497          1        1      2         
optlc_net_27498          1        1      2         
optlc_net_27499          1        1      2         
optlc_net_27500          1        1      2         
optlc_net_27501          1        1      2         
optlc_net_27502          1        1      2         
optlc_net_27503          1        1      2         
optlc_net_27504          1        1      2         
optlc_net_27505          1        1      2         
optlc_net_27506          1        1      2         
optlc_net_27507          1        1      2         
optlc_net_27508          1        1      2         
optlc_net_27509          1        1      2         
optlc_net_27510          1        1      2         
optlc_net_27511          1        1      2         
optlc_net_27512          1        1      2         
optlc_net_27513          1        1      2         
optlc_net_27514          1        1      2         
optlc_net_27515          1        1      2         
optlc_net_27516          1        1      2         
optlc_net_27517          1        1      2         
optlc_net_27518          1        1      2         
optlc_net_27519          1        1      2         
optlc_net_27520          1        1      2         
optlc_net_27521          1        1      2         
optlc_net_27522          1        1      2         
optlc_net_27523          1        1      2         
optlc_net_27524          1        1      2         
optlc_net_27525          1        1      2         
optlc_net_27526          1        1      2         
optlc_net_27527          1        1      2         
optlc_net_27528          1        1      2         
optlc_net_27529          1        1      2         
optlc_net_27530          1        1      2         
optlc_net_27531          1        1      2         
optlc_net_27532          1        1      2         
optlc_net_27533          1        1      2         
optlc_net_27534          1        1      2         
optlc_net_27535          1        1      2         
optlc_net_27536          1        1      2         
optlc_net_27537          1        1      2         
optlc_net_27538          1        1      2         
optlc_net_27539          1        1      2         
optlc_net_27540          1        1      2         
optlc_net_27541          1        1      2         
optlc_net_27542          1        1      2         
optlc_net_27543          1        1      2         
optlc_net_27544          1        1      2         
optlc_net_27545          1        1      2         
optlc_net_27546          1        1      2         
optlc_net_27547          1        1      2         
optlc_net_27548          1        1      2         
optlc_net_27549          1        1      2         
optlc_net_27550          1        1      2         
optlc_net_27551          1        1      2         
optlc_net_27552          1        1      2         
optlc_net_27553          1        1      2         
optlc_net_27554          1        1      2         
optlc_net_27555          1        1      2         
optlc_net_27556          1        1      2         
optlc_net_27557          1        1      2         
optlc_net_27558          1        1      2         
optlc_net_27559          1        1      2         
optlc_net_27560          1        1      2         
optlc_net_27561          1        1      2         
optlc_net_27562          1        1      2         
optlc_net_27563          1        1      2         
optlc_net_27564          1        1      2         
optlc_net_27565          1        1      2         
optlc_net_27566          1        1      2         
optlc_net_27567          1        1      2         
optlc_net_27568          1        1      2         
optlc_net_27569          1        1      2         
optlc_net_27570          1        1      2         
optlc_net_27571          1        1      2         
optlc_net_27572          1        1      2         
optlc_net_27573          1        1      2         
optlc_net_27574          1        1      2         
optlc_net_27575          1        1      2         
optlc_net_27576          1        1      2         
optlc_net_27577          1        1      2         
optlc_net_27578          1        1      2         
optlc_net_27579          1        1      2         
optlc_net_27580          1        1      2         
optlc_net_27581          1        1      2         
optlc_net_27582          1        1      2         
optlc_net_27583          1        1      2         
optlc_net_27584          1        1      2         
optlc_net_27585          1        1      2         
optlc_net_27586          1        1      2         
optlc_net_27587          1        1      2         
optlc_net_27588          1        1      2         
optlc_net_27589          1        1      2         
optlc_net_27590          1        1      2         
optlc_net_27591          1        1      2         
optlc_net_27592          1        1      2         
optlc_net_27593          1        1      2         
optlc_net_27594          1        1      2         
optlc_net_27595          1        1      2         
optlc_net_27596          1        1      2         
optlc_net_27597          1        1      2         
optlc_net_27598          1        1      2         
optlc_net_27599          1        1      2         
optlc_net_27600          1        1      2         
optlc_net_27601          1        1      2         
optlc_net_27602          1        1      2         
optlc_net_27603          1        1      2         
optlc_net_27604          1        1      2         
optlc_net_27605          1        1      2         
optlc_net_27606          1        1      2         
optlc_net_27607          1        1      2         
optlc_net_27608          1        1      2         
optlc_net_27609          1        1      2         
optlc_net_27610          1        1      2         
optlc_net_27611          1        1      2         
optlc_net_27612          1        1      2         
optlc_net_27613          1        1      2         
optlc_net_27614          1        1      2         
optlc_net_27615          1        1      2         
optlc_net_27616          1        1      2         
optlc_net_27617          1        1      2         
optlc_net_27618          1        1      2         
optlc_net_27619          1        1      2         
optlc_net_27620          1        1      2         
optlc_net_27621          1        1      2         
optlc_net_27622          1        1      2         
optlc_net_27623          1        1      2         
optlc_net_27624          1        1      2         
optlc_net_27625          1        1      2         
optlc_net_27626          1        1      2         
optlc_net_27627          1        1      2         
optlc_net_27628          1        1      2         
optlc_net_27629          1        1      2         
optlc_net_27630          1        1      2         
optlc_net_27631          1        1      2         
optlc_net_27632          1        1      2         
optlc_net_27633          1        1      2         
optlc_net_27634          1        1      2         
optlc_net_27635          1        1      2         
optlc_net_27636          1        1      2         
optlc_net_27637          1        1      2         
optlc_net_27638          1        1      2         
optlc_net_27640          1        1      2         
optlc_net_27641          1        1      2         
optlc_net_27642          1        1      2         
optlc_net_27643          1        1      2         
optlc_net_27644          1        1      2         
optlc_net_27645          1        1      2         
optlc_net_27646          1        1      2         
optlc_net_27647          1        1      2         
optlc_net_27648          1        1      2         
optlc_net_27649          1        1      2         
optlc_net_27650          1        1      2         
optlc_net_27651          1        1      2         
optlc_net_27652          1        1      2         
optlc_net_27653          1        1      2         
optlc_net_27654          1        1      2         
optlc_net_27655          1        1      2         
optlc_net_27656          1        1      2         
optlc_net_27657          1        1      2         
optlc_net_27658          1        1      2         
optlc_net_27659          1        1      2         
optlc_net_27660          1        1      2         
optlc_net_27661          1        1      2         
optlc_net_27662          1        1      2         
optlc_net_27663          1        1      2         
optlc_net_27664          1        1      2         
optlc_net_27665          1        1      2         
optlc_net_27666          1        1      2         
optlc_net_27667          1        1      2         
optlc_net_27668          1        1      2         
optlc_net_27669          1        1      2         
optlc_net_27670          1        1      2         
optlc_net_27671          1        1      2         
optlc_net_27672          1        1      2         
optlc_net_27673          1        1      2         
optlc_net_27674          1        1      2         
optlc_net_27675          1        1      2         
optlc_net_27676          1        1      2         
optlc_net_27677          1        1      2         
optlc_net_27678          1        1      2         
optlc_net_27679          1        1      2         
optlc_net_27681          1        1      2         
optlc_net_27682          1        1      2         
optlc_net_27683          1        1      2         
optlc_net_27684          1        1      2         
optlc_net_27685          1        1      2         
optlc_net_27686          1        1      2         
optlc_net_27687          1        1      2         
optlc_net_27688          1        1      2         
optlc_net_27689          1        1      2         
optlc_net_27690          1        1      2         
optlc_net_27691          1        1      2         
optlc_net_27692          1        1      2         
optlc_net_27693          1        1      2         
optlc_net_27694          1        1      2         
optlc_net_27695          1        1      2         
optlc_net_27696          1        1      2         
optlc_net_27697          1        1      2         
optlc_net_27698          1        1      2         
optlc_net_27699          1        1      2         
optlc_net_27700          1        1      2         
optlc_net_27701          1        1      2         
optlc_net_27702          1        1      2         
optlc_net_27703          1        1      2         
optlc_net_27704          1        1      2         
optlc_net_27705          1        1      2         
optlc_net_27706          1        1      2         
optlc_net_27707          1        1      2         
optlc_net_27708          1        1      2         
optlc_net_27709          1        1      2         
optlc_net_27710          1        1      2         
optlc_net_27711          1        1      2         
optlc_net_27712          1        1      2         
optlc_net_27713          1        1      2         
optlc_net_27714          1        1      2         
optlc_net_27715          1        1      2         
optlc_net_27716          1        1      2         
optlc_net_27717          1        1      2         
optlc_net_27718          1        1      2         
optlc_net_27719          1        1      2         
optlc_net_27720          1        1      2         
optlc_net_27721          1        1      2         
optlc_net_27722          1        1      2         
optlc_net_27723          1        1      2         
optlc_net_27724          1        1      2         
optlc_net_27725          1        1      2         
optlc_net_27726          1        1      2         
optlc_net_27727          1        1      2         
optlc_net_27728          1        1      2         
optlc_net_27729          1        1      2         
optlc_net_27730          1        1      2         
optlc_net_27731          1        1      2         
optlc_net_27732          1        1      2         
optlc_net_27733          1        1      2         
optlc_net_27734          1        1      2         
optlc_net_27735          1        1      2         
optlc_net_27736          1        1      2         
optlc_net_27737          1        1      2         
optlc_net_27738          1        1      2         
optlc_net_27739          1        1      2         
optlc_net_27740          1        1      2         
optlc_net_27741          1        1      2         
optlc_net_27742          1        1      2         
optlc_net_27743          1        1      2         
optlc_net_27744          1        1      2         
optlc_net_27745          1        1      2         
optlc_net_27746          1        1      2         
optlc_net_27747          1        1      2         
optlc_net_27748          1        1      2         
optlc_net_27749          1        1      2         
optlc_net_27750          1        1      2         
optlc_net_27751          1        1      2         
optlc_net_27752          1        1      2         
optlc_net_27753          1        1      2         
optlc_net_27754          1        1      2         
optlc_net_27755          1        1      2         
optlc_net_27756          1        1      2         
optlc_net_27757          1        1      2         
optlc_net_27758          1        1      2         
optlc_net_27759          1        1      2         
optlc_net_27760          1        1      2         
optlc_net_27761          1        1      2         
optlc_net_27762          1        1      2         
optlc_net_27763          1        1      2         
optlc_net_27764          1        1      2         
optlc_net_27765          1        1      2         
optlc_net_27766          1        1      2         
optlc_net_27767          1        1      2         
optlc_net_27768          1        1      2         
optlc_net_27769          1        1      2         
optlc_net_27770          1        1      2         
optlc_net_27771          1        1      2         
optlc_net_27772          1        1      2         
optlc_net_27773          1        1      2         
optlc_net_27774          1        1      2         
optlc_net_27775          1        1      2         
optlc_net_27776          1        1      2         
optlc_net_27777          1        1      2         
optlc_net_27778          1        1      2         
optlc_net_27779          1        1      2         
optlc_net_27780          1        1      2         
optlc_net_27781          1        1      2         
optlc_net_27782          1        1      2         
optlc_net_27783          1        1      2         
optlc_net_27784          1        1      2         
optlc_net_27785          1        1      2         
optlc_net_27786          1        1      2         
optlc_net_27787          1        1      2         
optlc_net_27788          1        1      2         
optlc_net_27789          1        1      2         
optlc_net_27790          1        1      2         
optlc_net_27791          1        1      2         
optlc_net_27792          1        1      2         
optlc_net_27793          1        1      2         
optlc_net_27794          1        1      2         
optlc_net_27795          1        1      2         
optlc_net_27796          1        1      2         
optlc_net_27797          1        1      2         
optlc_net_27798          1        1      2         
optlc_net_27799          1        1      2         
optlc_net_27800          1        1      2         
optlc_net_27801          1        1      2         
optlc_net_27802          1        1      2         
optlc_net_27803          1        1      2         
optlc_net_27804          1        1      2         
optlc_net_27805          1        1      2         
optlc_net_27806          1        1      2         
optlc_net_27807          1        1      2         
optlc_net_27808          1        1      2         
optlc_net_27809          1        1      2         
optlc_net_27810          1        1      2         
optlc_net_27811          1        1      2         
optlc_net_27812          1        1      2         
optlc_net_27813          1        1      2         
optlc_net_27814          1        1      2         
optlc_net_27815          1        1      2         
optlc_net_27816          1        1      2         
optlc_net_27817          1        1      2         
optlc_net_27818          1        1      2         
optlc_net_27819          1        1      2         
optlc_net_27820          1        1      2         
optlc_net_27821          1        1      2         
optlc_net_27822          1        1      2         
optlc_net_27823          1        1      2         
optlc_net_27824          1        1      2         
optlc_net_27825          1        1      2         
optlc_net_27826          1        1      2         
optlc_net_27827          1        1      2         
optlc_net_27828          1        1      2         
optlc_net_27829          1        1      2         
optlc_net_27830          1        1      2         
optlc_net_27831          1        1      2         
optlc_net_27832          1        1      2         
optlc_net_27833          1        1      2         
optlc_net_27834          1        1      2         
optlc_net_27835          1        1      2         
optlc_net_27836          1        1      2         
optlc_net_27837          1        1      2         
optlc_net_27838          1        1      2         
optlc_net_27839          1        1      2         
optlc_net_27840          1        1      2         
optlc_net_27841          1        1      2         
optlc_net_27842          1        1      2         
optlc_net_27843          1        1      2         
optlc_net_27844          1        1      2         
optlc_net_27845          1        1      2         
optlc_net_27846          1        1      2         
optlc_net_27847          1        1      2         
optlc_net_27848          1        1      2         
optlc_net_27849          1        1      2         
optlc_net_27850          1        1      2         
optlc_net_27851          1        1      2         
optlc_net_27852          1        1      2         
optlc_net_27853          1        1      2         
optlc_net_27854          1        1      2         
optlc_net_27855          1        1      2         
optlc_net_27856          1        1      2         
optlc_net_27857          1        1      2         
optlc_net_27858          1        1      2         
optlc_net_27860          1        1      2         
optlc_net_27861          1        1      2         
optlc_net_27862          1        1      2         
optlc_net_27863          1        1      2         
optlc_net_27864          1        1      2         
optlc_net_27865          1        1      2         
optlc_net_27866          1        1      2         
optlc_net_27867          1        1      2         
optlc_net_27868          1        1      2         
optlc_net_27869          1        1      2         
optlc_net_27870          1        1      2         
optlc_net_27871          1        1      2         
optlc_net_27872          1        1      2         
optlc_net_27873          1        1      2         
optlc_net_27874          1        1      2         
optlc_net_27875          1        1      2         
optlc_net_27876          1        1      2         
optlc_net_27877          1        1      2         
optlc_net_27878          1        1      2         
optlc_net_27879          1        1      2         
optlc_net_27880          1        1      2         
optlc_net_27881          1        1      2         
optlc_net_27882          1        1      2         
optlc_net_27883          1        1      2         
optlc_net_27884          1        1      2         
optlc_net_27885          1        1      2         
optlc_net_27886          1        1      2         
optlc_net_27887          1        1      2         
optlc_net_27888          1        1      2         
optlc_net_27889          1        1      2         
optlc_net_27890          1        1      2         
optlc_net_27891          1        1      2         
optlc_net_27892          1        1      2         
optlc_net_27893          1        1      2         
optlc_net_27894          1        1      2         
optlc_net_27895          1        1      2         
optlc_net_27896          1        1      2         
optlc_net_27897          1        1      2         
optlc_net_27898          1        1      2         
optlc_net_27899          1        1      2         
optlc_net_27900          1        1      2         
optlc_net_27901          1        1      2         
optlc_net_27902          1        1      2         
optlc_net_27903          1        1      2         
optlc_net_27904          1        1      2         
optlc_net_27905          1        1      2         
optlc_net_27906          1        1      2         
optlc_net_27907          1        1      2         
optlc_net_27908          1        1      2         
optlc_net_27909          1        1      2         
optlc_net_27910          1        1      2         
optlc_net_27911          1        1      2         
optlc_net_27912          1        1      2         
optlc_net_27913          1        1      2         
optlc_net_27914          1        1      2         
optlc_net_27915          1        1      2         
optlc_net_27916          1        1      2         
optlc_net_27917          1        1      2         
optlc_net_27918          1        1      2         
optlc_net_27919          1        1      2         
optlc_net_27920          1        1      2         
optlc_net_27921          1        1      2         
optlc_net_27922          1        1      2         
optlc_net_27923          1        1      2         
optlc_net_27924          1        1      2         
optlc_net_27925          1        1      2         
optlc_net_27926          1        1      2         
optlc_net_27927          1        1      2         
optlc_net_27928          1        1      2         
optlc_net_27929          1        1      2         
optlc_net_27930          1        1      2         
optlc_net_27931          1        1      2         
optlc_net_27932          1        1      2         
optlc_net_27933          1        1      2         
optlc_net_27934          1        1      2         
optlc_net_27935          1        1      2         
optlc_net_27936          1        1      2         
optlc_net_27937          1        1      2         
optlc_net_27938          1        1      2         
optlc_net_27939          1        1      2         
optlc_net_27940          1        1      2         
optlc_net_27941          1        1      2         
optlc_net_27942          1        1      2         
optlc_net_27943          1        1      2         
optlc_net_27944          1        1      2         
optlc_net_27945          1        1      2         
optlc_net_27946          1        1      2         
optlc_net_27947          1        1      2         
optlc_net_27948          1        1      2         
optlc_net_27949          1        1      2         
optlc_net_27950          1        1      2         
optlc_net_27951          1        1      2         
optlc_net_27952          1        1      2         
optlc_net_27953          1        1      2         
optlc_net_27954          1        1      2         
optlc_net_27955          1        1      2         
optlc_net_27956          1        1      2         
optlc_net_27957          1        1      2         
optlc_net_27958          1        1      2         
optlc_net_27959          1        1      2         
optlc_net_27960          1        1      2         
optlc_net_27961          1        1      2         
optlc_net_27962          1        1      2         
optlc_net_27963          1        1      2         
optlc_net_27964          1        1      2         
optlc_net_27965          1        1      2         
optlc_net_27966          1        1      2         
optlc_net_27967          1        1      2         
optlc_net_27968          1        1      2         
optlc_net_27969          1        1      2         
optlc_net_27970          1        1      2         
optlc_net_27971          1        1      2         
optlc_net_27972          1        1      2         
optlc_net_27973          1        1      2         
optlc_net_27974          1        1      2         
optlc_net_27975          1        1      2         
optlc_net_27976          1        1      2         
optlc_net_27977          1        1      2         
optlc_net_27978          1        1      2         
optlc_net_27979          1        1      2         
optlc_net_27980          1        1      2         
optlc_net_27981          1        1      2         
optlc_net_27982          1        1      2         
optlc_net_27983          1        1      2         
optlc_net_27984          1        1      2         
optlc_net_27985          1        1      2         
optlc_net_27986          1        1      2         
optlc_net_27987          1        1      2         
optlc_net_27988          1        1      2         
optlc_net_27989          1        1      2         
optlc_net_27990          1        1      2         
optlc_net_27991          1        1      2         
optlc_net_27992          1        1      2         
optlc_net_27993          1        1      2         
optlc_net_27994          1        1      2         
optlc_net_27995          1        1      2         
optlc_net_27996          1        1      2         
optlc_net_27997          1        1      2         
optlc_net_27998          1        1      2         
optlc_net_27999          1        1      2         
optlc_net_28000          1        1      2         
optlc_net_28001          1        1      2         
optlc_net_28002          1        1      2         
optlc_net_28003          1        1      2         
optlc_net_28004          1        1      2         
optlc_net_28005          1        1      2         
optlc_net_28006          1        1      2         
optlc_net_28007          1        1      2         
optlc_net_28008          1        1      2         
optlc_net_28009          1        1      2         
optlc_net_28010          1        1      2         
optlc_net_28011          1        1      2         
optlc_net_28012          1        1      2         
optlc_net_28013          1        1      2         
optlc_net_28014          1        1      2         
optlc_net_28015          1        1      2         
optlc_net_28016          1        1      2         
optlc_net_28017          1        1      2         
optlc_net_28018          1        1      2         
optlc_net_28019          1        1      2         
optlc_net_28020          1        1      2         
optlc_net_28021          1        1      2         
optlc_net_28022          1        1      2         
optlc_net_28023          1        1      2         
optlc_net_28024          1        1      2         
optlc_net_28025          1        1      2         
optlc_net_28026          1        1      2         
optlc_net_28027          1        1      2         
optlc_net_28028          1        1      2         
optlc_net_28029          1        1      2         
optlc_net_28030          1        1      2         
optlc_net_28031          1        1      2         
optlc_net_28032          1        1      2         
optlc_net_28033          1        1      2         
optlc_net_28034          1        1      2         
optlc_net_28035          1        1      2         
optlc_net_28036          1        1      2         
optlc_net_28037          1        1      2         
optlc_net_28038          1        1      2         
optlc_net_28039          1        1      2         
optlc_net_28040          1        1      2         
optlc_net_28041          1        1      2         
optlc_net_28042          1        1      2         
optlc_net_28043          1        1      2         
optlc_net_28044          1        1      2         
optlc_net_28045          1        1      2         
optlc_net_28046          1        1      2         
optlc_net_28047          1        1      2         
optlc_net_28048          1        1      2         
optlc_net_28049          1        1      2         
optlc_net_28050          1        1      2         
optlc_net_28051          1        1      2         
optlc_net_28052          1        1      2         
optlc_net_28053          1        1      2         
optlc_net_28054          1        1      2         
optlc_net_28055          1        1      2         
optlc_net_28056          1        1      2         
optlc_net_28057          1        1      2         
optlc_net_28058          1        1      2         
optlc_net_28059          1        1      2         
optlc_net_28060          1        1      2         
optlc_net_28061          1        1      2         
optlc_net_28062          1        1      2         
optlc_net_28063          1        1      2         
optlc_net_28064          1        1      2         
optlc_net_28065          1        1      2         
optlc_net_28066          1        1      2         
optlc_net_28067          1        1      2         
optlc_net_28068          1        1      2         
optlc_net_28069          1        1      2         
optlc_net_28070          1        1      2         
optlc_net_28071          1        1      2         
optlc_net_28072          1        1      2         
optlc_net_28073          1        1      2         
optlc_net_28074          1        1      2         
optlc_net_28075          1        1      2         
optlc_net_28076          1        1      2         
optlc_net_28077          1        1      2         
optlc_net_28078          1        1      2         
optlc_net_28079          1        1      2         
optlc_net_28080          1        1      2         
optlc_net_28081          1        1      2         
optlc_net_28082          1        1      2         
optlc_net_28083          1        1      2         
optlc_net_28084          1        1      2         
optlc_net_28085          1        1      2         
optlc_net_28086          1        1      2         
optlc_net_28087          1        1      2         
optlc_net_28088          1        1      2         
optlc_net_28089          1        1      2         
optlc_net_28090          1        1      2         
optlc_net_28091          1        1      2         
optlc_net_28092          1        1      2         
optlc_net_28093          1        1      2         
optlc_net_28094          1        1      2         
optlc_net_28095          1        1      2         
optlc_net_28097          1        1      2         
optlc_net_28098          1        1      2         
optlc_net_28099          1        1      2         
optlc_net_28100          1        1      2         
optlc_net_28101          1        1      2         
optlc_net_28102          1        1      2         
optlc_net_28103          1        1      2         
optlc_net_28104          1        1      2         
optlc_net_28105          1        1      2         
optlc_net_28106          1        1      2         
optlc_net_28107          1        1      2         
optlc_net_28108          1        1      2         
optlc_net_28109          1        1      2         
optlc_net_28110          1        1      2         
optlc_net_28111          1        1      2         
optlc_net_28112          1        1      2         
optlc_net_28113          1        1      2         
optlc_net_28114          1        1      2         
optlc_net_28115          1        1      2         
optlc_net_28116          1        1      2         
optlc_net_28117          1        1      2         
optlc_net_28118          1        1      2         
optlc_net_28119          1        1      2         
optlc_net_28120          1        1      2         
optlc_net_28121          1        1      2         
optlc_net_28122          1        1      2         
optlc_net_28123          1        1      2         
optlc_net_28124          1        1      2         
optlc_net_28125          1        1      2         
optlc_net_28126          1        1      2         
optlc_net_28127          1        1      2         
optlc_net_28128          1        1      2         
optlc_net_28129          1        1      2         
optlc_net_28130          1        1      2         
optlc_net_28131          1        1      2         
optlc_net_28132          1        1      2         
optlc_net_28133          1        1      2         
optlc_net_28134          1        1      2         
optlc_net_28135          1        1      2         
optlc_net_28136          1        1      2         
optlc_net_28137          1        1      2         
optlc_net_28138          1        1      2         
optlc_net_28139          1        1      2         
optlc_net_28140          1        1      2         
optlc_net_28141          1        1      2         
optlc_net_28142          1        1      2         
optlc_net_28144          1        1      2         
optlc_net_28145          1        1      2         
optlc_net_28146          1        1      2         
optlc_net_28147          1        1      2         
optlc_net_28148          1        1      2         
optlc_net_28149          1        1      2         
optlc_net_28150          1        1      2         
optlc_net_28151          1        1      2         
optlc_net_28152          1        1      2         
optlc_net_28153          1        1      2         
optlc_net_28154          1        1      2         
optlc_net_28155          1        1      2         
optlc_net_28156          1        1      2         
optlc_net_28157          1        1      2         
optlc_net_28158          1        1      2         
optlc_net_28159          1        1      2         
optlc_net_28160          1        1      2         
optlc_net_28161          1        1      2         
optlc_net_28162          1        1      2         
optlc_net_28163          1        1      2         
optlc_net_28164          1        1      2         
optlc_net_28165          1        1      2         
optlc_net_28166          1        1      2         
optlc_net_28167          1        1      2         
optlc_net_28168          1        1      2         
optlc_net_28169          1        1      2         
optlc_net_28170          1        1      2         
optlc_net_28171          1        1      2         
optlc_net_28172          1        1      2         
optlc_net_28173          1        1      2         
optlc_net_28174          1        1      2         
optlc_net_28175          1        1      2         
optlc_net_28176          1        1      2         
optlc_net_28177          1        1      2         
optlc_net_28178          1        1      2         
optlc_net_28179          1        1      2         
optlc_net_28180          1        1      2         
optlc_net_28181          1        1      2         
optlc_net_28182          1        1      2         
optlc_net_28183          1        1      2         
optlc_net_28184          1        1      2         
optlc_net_28185          1        1      2         
optlc_net_28186          1        1      2         
optlc_net_28187          1        1      2         
optlc_net_28188          1        1      2         
optlc_net_28189          1        1      2         
optlc_net_28190          1        1      2         
optlc_net_28191          1        1      2         
optlc_net_28192          1        1      2         
optlc_net_28193          1        1      2         
optlc_net_28194          1        1      2         
optlc_net_28195          1        1      2         
optlc_net_28196          1        1      2         
optlc_net_28197          1        1      2         
optlc_net_28198          1        1      2         
optlc_net_28199          1        1      2         
optlc_net_28200          1        1      2         
optlc_net_28201          1        1      2         
optlc_net_28202          1        1      2         
optlc_net_28203          1        1      2         
optlc_net_28204          1        1      2         
optlc_net_28205          1        1      2         
optlc_net_28206          1        1      2         
optlc_net_28207          1        1      2         
optlc_net_28208          1        1      2         
optlc_net_28209          1        1      2         
optlc_net_28210          1        1      2         
optlc_net_28211          1        1      2         
optlc_net_28212          1        1      2         
optlc_net_28213          1        1      2         
optlc_net_28214          1        1      2         
optlc_net_28215          1        1      2         
optlc_net_28216          1        1      2         
optlc_net_28217          1        1      2         
optlc_net_28218          1        1      2         
optlc_net_28219          1        1      2         
optlc_net_28220          1        1      2         
optlc_net_28221          1        1      2         
optlc_net_28222          1        1      2         
optlc_net_28223          1        1      2         
optlc_net_28224          1        1      2         
optlc_net_28225          1        1      2         
optlc_net_28226          1        1      2         
optlc_net_28227          1        1      2         
optlc_net_28228          1        1      2         
optlc_net_28229          1        1      2         
optlc_net_28230          1        1      2         
optlc_net_28231          1        1      2         
optlc_net_28232          1        1      2         
optlc_net_28233          1        1      2         
optlc_net_28234          1        1      2         
optlc_net_28235          1        1      2         
optlc_net_28236          1        1      2         
optlc_net_28237          1        1      2         
optlc_net_28238          1        1      2         
optlc_net_28239          1        1      2         
optlc_net_28240          1        1      2         
optlc_net_28241          1        1      2         
optlc_net_28242          1        1      2         
optlc_net_28243          1        1      2         
optlc_net_28244          1        1      2         
optlc_net_28245          1        1      2         
optlc_net_28246          1        1      2         
optlc_net_28247          1        1      2         
optlc_net_28248          1        1      2         
optlc_net_28249          1        1      2         
optlc_net_28250          1        1      2         
optlc_net_28251          1        1      2         
optlc_net_28252          1        1      2         
optlc_net_28253          1        1      2         
optlc_net_28254          1        1      2         
optlc_net_28255          1        1      2         
optlc_net_28256          1        1      2         
optlc_net_28257          1        1      2         
optlc_net_28258          1        1      2         
optlc_net_28259          1        1      2         
optlc_net_28260          1        1      2         
optlc_net_28261          1        1      2         
optlc_net_28262          1        1      2         
optlc_net_28263          1        1      2         
optlc_net_28264          1        1      2         
optlc_net_28265          1        1      2         
optlc_net_28266          1        1      2         
optlc_net_28267          1        1      2         
optlc_net_28268          1        1      2         
optlc_net_28269          1        1      2         
optlc_net_28270          1        1      2         
optlc_net_28271          1        1      2         
optlc_net_28272          1        1      2         
optlc_net_28273          1        1      2         
optlc_net_28274          1        1      2         
optlc_net_28275          1        1      2         
optlc_net_28276          1        1      2         
optlc_net_28277          1        1      2         
optlc_net_28278          1        1      2         
optlc_net_28279          1        1      2         
optlc_net_28280          1        1      2         
optlc_net_28281          1        1      2         
optlc_net_28282          1        1      2         
optlc_net_28283          1        1      2         
optlc_net_28284          1        1      2         
optlc_net_28285          1        1      2         
optlc_net_28286          1        1      2         
optlc_net_28287          1        1      2         
optlc_net_28288          1        1      2         
optlc_net_28289          1        1      2         
optlc_net_28290          1        1      2         
optlc_net_28291          1        1      2         
optlc_net_28292          1        1      2         
optlc_net_28293          1        1      2         
optlc_net_28294          1        1      2         
optlc_net_28295          1        1      2         
optlc_net_28296          1        1      2         
optlc_net_28297          1        1      2         
optlc_net_28298          1        1      2         
optlc_net_28299          1        1      2         
optlc_net_28300          1        1      2         
optlc_net_28301          1        1      2         
optlc_net_28302          1        1      2         
optlc_net_28303          1        1      2         
optlc_net_28304          1        1      2         
optlc_net_28305          1        1      2         
optlc_net_28306          1        1      2         
optlc_net_28307          1        1      2         
optlc_net_28308          1        1      2         
optlc_net_28309          1        1      2         
optlc_net_28310          1        1      2         
optlc_net_28311          1        1      2         
optlc_net_28312          1        1      2         
optlc_net_28313          1        1      2         
optlc_net_28314          1        1      2         
optlc_net_28315          1        1      2         
optlc_net_28316          1        1      2         
optlc_net_28317          1        1      2         
optlc_net_28318          1        1      2         
optlc_net_28319          1        1      2         
optlc_net_28320          1        1      2         
optlc_net_28321          1        1      2         
optlc_net_28322          1        1      2         
optlc_net_28323          1        1      2         
optlc_net_28324          1        1      2         
optlc_net_28325          1        1      2         
optlc_net_28326          1        1      2         
optlc_net_28327          1        1      2         
optlc_net_28328          1        1      2         
optlc_net_28329          1        1      2         
optlc_net_28330          1        1      2         
optlc_net_28331          1        1      2         
optlc_net_28332          1        1      2         
optlc_net_28333          1        1      2         
optlc_net_28334          1        1      2         
optlc_net_28335          1        1      2         
optlc_net_28336          1        1      2         
optlc_net_28337          1        1      2         
optlc_net_28338          1        1      2         
optlc_net_28339          1        1      2         
optlc_net_28340          1        1      2         
optlc_net_28341          1        1      2         
optlc_net_28342          1        1      2         
optlc_net_28343          1        1      2         
optlc_net_28344          1        1      2         
optlc_net_28345          1        1      2         
optlc_net_28346          1        1      2         
optlc_net_28347          1        1      2         
optlc_net_28348          1        1      2         
optlc_net_28349          1        1      2         
optlc_net_28350          1        1      2         
optlc_net_28351          1        1      2         
optlc_net_28352          1        1      2         
optlc_net_28353          1        1      2         
optlc_net_28354          1        1      2         
optlc_net_28355          1        1      2         
optlc_net_28356          1        1      2         
optlc_net_28357          1        1      2         
optlc_net_28358          1        1      2         
optlc_net_28359          1        1      2         
optlc_net_28360          1        1      2         
optlc_net_28361          1        1      2         
optlc_net_28362          1        1      2         
optlc_net_28363          1        1      2         
optlc_net_28364          1        1      2         
optlc_net_28365          1        1      2         
optlc_net_28366          1        1      2         
optlc_net_28367          1        1      2         
optlc_net_28368          1        1      2         
optlc_net_28369          1        1      2         
optlc_net_28370          1        1      2         
optlc_net_28371          1        1      2         
optlc_net_28372          1        1      2         
optlc_net_28373          1        1      2         
optlc_net_28374          1        1      2         
optlc_net_28375          1        1      2         
optlc_net_28376          1        1      2         
optlc_net_28377          1        1      2         
optlc_net_28378          1        1      2         
optlc_net_28379          1        1      2         
optlc_net_28380          1        1      2         
optlc_net_28381          1        1      2         
optlc_net_28382          1        1      2         
optlc_net_28383          1        1      2         
optlc_net_28384          1        1      2         
optlc_net_28385          1        1      2         
optlc_net_28386          1        1      2         
optlc_net_28387          1        1      2         
optlc_net_28388          1        1      2         
optlc_net_28389          1        1      2         
optlc_net_28390          1        1      2         
optlc_net_28391          1        1      2         
optlc_net_28392          1        1      2         
optlc_net_28393          1        1      2         
optlc_net_28394          1        1      2         
optlc_net_28395          1        1      2         
optlc_net_28396          1        1      2         
optlc_net_28397          1        1      2         
optlc_net_28398          1        1      2         
optlc_net_28399          1        1      2         
optlc_net_28400          1        1      2         
optlc_net_28401          1        1      2         
optlc_net_28402          1        1      2         
optlc_net_28403          1        1      2         
optlc_net_28404          1        1      2         
optlc_net_28405          1        1      2         
optlc_net_28406          1        1      2         
optlc_net_28407          1        1      2         
optlc_net_28408          1        1      2         
optlc_net_28409          1        1      2         
optlc_net_28410          1        1      2         
optlc_net_28411          1        1      2         
optlc_net_28412          1        1      2         
optlc_net_28413          1        1      2         
optlc_net_28414          1        1      2         
optlc_net_28415          1        1      2         
optlc_net_28416          1        1      2         
optlc_net_28417          1        1      2         
optlc_net_28418          1        1      2         
optlc_net_28419          1        1      2         
optlc_net_28420          1        1      2         
optlc_net_28421          1        1      2         
optlc_net_28422          1        1      2         
optlc_net_28423          1        1      2         
optlc_net_28424          1        1      2         
optlc_net_28425          1        1      2         
optlc_net_28426          1        1      2         
optlc_net_28427          1        1      2         
optlc_net_28428          1        1      2         
optlc_net_28429          1        1      2         
optlc_net_28430          1        1      2         
optlc_net_28431          1        1      2         
optlc_net_28432          1        1      2         
optlc_net_28433          1        1      2         
optlc_net_28434          1        1      2         
optlc_net_28435          1        1      2         
optlc_net_28436          1        1      2         
optlc_net_28437          1        1      2         
optlc_net_28438          1        1      2         
optlc_net_28439          1        1      2         
optlc_net_28440          1        1      2         
optlc_net_28441          1        1      2         
optlc_net_28442          1        1      2         
optlc_net_28443          1        1      2         
optlc_net_28444          1        1      2         
optlc_net_28445          1        1      2         
optlc_net_28446          1        1      2         
optlc_net_28447          1        1      2         
optlc_net_28448          1        1      2         
optlc_net_28449          1        1      2         
optlc_net_28450          1        1      2         
optlc_net_28451          1        1      2         
optlc_net_28452          1        1      2         
optlc_net_28453          1        1      2         
optlc_net_28454          1        1      2         
optlc_net_28455          1        1      2         
optlc_net_28456          1        1      2         
optlc_net_28457          1        1      2         
optlc_net_28458          1        1      2         
optlc_net_28459          1        1      2         
optlc_net_28460          1        1      2         
optlc_net_28461          1        1      2         
optlc_net_28462          1        1      2         
optlc_net_28463          1        1      2         
optlc_net_28464          1        1      2         
optlc_net_28465          1        1      2         
optlc_net_28466          1        1      2         
optlc_net_28467          1        1      2         
optlc_net_28468          1        1      2         
optlc_net_28469          1        1      2         
optlc_net_28470          1        1      2         
optlc_net_28471          1        1      2         
optlc_net_28472          1        1      2         
optlc_net_28473          1        1      2         
optlc_net_28475          1        1      2         
optlc_net_28476          1        1      2         
optlc_net_28477          1        1      2         
optlc_net_28478          1        1      2         
optlc_net_28479          1        1      2         
optlc_net_28480          1        1      2         
optlc_net_28481          1        1      2         
optlc_net_28482          1        1      2         
optlc_net_28483          1        1      2         
optlc_net_28484          1        1      2         
optlc_net_28485          1        1      2         
optlc_net_28486          1        1      2         
optlc_net_28487          1        1      2         
optlc_net_28488          1        1      2         
optlc_net_28489          1        1      2         
optlc_net_28490          1        1      2         
optlc_net_28491          1        1      2         
optlc_net_28492          1        1      2         
optlc_net_28493          1        1      2         
optlc_net_28494          1        1      2         
optlc_net_28495          1        1      2         
optlc_net_28496          1        1      2         
optlc_net_28497          1        1      2         
optlc_net_28498          1        1      2         
optlc_net_28499          1        1      2         
optlc_net_28500          1        1      2         
optlc_net_28501          1        1      2         
optlc_net_28502          1        1      2         
optlc_net_28503          1        1      2         
optlc_net_28504          1        1      2         
optlc_net_28505          1        1      2         
optlc_net_28506          1        1      2         
optlc_net_28507          1        1      2         
optlc_net_28508          1        1      2         
optlc_net_28509          1        1      2         
optlc_net_28510          1        1      2         
optlc_net_28511          1        1      2         
optlc_net_28512          1        1      2         
optlc_net_28513          1        1      2         
optlc_net_28514          1        1      2         
optlc_net_28515          1        1      2         
optlc_net_28516          1        1      2         
optlc_net_28517          1        1      2         
optlc_net_28518          1        1      2         
optlc_net_28519          1        1      2         
optlc_net_28520          1        1      2         
optlc_net_28521          1        1      2         
optlc_net_28522          1        1      2         
optlc_net_28523          1        1      2         
optlc_net_28524          1        1      2         
optlc_net_28525          1        1      2         
optlc_net_28526          1        1      2         
optlc_net_28527          1        1      2         
optlc_net_28528          1        1      2         
optlc_net_28529          1        1      2         
optlc_net_28530          1        1      2         
optlc_net_28531          1        1      2         
optlc_net_28532          1        1      2         
optlc_net_28533          1        1      2         
optlc_net_28534          1        1      2         
optlc_net_28535          1        1      2         
optlc_net_28536          1        1      2         
optlc_net_28537          1        1      2         
optlc_net_28538          1        1      2         
optlc_net_28539          1        1      2         
optlc_net_28540          1        1      2         
optlc_net_28541          1        1      2         
optlc_net_28542          1        1      2         
optlc_net_28543          1        1      2         
optlc_net_28544          1        1      2         
optlc_net_28545          1        1      2         
optlc_net_28546          1        1      2         
optlc_net_28547          1        1      2         
optlc_net_28548          1        1      2         
optlc_net_28549          1        1      2         
optlc_net_28550          1        1      2         
optlc_net_28551          1        1      2         
optlc_net_28552          1        1      2         
optlc_net_28553          1        1      2         
optlc_net_28554          1        1      2         
optlc_net_28555          1        1      2         
optlc_net_28556          1        1      2         
optlc_net_28557          1        1      2         
optlc_net_28558          1        1      2         
optlc_net_28559          1        1      2         
optlc_net_28560          1        1      2         
optlc_net_28561          1        1      2         
optlc_net_28562          1        1      2         
optlc_net_28563          1        1      2         
optlc_net_28564          1        1      2         
optlc_net_28565          1        1      2         
optlc_net_28566          1        1      2         
optlc_net_28567          1        1      2         
optlc_net_28568          1        1      2         
optlc_net_28569          1        1      2         
optlc_net_28570          1        1      2         
optlc_net_28571          1        1      2         
optlc_net_28572          1        1      2         
optlc_net_28573          1        1      2         
optlc_net_28574          1        1      2         
optlc_net_28575          1        1      2         
optlc_net_28576          1        1      2         
optlc_net_28577          1        1      2         
optlc_net_28578          1        1      2         
optlc_net_28579          1        1      2         
optlc_net_28580          1        1      2         
optlc_net_28581          1        1      2         
optlc_net_28582          1        1      2         
optlc_net_28583          1        1      2         
optlc_net_28584          1        1      2         
optlc_net_28585          1        1      2         
optlc_net_28586          1        1      2         
optlc_net_28587          1        1      2         
optlc_net_28588          1        1      2         
optlc_net_28589          1        1      2         
optlc_net_28590          1        1      2         
optlc_net_28591          1        1      2         
optlc_net_28592          1        1      2         
optlc_net_28593          1        1      2         
optlc_net_28594          1        1      2         
optlc_net_28595          1        1      2         
optlc_net_28596          1        1      2         
optlc_net_28597          1        1      2         
optlc_net_28598          1        1      2         
optlc_net_28599          1        1      2         
optlc_net_28600          1        1      2         
optlc_net_28601          1        1      2         
optlc_net_28602          1        1      2         
optlc_net_28603          1        1      2         
optlc_net_28604          1        1      2         
optlc_net_28605          1        1      2         
optlc_net_28606          1        1      2         
optlc_net_28607          1        1      2         
optlc_net_28608          1        1      2         
optlc_net_28609          1        1      2         
optlc_net_28610          1        1      2         
optlc_net_28611          1        1      2         
optlc_net_28612          1        1      2         
optlc_net_28613          1        1      2         
optlc_net_28614          1        1      2         
optlc_net_28615          1        1      2         
optlc_net_28616          1        1      2         
optlc_net_28617          1        1      2         
optlc_net_28618          1        1      2         
optlc_net_28619          1        1      2         
optlc_net_28620          1        1      2         
optlc_net_28621          1        1      2         
optlc_net_28622          1        1      2         
optlc_net_28623          1        1      2         
optlc_net_28624          1        1      2         
optlc_net_28625          1        1      2         
optlc_net_28626          1        1      2         
optlc_net_28627          1        1      2         
optlc_net_28628          1        1      2         
optlc_net_28629          1        1      2         
optlc_net_28630          1        1      2         
optlc_net_28631          1        1      2         
optlc_net_28632          1        1      2         
optlc_net_28633          1        1      2         
optlc_net_28634          1        1      2         
optlc_net_28635          1        1      2         
optlc_net_28636          1        1      2         
optlc_net_28637          1        1      2         
optlc_net_28638          1        1      2         
optlc_net_28639          1        1      2         
optlc_net_28640          1        1      2         
optlc_net_28641          1        1      2         
optlc_net_28642          1        1      2         
optlc_net_28643          1        1      2         
optlc_net_28644          1        1      2         
optlc_net_28645          1        1      2         
optlc_net_28646          1        1      2         
optlc_net_28647          1        1      2         
optlc_net_28648          1        1      2         
optlc_net_28649          1        1      2         
optlc_net_28650          1        1      2         
optlc_net_28651          1        1      2         
optlc_net_28652          1        1      2         
optlc_net_28653          1        1      2         
optlc_net_28654          1        1      2         
optlc_net_28655          1        1      2         
optlc_net_28656          1        1      2         
optlc_net_28657          1        1      2         
optlc_net_28658          1        1      2         
optlc_net_28659          1        1      2         
optlc_net_28660          1        1      2         
optlc_net_28661          1        1      2         
optlc_net_28662          1        1      2         
optlc_net_28663          1        1      2         
optlc_net_28664          1        1      2         
optlc_net_28665          1        1      2         
optlc_net_28666          1        1      2         
optlc_net_28667          1        1      2         
optlc_net_28668          1        1      2         
optlc_net_28669          1        1      2         
optlc_net_28670          1        1      2         
optlc_net_28671          1        1      2         
optlc_net_28672          1        1      2         
optlc_net_28673          1        1      2         
optlc_net_28674          1        1      2         
optlc_net_28675          1        1      2         
optlc_net_28676          1        1      2         
optlc_net_28677          1        1      2         
optlc_net_28678          1        1      2         
optlc_net_28679          1        1      2         
optlc_net_28680          1        1      2         
optlc_net_28681          1        1      2         
optlc_net_28682          1        1      2         
optlc_net_28683          1        1      2         
optlc_net_28684          1        1      2         
optlc_net_28685          1        1      2         
optlc_net_28686          1        1      2         
optlc_net_28687          1        1      2         
optlc_net_28688          1        1      2         
optlc_net_28689          1        1      2         
optlc_net_28690          1        1      2         
optlc_net_28691          1        1      2         
optlc_net_28692          1        1      2         
optlc_net_28693          1        1      2         
optlc_net_28694          1        1      2         
optlc_net_28695          1        1      2         
optlc_net_28696          1        1      2         
optlc_net_28697          1        1      2         
optlc_net_28698          1        1      2         
optlc_net_28699          1        1      2         
optlc_net_28700          1        1      2         
optlc_net_28701          1        1      2         
optlc_net_28702          1        1      2         
optlc_net_28703          1        1      2         
optlc_net_28704          1        1      2         
optlc_net_28705          1        1      2         
optlc_net_28706          1        1      2         
optlc_net_28707          1        1      2         
optlc_net_28708          1        1      2         
optlc_net_28709          1        1      2         
optlc_net_28710          1        1      2         
optlc_net_28711          1        1      2         
optlc_net_28712          1        1      2         
optlc_net_28713          1        1      2         
optlc_net_28714          1        1      2         
optlc_net_28715          1        1      2         
optlc_net_28716          1        1      2         
optlc_net_28717          1        1      2         
optlc_net_28718          1        1      2         
optlc_net_28719          1        1      2         
optlc_net_28720          1        1      2         
optlc_net_28721          1        1      2         
optlc_net_28722          1        1      2         
optlc_net_28723          1        1      2         
optlc_net_28724          1        1      2         
optlc_net_28725          1        1      2         
optlc_net_28726          1        1      2         
optlc_net_28727          1        1      2         
optlc_net_28728          1        1      2         
optlc_net_28729          1        1      2         
optlc_net_28730          1        1      2         
optlc_net_28731          1        1      2         
optlc_net_28732          1        1      2         
optlc_net_28733          1        1      2         
optlc_net_28734          1        1      2         
optlc_net_28735          1        1      2         
optlc_net_28736          1        1      2         
optlc_net_28737          1        1      2         
optlc_net_28738          1        1      2         
optlc_net_28739          1        1      2         
optlc_net_28740          1        1      2         
optlc_net_28741          1        1      2         
optlc_net_28742          1        1      2         
optlc_net_28743          1        1      2         
optlc_net_28744          1        1      2         
optlc_net_28745          1        1      2         
optlc_net_28746          1        1      2         
optlc_net_28747          1        1      2         
optlc_net_28748          1        1      2         
optlc_net_28749          1        1      2         
optlc_net_28750          1        1      2         
optlc_net_28751          1        1      2         
optlc_net_28752          1        1      2         
optlc_net_28753          1        1      2         
optlc_net_28754          1        1      2         
optlc_net_28755          1        1      2         
optlc_net_28756          1        1      2         
optlc_net_28757          1        1      2         
optlc_net_28758          1        1      2         
optlc_net_28759          1        1      2         
optlc_net_28760          1        1      2         
optlc_net_28761          1        1      2         
optlc_net_28762          1        1      2         
optlc_net_28763          1        1      2         
optlc_net_28764          1        1      2         
optlc_net_28765          1        1      2         
optlc_net_28766          1        1      2         
optlc_net_28767          1        1      2         
optlc_net_28768          1        1      2         
optlc_net_28769          1        1      2         
optlc_net_28770          1        1      2         
optlc_net_28771          1        1      2         
optlc_net_28772          1        1      2         
optlc_net_28773          1        1      2         
optlc_net_28774          1        1      2         
optlc_net_28775          1        1      2         
optlc_net_28776          1        1      2         
optlc_net_28777          1        1      2         
optlc_net_28778          1        1      2         
optlc_net_28779          1        1      2         
optlc_net_28780          1        1      2         
optlc_net_28781          1        1      2         
optlc_net_28782          1        1      2         
optlc_net_28783          1        1      2         
optlc_net_28784          1        1      2         
optlc_net_28785          1        1      2         
optlc_net_28786          1        1      2         
optlc_net_28787          1        1      2         
optlc_net_28788          1        1      2         
optlc_net_28789          1        1      2         
optlc_net_28790          1        1      2         
optlc_net_28791          1        1      2         
optlc_net_28792          1        1      2         
optlc_net_28793          1        1      2         
optlc_net_28794          1        1      2         
optlc_net_28795          1        1      2         
optlc_net_28796          1        1      2         
optlc_net_28797          1        1      2         
optlc_net_28798          1        1      2         
optlc_net_28799          1        1      2         
optlc_net_28800          1        1      2         
optlc_net_28801          1        1      2         
optlc_net_28802          1        1      2         
optlc_net_28803          1        1      2         
optlc_net_28804          1        1      2         
optlc_net_28805          1        1      2         
optlc_net_28806          1        1      2         
optlc_net_28807          1        1      2         
optlc_net_28808          1        1      2         
optlc_net_28809          1        1      2         
optlc_net_28810          1        1      2         
optlc_net_28811          1        1      2         
optlc_net_28812          1        1      2         
optlc_net_28813          1        1      2         
optlc_net_28814          1        1      2         
optlc_net_28815          1        1      2         
optlc_net_28816          1        1      2         
optlc_net_28817          1        1      2         
optlc_net_28818          1        1      2         
optlc_net_28819          1        1      2         
optlc_net_28820          1        1      2         
optlc_net_28821          1        1      2         
optlc_net_28822          1        1      2         
optlc_net_28823          1        1      2         
optlc_net_28824          1        1      2         
optlc_net_28825          1        1      2         
optlc_net_28826          1        1      2         
optlc_net_28827          1        1      2         
optlc_net_28828          1        1      2         
optlc_net_28829          1        1      2         
optlc_net_28830          1        1      2         
optlc_net_28831          1        1      2         
optlc_net_28832          1        1      2         
optlc_net_28833          1        1      2         
optlc_net_28834          1        1      2         
optlc_net_28835          1        1      2         
optlc_net_28836          1        1      2         
optlc_net_28837          1        1      2         
optlc_net_28838          1        1      2         
optlc_net_28839          1        1      2         
optlc_net_28840          1        1      2         
optlc_net_28841          1        1      2         
optlc_net_28842          1        1      2         
optlc_net_28843          1        1      2         
optlc_net_28844          1        1      2         
optlc_net_28845          1        1      2         
optlc_net_28846          1        1      2         
optlc_net_28847          1        1      2         
optlc_net_28848          1        1      2         
optlc_net_28849          1        1      2         
optlc_net_28850          1        1      2         
optlc_net_28851          1        1      2         
optlc_net_28852          1        1      2         
optlc_net_28853          1        1      2         
optlc_net_28854          1        1      2         
optlc_net_28855          1        1      2         
optlc_net_28856          1        1      2         
optlc_net_28857          1        1      2         
optlc_net_28858          1        1      2         
optlc_net_28859          1        1      2         
optlc_net_28860          1        1      2         
optlc_net_28861          1        1      2         
optlc_net_28862          1        1      2         
optlc_net_28863          1        1      2         
optlc_net_28864          1        1      2         
optlc_net_28865          1        1      2         
optlc_net_28866          1        1      2         
optlc_net_28867          1        1      2         
optlc_net_28868          1        1      2         
optlc_net_28869          1        1      2         
optlc_net_28870          1        1      2         
optlc_net_28871          1        1      2         
optlc_net_28872          1        1      2         
optlc_net_28873          1        1      2         
optlc_net_28874          1        1      2         
optlc_net_28875          1        1      2         
optlc_net_28876          1        1      2         
optlc_net_28877          1        1      2         
optlc_net_28878          1        1      2         
optlc_net_28879          1        1      2         
optlc_net_28880          1        1      2         
optlc_net_28881          1        1      2         
optlc_net_28882          1        1      2         
optlc_net_28883          1        1      2         
optlc_net_28884          1        1      2         
optlc_net_28885          1        1      2         
optlc_net_28886          1        1      2         
optlc_net_28887          1        1      2         
optlc_net_28888          1        1      2         
optlc_net_28889          1        1      2         
optlc_net_28890          1        1      2         
optlc_net_28891          1        1      2         
optlc_net_28892          1        1      2         
optlc_net_28893          1        1      2         
optlc_net_28894          1        1      2         
optlc_net_28895          1        1      2         
optlc_net_28896          1        1      2         
optlc_net_28897          1        1      2         
optlc_net_28898          1        1      2         
optlc_net_28899          1        1      2         
optlc_net_28900          1        1      2         
optlc_net_28901          1        1      2         
optlc_net_28902          1        1      2         
optlc_net_28903          1        1      2         
optlc_net_28904          1        1      2         
optlc_net_28905          1        1      2         
optlc_net_28906          1        1      2         
optlc_net_28907          1        1      2         
optlc_net_28908          1        1      2         
optlc_net_28909          1        1      2         
optlc_net_28910          1        1      2         
optlc_net_28911          1        1      2         
optlc_net_28912          1        1      2         
optlc_net_28913          1        1      2         
optlc_net_28915          1        1      2         
optlc_net_28916          1        1      2         
optlc_net_28917          1        1      2         
optlc_net_28918          1        1      2         
optlc_net_28919          1        1      2         
optlc_net_28920          1        1      2         
optlc_net_28921          1        1      2         
optlc_net_28922          1        1      2         
optlc_net_28923          1        1      2         
optlc_net_28924          1        1      2         
optlc_net_28925          1        1      2         
optlc_net_28926          1        1      2         
optlc_net_28927          1        1      2         
optlc_net_28928          1        1      2         
optlc_net_28929          1        1      2         
optlc_net_28930          1        1      2         
optlc_net_28931          1        1      2         
optlc_net_28932          1        1      2         
optlc_net_28933          1        1      2         
optlc_net_28934          1        1      2         
optlc_net_28935          1        1      2         
optlc_net_28936          1        1      2         
optlc_net_28937          1        1      2         
optlc_net_28938          1        1      2         
optlc_net_28939          1        1      2         
optlc_net_28940          1        1      2         
optlc_net_28941          1        1      2         
optlc_net_28942          1        1      2         
optlc_net_28943          1        1      2         
optlc_net_28944          1        1      2         
optlc_net_28945          1        1      2         
optlc_net_28946          1        1      2         
optlc_net_28947          1        1      2         
optlc_net_28948          1        1      2         
optlc_net_28949          1        1      2         
optlc_net_28950          1        1      2         
optlc_net_28951          1        1      2         
optlc_net_28952          1        1      2         
optlc_net_28953          1        1      2         
optlc_net_28954          1        1      2         
optlc_net_28955          1        1      2         
optlc_net_28956          1        1      2         
optlc_net_28957          1        1      2         
optlc_net_28958          1        1      2         
optlc_net_28959          1        1      2         
optlc_net_28960          1        1      2         
optlc_net_28961          1        1      2         
optlc_net_28962          1        1      2         
optlc_net_28963          1        1      2         
optlc_net_28964          1        1      2         
optlc_net_28965          1        1      2         
optlc_net_28966          1        1      2         
optlc_net_28967          1        1      2         
optlc_net_28968          1        1      2         
optlc_net_28969          1        1      2         
optlc_net_28970          1        1      2         
optlc_net_28971          1        1      2         
optlc_net_28972          1        1      2         
optlc_net_28973          1        1      2         
optlc_net_28974          1        1      2         
optlc_net_28975          1        1      2         
optlc_net_28976          1        1      2         
optlc_net_28977          1        1      2         
optlc_net_28978          1        1      2         
optlc_net_28979          1        1      2         
optlc_net_28980          1        1      2         
optlc_net_28981          1        1      2         
optlc_net_28982          1        1      2         
optlc_net_28983          1        1      2         
optlc_net_28984          1        1      2         
optlc_net_28985          1        1      2         
optlc_net_28986          1        1      2         
optlc_net_28987          1        1      2         
optlc_net_28988          1        1      2         
optlc_net_28989          1        1      2         
optlc_net_28990          1        1      2         
optlc_net_28991          1        1      2         
optlc_net_28992          1        1      2         
optlc_net_28993          1        1      2         
optlc_net_28994          1        1      2         
optlc_net_28995          1        1      2         
optlc_net_28996          1        1      2         
optlc_net_28997          1        1      2         
optlc_net_28998          1        1      2         
optlc_net_28999          1        1      2         
optlc_net_29000          1        1      2         
optlc_net_29001          1        1      2         
optlc_net_29002          1        1      2         
optlc_net_29003          1        1      2         
optlc_net_29004          1        1      2         
optlc_net_29005          1        1      2         
optlc_net_29006          1        1      2         
optlc_net_29007          1        1      2         
optlc_net_29008          1        1      2         
optlc_net_29009          1        1      2         
optlc_net_29010          1        1      2         
optlc_net_29011          1        1      2         
optlc_net_29012          1        1      2         
optlc_net_29013          1        1      2         
optlc_net_29014          1        1      2         
optlc_net_29015          1        1      2         
optlc_net_29016          1        1      2         
optlc_net_29017          1        1      2         
optlc_net_29018          1        1      2         
optlc_net_29019          1        1      2         
optlc_net_29020          1        1      2         
optlc_net_29021          1        1      2         
optlc_net_29022          1        1      2         
optlc_net_29023          1        1      2         
optlc_net_29024          1        1      2         
optlc_net_29025          1        1      2         
optlc_net_29026          1        1      2         
optlc_net_29027          1        1      2         
optlc_net_29028          1        1      2         
optlc_net_29029          1        1      2         
optlc_net_29030          1        1      2         
optlc_net_29031          1        1      2         
optlc_net_29032          1        1      2         
optlc_net_29033          1        1      2         
optlc_net_29034          1        1      2         
optlc_net_29035          1        1      2         
optlc_net_29036          1        1      2         
optlc_net_29037          1        1      2         
optlc_net_29038          1        1      2         
optlc_net_29039          1        1      2         
optlc_net_29040          1        1      2         
optlc_net_29041          1        1      2         
optlc_net_29042          1        1      2         
optlc_net_29043          1        1      2         
optlc_net_29044          1        1      2         
optlc_net_29045          1        1      2         
optlc_net_29046          1        1      2         
optlc_net_29047          1        1      2         
optlc_net_29048          1        1      2         
optlc_net_29049          1        1      2         
optlc_net_29050          1        1      2         
optlc_net_29051          1        1      2         
optlc_net_29052          1        1      2         
optlc_net_29053          1        1      2         
optlc_net_29054          1        1      2         
optlc_net_29055          1        1      2         
optlc_net_29056          1        1      2         
optlc_net_29057          1        1      2         
optlc_net_29058          1        1      2         
optlc_net_29059          1        1      2         
optlc_net_29060          1        1      2         
optlc_net_29061          1        1      2         
optlc_net_29062          1        1      2         
optlc_net_29063          1        1      2         
optlc_net_29064          1        1      2         
optlc_net_29065          1        1      2         
optlc_net_29066          1        1      2         
optlc_net_29067          1        1      2         
optlc_net_29068          1        1      2         
optlc_net_29069          1        1      2         
optlc_net_29070          1        1      2         
optlc_net_29071          1        1      2         
optlc_net_29072          1        1      2         
optlc_net_29073          1        1      2         
optlc_net_29074          1        1      2         
optlc_net_29075          1        1      2         
optlc_net_29076          1        1      2         
optlc_net_29077          1        1      2         
optlc_net_29078          1        1      2         
optlc_net_29079          1        1      2         
optlc_net_29080          1        1      2         
optlc_net_29081          1        1      2         
optlc_net_29082          1        1      2         
optlc_net_29083          1        1      2         
optlc_net_29084          1        1      2         
optlc_net_29085          1        1      2         
optlc_net_29086          1        1      2         
optlc_net_29087          1        1      2         
optlc_net_29088          1        1      2         
optlc_net_29089          1        1      2         
optlc_net_29090          1        1      2         
optlc_net_29091          1        1      2         
optlc_net_29092          1        1      2         
optlc_net_29093          1        1      2         
optlc_net_29094          1        1      2         
optlc_net_29095          1        1      2         
optlc_net_29096          1        1      2         
optlc_net_29097          1        1      2         
optlc_net_29098          1        1      2         
optlc_net_29099          1        1      2         
optlc_net_29100          1        1      2         
optlc_net_29101          1        1      2         
optlc_net_29102          1        1      2         
optlc_net_29103          1        1      2         
optlc_net_29104          1        1      2         
optlc_net_29105          1        1      2         
optlc_net_29106          1        1      2         
optlc_net_29107          1        1      2         
optlc_net_29108          1        1      2         
optlc_net_29109          1        1      2         
optlc_net_29110          1        1      2         
optlc_net_29111          1        1      2         
optlc_net_29112          1        1      2         
optlc_net_29113          1        1      2         
optlc_net_29114          1        1      2         
optlc_net_29115          1        1      2         
optlc_net_29116          1        1      2         
optlc_net_29117          1        1      2         
optlc_net_29118          1        1      2         
optlc_net_29119          1        1      2         
optlc_net_29120          1        1      2         
optlc_net_29121          1        1      2         
optlc_net_29122          1        1      2         
optlc_net_29123          1        1      2         
optlc_net_29124          1        1      2         
optlc_net_29125          1        1      2         
optlc_net_29126          1        1      2         
optlc_net_29127          1        1      2         
optlc_net_29128          1        1      2         
optlc_net_29129          1        1      2         
optlc_net_29130          1        1      2         
optlc_net_29131          1        1      2         
optlc_net_29132          1        1      2         
optlc_net_29133          1        1      2         
optlc_net_29134          1        1      2         
optlc_net_29135          1        1      2         
optlc_net_29136          1        1      2         
optlc_net_29137          1        1      2         
optlc_net_29138          1        1      2         
optlc_net_29139          1        1      2         
optlc_net_29140          1        1      2         
optlc_net_29141          1        1      2         
optlc_net_29142          1        1      2         
optlc_net_29143          1        1      2         
optlc_net_29144          1        1      2         
optlc_net_29145          1        1      2         
optlc_net_29146          1        1      2         
optlc_net_29147          1        1      2         
optlc_net_29148          1        1      2         
optlc_net_29149          1        1      2         
optlc_net_29150          1        1      2         
optlc_net_29151          1        1      2         
optlc_net_29152          1        1      2         
optlc_net_29153          1        1      2         
optlc_net_29154          1        1      2         
optlc_net_29155          1        1      2         
optlc_net_29156          1        1      2         
optlc_net_29157          1        1      2         
optlc_net_29158          1        1      2         
optlc_net_29159          1        1      2         
optlc_net_29160          1        1      2         
optlc_net_29161          1        1      2         
optlc_net_29162          1        1      2         
optlc_net_29163          1        1      2         
optlc_net_29164          1        1      2         
optlc_net_29165          1        1      2         
optlc_net_29166          1        1      2         
optlc_net_29167          1        1      2         
optlc_net_29168          1        1      2         
optlc_net_29169          1        1      2         
optlc_net_29170          1        1      2         
optlc_net_29171          1        1      2         
optlc_net_29172          1        1      2         
optlc_net_29173          1        1      2         
optlc_net_29174          1        1      2         
optlc_net_29175          1        1      2         
optlc_net_29176          1        1      2         
optlc_net_29177          1        1      2         
optlc_net_29178          1        1      2         
optlc_net_29179          1        1      2         
optlc_net_29180          1        1      2         
optlc_net_29181          1        1      2         
optlc_net_29182          1        1      2         
optlc_net_29183          1        1      2         
optlc_net_29184          1        1      2         
optlc_net_29185          1        1      2         
optlc_net_29186          1        1      2         
optlc_net_29187          1        1      2         
optlc_net_29188          1        1      2         
optlc_net_29189          1        1      2         
optlc_net_29190          1        1      2         
optlc_net_29191          1        1      2         
optlc_net_29192          1        1      2         
optlc_net_29193          1        1      2         
optlc_net_29194          1        1      2         
optlc_net_29195          1        1      2         
optlc_net_29196          1        1      2         
optlc_net_29197          1        1      2         
optlc_net_29198          1        1      2         
optlc_net_29199          1        1      2         
optlc_net_29200          1        1      2         
optlc_net_29201          1        1      2         
optlc_net_29202          1        1      2         
optlc_net_29203          1        1      2         
optlc_net_29204          1        1      2         
optlc_net_29205          1        1      2         
optlc_net_29206          1        1      2         
optlc_net_29207          1        1      2         
optlc_net_29208          1        1      2         
optlc_net_29209          1        1      2         
optlc_net_29210          1        1      2         
optlc_net_29211          1        1      2         
optlc_net_29212          1        1      2         
optlc_net_29213          1        1      2         
optlc_net_29214          1        1      2         
optlc_net_29215          1        1      2         
optlc_net_29216          1        1      2         
optlc_net_29217          1        1      2         
optlc_net_29218          1        1      2         
optlc_net_29219          1        1      2         
optlc_net_29220          1        1      2         
optlc_net_29221          1        1      2         
optlc_net_29222          1        1      2         
optlc_net_29223          1        1      2         
optlc_net_29224          1        1      2         
optlc_net_29225          1        1      2         
optlc_net_29226          1        1      2         
optlc_net_29227          1        1      2         
optlc_net_29228          1        1      2         
optlc_net_29229          1        1      2         
optlc_net_29230          1        1      2         
optlc_net_29231          1        1      2         
optlc_net_29232          1        1      2         
optlc_net_29233          1        1      2         
optlc_net_29234          1        1      2         
optlc_net_29235          1        1      2         
optlc_net_29236          1        1      2         
optlc_net_29237          1        1      2         
optlc_net_29238          1        1      2         
optlc_net_29239          1        1      2         
optlc_net_29240          1        1      2         
optlc_net_29241          1        1      2         
optlc_net_29242          1        1      2         
optlc_net_29243          1        1      2         
optlc_net_29244          1        1      2         
optlc_net_29245          1        1      2         
optlc_net_29246          1        1      2         
optlc_net_29247          1        1      2         
optlc_net_29248          1        1      2         
optlc_net_29249          1        1      2         
optlc_net_29250          1        1      2         
optlc_net_29251          1        1      2         
optlc_net_29252          1        1      2         
optlc_net_29253          1        1      2         
optlc_net_29254          1        1      2         
optlc_net_29255          1        1      2         
optlc_net_29256          1        1      2         
optlc_net_29257          1        1      2         
optlc_net_29258          1        1      2         
optlc_net_29259          1        1      2         
optlc_net_29260          1        1      2         
optlc_net_29261          1        1      2         
optlc_net_29262          1        1      2         
optlc_net_29263          1        1      2         
optlc_net_29264          1        1      2         
optlc_net_29265          1        1      2         
optlc_net_29266          1        1      2         
optlc_net_29267          1        1      2         
optlc_net_29268          1        1      2         
optlc_net_29269          1        1      2         
optlc_net_29270          1        1      2         
optlc_net_29271          1        1      2         
optlc_net_29272          1        1      2         
optlc_net_29273          1        1      2         
optlc_net_29274          1        1      2         
optlc_net_29275          1        1      2         
optlc_net_29276          1        1      2         
optlc_net_29277          1        1      2         
optlc_net_29278          1        1      2         
optlc_net_29279          1        1      2         
optlc_net_29280          1        1      2         
optlc_net_29281          1        1      2         
optlc_net_29282          1        1      2         
optlc_net_29283          1        1      2         
optlc_net_29284          1        1      2         
optlc_net_29285          1        1      2         
optlc_net_29286          1        1      2         
optlc_net_29287          1        1      2         
optlc_net_29288          1        1      2         
optlc_net_29289          1        1      2         
optlc_net_29290          1        1      2         
optlc_net_29291          1        1      2         
optlc_net_29292          1        1      2         
optlc_net_29293          1        1      2         
optlc_net_29294          1        1      2         
optlc_net_29295          1        1      2         
optlc_net_29296          1        1      2         
optlc_net_29297          1        1      2         
optlc_net_29298          1        1      2         
optlc_net_29299          1        1      2         
optlc_net_29300          1        1      2         
optlc_net_29301          1        1      2         
optlc_net_29302          1        1      2         
optlc_net_29303          1        1      2         
optlc_net_29304          1        1      2         
optlc_net_29305          1        1      2         
optlc_net_29306          1        1      2         
optlc_net_29307          1        1      2         
optlc_net_29308          1        1      2         
optlc_net_29309          1        1      2         
optlc_net_29310          1        1      2         
optlc_net_29311          1        1      2         
optlc_net_29312          1        1      2         
optlc_net_29313          1        1      2         
optlc_net_29314          1        1      2         
optlc_net_29315          1        1      2         
optlc_net_29316          1        1      2         
optlc_net_29317          1        1      2         
optlc_net_29318          1        1      2         
optlc_net_29319          1        1      2         
optlc_net_29320          1        1      2         
optlc_net_29321          1        1      2         
optlc_net_29322          1        1      2         
optlc_net_29323          1        1      2         
optlc_net_29324          1        1      2         
optlc_net_29325          1        1      2         
optlc_net_29326          1        1      2         
optlc_net_29327          1        1      2         
optlc_net_29328          1        1      2         
optlc_net_29329          1        1      2         
optlc_net_29330          1        1      2         
optlc_net_29331          1        1      2         
optlc_net_29332          1        1      2         
optlc_net_29333          1        1      2         
optlc_net_29334          1        1      2         
optlc_net_29335          1        1      2         
optlc_net_29336          1        1      2         
optlc_net_29337          1        1      2         
optlc_net_29338          1        1      2         
optlc_net_29339          1        1      2         
optlc_net_29340          1        1      2         
optlc_net_29341          1        1      2         
optlc_net_29342          1        1      2         
optlc_net_29343          1        1      2         
optlc_net_29344          1        1      2         
optlc_net_29345          1        1      2         
optlc_net_29346          1        1      2         
optlc_net_29347          1        1      2         
optlc_net_29348          1        1      2         
optlc_net_29349          1        1      2         
optlc_net_29350          1        1      2         
optlc_net_29351          1        1      2         
optlc_net_29352          1        1      2         
optlc_net_29353          1        1      2         
optlc_net_29354          1        1      2         
optlc_net_29355          1        1      2         
optlc_net_29356          1        1      2         
optlc_net_29357          1        1      2         
optlc_net_29358          1        1      2         
optlc_net_29359          1        1      2         
optlc_net_29360          1        1      2         
optlc_net_29361          1        1      2         
optlc_net_29362          1        1      2         
optlc_net_29363          1        1      2         
optlc_net_29364          1        1      2         
optlc_net_29365          1        1      2         
optlc_net_29366          1        1      2         
optlc_net_29367          1        1      2         
optlc_net_29368          1        1      2         
optlc_net_29369          1        1      2         
optlc_net_29370          1        1      2         
optlc_net_29371          1        1      2         
optlc_net_29372          1        1      2         
optlc_net_29373          1        1      2         
optlc_net_29374          1        1      2         
optlc_net_29375          1        1      2         
optlc_net_29376          1        1      2         
optlc_net_29377          1        1      2         
optlc_net_29378          1        1      2         
optlc_net_29379          1        1      2         
optlc_net_29380          1        1      2         
optlc_net_29381          1        1      2         
optlc_net_29382          1        1      2         
optlc_net_29383          1        1      2         
optlc_net_29384          1        1      2         
optlc_net_29385          1        1      2         
optlc_net_29386          1        1      2         
optlc_net_29387          1        1      2         
optlc_net_29388          1        1      2         
optlc_net_29389          1        1      2         
optlc_net_29390          1        1      2         
optlc_net_29391          1        1      2         
optlc_net_29392          1        1      2         
optlc_net_29393          1        1      2         
optlc_net_29394          1        1      2         
optlc_net_29395          1        1      2         
optlc_net_29396          1        1      2         
optlc_net_29397          1        1      2         
optlc_net_29398          1        1      2         
optlc_net_29399          1        1      2         
optlc_net_29400          1        1      2         
optlc_net_29401          1        1      2         
optlc_net_29402          1        1      2         
optlc_net_29403          1        1      2         
optlc_net_29404          1        1      2         
optlc_net_29405          1        1      2         
optlc_net_29406          1        1      2         
optlc_net_29407          1        1      2         
optlc_net_29408          1        1      2         
optlc_net_29409          1        1      2         
optlc_net_29410          1        1      2         
optlc_net_29411          1        1      2         
optlc_net_29412          1        1      2         
optlc_net_29413          1        1      2         
optlc_net_29414          1        1      2         
optlc_net_29415          1        1      2         
optlc_net_29416          1        1      2         
optlc_net_29417          1        1      2         
optlc_net_29418          1        1      2         
optlc_net_29419          1        1      2         
optlc_net_29420          1        1      2         
optlc_net_29421          1        1      2         
optlc_net_29422          1        1      2         
optlc_net_29424          1        1      2         
optlc_net_29425          1        1      2         
optlc_net_29426          1        1      2         
optlc_net_29427          1        1      2         
optlc_net_29428          1        1      2         
optlc_net_29429          1        1      2         
optlc_net_29430          1        1      2         
optlc_net_29431          1        1      2         
optlc_net_29432          1        1      2         
optlc_net_29433          1        1      2         
optlc_net_29434          1        1      2         
optlc_net_29435          1        1      2         
optlc_net_29436          1        1      2         
optlc_net_29437          1        1      2         
optlc_net_29438          1        1      2         
optlc_net_29439          1        1      2         
optlc_net_29440          1        1      2         
optlc_net_29441          1        1      2         
optlc_net_29442          1        1      2         
optlc_net_29443          1        1      2         
optlc_net_29444          1        1      2         
optlc_net_29445          1        1      2         
optlc_net_29446          1        1      2         
optlc_net_29447          1        1      2         
optlc_net_29448          1        1      2         
optlc_net_29449          1        1      2         
optlc_net_29450          1        1      2         
optlc_net_29451          1        1      2         
optlc_net_29452          1        1      2         
optlc_net_29453          1        1      2         
optlc_net_29454          1        1      2         
optlc_net_29455          1        1      2         
optlc_net_29456          1        1      2         
optlc_net_29457          1        1      2         
optlc_net_29458          1        1      2         
optlc_net_29459          1        1      2         
optlc_net_29460          1        1      2         
optlc_net_29461          1        1      2         
optlc_net_29462          1        1      2         
optlc_net_29463          1        1      2         
optlc_net_29464          1        1      2         
optlc_net_29465          1        1      2         
optlc_net_29466          1        1      2         
optlc_net_29467          1        1      2         
optlc_net_29468          1        1      2         
optlc_net_29469          1        1      2         
optlc_net_29470          1        1      2         
optlc_net_29471          1        1      2         
optlc_net_29472          1        1      2         
optlc_net_29473          1        1      2         
optlc_net_29474          1        1      2         
optlc_net_29475          1        1      2         
optlc_net_29476          1        1      2         
optlc_net_29478          1        1      2         
optlc_net_29479          1        1      2         
optlc_net_29480          1        1      2         
optlc_net_29481          1        1      2         
optlc_net_29482          1        1      2         
optlc_net_29483          1        1      2         
optlc_net_29485          1        1      2         
optlc_net_29486          1        1      2         
optlc_net_29487          1        1      2         
optlc_net_29488          1        1      2         
optlc_net_29489          1        1      2         
optlc_net_29490          1        1      2         
optlc_net_29491          1        1      2         
optlc_net_29492          1        1      2         
optlc_net_29493          1        1      2         
optlc_net_29494          1        1      2         
optlc_net_29495          1        1      2         
optlc_net_29496          1        1      2         
optlc_net_29497          1        1      2         
optlc_net_29498          1        1      2         
optlc_net_29499          1        1      2         
optlc_net_29500          1        1      2         
optlc_net_29501          1        1      2         
optlc_net_29502          1        1      2         
optlc_net_29503          1        1      2         
optlc_net_29504          1        1      2         
optlc_net_29505          1        1      2         
optlc_net_29506          1        1      2         
optlc_net_29507          1        1      2         
optlc_net_29508          1        1      2         
optlc_net_29509          1        1      2         
optlc_net_29510          1        1      2         
optlc_net_29511          1        1      2         
optlc_net_29512          1        1      2         
optlc_net_29513          1        1      2         
optlc_net_29514          1        1      2         
optlc_net_29515          1        1      2         
optlc_net_29516          1        1      2         
optlc_net_29517          1        1      2         
optlc_net_29518          1        1      2         
optlc_net_29519          1        1      2         
optlc_net_29520          1        1      2         
optlc_net_29521          1        1      2         
optlc_net_29522          1        1      2         
optlc_net_29523          1        1      2         
optlc_net_29524          1        1      2         
optlc_net_29525          1        1      2         
optlc_net_29526          1        1      2         
optlc_net_29527          1        1      2         
optlc_net_29528          1        1      2         
optlc_net_29529          1        1      2         
optlc_net_29530          1        1      2         
optlc_net_29531          1        1      2         
optlc_net_29532          1        1      2         
optlc_net_29533          1        1      2         
optlc_net_29534          1        1      2         
optlc_net_29535          1        1      2         
optlc_net_29536          1        1      2         
optlc_net_29537          1        1      2         
optlc_net_29538          1        1      2         
optlc_net_29539          1        1      2         
optlc_net_29540          1        1      2         
optlc_net_29541          1        1      2         
optlc_net_29542          1        1      2         
optlc_net_29543          1        1      2         
optlc_net_29544          1        1      2         
optlc_net_29545          1        1      2         
optlc_net_29546          1        1      2         
optlc_net_29547          1        1      2         
optlc_net_29548          1        1      2         
optlc_net_29549          1        1      2         
optlc_net_29550          1        1      2         
optlc_net_29551          1        1      2         
optlc_net_29552          1        1      2         
optlc_net_29553          1        1      2         
optlc_net_29554          1        1      2         
optlc_net_29555          1        1      2         
optlc_net_29556          1        1      2         
optlc_net_29557          1        1      2         
optlc_net_29558          1        1      2         
optlc_net_29559          1        1      2         
optlc_net_29560          1        1      2         
optlc_net_29561          1        1      2         
optlc_net_29562          1        1      2         
optlc_net_29563          1        1      2         
optlc_net_29564          1        1      2         
optlc_net_29565          1        1      2         
optlc_net_29566          1        1      2         
optlc_net_29567          1        1      2         
optlc_net_29568          1        1      2         
optlc_net_29569          1        1      2         
optlc_net_29570          1        1      2         
optlc_net_29571          1        1      2         
optlc_net_29572          1        1      2         
optlc_net_29573          1        1      2         
optlc_net_29574          1        1      2         
optlc_net_29575          1        1      2         
optlc_net_29576          1        1      2         
optlc_net_29577          1        1      2         
optlc_net_29578          1        1      2         
optlc_net_29579          1        1      2         
optlc_net_29580          1        1      2         
optlc_net_29581          1        1      2         
optlc_net_29582          1        1      2         
optlc_net_29583          1        1      2         
optlc_net_29584          1        1      2         
optlc_net_29585          1        1      2         
optlc_net_29586          1        1      2         
optlc_net_29587          1        1      2         
optlc_net_29588          1        1      2         
optlc_net_29589          1        1      2         
optlc_net_29590          1        1      2         
optlc_net_29591          1        1      2         
optlc_net_29592          1        1      2         
optlc_net_29593          1        1      2         
optlc_net_29594          1        1      2         
optlc_net_29595          1        1      2         
optlc_net_29596          1        1      2         
optlc_net_29597          1        1      2         
optlc_net_29598          1        1      2         
optlc_net_29599          1        1      2         
optlc_net_29600          1        1      2         
optlc_net_29601          1        1      2         
optlc_net_29602          1        1      2         
optlc_net_29603          1        1      2         
optlc_net_29604          1        1      2         
optlc_net_29605          1        1      2         
optlc_net_29606          1        1      2         
optlc_net_29607          1        1      2         
optlc_net_29608          1        1      2         
optlc_net_29609          1        1      2         
optlc_net_29610          1        1      2         
optlc_net_29611          1        1      2         
optlc_net_29612          1        1      2         
optlc_net_29613          1        1      2         
optlc_net_29614          1        1      2         
optlc_net_29615          1        1      2         
optlc_net_29616          1        1      2         
optlc_net_29617          1        1      2         
optlc_net_29618          1        1      2         
optlc_net_29619          1        1      2         
optlc_net_29620          1        1      2         
optlc_net_29621          1        1      2         
optlc_net_29622          1        1      2         
optlc_net_29623          1        1      2         
optlc_net_29624          1        1      2         
optlc_net_29625          1        1      2         
optlc_net_29626          1        1      2         
optlc_net_29627          1        1      2         
optlc_net_29628          1        1      2         
optlc_net_29629          1        1      2         
optlc_net_29630          1        1      2         
optlc_net_29631          1        1      2         
optlc_net_29632          1        1      2         
optlc_net_29633          1        1      2         
optlc_net_29634          1        1      2         
optlc_net_29635          1        1      2         
optlc_net_29636          1        1      2         
optlc_net_29637          1        1      2         
optlc_net_29638          1        1      2         
optlc_net_29639          1        1      2         
optlc_net_29640          1        1      2         
optlc_net_29641          1        1      2         
optlc_net_29642          1        1      2         
optlc_net_29643          1        1      2         
optlc_net_29644          1        1      2         
optlc_net_29645          1        1      2         
optlc_net_29646          1        1      2         
optlc_net_29647          1        1      2         
optlc_net_29648          1        1      2         
optlc_net_29649          1        1      2         
optlc_net_29650          1        1      2         
optlc_net_29651          1        1      2         
optlc_net_29652          1        1      2         
optlc_net_29653          1        1      2         
optlc_net_29654          1        1      2         
optlc_net_29655          1        1      2         
optlc_net_29656          1        1      2         
optlc_net_29657          1        1      2         
optlc_net_29658          1        1      2         
optlc_net_29659          1        1      2         
optlc_net_29660          1        1      2         
optlc_net_29661          1        1      2         
optlc_net_29662          1        1      2         
optlc_net_29663          1        1      2         
optlc_net_29664          1        1      2         
optlc_net_29665          1        1      2         
optlc_net_29666          1        1      2         
optlc_net_29667          1        1      2         
optlc_net_29668          1        1      2         
optlc_net_29669          1        1      2         
optlc_net_29670          1        1      2         
optlc_net_29671          1        1      2         
optlc_net_29672          1        1      2         
optlc_net_29673          1        1      2         
optlc_net_29674          1        1      2         
optlc_net_29675          1        1      2         
optlc_net_29676          1        1      2         
optlc_net_29677          1        1      2         
optlc_net_29678          1        1      2         
optlc_net_29679          1        1      2         
optlc_net_29680          1        1      2         
optlc_net_29681          1        1      2         
optlc_net_29682          1        1      2         
optlc_net_29683          1        1      2         
optlc_net_29684          1        1      2         
optlc_net_29685          1        1      2         
optlc_net_29686          1        1      2         
optlc_net_29687          1        1      2         
optlc_net_29688          1        1      2         
optlc_net_29689          1        1      2         
optlc_net_29690          1        1      2         
optlc_net_29691          1        1      2         
optlc_net_29692          1        1      2         
optlc_net_29693          1        1      2         
optlc_net_29694          1        1      2         
optlc_net_29695          1        1      2         
optlc_net_29696          1        1      2         
optlc_net_29697          1        1      2         
optlc_net_29698          1        1      2         
optlc_net_29699          1        1      2         
optlc_net_29700          1        1      2         
optlc_net_29701          1        1      2         
optlc_net_29703          1        1      2         
optlc_net_29704          1        1      2         
optlc_net_29705          1        1      2         
optlc_net_29706          1        1      2         
optlc_net_29707          1        1      2         
optlc_net_29708          1        1      2         
optlc_net_29709          1        1      2         
optlc_net_29710          1        1      2         
optlc_net_29711          1        1      2         
optlc_net_29712          1        1      2         
optlc_net_29713          1        1      2         
optlc_net_29714          1        1      2         
optlc_net_29715          1        1      2         
optlc_net_29716          1        1      2         
optlc_net_29717          1        1      2         
optlc_net_29718          1        1      2         
optlc_net_29719          1        1      2         
optlc_net_29720          1        1      2         
optlc_net_29721          1        1      2         
optlc_net_29722          1        1      2         
optlc_net_29723          1        1      2         
optlc_net_29724          1        1      2         
optlc_net_29725          1        1      2         
optlc_net_29726          1        1      2         
optlc_net_29727          1        1      2         
optlc_net_29728          1        1      2         
optlc_net_29729          1        1      2         
optlc_net_29730          1        1      2         
optlc_net_29731          1        1      2         
optlc_net_29732          1        1      2         
optlc_net_29733          1        1      2         
optlc_net_29734          1        1      2         
optlc_net_29735          1        1      2         
optlc_net_29736          1        1      2         
optlc_net_29737          1        1      2         
optlc_net_29738          1        1      2         
optlc_net_29739          1        1      2         
optlc_net_29740          1        1      2         
optlc_net_29741          1        1      2         
optlc_net_29742          1        1      2         
optlc_net_29743          1        1      2         
optlc_net_29744          1        1      2         
optlc_net_29745          1        1      2         
optlc_net_29746          1        1      2         
optlc_net_29747          1        1      2         
optlc_net_29748          1        1      2         
optlc_net_29749          1        1      2         
optlc_net_29750          1        1      2         
optlc_net_29751          1        1      2         
optlc_net_29752          1        1      2         
optlc_net_29753          1        1      2         
optlc_net_29754          1        1      2         
optlc_net_29755          1        1      2         
optlc_net_29756          1        1      2         
optlc_net_29757          1        1      2         
optlc_net_29758          1        1      2         
optlc_net_29759          1        1      2         
optlc_net_29760          1        1      2         
optlc_net_29761          1        1      2         
optlc_net_29762          1        1      2         
optlc_net_29763          1        1      2         
optlc_net_29764          1        1      2         
optlc_net_29765          1        1      2         
optlc_net_29766          1        1      2         
optlc_net_29767          1        1      2         
optlc_net_29768          1        1      2         
optlc_net_29769          1        1      2         
optlc_net_29770          1        1      2         
optlc_net_29771          1        1      2         
optlc_net_29772          1        1      2         
optlc_net_29773          1        1      2         
optlc_net_29774          1        1      2         
optlc_net_29775          1        1      2         
optlc_net_29776          1        1      2         
optlc_net_29777          1        1      2         
optlc_net_29778          1        1      2         
optlc_net_29779          1        1      2         
optlc_net_29780          1        1      2         
optlc_net_29781          1        1      2         
optlc_net_29782          1        1      2         
optlc_net_29783          1        1      2         
optlc_net_29784          1        1      2         
optlc_net_29785          1        1      2         
optlc_net_29786          1        1      2         
optlc_net_29787          1        1      2         
optlc_net_29788          1        1      2         
optlc_net_29789          1        1      2         
optlc_net_29790          1        1      2         
optlc_net_29791          1        1      2         
optlc_net_29792          1        1      2         
optlc_net_29793          1        1      2         
optlc_net_29794          1        1      2         
optlc_net_29795          1        1      2         
optlc_net_29796          1        1      2         
optlc_net_29797          1        1      2         
optlc_net_29798          1        1      2         
optlc_net_29799          1        1      2         
optlc_net_29800          1        1      2         
optlc_net_29801          1        1      2         
optlc_net_29803          1        1      2         
optlc_net_29804          1        1      2         
optlc_net_29805          1        1      2         
optlc_net_29806          1        1      2         
optlc_net_29807          1        1      2         
optlc_net_29808          1        1      2         
optlc_net_29809          1        1      2         
optlc_net_29810          1        1      2         
optlc_net_29811          1        1      2         
optlc_net_29812          1        1      2         
optlc_net_29813          1        1      2         
optlc_net_29814          1        1      2         
optlc_net_29815          1        1      2         
optlc_net_29816          1        1      2         
optlc_net_29817          1        1      2         
optlc_net_29818          1        1      2         
optlc_net_29819          1        1      2         
optlc_net_29820          1        1      2         
optlc_net_29821          1        1      2         
optlc_net_29822          1        1      2         
optlc_net_29823          1        1      2         
optlc_net_29824          1        1      2         
optlc_net_29825          1        1      2         
optlc_net_29826          1        1      2         
optlc_net_29827          1        1      2         
optlc_net_29828          1        1      2         
optlc_net_29829          1        1      2         
optlc_net_29830          1        1      2         
optlc_net_29831          1        1      2         
optlc_net_29832          1        1      2         
optlc_net_29833          1        1      2         
optlc_net_29834          1        1      2         
optlc_net_29835          1        1      2         
optlc_net_29836          1        1      2         
optlc_net_29837          1        1      2         
optlc_net_29839          1        1      2         
optlc_net_29840          1        1      2         
optlc_net_29841          1        1      2         
optlc_net_29842          1        1      2         
optlc_net_29843          1        1      2         
optlc_net_29844          1        1      2         
optlc_net_29845          1        1      2         
optlc_net_29846          1        1      2         
optlc_net_29847          1        1      2         
optlc_net_29848          1        1      2         
optlc_net_29849          1        1      2         
optlc_net_29850          1        1      2         
optlc_net_29851          1        1      2         
optlc_net_29852          1        1      2         
optlc_net_29853          1        1      2         
optlc_net_29854          1        1      2         
optlc_net_29855          1        1      2         
optlc_net_29857          1        1      2         
optlc_net_29858          1        1      2         
optlc_net_29859          1        1      2         
optlc_net_29860          1        1      2         
optlc_net_29861          1        1      2         
optlc_net_29862          1        1      2         
optlc_net_29863          1        1      2         
optlc_net_29864          1        1      2         
optlc_net_29865          1        1      2         
optlc_net_29866          1        1      2         
optlc_net_29867          1        1      2         
optlc_net_29868          1        1      2         
optlc_net_29869          1        1      2         
optlc_net_29870          1        1      2         
optlc_net_29871          1        1      2         
optlc_net_29872          1        1      2         
optlc_net_29873          1        1      2         
optlc_net_29874          1        1      2         
optlc_net_29875          1        1      2         
optlc_net_29876          1        1      2         
optlc_net_29877          1        1      2         
optlc_net_29878          1        1      2         
optlc_net_29879          1        1      2         
optlc_net_29880          1        1      2         
optlc_net_29881          1        1      2         
optlc_net_29882          1        1      2         
optlc_net_29883          1        1      2         
optlc_net_29884          1        1      2         
optlc_net_29885          1        1      2         
optlc_net_29886          1        1      2         
optlc_net_29887          1        1      2         
optlc_net_29888          1        1      2         
optlc_net_29889          1        1      2         
optlc_net_29890          1        1      2         
optlc_net_29891          1        1      2         
optlc_net_29892          1        1      2         
optlc_net_29893          1        1      2         
optlc_net_29894          1        1      2         
optlc_net_29895          1        1      2         
optlc_net_29896          1        1      2         
optlc_net_29897          1        1      2         
optlc_net_29898          1        1      2         
optlc_net_29899          1        1      2         
optlc_net_29900          1        1      2         
optlc_net_29901          1        1      2         
optlc_net_29902          1        1      2         
optlc_net_29903          1        1      2         
optlc_net_29904          1        1      2         
optlc_net_29905          1        1      2         
optlc_net_29906          1        1      2         
optlc_net_29907          1        1      2         
optlc_net_29908          1        1      2         
optlc_net_29909          1        1      2         
optlc_net_29910          1        1      2         
optlc_net_29911          1        1      2         
optlc_net_29912          1        1      2         
optlc_net_29913          1        1      2         
optlc_net_29914          1        1      2         
optlc_net_29915          1        1      2         
optlc_net_29916          1        1      2         
optlc_net_29917          1        1      2         
optlc_net_29918          1        1      2         
optlc_net_29919          1        1      2         
optlc_net_29920          1        1      2         
optlc_net_29921          1        1      2         
optlc_net_29922          1        1      2         
optlc_net_29923          1        1      2         
optlc_net_29924          1        1      2         
optlc_net_29925          1        1      2         
optlc_net_29926          1        1      2         
optlc_net_29927          1        1      2         
optlc_net_29928          1        1      2         
optlc_net_29929          1        1      2         
optlc_net_29930          1        1      2         
optlc_net_29931          1        1      2         
optlc_net_29932          1        1      2         
optlc_net_29933          1        1      2         
optlc_net_29934          1        1      2         
optlc_net_29935          1        1      2         
optlc_net_29936          1        1      2         
optlc_net_29937          1        1      2         
optlc_net_29938          1        1      2         
optlc_net_29939          1        1      2         
optlc_net_29940          1        1      2         
optlc_net_29941          1        1      2         
optlc_net_29942          1        1      2         
optlc_net_29943          1        1      2         
optlc_net_29944          1        1      2         
optlc_net_29945          1        1      2         
optlc_net_29946          1        1      2         
optlc_net_29947          1        1      2         
optlc_net_29948          1        1      2         
optlc_net_29949          1        1      2         
optlc_net_29950          1        1      2         
optlc_net_29951          1        1      2         
optlc_net_29952          1        1      2         
optlc_net_29953          1        1      2         
optlc_net_29954          1        1      2         
optlc_net_29955          1        1      2         
optlc_net_29956          1        1      2         
optlc_net_29957          1        1      2         
optlc_net_29958          1        1      2         
optlc_net_29959          1        1      2         
optlc_net_29960          1        1      2         
optlc_net_29961          1        1      2         
optlc_net_29963          1        1      2         
optlc_net_29964          1        1      2         
optlc_net_29965          1        1      2         
optlc_net_29966          1        1      2         
optlc_net_29967          1        1      2         
optlc_net_29968          1        1      2         
optlc_net_29969          1        1      2         
optlc_net_29970          1        1      2         
optlc_net_29971          1        1      2         
optlc_net_29972          1        1      2         
optlc_net_29973          1        1      2         
optlc_net_29974          1        1      2         
optlc_net_29975          1        1      2         
optlc_net_29976          1        1      2         
optlc_net_29977          1        1      2         
optlc_net_29978          1        1      2         
optlc_net_29979          1        1      2         
optlc_net_29980          1        1      2         
optlc_net_29981          1        1      2         
optlc_net_29982          1        1      2         
optlc_net_29983          1        1      2         
optlc_net_29984          1        1      2         
optlc_net_29985          1        1      2         
optlc_net_29986          1        1      2         
optlc_net_29987          1        1      2         
optlc_net_29988          1        1      2         
optlc_net_29989          1        1      2         
optlc_net_29990          1        1      2         
optlc_net_29991          1        1      2         
optlc_net_29992          1        1      2         
optlc_net_29993          1        1      2         
optlc_net_29994          1        1      2         
optlc_net_29995          1        1      2         
optlc_net_29996          1        1      2         
optlc_net_29997          1        1      2         
optlc_net_29998          1        1      2         
optlc_net_29999          1        1      2         
optlc_net_30000          1        1      2         
optlc_net_30001          1        1      2         
optlc_net_30002          1        1      2         
optlc_net_30003          1        1      2         
optlc_net_30004          1        1      2         
optlc_net_30005          1        1      2         
optlc_net_30006          1        1      2         
optlc_net_30007          1        1      2         
optlc_net_30008          1        1      2         
optlc_net_30009          1        1      2         
optlc_net_30010          1        1      2         
optlc_net_30011          1        1      2         
optlc_net_30012          1        1      2         
optlc_net_30013          1        1      2         
optlc_net_30014          1        1      2         
optlc_net_30015          1        1      2         
optlc_net_30016          1        1      2         
optlc_net_30017          1        1      2         
optlc_net_30018          1        1      2         
optlc_net_30019          1        1      2         
optlc_net_30020          1        1      2         
optlc_net_30021          1        1      2         
optlc_net_30022          1        1      2         
optlc_net_30023          1        1      2         
optlc_net_30024          1        1      2         
optlc_net_30025          1        1      2         
optlc_net_30026          1        1      2         
optlc_net_30027          1        1      2         
optlc_net_30028          1        1      2         
optlc_net_30029          1        1      2         
optlc_net_30030          1        1      2         
optlc_net_30031          1        1      2         
optlc_net_30032          1        1      2         
optlc_net_30033          1        1      2         
optlc_net_30034          1        1      2         
optlc_net_30035          1        1      2         
optlc_net_30036          1        1      2         
optlc_net_30037          1        1      2         
optlc_net_30038          1        1      2         
optlc_net_30039          1        1      2         
optlc_net_30040          1        1      2         
optlc_net_30041          1        1      2         
optlc_net_30042          1        1      2         
optlc_net_30043          1        1      2         
optlc_net_30044          1        1      2         
optlc_net_30045          1        1      2         
optlc_net_30046          1        1      2         
optlc_net_30047          1        1      2         
optlc_net_30048          1        1      2         
optlc_net_30049          1        1      2         
optlc_net_30050          1        1      2         
optlc_net_30051          1        1      2         
optlc_net_30052          1        1      2         
optlc_net_30053          1        1      2         
optlc_net_30054          1        1      2         
optlc_net_30055          1        1      2         
optlc_net_30056          1        1      2         
optlc_net_30057          1        1      2         
optlc_net_30058          1        1      2         
optlc_net_30060          1        1      2         
optlc_net_30061          1        1      2         
optlc_net_30062          1        1      2         
optlc_net_30063          1        1      2         
optlc_net_30064          1        1      2         
optlc_net_30065          1        1      2         
optlc_net_30066          1        1      2         
optlc_net_30067          1        1      2         
optlc_net_30068          1        1      2         
optlc_net_30069          1        1      2         
optlc_net_30070          1        1      2         
optlc_net_30071          1        1      2         
optlc_net_30072          1        1      2         
optlc_net_30073          1        1      2         
optlc_net_30074          1        1      2         
optlc_net_30075          1        1      2         
optlc_net_30076          1        1      2         
optlc_net_30077          1        1      2         
optlc_net_30078          1        1      2         
optlc_net_30079          1        1      2         
optlc_net_30080          1        1      2         
optlc_net_30081          1        1      2         
optlc_net_30082          1        1      2         
optlc_net_30083          1        1      2         
optlc_net_30084          1        1      2         
optlc_net_30085          1        1      2         
optlc_net_30086          1        1      2         
optlc_net_30087          1        1      2         
optlc_net_30088          1        1      2         
optlc_net_30089          1        1      2         
optlc_net_30090          1        1      2         
optlc_net_30091          1        1      2         
optlc_net_30092          1        1      2         
optlc_net_30093          1        1      2         
optlc_net_30094          1        1      2         
optlc_net_30095          1        1      2         
optlc_net_30096          1        1      2         
optlc_net_30097          1        1      2         
optlc_net_30098          1        1      2         
optlc_net_30099          1        1      2         
optlc_net_30100          1        1      2         
optlc_net_30101          1        1      2         
optlc_net_30102          1        1      2         
optlc_net_30103          1        1      2         
optlc_net_30104          1        1      2         
optlc_net_30105          1        1      2         
optlc_net_30106          1        1      2         
optlc_net_30107          1        1      2         
optlc_net_30108          1        1      2         
optlc_net_30109          1        1      2         
optlc_net_30110          1        1      2         
optlc_net_30111          1        1      2         
optlc_net_30112          1        1      2         
optlc_net_30113          1        1      2         
optlc_net_30114          1        1      2         
optlc_net_30115          1        1      2         
optlc_net_30116          1        1      2         
optlc_net_30117          1        1      2         
optlc_net_30118          1        1      2         
optlc_net_30119          1        1      2         
optlc_net_30120          1        1      2         
optlc_net_30121          1        1      2         
optlc_net_30122          1        1      2         
optlc_net_30123          1        1      2         
optlc_net_30124          1        1      2         
optlc_net_30125          1        1      2         
optlc_net_30126          1        1      2         
optlc_net_30127          1        1      2         
optlc_net_30128          1        1      2         
optlc_net_30129          1        1      2         
optlc_net_30130          1        1      2         
optlc_net_30131          1        1      2         
optlc_net_30132          1        1      2         
optlc_net_30133          1        1      2         
optlc_net_30134          1        1      2         
optlc_net_30135          1        1      2         
optlc_net_30136          1        1      2         
optlc_net_30137          1        1      2         
optlc_net_30138          1        1      2         
optlc_net_30139          1        1      2         
optlc_net_30140          1        1      2         
optlc_net_30141          1        1      2         
optlc_net_30142          1        1      2         
optlc_net_30143          1        1      2         
optlc_net_30144          1        1      2         
optlc_net_30145          1        1      2         
optlc_net_30146          1        1      2         
optlc_net_30147          1        1      2         
optlc_net_30148          1        1      2         
optlc_net_30149          1        1      2         
optlc_net_30150          1        1      2         
optlc_net_30151          1        1      2         
optlc_net_30152          1        1      2         
optlc_net_30153          1        1      2         
optlc_net_30154          1        1      2         
optlc_net_30155          1        1      2         
optlc_net_30156          1        1      2         
optlc_net_30157          1        1      2         
optlc_net_30158          1        1      2         
optlc_net_30159          1        1      2         
optlc_net_30160          1        1      2         
optlc_net_30161          1        1      2         
optlc_net_30162          1        1      2         
optlc_net_30163          1        1      2         
optlc_net_30164          1        1      2         
optlc_net_30165          1        1      2         
optlc_net_30166          1        1      2         
optlc_net_30167          1        1      2         
optlc_net_30168          1        1      2         
optlc_net_30169          1        1      2         
optlc_net_30170          1        1      2         
optlc_net_30171          1        1      2         
optlc_net_30172          1        1      2         
optlc_net_30173          1        1      2         
optlc_net_30174          1        1      2         
optlc_net_30175          1        1      2         
optlc_net_30176          1        1      2         
optlc_net_30177          1        1      2         
optlc_net_30178          1        1      2         
optlc_net_30179          1        1      2         
optlc_net_30180          1        1      2         
optlc_net_30181          1        1      2         
optlc_net_30182          1        1      2         
optlc_net_30183          1        1      2         
optlc_net_30184          1        1      2         
optlc_net_30185          1        1      2         
optlc_net_30186          1        1      2         
optlc_net_30187          1        1      2         
optlc_net_30188          1        1      2         
optlc_net_30189          1        1      2         
optlc_net_30190          1        1      2         
optlc_net_30191          1        1      2         
optlc_net_30192          1        1      2         
optlc_net_30193          1        1      2         
optlc_net_30194          1        1      2         
optlc_net_30195          1        1      2         
optlc_net_30196          1        1      2         
optlc_net_30197          1        1      2         
optlc_net_30198          1        1      2         
optlc_net_30199          1        1      2         
optlc_net_30200          1        1      2         
optlc_net_30201          1        1      2         
optlc_net_30202          1        1      2         
optlc_net_30203          1        1      2         
optlc_net_30204          1        1      2         
optlc_net_30205          1        1      2         
optlc_net_30206          1        1      2         
optlc_net_30207          1        1      2         
optlc_net_30208          1        1      2         
optlc_net_30209          1        1      2         
optlc_net_30210          1        1      2         
optlc_net_30211          1        1      2         
optlc_net_30212          1        1      2         
optlc_net_30213          1        1      2         
optlc_net_30214          1        1      2         
optlc_net_30215          1        1      2         
optlc_net_30216          1        1      2         
optlc_net_30217          1        1      2         
optlc_net_30218          1        1      2         
optlc_net_30219          1        1      2         
optlc_net_30220          1        1      2         
optlc_net_30221          1        1      2         
optlc_net_30222          1        1      2         
optlc_net_30223          1        1      2         
optlc_net_30224          1        1      2         
optlc_net_30225          1        1      2         
optlc_net_30226          1        1      2         
optlc_net_30227          1        1      2         
optlc_net_30228          1        1      2         
optlc_net_30229          1        1      2         
optlc_net_30230          1        1      2         
optlc_net_30231          1        1      2         
optlc_net_30232          1        1      2         
optlc_net_30233          1        1      2         
optlc_net_30234          1        1      2         
optlc_net_30235          1        1      2         
optlc_net_30236          1        1      2         
optlc_net_30237          1        1      2         
optlc_net_30238          1        1      2         
optlc_net_30239          1        1      2         
optlc_net_30240          1        1      2         
optlc_net_30241          1        1      2         
optlc_net_30242          1        1      2         
optlc_net_30243          1        1      2         
optlc_net_30244          1        1      2         
optlc_net_30245          1        1      2         
optlc_net_30246          1        1      2         
optlc_net_30247          1        1      2         
optlc_net_30248          1        1      2         
optlc_net_30249          1        1      2         
optlc_net_30250          1        1      2         
optlc_net_30251          1        1      2         
optlc_net_30252          1        1      2         
optlc_net_30253          1        1      2         
optlc_net_30254          1        1      2         
optlc_net_30255          1        1      2         
optlc_net_30256          1        1      2         
optlc_net_30257          1        1      2         
optlc_net_30258          1        1      2         
optlc_net_30259          1        1      2         
optlc_net_30260          1        1      2         
optlc_net_30261          1        1      2         
optlc_net_30262          1        1      2         
optlc_net_30263          1        1      2         
optlc_net_30264          1        1      2         
optlc_net_30265          1        1      2         
optlc_net_30266          1        1      2         
optlc_net_30267          1        1      2         
optlc_net_30268          1        1      2         
optlc_net_30269          1        1      2         
optlc_net_30270          1        1      2         
optlc_net_30271          1        1      2         
optlc_net_30272          1        1      2         
optlc_net_30273          1        1      2         
optlc_net_30274          1        1      2         
optlc_net_30275          1        1      2         
optlc_net_30276          1        1      2         
optlc_net_30277          1        1      2         
optlc_net_30278          1        1      2         
optlc_net_30279          1        1      2         
optlc_net_30280          1        1      2         
optlc_net_30281          1        1      2         
optlc_net_30282          1        1      2         
optlc_net_30283          1        1      2         
optlc_net_30284          1        1      2         
optlc_net_30285          1        1      2         
optlc_net_30286          1        1      2         
optlc_net_30287          1        1      2         
optlc_net_30288          1        1      2         
optlc_net_30289          1        1      2         
optlc_net_30290          1        1      2         
optlc_net_30291          1        1      2         
optlc_net_30292          1        1      2         
optlc_net_30293          1        1      2         
optlc_net_30294          1        1      2         
optlc_net_30295          1        1      2         
optlc_net_30296          1        1      2         
optlc_net_30297          1        1      2         
optlc_net_30298          1        1      2         
optlc_net_30299          1        1      2         
optlc_net_30300          1        1      2         
optlc_net_30301          1        1      2         
optlc_net_30302          1        1      2         
optlc_net_30303          1        1      2         
optlc_net_30304          1        1      2         
optlc_net_30305          1        1      2         
optlc_net_30306          1        1      2         
optlc_net_30307          1        1      2         
optlc_net_30308          1        1      2         
optlc_net_30309          1        1      2         
optlc_net_30310          1        1      2         
optlc_net_30311          1        1      2         
optlc_net_30312          1        1      2         
optlc_net_30313          1        1      2         
optlc_net_30314          1        1      2         
optlc_net_30315          1        1      2         
optlc_net_30316          1        1      2         
optlc_net_30317          1        1      2         
optlc_net_30318          1        1      2         
optlc_net_30319          1        1      2         
optlc_net_30320          1        1      2         
optlc_net_30321          1        1      2         
optlc_net_30322          1        1      2         
optlc_net_30323          1        1      2         
optlc_net_30324          1        1      2         
optlc_net_30325          1        1      2         
optlc_net_30326          1        1      2         
optlc_net_30327          1        1      2         
optlc_net_30328          1        1      2         
optlc_net_30329          1        1      2         
optlc_net_30330          1        1      2         
optlc_net_30331          1        1      2         
optlc_net_30332          1        1      2         
optlc_net_30333          1        1      2         
optlc_net_30334          1        1      2         
optlc_net_30335          1        1      2         
optlc_net_30336          1        1      2         
optlc_net_30337          1        1      2         
optlc_net_30338          1        1      2         
optlc_net_30339          1        1      2         
optlc_net_30340          1        1      2         
optlc_net_30341          1        1      2         
optlc_net_30342          1        1      2         
optlc_net_30343          1        1      2         
optlc_net_30344          1        1      2         
optlc_net_30345          1        1      2         
optlc_net_30346          1        1      2         
optlc_net_30347          1        1      2         
optlc_net_30348          1        1      2         
optlc_net_30349          1        1      2         
optlc_net_30350          1        1      2         
optlc_net_30351          1        1      2         
optlc_net_30352          1        1      2         
optlc_net_30353          1        1      2         
optlc_net_30354          1        1      2         
optlc_net_30355          1        1      2         
optlc_net_30356          1        1      2         
optlc_net_30357          1        1      2         
optlc_net_30358          1        1      2         
optlc_net_30359          1        1      2         
optlc_net_30360          1        1      2         
optlc_net_30361          1        1      2         
optlc_net_30362          1        1      2         
optlc_net_30363          1        1      2         
optlc_net_30364          1        1      2         
optlc_net_30365          1        1      2         
optlc_net_30366          1        1      2         
optlc_net_30367          1        1      2         
optlc_net_30368          1        1      2         
optlc_net_30369          1        1      2         
optlc_net_30370          1        1      2         
optlc_net_30371          1        1      2         
optlc_net_30372          1        1      2         
optlc_net_30373          1        1      2         
optlc_net_30374          1        1      2         
optlc_net_30375          1        1      2         
optlc_net_30376          1        1      2         
optlc_net_30377          1        1      2         
optlc_net_30378          1        1      2         
optlc_net_30379          1        1      2         
optlc_net_30380          1        1      2         
optlc_net_30381          1        1      2         
optlc_net_30382          1        1      2         
optlc_net_30383          1        1      2         
optlc_net_30384          1        1      2         
optlc_net_30385          1        1      2         
optlc_net_30386          1        1      2         
optlc_net_30387          1        1      2         
optlc_net_30388          1        1      2         
optlc_net_30389          1        1      2         
optlc_net_30390          1        1      2         
optlc_net_30391          1        1      2         
optlc_net_30392          1        1      2         
optlc_net_30393          1        1      2         
optlc_net_30394          1        1      2         
optlc_net_30395          1        1      2         
optlc_net_30396          1        1      2         
optlc_net_30397          1        1      2         
optlc_net_30398          1        1      2         
optlc_net_30399          1        1      2         
optlc_net_30400          1        1      2         
optlc_net_30401          1        1      2         
optlc_net_30402          1        1      2         
optlc_net_30403          1        1      2         
optlc_net_30404          1        1      2         
optlc_net_30405          1        1      2         
optlc_net_30406          1        1      2         
optlc_net_30407          1        1      2         
optlc_net_30408          1        1      2         
optlc_net_30409          1        1      2         
optlc_net_30410          1        1      2         
optlc_net_30411          1        1      2         
optlc_net_30412          1        1      2         
optlc_net_30413          1        1      2         
optlc_net_30414          1        1      2         
optlc_net_30415          1        1      2         
optlc_net_30416          1        1      2         
optlc_net_30417          1        1      2         
optlc_net_30418          1        1      2         
optlc_net_30419          1        1      2         
optlc_net_30420          1        1      2         
optlc_net_30421          1        1      2         
optlc_net_30422          1        1      2         
optlc_net_30423          1        1      2         
optlc_net_30424          1        1      2         
optlc_net_30425          1        1      2         
optlc_net_30426          1        1      2         
optlc_net_30427          1        1      2         
optlc_net_30428          1        1      2         
optlc_net_30429          1        1      2         
optlc_net_30430          1        1      2         
optlc_net_30431          1        1      2         
optlc_net_30432          1        1      2         
optlc_net_30433          1        1      2         
optlc_net_30434          1        1      2         
optlc_net_30435          1        1      2         
optlc_net_30436          1        1      2         
optlc_net_30437          1        1      2         
optlc_net_30438          1        1      2         
optlc_net_30439          1        1      2         
optlc_net_30440          1        1      2         
optlc_net_30441          1        1      2         
optlc_net_30442          1        1      2         
optlc_net_30443          1        1      2         
optlc_net_30444          1        1      2         
optlc_net_30445          1        1      2         
optlc_net_30446          1        1      2         
optlc_net_30447          1        1      2         
optlc_net_30448          1        1      2         
optlc_net_30449          1        1      2         
optlc_net_30450          1        1      2         
optlc_net_30451          1        1      2         
optlc_net_30452          1        1      2         
optlc_net_30453          1        1      2         
optlc_net_30454          1        1      2         
optlc_net_30455          1        1      2         
optlc_net_30456          1        1      2         
optlc_net_30457          1        1      2         
optlc_net_30458          1        1      2         
optlc_net_30459          1        1      2         
optlc_net_30460          1        1      2         
optlc_net_30461          1        1      2         
optlc_net_30462          1        1      2         
optlc_net_30463          1        1      2         
optlc_net_30464          1        1      2         
optlc_net_30465          1        1      2         
optlc_net_30466          1        1      2         
optlc_net_30467          1        1      2         
optlc_net_30468          1        1      2         
optlc_net_30469          1        1      2         
optlc_net_30470          1        1      2         
optlc_net_30471          1        1      2         
optlc_net_30472          1        1      2         
optlc_net_30473          1        1      2         
optlc_net_30474          1        1      2         
optlc_net_30475          1        1      2         
optlc_net_30476          1        1      2         
optlc_net_30477          1        1      2         
optlc_net_30478          1        1      2         
optlc_net_30479          1        1      2         
optlc_net_30480          1        1      2         
optlc_net_30481          1        1      2         
optlc_net_30482          1        1      2         
optlc_net_30483          1        1      2         
optlc_net_30484          1        1      2         
optlc_net_30485          1        1      2         
optlc_net_30486          1        1      2         
optlc_net_30487          1        1      2         
optlc_net_30488          1        1      2         
optlc_net_30489          1        1      2         
optlc_net_30490          1        1      2         
optlc_net_30491          1        1      2         
optlc_net_30492          1        1      2         
optlc_net_30493          1        1      2         
optlc_net_30494          1        1      2         
optlc_net_30495          1        1      2         
optlc_net_30496          1        1      2         
optlc_net_30497          1        1      2         
optlc_net_30498          1        1      2         
optlc_net_30499          1        1      2         
optlc_net_30500          1        1      2         
optlc_net_30501          1        1      2         
optlc_net_30502          1        1      2         
optlc_net_30503          1        1      2         
optlc_net_30504          1        1      2         
optlc_net_30505          1        1      2         
optlc_net_30506          1        1      2         
optlc_net_30507          1        1      2         
optlc_net_30508          1        1      2         
optlc_net_30509          1        1      2         
optlc_net_30510          1        1      2         
optlc_net_30511          1        1      2         
optlc_net_30512          1        1      2         
optlc_net_30513          1        1      2         
optlc_net_30514          1        1      2         
optlc_net_30515          1        1      2         
optlc_net_30516          1        1      2         
optlc_net_30517          1        1      2         
optlc_net_30518          1        1      2         
optlc_net_30519          1        1      2         
optlc_net_30520          1        1      2         
optlc_net_30521          1        1      2         
optlc_net_30522          1        1      2         
optlc_net_30523          1        1      2         
optlc_net_30524          1        1      2         
optlc_net_30525          1        1      2         
optlc_net_30526          1        1      2         
optlc_net_30527          1        1      2         
optlc_net_30528          1        1      2         
optlc_net_30529          1        1      2         
optlc_net_30530          1        1      2         
optlc_net_30531          1        1      2         
optlc_net_30532          1        1      2         
optlc_net_30533          1        1      2         
optlc_net_30534          1        1      2         
optlc_net_30535          1        1      2         
optlc_net_30536          1        1      2         
optlc_net_30537          1        1      2         
optlc_net_30538          1        1      2         
optlc_net_30539          1        1      2         
optlc_net_30540          1        1      2         
optlc_net_30541          1        1      2         
optlc_net_30542          1        1      2         
optlc_net_30543          1        1      2         
optlc_net_30544          1        1      2         
optlc_net_30545          1        1      2         
optlc_net_30546          1        1      2         
optlc_net_30547          1        1      2         
optlc_net_30548          1        1      2         
optlc_net_30549          1        1      2         
optlc_net_30550          1        1      2         
optlc_net_30551          1        1      2         
optlc_net_30552          1        1      2         
optlc_net_30553          1        1      2         
optlc_net_30554          1        1      2         
optlc_net_30555          1        1      2         
optlc_net_30556          1        1      2         
optlc_net_30557          1        1      2         
optlc_net_30558          1        1      2         
optlc_net_30559          1        1      2         
optlc_net_30560          1        1      2         
optlc_net_30561          1        1      2         
optlc_net_30563          1        1      2         
optlc_net_30564          1        1      2         
optlc_net_30565          1        1      2         
optlc_net_30566          1        1      2         
optlc_net_30567          1        1      2         
optlc_net_30568          1        1      2         
optlc_net_30569          1        1      2         
optlc_net_30570          1        1      2         
optlc_net_30571          1        1      2         
optlc_net_30572          1        1      2         
optlc_net_30573          1        1      2         
optlc_net_30574          1        1      2         
optlc_net_30575          1        1      2         
optlc_net_30576          1        1      2         
optlc_net_30577          1        1      2         
optlc_net_30578          1        1      2         
optlc_net_30579          1        1      2         
optlc_net_30580          1        1      2         
optlc_net_30581          1        1      2         
optlc_net_30582          1        1      2         
optlc_net_30583          1        1      2         
optlc_net_30584          1        1      2         
optlc_net_30585          1        1      2         
optlc_net_30586          1        1      2         
optlc_net_30587          1        1      2         
optlc_net_30588          1        1      2         
optlc_net_30589          1        1      2         
optlc_net_30590          1        1      2         
optlc_net_30591          1        1      2         
optlc_net_30592          1        1      2         
optlc_net_30593          1        1      2         
optlc_net_30594          1        1      2         
optlc_net_30595          1        1      2         
optlc_net_30596          1        1      2         
optlc_net_30597          1        1      2         
optlc_net_30598          1        1      2         
optlc_net_30599          1        1      2         
optlc_net_30600          1        1      2         
optlc_net_30601          1        1      2         
optlc_net_30602          1        1      2         
optlc_net_30603          1        1      2         
optlc_net_30604          1        1      2         
optlc_net_30605          1        1      2         
optlc_net_30606          1        1      2         
optlc_net_30607          1        1      2         
optlc_net_30608          1        1      2         
optlc_net_30609          1        1      2         
optlc_net_30610          1        1      2         
optlc_net_30611          1        1      2         
optlc_net_30612          1        1      2         
optlc_net_30613          1        1      2         
optlc_net_30614          1        1      2         
optlc_net_30615          1        1      2         
optlc_net_30616          1        1      2         
optlc_net_30617          1        1      2         
optlc_net_30618          1        1      2         
optlc_net_30619          1        1      2         
optlc_net_30620          1        1      2         
optlc_net_30621          1        1      2         
optlc_net_30622          1        1      2         
optlc_net_30623          1        1      2         
optlc_net_30624          1        1      2         
optlc_net_30625          1        1      2         
optlc_net_30626          1        1      2         
optlc_net_30627          1        1      2         
optlc_net_30628          1        1      2         
optlc_net_30629          1        1      2         
optlc_net_30630          1        1      2         
optlc_net_30631          1        1      2         
optlc_net_30632          1        1      2         
optlc_net_30633          1        1      2         
optlc_net_30634          1        1      2         
optlc_net_30635          1        1      2         
optlc_net_30636          1        1      2         
optlc_net_30637          1        1      2         
optlc_net_30638          1        1      2         
optlc_net_30639          1        1      2         
optlc_net_30640          1        1      2         
optlc_net_30641          1        1      2         
optlc_net_30642          1        1      2         
optlc_net_30643          1        1      2         
optlc_net_30644          1        1      2         
optlc_net_30645          1        1      2         
optlc_net_30646          1        1      2         
optlc_net_30647          1        1      2         
optlc_net_30648          1        1      2         
optlc_net_30649          1        1      2         
optlc_net_30650          1        1      2         
optlc_net_30651          1        1      2         
optlc_net_30652          1        1      2         
optlc_net_30653          1        1      2         
optlc_net_30654          1        1      2         
optlc_net_30656          1        1      2         
optlc_net_30657          1        1      2         
optlc_net_30658          1        1      2         
optlc_net_30659          1        1      2         
optlc_net_30660          1        1      2         
optlc_net_30661          1        1      2         
optlc_net_30662          1        1      2         
optlc_net_30663          1        1      2         
optlc_net_30664          1        1      2         
optlc_net_30665          1        1      2         
optlc_net_30666          1        1      2         
optlc_net_30667          1        1      2         
optlc_net_30668          1        1      2         
optlc_net_30669          1        1      2         
optlc_net_30670          1        1      2         
optlc_net_30671          1        1      2         
optlc_net_30672          1        1      2         
optlc_net_30673          1        1      2         
optlc_net_30674          1        1      2         
optlc_net_30675          1        1      2         
optlc_net_30676          1        1      2         
optlc_net_30677          1        1      2         
optlc_net_30678          1        1      2         
optlc_net_30679          1        1      2         
optlc_net_30680          1        1      2         
optlc_net_30681          1        1      2         
optlc_net_30682          1        1      2         
optlc_net_30683          1        1      2         
optlc_net_30684          1        1      2         
optlc_net_30685          1        1      2         
optlc_net_30686          1        1      2         
optlc_net_30687          1        1      2         
optlc_net_30688          1        1      2         
optlc_net_30689          1        1      2         
optlc_net_30690          1        1      2         
optlc_net_30691          1        1      2         
optlc_net_30692          1        1      2         
optlc_net_30693          1        1      2         
optlc_net_30694          1        1      2         
optlc_net_30695          1        1      2         
optlc_net_30696          1        1      2         
optlc_net_30697          1        1      2         
optlc_net_30698          1        1      2         
optlc_net_30699          1        1      2         
optlc_net_30701          1        1      2         
optlc_net_30702          1        1      2         
optlc_net_30703          1        1      2         
optlc_net_30704          1        1      2         
optlc_net_30705          1        1      2         
optlc_net_30706          1        1      2         
optlc_net_30707          1        1      2         
optlc_net_30708          1        1      2         
optlc_net_30709          1        1      2         
optlc_net_30710          1        1      2         
optlc_net_30711          1        1      2         
optlc_net_30712          1        1      2         
optlc_net_30713          1        1      2         
optlc_net_30714          1        1      2         
optlc_net_30715          1        1      2         
optlc_net_30716          1        1      2         
optlc_net_30717          1        1      2         
optlc_net_30718          1        1      2         
optlc_net_30719          1        1      2         
optlc_net_30720          1        1      2         
optlc_net_30721          1        1      2         
optlc_net_30722          1        1      2         
optlc_net_30723          1        1      2         
optlc_net_30724          1        1      2         
optlc_net_30725          1        1      2         
optlc_net_30726          1        1      2         
optlc_net_30727          1        1      2         
optlc_net_30728          1        1      2         
optlc_net_30729          1        1      2         
optlc_net_30730          1        1      2         
optlc_net_30731          1        1      2         
optlc_net_30732          1        1      2         
optlc_net_30733          1        1      2         
optlc_net_30734          1        1      2         
optlc_net_30735          1        1      2         
optlc_net_30736          1        1      2         
optlc_net_30737          1        1      2         
optlc_net_30738          1        1      2         
optlc_net_30739          1        1      2         
optlc_net_30740          1        1      2         
optlc_net_30741          1        1      2         
optlc_net_30742          1        1      2         
optlc_net_30743          1        1      2         
optlc_net_30744          1        1      2         
optlc_net_30745          1        1      2         
optlc_net_30746          1        1      2         
optlc_net_30747          1        1      2         
optlc_net_30748          1        1      2         
optlc_net_30749          1        1      2         
optlc_net_30750          1        1      2         
optlc_net_30751          1        1      2         
optlc_net_30752          1        1      2         
optlc_net_30753          1        1      2         
optlc_net_30754          1        1      2         
optlc_net_30755          1        1      2         
optlc_net_30756          1        1      2         
optlc_net_30757          1        1      2         
optlc_net_30758          1        1      2         
optlc_net_30759          1        1      2         
optlc_net_30760          1        1      2         
optlc_net_30761          1        1      2         
optlc_net_30762          1        1      2         
optlc_net_30763          1        1      2         
optlc_net_30764          1        1      2         
optlc_net_30765          1        1      2         
optlc_net_30766          1        1      2         
optlc_net_30767          1        1      2         
optlc_net_30768          1        1      2         
optlc_net_30769          1        1      2         
optlc_net_30770          1        1      2         
optlc_net_30771          1        1      2         
optlc_net_30772          1        1      2         
optlc_net_30773          1        1      2         
optlc_net_30774          1        1      2         
optlc_net_30775          1        1      2         
optlc_net_30776          1        1      2         
optlc_net_30777          1        1      2         
optlc_net_30778          1        1      2         
optlc_net_30779          1        1      2         
optlc_net_30780          1        1      2         
optlc_net_30781          1        1      2         
optlc_net_30782          1        1      2         
optlc_net_30783          1        1      2         
optlc_net_30784          1        1      2         
optlc_net_30785          1        1      2         
optlc_net_30786          1        1      2         
optlc_net_30787          1        1      2         
optlc_net_30788          1        1      2         
optlc_net_30789          1        1      2         
optlc_net_30790          1        1      2         
optlc_net_30791          1        1      2         
optlc_net_30792          1        1      2         
optlc_net_30793          1        1      2         
optlc_net_30794          1        1      2         
optlc_net_30795          1        1      2         
optlc_net_30796          1        1      2         
optlc_net_30797          1        1      2         
optlc_net_30798          1        1      2         
optlc_net_30799          1        1      2         
optlc_net_30800          1        1      2         
optlc_net_30801          1        1      2         
optlc_net_30802          1        1      2         
optlc_net_30803          1        1      2         
optlc_net_30804          1        1      2         
optlc_net_30805          1        1      2         
optlc_net_30806          1        1      2         
optlc_net_30807          1        1      2         
optlc_net_30808          1        1      2         
optlc_net_30809          1        1      2         
optlc_net_30810          1        1      2         
optlc_net_30811          1        1      2         
optlc_net_30812          1        1      2         
optlc_net_30813          1        1      2         
optlc_net_30814          1        1      2         
optlc_net_30815          1        1      2         
optlc_net_30816          1        1      2         
optlc_net_30817          1        1      2         
optlc_net_30818          1        1      2         
optlc_net_30819          1        1      2         
optlc_net_30820          1        1      2         
optlc_net_30821          1        1      2         
optlc_net_30822          1        1      2         
optlc_net_30823          1        1      2         
optlc_net_30824          1        1      2         
optlc_net_30825          1        1      2         
optlc_net_30826          1        1      2         
optlc_net_30827          1        1      2         
optlc_net_30828          1        1      2         
optlc_net_30830          1        1      2         
optlc_net_30831          1        1      2         
optlc_net_30832          1        1      2         
optlc_net_30833          1        1      2         
optlc_net_30834          1        1      2         
optlc_net_30835          1        1      2         
optlc_net_30836          1        1      2         
optlc_net_30837          1        1      2         
optlc_net_30838          1        1      2         
optlc_net_30839          1        1      2         
optlc_net_30840          1        1      2         
optlc_net_30841          1        1      2         
optlc_net_30842          1        1      2         
optlc_net_30843          1        1      2         
optlc_net_30844          1        1      2         
optlc_net_30845          1        1      2         
optlc_net_30846          1        1      2         
optlc_net_30847          1        1      2         
optlc_net_30848          1        1      2         
optlc_net_30849          1        1      2         
optlc_net_30850          1        1      2         
optlc_net_30851          1        1      2         
optlc_net_30852          1        1      2         
optlc_net_30853          1        1      2         
optlc_net_30854          1        1      2         
optlc_net_30855          1        1      2         
optlc_net_30856          1        1      2         
optlc_net_30857          1        1      2         
optlc_net_30858          1        1      2         
optlc_net_30859          1        1      2         
optlc_net_30860          1        1      2         
optlc_net_30861          1        1      2         
optlc_net_30862          1        1      2         
optlc_net_30863          1        1      2         
optlc_net_30864          1        1      2         
optlc_net_30865          1        1      2         
optlc_net_30866          1        1      2         
optlc_net_30867          1        1      2         
optlc_net_30868          1        1      2         
optlc_net_30869          1        1      2         
optlc_net_30870          1        1      2         
optlc_net_30871          1        1      2         
optlc_net_30872          1        1      2         
optlc_net_30873          1        1      2         
optlc_net_30874          1        1      2         
optlc_net_30875          1        1      2         
optlc_net_30876          1        1      2         
optlc_net_30877          1        1      2         
optlc_net_30878          1        1      2         
optlc_net_30879          1        1      2         
optlc_net_30880          1        1      2         
optlc_net_30881          1        1      2         
optlc_net_30882          1        1      2         
optlc_net_30883          1        1      2         
optlc_net_30884          1        1      2         
optlc_net_30885          1        1      2         
optlc_net_30886          1        1      2         
optlc_net_30887          1        1      2         
optlc_net_30888          1        1      2         
optlc_net_30889          1        1      2         
optlc_net_30890          1        1      2         
optlc_net_30891          1        1      2         
optlc_net_30892          1        1      2         
optlc_net_30893          1        1      2         
optlc_net_30894          1        1      2         
optlc_net_30895          1        1      2         
optlc_net_30896          1        1      2         
optlc_net_30897          1        1      2         
optlc_net_30898          1        1      2         
optlc_net_30899          1        1      2         
optlc_net_30900          1        1      2         
optlc_net_30901          1        1      2         
optlc_net_30902          1        1      2         
optlc_net_30903          1        1      2         
optlc_net_30904          1        1      2         
optlc_net_30905          1        1      2         
optlc_net_30906          1        1      2         
optlc_net_30907          1        1      2         
optlc_net_30908          1        1      2         
optlc_net_30909          1        1      2         
optlc_net_30910          1        1      2         
optlc_net_30911          1        1      2         
optlc_net_30912          1        1      2         
optlc_net_30913          1        1      2         
optlc_net_30914          1        1      2         
optlc_net_30915          1        1      2         
optlc_net_30916          1        1      2         
optlc_net_30917          1        1      2         
optlc_net_30918          1        1      2         
optlc_net_30919          1        1      2         
optlc_net_30920          1        1      2         
optlc_net_30921          1        1      2         
optlc_net_30922          1        1      2         
optlc_net_30923          1        1      2         
optlc_net_30924          1        1      2         
optlc_net_30925          1        1      2         
optlc_net_30926          1        1      2         
optlc_net_30927          1        1      2         
optlc_net_30928          1        1      2         
optlc_net_30929          1        1      2         
optlc_net_30930          1        1      2         
optlc_net_30931          1        1      2         
optlc_net_30932          1        1      2         
optlc_net_30933          1        1      2         
optlc_net_30934          1        1      2         
optlc_net_30935          1        1      2         
optlc_net_30936          1        1      2         
optlc_net_30937          1        1      2         
optlc_net_30938          1        1      2         
optlc_net_30939          1        1      2         
optlc_net_30940          1        1      2         
optlc_net_30941          1        1      2         
optlc_net_30942          1        1      2         
optlc_net_30943          1        1      2         
optlc_net_30944          1        1      2         
optlc_net_30945          1        1      2         
optlc_net_30946          1        1      2         
optlc_net_30947          1        1      2         
optlc_net_30948          1        1      2         
optlc_net_30949          1        1      2         
optlc_net_30950          1        1      2         
optlc_net_30951          1        1      2         
optlc_net_30952          1        1      2         
optlc_net_30953          1        1      2         
optlc_net_30954          1        1      2         
optlc_net_30955          1        1      2         
optlc_net_30956          1        1      2         
optlc_net_30957          1        1      2         
optlc_net_30958          1        1      2         
optlc_net_30959          1        1      2         
optlc_net_30960          1        1      2         
optlc_net_30961          1        1      2         
optlc_net_30962          1        1      2         
optlc_net_30963          1        1      2         
optlc_net_30964          1        1      2         
optlc_net_30965          1        1      2         
optlc_net_30966          1        1      2         
optlc_net_30967          1        1      2         
optlc_net_30968          1        1      2         
optlc_net_30969          1        1      2         
optlc_net_30970          1        1      2         
optlc_net_30971          1        1      2         
optlc_net_30972          1        1      2         
optlc_net_30973          1        1      2         
optlc_net_30974          1        1      2         
optlc_net_30975          1        1      2         
optlc_net_30976          1        1      2         
optlc_net_30977          1        1      2         
optlc_net_30978          1        1      2         
optlc_net_30979          1        1      2         
optlc_net_30980          1        1      2         
optlc_net_30981          1        1      2         
optlc_net_30982          1        1      2         
optlc_net_30983          1        1      2         
optlc_net_30984          1        1      2         
optlc_net_30985          1        1      2         
optlc_net_30986          1        1      2         
optlc_net_30987          1        1      2         
optlc_net_30988          1        1      2         
optlc_net_30989          1        1      2         
optlc_net_30990          1        1      2         
optlc_net_30991          1        1      2         
optlc_net_30992          1        1      2         
optlc_net_30993          1        1      2         
optlc_net_30994          1        1      2         
optlc_net_30995          1        1      2         
optlc_net_30996          1        1      2         
optlc_net_30997          1        1      2         
optlc_net_30998          1        1      2         
optlc_net_30999          1        1      2         
optlc_net_31000          1        1      2         
optlc_net_31001          1        1      2         
optlc_net_31002          1        1      2         
optlc_net_31003          1        1      2         
optlc_net_31004          1        1      2         
optlc_net_31005          1        1      2         
optlc_net_31006          1        1      2         
optlc_net_31007          1        1      2         
optlc_net_31008          1        1      2         
optlc_net_31009          1        1      2         
optlc_net_31010          1        1      2         
optlc_net_31011          1        1      2         
optlc_net_31012          1        1      2         
optlc_net_31013          1        1      2         
optlc_net_31014          1        1      2         
optlc_net_31015          1        1      2         
optlc_net_31016          1        1      2         
optlc_net_31017          1        1      2         
optlc_net_31018          1        1      2         
optlc_net_31019          1        1      2         
optlc_net_31020          1        1      2         
optlc_net_31021          1        1      2         
optlc_net_31022          1        1      2         
optlc_net_31023          1        1      2         
optlc_net_31024          1        1      2         
optlc_net_31025          1        1      2         
optlc_net_31026          1        1      2         
optlc_net_31027          1        1      2         
optlc_net_31028          1        1      2         
optlc_net_31029          1        1      2         
optlc_net_31030          1        1      2         
optlc_net_31031          1        1      2         
optlc_net_31032          1        1      2         
optlc_net_31033          1        1      2         
optlc_net_31034          1        1      2         
optlc_net_31035          1        1      2         
optlc_net_31036          1        1      2         
optlc_net_31037          1        1      2         
optlc_net_31038          1        1      2         
optlc_net_31039          1        1      2         
optlc_net_31040          1        1      2         
optlc_net_31041          1        1      2         
optlc_net_31042          1        1      2         
optlc_net_31043          1        1      2         
optlc_net_31044          1        1      2         
optlc_net_31045          1        1      2         
optlc_net_31046          1        1      2         
optlc_net_31047          1        1      2         
optlc_net_31048          1        1      2         
optlc_net_31049          1        1      2         
optlc_net_31050          1        1      2         
optlc_net_31051          1        1      2         
optlc_net_31052          1        1      2         
optlc_net_31053          1        1      2         
optlc_net_31054          1        1      2         
optlc_net_31055          1        1      2         
optlc_net_31056          1        1      2         
optlc_net_31057          1        1      2         
optlc_net_31058          1        1      2         
optlc_net_31059          1        1      2         
optlc_net_31060          1        1      2         
optlc_net_31061          1        1      2         
optlc_net_31062          1        1      2         
optlc_net_31063          1        1      2         
optlc_net_31064          1        1      2         
optlc_net_31065          1        1      2         
optlc_net_31067          1        1      2         
optlc_net_31068          1        1      2         
optlc_net_31069          1        1      2         
optlc_net_31070          1        1      2         
optlc_net_31071          1        1      2         
optlc_net_31072          1        1      2         
optlc_net_31073          1        1      2         
optlc_net_31074          1        1      2         
optlc_net_31075          1        1      2         
optlc_net_31076          1        1      2         
optlc_net_31077          1        1      2         
optlc_net_31078          1        1      2         
optlc_net_31079          1        1      2         
optlc_net_31080          1        1      2         
optlc_net_31081          1        1      2         
optlc_net_31082          1        1      2         
optlc_net_31083          1        1      2         
optlc_net_31084          1        1      2         
optlc_net_31085          1        1      2         
optlc_net_31086          1        1      2         
optlc_net_31087          1        1      2         
optlc_net_31088          1        1      2         
optlc_net_31089          1        1      2         
optlc_net_31090          1        1      2         
optlc_net_31091          1        1      2         
optlc_net_31092          1        1      2         
optlc_net_31093          1        1      2         
optlc_net_31094          1        1      2         
optlc_net_31095          1        1      2         
optlc_net_31096          1        1      2         
optlc_net_31097          1        1      2         
optlc_net_31098          1        1      2         
optlc_net_31099          1        1      2         
optlc_net_31100          1        1      2         
optlc_net_31101          1        1      2         
optlc_net_31102          1        1      2         
optlc_net_31103          1        1      2         
optlc_net_31104          1        1      2         
optlc_net_31105          1        1      2         
optlc_net_31106          1        1      2         
optlc_net_31107          1        1      2         
optlc_net_31108          1        1      2         
optlc_net_31109          1        1      2         
optlc_net_31110          1        1      2         
optlc_net_31111          1        1      2         
optlc_net_31112          1        1      2         
optlc_net_31113          1        1      2         
optlc_net_31114          1        1      2         
optlc_net_31115          1        1      2         
optlc_net_31116          1        1      2         
optlc_net_31117          1        1      2         
optlc_net_31118          1        1      2         
optlc_net_31119          1        1      2         
optlc_net_31120          1        1      2         
optlc_net_31121          1        1      2         
optlc_net_31122          1        1      2         
optlc_net_31123          1        1      2         
optlc_net_31124          1        1      2         
optlc_net_31125          1        1      2         
optlc_net_31126          1        1      2         
optlc_net_31127          1        1      2         
optlc_net_31128          1        1      2         
optlc_net_31129          1        1      2         
optlc_net_31130          1        1      2         
optlc_net_31131          1        1      2         
optlc_net_31132          1        1      2         
optlc_net_31133          1        1      2         
optlc_net_31134          1        1      2         
optlc_net_31135          1        1      2         
optlc_net_31136          1        1      2         
optlc_net_31137          1        1      2         
optlc_net_31138          1        1      2         
optlc_net_31139          1        1      2         
optlc_net_31140          1        1      2         
optlc_net_31141          1        1      2         
optlc_net_31142          1        1      2         
optlc_net_31143          1        1      2         
optlc_net_31144          1        1      2         
optlc_net_31145          1        1      2         
optlc_net_31147          1        1      2         
optlc_net_31149          1        1      2         
optlc_net_31150          1        1      2         
optlc_net_31151          1        1      2         
optlc_net_31152          1        1      2         
optlc_net_31153          1        1      2         
optlc_net_31154          1        1      2         
optlc_net_31155          1        1      2         
optlc_net_31156          1        1      2         
optlc_net_31157          1        1      2         
optlc_net_31158          1        1      2         
optlc_net_31159          1        1      2         
optlc_net_31160          1        1      2         
optlc_net_31161          1        1      2         
optlc_net_31162          1        1      2         
optlc_net_31163          1        1      2         
optlc_net_31164          1        1      2         
optlc_net_31165          1        1      2         
optlc_net_31166          1        1      2         
optlc_net_31167          1        1      2         
optlc_net_31168          1        1      2         
optlc_net_31169          1        1      2         
optlc_net_31170          1        1      2         
optlc_net_31171          1        1      2         
optlc_net_31172          1        1      2         
optlc_net_31173          1        1      2         
optlc_net_31174          1        1      2         
optlc_net_31175          1        1      2         
optlc_net_31176          1        1      2         
optlc_net_31177          1        1      2         
optlc_net_31178          1        1      2         
optlc_net_31179          1        1      2         
optlc_net_31180          1        1      2         
optlc_net_31181          1        1      2         
optlc_net_31182          1        1      2         
optlc_net_31183          1        1      2         
optlc_net_31184          1        1      2         
optlc_net_31185          1        1      2         
optlc_net_31186          1        1      2         
optlc_net_31187          1        1      2         
optlc_net_31188          1        1      2         
optlc_net_31189          1        1      2         
optlc_net_31190          1        1      2         
optlc_net_31191          1        1      2         
optlc_net_31192          1        1      2         
optlc_net_31193          1        1      2         
optlc_net_31194          1        1      2         
optlc_net_31195          1        1      2         
optlc_net_31196          1        1      2         
optlc_net_31197          1        1      2         
optlc_net_31198          1        1      2         
optlc_net_31199          1        1      2         
optlc_net_31200          1        1      2         
optlc_net_31201          1        1      2         
optlc_net_31202          1        1      2         
optlc_net_31203          1        1      2         
optlc_net_31204          1        1      2         
optlc_net_31205          1        1      2         
optlc_net_31206          1        1      2         
optlc_net_31207          1        1      2         
optlc_net_31208          1        1      2         
optlc_net_31209          1        1      2         
optlc_net_31210          1        1      2         
optlc_net_31211          1        1      2         
optlc_net_31212          1        1      2         
optlc_net_31213          1        1      2         
optlc_net_31214          1        1      2         
optlc_net_31215          1        1      2         
optlc_net_31216          1        1      2         
optlc_net_31217          1        1      2         
optlc_net_31218          1        1      2         
optlc_net_31219          1        1      2         
optlc_net_31220          1        1      2         
optlc_net_31221          1        1      2         
optlc_net_31222          1        1      2         
optlc_net_31223          1        1      2         
optlc_net_31224          1        1      2         
optlc_net_31225          1        1      2         
optlc_net_31226          1        1      2         
optlc_net_31227          1        1      2         
optlc_net_31228          1        1      2         
optlc_net_31229          1        1      2         
optlc_net_31230          1        1      2         
optlc_net_31231          1        1      2         
optlc_net_31232          1        1      2         
optlc_net_31233          1        1      2         
optlc_net_31234          1        1      2         
optlc_net_31235          1        1      2         
optlc_net_31236          1        1      2         
optlc_net_31237          1        1      2         
optlc_net_31238          1        1      2         
optlc_net_31239          1        1      2         
optlc_net_31240          1        1      2         
optlc_net_31241          1        1      2         
optlc_net_31242          1        1      2         
optlc_net_31243          1        1      2         
optlc_net_31244          1        1      2         
optlc_net_31245          1        1      2         
optlc_net_31246          1        1      2         
optlc_net_31247          1        1      2         
optlc_net_31248          1        1      2         
optlc_net_31249          1        1      2         
optlc_net_31250          1        1      2         
optlc_net_31251          1        1      2         
optlc_net_31252          1        1      2         
optlc_net_31253          1        1      2         
optlc_net_31254          1        1      2         
optlc_net_31255          1        1      2         
optlc_net_31256          1        1      2         
optlc_net_31257          1        1      2         
optlc_net_31258          1        1      2         
optlc_net_31259          1        1      2         
optlc_net_31260          1        1      2         
optlc_net_31261          1        1      2         
optlc_net_31262          1        1      2         
optlc_net_31263          1        1      2         
optlc_net_31264          1        1      2         
optlc_net_31265          1        1      2         
optlc_net_31266          1        1      2         
optlc_net_31267          1        1      2         
optlc_net_31268          1        1      2         
optlc_net_31269          1        1      2         
optlc_net_31270          1        1      2         
optlc_net_31271          1        1      2         
optlc_net_31272          1        1      2         
optlc_net_31273          1        1      2         
optlc_net_31274          1        1      2         
optlc_net_31275          1        1      2         
optlc_net_31277          1        1      2         
optlc_net_31278          1        1      2         
optlc_net_31279          1        1      2         
optlc_net_31280          1        1      2         
optlc_net_31281          1        1      2         
optlc_net_31282          1        1      2         
optlc_net_31283          1        1      2         
optlc_net_31284          1        1      2         
optlc_net_31285          1        1      2         
optlc_net_31286          1        1      2         
optlc_net_31287          1        1      2         
optlc_net_31288          1        1      2         
optlc_net_31289          1        1      2         
optlc_net_31290          1        1      2         
optlc_net_31291          1        1      2         
optlc_net_31292          1        1      2         
optlc_net_31293          1        1      2         
optlc_net_31294          1        1      2         
optlc_net_31295          1        1      2         
optlc_net_31296          1        1      2         
optlc_net_31297          1        1      2         
optlc_net_31298          1        1      2         
optlc_net_31299          1        1      2         
optlc_net_31300          1        1      2         
optlc_net_31301          1        1      2         
optlc_net_31302          1        1      2         
optlc_net_31303          1        1      2         
optlc_net_31304          1        1      2         
optlc_net_31305          1        1      2         
optlc_net_31306          1        1      2         
optlc_net_31307          1        1      2         
optlc_net_31308          1        1      2         
optlc_net_31309          1        1      2         
optlc_net_31310          1        1      2         
optlc_net_31311          1        1      2         
optlc_net_31312          1        1      2         
optlc_net_31313          1        1      2         
optlc_net_31314          1        1      2         
optlc_net_31315          1        1      2         
optlc_net_31316          1        1      2         
optlc_net_31317          1        1      2         
optlc_net_31318          1        1      2         
optlc_net_31319          1        1      2         
optlc_net_31320          1        1      2         
optlc_net_31321          1        1      2         
optlc_net_31322          1        1      2         
optlc_net_31323          1        1      2         
optlc_net_31324          1        1      2         
optlc_net_31325          1        1      2         
optlc_net_31326          1        1      2         
optlc_net_31327          1        1      2         
optlc_net_31328          1        1      2         
optlc_net_31329          1        1      2         
optlc_net_31330          1        1      2         
optlc_net_31331          1        1      2         
optlc_net_31332          1        1      2         
optlc_net_31334          1        1      2         
optlc_net_31335          1        1      2         
optlc_net_31336          1        1      2         
optlc_net_31337          1        1      2         
optlc_net_31338          1        1      2         
optlc_net_31339          1        1      2         
optlc_net_31340          1        1      2         
optlc_net_31341          1        1      2         
optlc_net_31342          1        1      2         
optlc_net_31343          1        1      2         
optlc_net_31344          1        1      2         
optlc_net_31345          1        1      2         
optlc_net_31346          1        1      2         
optlc_net_31347          1        1      2         
optlc_net_31348          1        1      2         
optlc_net_31349          1        1      2         
optlc_net_31350          1        1      2         
optlc_net_31351          1        1      2         
optlc_net_31352          1        1      2         
optlc_net_31353          1        1      2         
optlc_net_31354          1        1      2         
optlc_net_31355          1        1      2         
optlc_net_31356          1        1      2         
optlc_net_31357          1        1      2         
optlc_net_31358          1        1      2         
optlc_net_31359          1        1      2         
optlc_net_31360          1        1      2         
optlc_net_31361          1        1      2         
optlc_net_31362          1        1      2         
optlc_net_31363          1        1      2         
optlc_net_31364          1        1      2         
optlc_net_31365          1        1      2         
optlc_net_31366          1        1      2         
optlc_net_31367          1        1      2         
optlc_net_31368          1        1      2         
optlc_net_31369          1        1      2         
optlc_net_31370          1        1      2         
optlc_net_31371          1        1      2         
optlc_net_31372          1        1      2         
optlc_net_31373          1        1      2         
optlc_net_31374          1        1      2         
optlc_net_31375          1        1      2         
optlc_net_31376          1        1      2         
optlc_net_31377          1        1      2         
optlc_net_31378          1        1      2         
optlc_net_31379          1        1      2         
optlc_net_31380          1        1      2         
optlc_net_31381          1        1      2         
optlc_net_31382          1        1      2         
optlc_net_31383          1        1      2         
optlc_net_31384          1        1      2         
optlc_net_31385          1        1      2         
optlc_net_31386          1        1      2         
optlc_net_31387          1        1      2         
optlc_net_31388          1        1      2         
optlc_net_31389          1        1      2         
optlc_net_31390          1        1      2         
optlc_net_31391          1        1      2         
optlc_net_31392          1        1      2         
optlc_net_31393          1        1      2         
optlc_net_31394          1        1      2         
optlc_net_31395          1        1      2         
optlc_net_31396          1        1      2         
optlc_net_31397          1        1      2         
optlc_net_31398          1        1      2         
optlc_net_31399          1        1      2         
optlc_net_31400          1        1      2         
optlc_net_31401          1        1      2         
optlc_net_31402          1        1      2         
optlc_net_31403          1        1      2         
optlc_net_31404          1        1      2         
optlc_net_31405          1        1      2         
optlc_net_31406          1        1      2         
optlc_net_31407          1        1      2         
optlc_net_31408          1        1      2         
optlc_net_31409          1        1      2         
optlc_net_31410          1        1      2         
optlc_net_31411          1        1      2         
optlc_net_31412          1        1      2         
optlc_net_31413          1        1      2         
optlc_net_31414          1        1      2         
optlc_net_31415          1        1      2         
optlc_net_31416          1        1      2         
optlc_net_31417          1        1      2         
optlc_net_31418          1        1      2         
optlc_net_31419          1        1      2         
optlc_net_31420          1        1      2         
optlc_net_31421          1        1      2         
optlc_net_31422          1        1      2         
optlc_net_31423          1        1      2         
optlc_net_31424          1        1      2         
optlc_net_31425          1        1      2         
optlc_net_31426          1        1      2         
optlc_net_31427          1        1      2         
optlc_net_31428          1        1      2         
optlc_net_31429          1        1      2         
optlc_net_31430          1        1      2         
optlc_net_31431          1        1      2         
optlc_net_31432          1        1      2         
optlc_net_31433          1        1      2         
optlc_net_31434          1        1      2         
optlc_net_31435          1        1      2         
optlc_net_31436          1        1      2         
optlc_net_31437          1        1      2         
optlc_net_31438          1        1      2         
optlc_net_31439          1        1      2         
optlc_net_31440          1        1      2         
optlc_net_31441          1        1      2         
optlc_net_31442          1        1      2         
optlc_net_31443          1        1      2         
optlc_net_31444          1        1      2         
optlc_net_31445          1        1      2         
optlc_net_31446          1        1      2         
optlc_net_31447          1        1      2         
optlc_net_31448          1        1      2         
optlc_net_31449          1        1      2         
optlc_net_31450          1        1      2         
optlc_net_31451          1        1      2         
optlc_net_31452          1        1      2         
optlc_net_31453          1        1      2         
optlc_net_31454          1        1      2         
optlc_net_31455          1        1      2         
optlc_net_31456          1        1      2         
optlc_net_31457          1        1      2         
optlc_net_31458          1        1      2         
optlc_net_31459          1        1      2         
optlc_net_31460          1        1      2         
optlc_net_31461          1        1      2         
optlc_net_31462          1        1      2         
optlc_net_31463          1        1      2         
optlc_net_31464          1        1      2         
optlc_net_31465          1        1      2         
optlc_net_31466          1        1      2         
optlc_net_31467          1        1      2         
optlc_net_31468          1        1      2         
optlc_net_31469          1        1      2         
optlc_net_31470          1        1      2         
optlc_net_31471          1        1      2         
optlc_net_31472          1        1      2         
optlc_net_31473          1        1      2         
optlc_net_31474          1        1      2         
optlc_net_31475          1        1      2         
optlc_net_31476          1        1      2         
optlc_net_31477          1        1      2         
optlc_net_31478          1        1      2         
optlc_net_31479          1        1      2         
optlc_net_31480          1        1      2         
optlc_net_31481          1        1      2         
optlc_net_31482          1        1      2         
optlc_net_31483          1        1      2         
optlc_net_31484          1        1      2         
optlc_net_31485          1        1      2         
optlc_net_31486          1        1      2         
optlc_net_31487          1        1      2         
optlc_net_31488          1        1      2         
optlc_net_31489          1        1      2         
optlc_net_31490          1        1      2         
optlc_net_31491          1        1      2         
optlc_net_31492          1        1      2         
optlc_net_31493          1        1      2         
optlc_net_31494          1        1      2         
optlc_net_31495          1        1      2         
optlc_net_31496          1        1      2         
optlc_net_31497          1        1      2         
optlc_net_31498          1        1      2         
optlc_net_31499          1        1      2         
optlc_net_31500          1        1      2         
optlc_net_31501          1        1      2         
optlc_net_31502          1        1      2         
optlc_net_31503          1        1      2         
optlc_net_31504          1        1      2         
optlc_net_31505          1        1      2         
optlc_net_31506          1        1      2         
optlc_net_31507          1        1      2         
optlc_net_31508          1        1      2         
optlc_net_31509          1        1      2         
optlc_net_31510          1        1      2         
optlc_net_31511          1        1      2         
optlc_net_31512          1        1      2         
optlc_net_31513          1        1      2         
optlc_net_31514          1        1      2         
optlc_net_31515          1        1      2         
optlc_net_31516          1        1      2         
optlc_net_31517          1        1      2         
optlc_net_31518          1        1      2         
optlc_net_31519          1        1      2         
optlc_net_31520          1        1      2         
optlc_net_31521          1        1      2         
optlc_net_31522          1        1      2         
optlc_net_31523          1        1      2         
optlc_net_31524          1        1      2         
optlc_net_31525          1        1      2         
optlc_net_31526          1        1      2         
optlc_net_31527          1        1      2         
optlc_net_31528          1        1      2         
optlc_net_31529          1        1      2         
optlc_net_31530          1        1      2         
optlc_net_31531          1        1      2         
optlc_net_31532          1        1      2         
optlc_net_31533          1        1      2         
optlc_net_31534          1        1      2         
optlc_net_31535          1        1      2         
optlc_net_31536          1        1      2         
optlc_net_31537          1        1      2         
optlc_net_31538          1        1      2         
optlc_net_31539          1        1      2         
optlc_net_31540          1        1      2         
optlc_net_31541          1        1      2         
optlc_net_31542          1        1      2         
optlc_net_31543          1        1      2         
optlc_net_31544          1        1      2         
optlc_net_31545          1        1      2         
optlc_net_31546          1        1      2         
optlc_net_31547          1        1      2         
optlc_net_31548          1        1      2         
optlc_net_31549          1        1      2         
optlc_net_31550          1        1      2         
optlc_net_31551          1        1      2         
optlc_net_31552          1        1      2         
optlc_net_31553          1        1      2         
optlc_net_31554          1        1      2         
optlc_net_31555          1        1      2         
optlc_net_31556          1        1      2         
optlc_net_31557          1        1      2         
optlc_net_31558          1        1      2         
optlc_net_31559          1        1      2         
optlc_net_31560          1        1      2         
optlc_net_31562          1        1      2         
optlc_net_31563          1        1      2         
optlc_net_31564          1        1      2         
optlc_net_31565          1        1      2         
optlc_net_31566          1        1      2         
optlc_net_31567          1        1      2         
optlc_net_31568          1        1      2         
optlc_net_31569          1        1      2         
optlc_net_31570          1        1      2         
optlc_net_31571          1        1      2         
optlc_net_31572          1        1      2         
optlc_net_31573          1        1      2         
optlc_net_31574          1        1      2         
optlc_net_31575          1        1      2         
optlc_net_31576          1        1      2         
optlc_net_31577          1        1      2         
optlc_net_31578          1        1      2         
optlc_net_31579          1        1      2         
optlc_net_31580          1        1      2         
optlc_net_31581          1        1      2         
optlc_net_31582          1        1      2         
optlc_net_31583          1        1      2         
optlc_net_31584          1        1      2         
optlc_net_31585          1        1      2         
optlc_net_31586          1        1      2         
optlc_net_31587          1        1      2         
optlc_net_31588          1        1      2         
optlc_net_31589          1        1      2         
optlc_net_31590          1        1      2         
optlc_net_31591          1        1      2         
optlc_net_31592          1        1      2         
optlc_net_31593          1        1      2         
optlc_net_31594          1        1      2         
optlc_net_31595          1        1      2         
optlc_net_31596          1        1      2         
optlc_net_31597          1        1      2         
optlc_net_31598          1        1      2         
optlc_net_31599          1        1      2         
optlc_net_31600          1        1      2         
optlc_net_31601          1        1      2         
optlc_net_31602          1        1      2         
optlc_net_31603          1        1      2         
optlc_net_31604          1        1      2         
optlc_net_31605          1        1      2         
optlc_net_31606          1        1      2         
optlc_net_31607          1        1      2         
optlc_net_31608          1        1      2         
optlc_net_31609          1        1      2         
optlc_net_31610          1        1      2         
optlc_net_31611          1        1      2         
optlc_net_31612          1        1      2         
optlc_net_31613          1        1      2         
optlc_net_31614          1        1      2         
optlc_net_31615          1        1      2         
optlc_net_31616          1        1      2         
optlc_net_31617          1        1      2         
optlc_net_31618          1        1      2         
optlc_net_31619          1        1      2         
optlc_net_31620          1        1      2         
optlc_net_31621          1        1      2         
optlc_net_31622          1        1      2         
optlc_net_31623          1        1      2         
optlc_net_31624          1        1      2         
optlc_net_31625          1        1      2         
optlc_net_31626          1        1      2         
optlc_net_31627          1        1      2         
optlc_net_31628          1        1      2         
optlc_net_31629          1        1      2         
optlc_net_31630          1        1      2         
optlc_net_31631          1        1      2         
optlc_net_31632          1        1      2         
optlc_net_31633          1        1      2         
optlc_net_31634          1        1      2         
optlc_net_31635          1        1      2         
optlc_net_31636          1        1      2         
optlc_net_31637          1        1      2         
optlc_net_31638          1        1      2         
optlc_net_31639          1        1      2         
optlc_net_31640          1        1      2         
optlc_net_31641          1        1      2         
optlc_net_31642          1        1      2         
optlc_net_31643          1        1      2         
optlc_net_31644          1        1      2         
optlc_net_31645          1        1      2         
optlc_net_31646          1        1      2         
optlc_net_31647          1        1      2         
optlc_net_31648          1        1      2         
optlc_net_31649          1        1      2         
optlc_net_31650          1        1      2         
optlc_net_31651          1        1      2         
optlc_net_31652          1        1      2         
optlc_net_31653          1        1      2         
optlc_net_31654          1        1      2         
optlc_net_31655          1        1      2         
optlc_net_31656          1        1      2         
optlc_net_31657          1        1      2         
optlc_net_31658          1        1      2         
optlc_net_31659          1        1      2         
optlc_net_31660          1        1      2         
optlc_net_31661          1        1      2         
optlc_net_31662          1        1      2         
optlc_net_31663          1        1      2         
optlc_net_31664          1        1      2         
optlc_net_31665          1        1      2         
optlc_net_31666          1        1      2         
optlc_net_31667          1        1      2         
optlc_net_31668          1        1      2         
optlc_net_31669          1        1      2         
optlc_net_31670          1        1      2         
optlc_net_31671          1        1      2         
optlc_net_31672          1        1      2         
optlc_net_31673          1        1      2         
optlc_net_31674          1        1      2         
optlc_net_31675          1        1      2         
optlc_net_31676          1        1      2         
optlc_net_31677          1        1      2         
optlc_net_31678          1        1      2         
optlc_net_31679          1        1      2         
optlc_net_31680          1        1      2         
optlc_net_31681          1        1      2         
optlc_net_31682          1        1      2         
optlc_net_31683          1        1      2         
optlc_net_31684          1        1      2         
optlc_net_31685          1        1      2         
optlc_net_31686          1        1      2         
optlc_net_31687          1        1      2         
optlc_net_31688          1        1      2         
optlc_net_31689          1        1      2         
optlc_net_31690          1        1      2         
optlc_net_31691          1        1      2         
optlc_net_31692          1        1      2         
optlc_net_31693          1        1      2         
optlc_net_31694          1        1      2         
optlc_net_31695          1        1      2         
optlc_net_31696          1        1      2         
optlc_net_31697          1        1      2         
optlc_net_31698          1        1      2         
optlc_net_31699          1        1      2         
optlc_net_31700          1        1      2         
optlc_net_31701          1        1      2         
optlc_net_31702          1        1      2         
optlc_net_31703          1        1      2         
optlc_net_31704          1        1      2         
optlc_net_31705          1        1      2         
optlc_net_31706          1        1      2         
optlc_net_31707          1        1      2         
optlc_net_31708          1        1      2         
optlc_net_31709          1        1      2         
optlc_net_31710          1        1      2         
optlc_net_31711          1        1      2         
optlc_net_31712          1        1      2         
optlc_net_31713          1        1      2         
optlc_net_31714          1        1      2         
optlc_net_31715          1        1      2         
optlc_net_31716          1        1      2         
optlc_net_31717          1        1      2         
optlc_net_31718          1        1      2         
optlc_net_31719          1        1      2         
optlc_net_31720          1        1      2         
optlc_net_31721          1        1      2         
optlc_net_31722          1        1      2         
optlc_net_31723          1        1      2         
optlc_net_31724          1        1      2         
optlc_net_31725          1        1      2         
optlc_net_31726          1        1      2         
optlc_net_31727          1        1      2         
optlc_net_31728          1        1      2         
optlc_net_31729          1        1      2         
optlc_net_31730          1        1      2         
optlc_net_31731          1        1      2         
optlc_net_31732          1        1      2         
optlc_net_31733          1        1      2         
optlc_net_31734          1        1      2         
optlc_net_31735          1        1      2         
optlc_net_31736          1        1      2         
optlc_net_31737          1        1      2         
optlc_net_31738          1        1      2         
optlc_net_31739          1        1      2         
optlc_net_31740          1        1      2         
optlc_net_31741          1        1      2         
optlc_net_31742          1        1      2         
optlc_net_31743          1        1      2         
optlc_net_31744          1        1      2         
optlc_net_31745          1        1      2         
optlc_net_31746          1        1      2         
optlc_net_31747          1        1      2         
optlc_net_31748          1        1      2         
optlc_net_31749          1        1      2         
optlc_net_31750          1        1      2         
optlc_net_31751          1        1      2         
optlc_net_31752          1        1      2         
optlc_net_31753          1        1      2         
optlc_net_31754          1        1      2         
optlc_net_31755          1        1      2         
optlc_net_31756          1        1      2         
optlc_net_31757          1        1      2         
optlc_net_31758          1        1      2         
optlc_net_31759          1        1      2         
optlc_net_31760          1        1      2         
optlc_net_31761          1        1      2         
optlc_net_31762          1        1      2         
optlc_net_31764          1        1      2         
optlc_net_31765          1        1      2         
optlc_net_31766          1        1      2         
optlc_net_31767          1        1      2         
optlc_net_31768          1        1      2         
optlc_net_31769          1        1      2         
optlc_net_31770          1        1      2         
optlc_net_31771          1        1      2         
optlc_net_31772          1        1      2         
optlc_net_31773          1        1      2         
optlc_net_31774          1        1      2         
optlc_net_31775          1        1      2         
optlc_net_31776          1        1      2         
optlc_net_31777          1        1      2         
optlc_net_31778          1        1      2         
optlc_net_31779          1        1      2         
optlc_net_31780          1        1      2         
optlc_net_31781          1        1      2         
optlc_net_31782          1        1      2         
optlc_net_31783          1        1      2         
optlc_net_31784          1        1      2         
optlc_net_31785          1        1      2         
optlc_net_31786          1        1      2         
optlc_net_31787          1        1      2         
optlc_net_31788          1        1      2         
optlc_net_31789          1        1      2         
optlc_net_31790          1        1      2         
optlc_net_31791          1        1      2         
optlc_net_31792          1        1      2         
optlc_net_31793          1        1      2         
optlc_net_31794          1        1      2         
optlc_net_31795          1        1      2         
optlc_net_31796          1        1      2         
optlc_net_31797          1        1      2         
optlc_net_31798          1        1      2         
optlc_net_31799          1        1      2         
optlc_net_31800          1        1      2         
optlc_net_31801          1        1      2         
optlc_net_31802          1        1      2         
optlc_net_31803          1        1      2         
optlc_net_31804          1        1      2         
optlc_net_31805          1        1      2         
optlc_net_31806          1        1      2         
optlc_net_31807          1        1      2         
optlc_net_31808          1        1      2         
optlc_net_31809          1        1      2         
optlc_net_31810          1        1      2         
optlc_net_31811          1        1      2         
optlc_net_31812          1        1      2         
optlc_net_31813          1        1      2         
optlc_net_31814          1        1      2         
optlc_net_31815          1        1      2         
optlc_net_31816          1        1      2         
optlc_net_31817          1        1      2         
optlc_net_31818          1        1      2         
optlc_net_31819          1        1      2         
optlc_net_31820          1        1      2         
optlc_net_31821          1        1      2         
optlc_net_31822          1        1      2         
optlc_net_31823          1        1      2         
optlc_net_31824          1        1      2         
optlc_net_31825          1        1      2         
optlc_net_31826          1        1      2         
optlc_net_31827          1        1      2         
optlc_net_31828          1        1      2         
optlc_net_31829          1        1      2         
optlc_net_31830          1        1      2         
optlc_net_31831          1        1      2         
optlc_net_31832          1        1      2         
optlc_net_31833          1        1      2         
optlc_net_31834          1        1      2         
optlc_net_31835          1        1      2         
optlc_net_31836          1        1      2         
optlc_net_31837          1        1      2         
optlc_net_31838          1        1      2         
optlc_net_31840          1        1      2         
optlc_net_31841          1        1      2         
optlc_net_31842          1        1      2         
optlc_net_31843          1        1      2         
optlc_net_31845          1        1      2         
optlc_net_31846          1        1      2         
optlc_net_31847          1        1      2         
optlc_net_31848          1        1      2         
optlc_net_31849          1        1      2         
optlc_net_31850          1        1      2         
optlc_net_31851          1        1      2         
optlc_net_31852          1        1      2         
optlc_net_31853          1        1      2         
optlc_net_31854          1        1      2         
optlc_net_31855          1        1      2         
optlc_net_31856          1        1      2         
optlc_net_31857          1        1      2         
optlc_net_31858          1        1      2         
optlc_net_31859          1        1      2         
optlc_net_31860          1        1      2         
optlc_net_31861          1        1      2         
optlc_net_31862          1        1      2         
optlc_net_31863          1        1      2         
optlc_net_31864          1        1      2         
optlc_net_31865          1        1      2         
optlc_net_31866          1        1      2         
optlc_net_31867          1        1      2         
optlc_net_31868          1        1      2         
optlc_net_31869          1        1      2         
optlc_net_31870          1        1      2         
optlc_net_31871          1        1      2         
optlc_net_31872          1        1      2         
optlc_net_31873          1        1      2         
optlc_net_31874          1        1      2         
optlc_net_31875          1        1      2         
optlc_net_31876          1        1      2         
optlc_net_31877          1        1      2         
optlc_net_31878          1        1      2         
optlc_net_31879          1        1      2         
optlc_net_31880          1        1      2         
optlc_net_31881          1        1      2         
optlc_net_31882          1        1      2         
optlc_net_31883          1        1      2         
optlc_net_31884          1        1      2         
optlc_net_31885          1        1      2         
optlc_net_31886          1        1      2         
optlc_net_31887          1        1      2         
optlc_net_31888          1        1      2         
optlc_net_31889          1        1      2         
optlc_net_31890          1        1      2         
optlc_net_31891          1        1      2         
optlc_net_31892          1        1      2         
optlc_net_31893          1        1      2         
optlc_net_31894          1        1      2         
optlc_net_31895          1        1      2         
optlc_net_31896          1        1      2         
optlc_net_31897          1        1      2         
optlc_net_31898          1        1      2         
optlc_net_31899          1        1      2         
optlc_net_31900          1        1      2         
optlc_net_31901          1        1      2         
optlc_net_31902          1        1      2         
optlc_net_31903          1        1      2         
optlc_net_31904          1        1      2         
optlc_net_31905          1        1      2         
optlc_net_31906          1        1      2         
optlc_net_31907          1        1      2         
optlc_net_31908          1        1      2         
optlc_net_31909          1        1      2         
optlc_net_31910          1        1      2         
optlc_net_31911          1        1      2         
optlc_net_31912          1        1      2         
optlc_net_31913          1        1      2         
optlc_net_31914          1        1      2         
optlc_net_31915          1        1      2         
optlc_net_31916          1        1      2         
optlc_net_31917          1        1      2         
optlc_net_31918          1        1      2         
optlc_net_31919          1        1      2         
optlc_net_31920          1        1      2         
optlc_net_31921          1        1      2         
optlc_net_31922          1        1      2         
optlc_net_31923          1        1      2         
optlc_net_31924          1        1      2         
optlc_net_31925          1        1      2         
optlc_net_31926          1        1      2         
optlc_net_31927          1        1      2         
optlc_net_31928          1        1      2         
optlc_net_31929          1        1      2         
optlc_net_31930          1        1      2         
optlc_net_31931          1        1      2         
optlc_net_31932          1        1      2         
optlc_net_31933          1        1      2         
optlc_net_31934          1        1      2         
optlc_net_31935          1        1      2         
optlc_net_31936          1        1      2         
optlc_net_31937          1        1      2         
optlc_net_31938          1        1      2         
optlc_net_31939          1        1      2         
optlc_net_31940          1        1      2         
optlc_net_31941          1        1      2         
optlc_net_31942          1        1      2         
optlc_net_31943          1        1      2         
optlc_net_31944          1        1      2         
optlc_net_31945          1        1      2         
optlc_net_31946          1        1      2         
optlc_net_31947          1        1      2         
optlc_net_31948          1        1      2         
optlc_net_31949          1        1      2         
optlc_net_31950          1        1      2         
optlc_net_31951          1        1      2         
optlc_net_31952          1        1      2         
optlc_net_31953          1        1      2         
optlc_net_31954          1        1      2         
optlc_net_31955          1        1      2         
optlc_net_31956          1        1      2         
optlc_net_31957          1        1      2         
optlc_net_31958          1        1      2         
optlc_net_31959          1        1      2         
optlc_net_31960          1        1      2         
optlc_net_31961          1        1      2         
optlc_net_31962          1        1      2         
optlc_net_31963          1        1      2         
optlc_net_31964          1        1      2         
optlc_net_31965          1        1      2         
optlc_net_31966          1        1      2         
optlc_net_31967          1        1      2         
optlc_net_31968          1        1      2         
optlc_net_31969          1        1      2         
optlc_net_31970          1        1      2         
optlc_net_31971          1        1      2         
optlc_net_31972          1        1      2         
optlc_net_31973          1        1      2         
optlc_net_31974          1        1      2         
optlc_net_31975          1        1      2         
optlc_net_31976          1        1      2         
optlc_net_31977          1        1      2         
optlc_net_31978          1        1      2         
optlc_net_31979          1        1      2         
optlc_net_31980          1        1      2         
optlc_net_31981          1        1      2         
optlc_net_31982          1        1      2         
optlc_net_31983          1        1      2         
optlc_net_31984          1        1      2         
optlc_net_31985          1        1      2         
optlc_net_31986          1        1      2         
optlc_net_31987          1        1      2         
optlc_net_31988          1        1      2         
optlc_net_31989          1        1      2         
optlc_net_31991          1        1      2         
optlc_net_31992          1        1      2         
optlc_net_31993          1        1      2         
optlc_net_31994          1        1      2         
optlc_net_31995          1        1      2         
optlc_net_31996          1        1      2         
optlc_net_31997          1        1      2         
optlc_net_31998          1        1      2         
optlc_net_31999          1        1      2         
optlc_net_32000          1        1      2         
optlc_net_32001          1        1      2         
optlc_net_32002          1        1      2         
optlc_net_32003          1        1      2         
optlc_net_32004          1        1      2         
optlc_net_32005          1        1      2         
optlc_net_32006          1        1      2         
optlc_net_32007          1        1      2         
optlc_net_32008          1        1      2         
optlc_net_32009          1        1      2         
optlc_net_32010          1        1      2         
optlc_net_32011          1        1      2         
optlc_net_32012          1        1      2         
optlc_net_32013          1        1      2         
optlc_net_32014          1        1      2         
optlc_net_32015          1        1      2         
optlc_net_32016          1        1      2         
optlc_net_32017          1        1      2         
optlc_net_32018          1        1      2         
optlc_net_32019          1        1      2         
optlc_net_32020          1        1      2         
optlc_net_32021          1        1      2         
optlc_net_32022          1        1      2         
optlc_net_32023          1        1      2         
optlc_net_32024          1        1      2         
optlc_net_32025          1        1      2         
optlc_net_32026          1        1      2         
optlc_net_32027          1        1      2         
optlc_net_32028          1        1      2         
optlc_net_32029          1        1      2         
optlc_net_32030          1        1      2         
optlc_net_32031          1        1      2         
optlc_net_32032          1        1      2         
optlc_net_32033          1        1      2         
optlc_net_32034          1        1      2         
optlc_net_32035          1        1      2         
optlc_net_32036          1        1      2         
optlc_net_32037          1        1      2         
optlc_net_32038          1        1      2         
optlc_net_32039          1        1      2         
optlc_net_32040          1        1      2         
optlc_net_32041          1        1      2         
optlc_net_32042          1        1      2         
optlc_net_32043          1        1      2         
optlc_net_32044          1        1      2         
optlc_net_32045          1        1      2         
optlc_net_32046          1        1      2         
optlc_net_32047          1        1      2         
optlc_net_32048          1        1      2         
optlc_net_32049          1        1      2         
optlc_net_32050          1        1      2         
optlc_net_32051          1        1      2         
optlc_net_32052          1        1      2         
optlc_net_32053          1        1      2         
optlc_net_32054          1        1      2         
optlc_net_32055          1        1      2         
optlc_net_32056          1        1      2         
optlc_net_32057          1        1      2         
optlc_net_32058          1        1      2         
optlc_net_32059          1        1      2         
optlc_net_32060          1        1      2         
optlc_net_32061          1        1      2         
optlc_net_32062          1        1      2         
optlc_net_32063          1        1      2         
optlc_net_32064          1        1      2         
optlc_net_32065          1        1      2         
optlc_net_32066          1        1      2         
optlc_net_32067          1        1      2         
optlc_net_32068          1        1      2         
optlc_net_32069          1        1      2         
optlc_net_32070          1        1      2         
optlc_net_32071          1        1      2         
optlc_net_32072          1        1      2         
optlc_net_32073          1        1      2         
optlc_net_32074          1        1      2         
optlc_net_32075          1        1      2         
optlc_net_32076          1        1      2         
optlc_net_32077          1        1      2         
optlc_net_32078          1        1      2         
optlc_net_32079          1        1      2         
optlc_net_32080          1        1      2         
optlc_net_32081          1        1      2         
optlc_net_32082          1        1      2         
optlc_net_32083          1        1      2         
optlc_net_32084          1        1      2         
optlc_net_32085          1        1      2         
optlc_net_32086          1        1      2         
optlc_net_32087          1        1      2         
optlc_net_32088          1        1      2         
optlc_net_32089          1        1      2         
optlc_net_32090          1        1      2         
optlc_net_32091          1        1      2         
optlc_net_32092          1        1      2         
optlc_net_32093          1        1      2         
optlc_net_32094          1        1      2         
optlc_net_32095          1        1      2         
optlc_net_32096          1        1      2         
optlc_net_32097          1        1      2         
optlc_net_32098          1        1      2         
optlc_net_32099          1        1      2         
optlc_net_32100          1        1      2         
optlc_net_32101          1        1      2         
optlc_net_32102          1        1      2         
optlc_net_32103          1        1      2         
optlc_net_32104          1        1      2         
optlc_net_32105          1        1      2         
optlc_net_32106          1        1      2         
optlc_net_32107          1        1      2         
optlc_net_32108          1        1      2         
optlc_net_32109          1        1      2         
optlc_net_32110          1        1      2         
optlc_net_32111          1        1      2         
optlc_net_32112          1        1      2         
optlc_net_32113          1        1      2         
optlc_net_32114          1        1      2         
optlc_net_32115          1        1      2         
optlc_net_32116          1        1      2         
optlc_net_32117          1        1      2         
optlc_net_32118          1        1      2         
optlc_net_32119          1        1      2         
optlc_net_32120          1        1      2         
optlc_net_32121          1        1      2         
optlc_net_32122          1        1      2         
optlc_net_32123          1        1      2         
optlc_net_32124          1        1      2         
optlc_net_32125          1        1      2         
optlc_net_32126          1        1      2         
optlc_net_32127          1        1      2         
optlc_net_32128          1        1      2         
optlc_net_32129          1        1      2         
optlc_net_32130          1        1      2         
optlc_net_32131          1        1      2         
optlc_net_32132          1        1      2         
optlc_net_32133          1        1      2         
optlc_net_32134          1        1      2         
optlc_net_32135          1        1      2         
optlc_net_32136          1        1      2         
optlc_net_32137          1        1      2         
optlc_net_32138          1        1      2         
optlc_net_32139          1        1      2         
optlc_net_32140          1        1      2         
optlc_net_32141          1        1      2         
optlc_net_32142          1        1      2         
optlc_net_32143          1        1      2         
optlc_net_32144          1        1      2         
optlc_net_32145          1        1      2         
optlc_net_32146          1        1      2         
optlc_net_32147          1        1      2         
optlc_net_32148          1        1      2         
optlc_net_32149          1        1      2         
optlc_net_32150          1        1      2         
optlc_net_32151          1        1      2         
optlc_net_32152          1        1      2         
optlc_net_32153          1        1      2         
optlc_net_32154          1        1      2         
optlc_net_32155          1        1      2         
optlc_net_32156          1        1      2         
optlc_net_32157          1        1      2         
optlc_net_32158          1        1      2         
optlc_net_32159          1        1      2         
optlc_net_32160          1        1      2         
optlc_net_32161          1        1      2         
optlc_net_32162          1        1      2         
optlc_net_32163          1        1      2         
optlc_net_32164          1        1      2         
optlc_net_32165          1        1      2         
optlc_net_32166          1        1      2         
optlc_net_32167          1        1      2         
optlc_net_32168          1        1      2         
optlc_net_32169          1        1      2         
optlc_net_32170          1        1      2         
optlc_net_32171          1        1      2         
optlc_net_32172          1        1      2         
optlc_net_32173          1        1      2         
optlc_net_32174          1        1      2         
optlc_net_32175          1        1      2         
optlc_net_32176          1        1      2         
optlc_net_32177          1        1      2         
optlc_net_32178          1        1      2         
optlc_net_32179          1        1      2         
optlc_net_32180          1        1      2         
optlc_net_32181          1        1      2         
optlc_net_32182          1        1      2         
optlc_net_32183          1        1      2         
optlc_net_32184          1        1      2         
optlc_net_32185          1        1      2         
optlc_net_32186          1        1      2         
optlc_net_32187          1        1      2         
optlc_net_32188          1        1      2         
optlc_net_32189          1        1      2         
optlc_net_32190          1        1      2         
optlc_net_32191          1        1      2         
optlc_net_32192          1        1      2         
optlc_net_32193          1        1      2         
optlc_net_32194          1        1      2         
optlc_net_32195          1        1      2         
optlc_net_32196          1        1      2         
optlc_net_32197          1        1      2         
optlc_net_32198          1        1      2         
optlc_net_32199          1        1      2         
optlc_net_32200          1        1      2         
optlc_net_32201          1        1      2         
optlc_net_32202          1        1      2         
optlc_net_32203          1        1      2         
optlc_net_32204          1        1      2         
optlc_net_32205          1        1      2         
optlc_net_32206          1        1      2         
optlc_net_32207          1        1      2         
optlc_net_32208          1        1      2         
optlc_net_32209          1        1      2         
optlc_net_32210          1        1      2         
optlc_net_32211          1        1      2         
optlc_net_32212          1        1      2         
optlc_net_32213          1        1      2         
optlc_net_32214          1        1      2         
optlc_net_32215          1        1      2         
optlc_net_32216          1        1      2         
optlc_net_32217          1        1      2         
optlc_net_32218          1        1      2         
optlc_net_32219          1        1      2         
optlc_net_32221          1        1      2         
optlc_net_32222          1        1      2         
optlc_net_32223          1        1      2         
optlc_net_32224          1        1      2         
optlc_net_32225          1        1      2         
optlc_net_32226          1        1      2         
optlc_net_32227          1        1      2         
optlc_net_32228          1        1      2         
optlc_net_32229          1        1      2         
optlc_net_32230          1        1      2         
optlc_net_32231          1        1      2         
optlc_net_32232          1        1      2         
optlc_net_32233          1        1      2         
optlc_net_32234          1        1      2         
optlc_net_32235          1        1      2         
optlc_net_32236          1        1      2         
optlc_net_32237          1        1      2         
optlc_net_32238          1        1      2         
optlc_net_32239          1        1      2         
optlc_net_32240          1        1      2         
optlc_net_32241          1        1      2         
optlc_net_32242          1        1      2         
optlc_net_32243          1        1      2         
optlc_net_32244          1        1      2         
optlc_net_32245          1        1      2         
optlc_net_32246          1        1      2         
optlc_net_32247          1        1      2         
optlc_net_32248          1        1      2         
optlc_net_32249          1        1      2         
optlc_net_32250          1        1      2         
optlc_net_32251          1        1      2         
optlc_net_32252          1        1      2         
optlc_net_32253          1        1      2         
optlc_net_32254          1        1      2         
optlc_net_32255          1        1      2         
optlc_net_32256          1        1      2         
optlc_net_32257          1        1      2         
optlc_net_32258          1        1      2         
optlc_net_32259          1        1      2         
optlc_net_32260          1        1      2         
optlc_net_32261          1        1      2         
optlc_net_32262          1        1      2         
optlc_net_32263          1        1      2         
optlc_net_32264          1        1      2         
optlc_net_32265          1        1      2         
optlc_net_32266          1        1      2         
optlc_net_32267          1        1      2         
optlc_net_32268          1        1      2         
optlc_net_32269          1        1      2         
optlc_net_32270          1        1      2         
optlc_net_32271          1        1      2         
optlc_net_32272          1        1      2         
optlc_net_32273          1        1      2         
optlc_net_32274          1        1      2         
optlc_net_32275          1        1      2         
optlc_net_32276          1        1      2         
optlc_net_32277          1        1      2         
optlc_net_32278          1        1      2         
optlc_net_32279          1        1      2         
optlc_net_32280          1        1      2         
optlc_net_32281          1        1      2         
optlc_net_32282          1        1      2         
optlc_net_32283          1        1      2         
optlc_net_32284          1        1      2         
optlc_net_32285          1        1      2         
optlc_net_32286          1        1      2         
optlc_net_32287          1        1      2         
optlc_net_32288          1        1      2         
optlc_net_32289          1        1      2         
optlc_net_32290          1        1      2         
optlc_net_32291          1        1      2         
optlc_net_32292          1        1      2         
optlc_net_32293          1        1      2         
optlc_net_32294          1        1      2         
optlc_net_32295          1        1      2         
optlc_net_32296          1        1      2         
optlc_net_32297          1        1      2         
optlc_net_32298          1        1      2         
optlc_net_32299          1        1      2         
optlc_net_32300          1        1      2         
optlc_net_32301          1        1      2         
optlc_net_32302          1        1      2         
optlc_net_32303          1        1      2         
optlc_net_32304          1        1      2         
optlc_net_32305          1        1      2         
optlc_net_32306          1        1      2         
optlc_net_32307          1        1      2         
optlc_net_32308          1        1      2         
optlc_net_32309          1        1      2         
optlc_net_32310          1        1      2         
optlc_net_32311          1        1      2         
optlc_net_32312          1        1      2         
optlc_net_32313          1        1      2         
optlc_net_32314          1        1      2         
optlc_net_32315          1        1      2         
optlc_net_32316          1        1      2         
optlc_net_32317          1        1      2         
optlc_net_32318          1        1      2         
optlc_net_32319          1        1      2         
optlc_net_32320          1        1      2         
optlc_net_32321          1        1      2         
optlc_net_32322          1        1      2         
optlc_net_32323          1        1      2         
optlc_net_32324          1        1      2         
optlc_net_32325          1        1      2         
optlc_net_32326          1        1      2         
optlc_net_32327          1        1      2         
optlc_net_32328          1        1      2         
optlc_net_32329          1        1      2         
optlc_net_32330          1        1      2         
optlc_net_32331          1        1      2         
optlc_net_32332          1        1      2         
optlc_net_32333          1        1      2         
optlc_net_32334          1        1      2         
optlc_net_32335          1        1      2         
optlc_net_32336          1        1      2         
optlc_net_32337          1        1      2         
optlc_net_32338          1        1      2         
optlc_net_32339          1        1      2         
optlc_net_32340          1        1      2         
optlc_net_32341          1        1      2         
optlc_net_32342          1        1      2         
optlc_net_32343          1        1      2         
optlc_net_32344          1        1      2         
optlc_net_32345          1        1      2         
optlc_net_32346          1        1      2         
optlc_net_32347          1        1      2         
optlc_net_32348          1        1      2         
optlc_net_32349          1        1      2         
optlc_net_32350          1        1      2         
optlc_net_32351          1        1      2         
optlc_net_32352          1        1      2         
optlc_net_32353          1        1      2         
optlc_net_32354          1        1      2         
optlc_net_32355          1        1      2         
optlc_net_32356          1        1      2         
optlc_net_32357          1        1      2         
optlc_net_32358          1        1      2         
optlc_net_32359          1        1      2         
optlc_net_32360          1        1      2         
optlc_net_32361          1        1      2         
optlc_net_32362          1        1      2         
optlc_net_32363          1        1      2         
optlc_net_32364          1        1      2         
optlc_net_32365          1        1      2         
optlc_net_32366          1        1      2         
optlc_net_32367          1        1      2         
optlc_net_32368          1        1      2         
optlc_net_32369          1        1      2         
optlc_net_32370          1        1      2         
optlc_net_32371          1        1      2         
optlc_net_32372          1        1      2         
optlc_net_32373          1        1      2         
optlc_net_32374          1        1      2         
optlc_net_32375          1        1      2         
optlc_net_32376          1        1      2         
optlc_net_32377          1        1      2         
optlc_net_32378          1        1      2         
optlc_net_32379          1        1      2         
optlc_net_32380          1        1      2         
optlc_net_32381          1        1      2         
optlc_net_32382          1        1      2         
optlc_net_32383          1        1      2         
optlc_net_32384          1        1      2         
optlc_net_32385          1        1      2         
optlc_net_32386          1        1      2         
optlc_net_32387          1        1      2         
optlc_net_32388          1        1      2         
optlc_net_32389          1        1      2         
optlc_net_32390          1        1      2         
optlc_net_32391          1        1      2         
optlc_net_32392          1        1      2         
optlc_net_32393          1        1      2         
optlc_net_32394          1        1      2         
optlc_net_32395          1        1      2         
optlc_net_32396          1        1      2         
optlc_net_32397          1        1      2         
optlc_net_32398          1        1      2         
optlc_net_32399          1        1      2         
optlc_net_32400          1        1      2         
optlc_net_32401          1        1      2         
optlc_net_32402          1        1      2         
optlc_net_32403          1        1      2         
optlc_net_32404          1        1      2         
optlc_net_32405          1        1      2         
optlc_net_32406          1        1      2         
optlc_net_32407          1        1      2         
optlc_net_32408          1        1      2         
optlc_net_32409          1        1      2         
optlc_net_32410          1        1      2         
optlc_net_32411          1        1      2         
optlc_net_32412          1        1      2         
optlc_net_32413          1        1      2         
optlc_net_32414          1        1      2         
optlc_net_32415          1        1      2         
optlc_net_32416          1        1      2         
optlc_net_32417          1        1      2         
optlc_net_32418          1        1      2         
optlc_net_32419          1        1      2         
optlc_net_32420          1        1      2         
optlc_net_32421          1        1      2         
optlc_net_32422          1        1      2         
optlc_net_32423          1        1      2         
optlc_net_32424          1        1      2         
optlc_net_32425          1        1      2         
optlc_net_32426          1        1      2         
optlc_net_32427          1        1      2         
optlc_net_32428          1        1      2         
optlc_net_32429          1        1      2         
optlc_net_32430          1        1      2         
optlc_net_32431          1        1      2         
optlc_net_32432          1        1      2         
optlc_net_32433          1        1      2         
optlc_net_32434          1        1      2         
optlc_net_32435          1        1      2         
optlc_net_32436          1        1      2         
optlc_net_32437          1        1      2         
optlc_net_32438          1        1      2         
optlc_net_32439          1        1      2         
optlc_net_32440          1        1      2         
optlc_net_32441          1        1      2         
optlc_net_32442          1        1      2         
optlc_net_32443          1        1      2         
optlc_net_32444          1        1      2         
optlc_net_32445          1        1      2         
optlc_net_32446          1        1      2         
optlc_net_32447          1        1      2         
optlc_net_32448          1        1      2         
optlc_net_32449          1        1      2         
optlc_net_32450          1        1      2         
optlc_net_32451          1        1      2         
optlc_net_32452          1        1      2         
optlc_net_32453          1        1      2         
optlc_net_32454          1        1      2         
optlc_net_32455          1        1      2         
optlc_net_32456          1        1      2         
optlc_net_32457          1        1      2         
optlc_net_32458          1        1      2         
optlc_net_32459          1        1      2         
optlc_net_32460          1        1      2         
optlc_net_32461          1        1      2         
optlc_net_32462          1        1      2         
optlc_net_32463          1        1      2         
optlc_net_32464          1        1      2         
optlc_net_32465          1        1      2         
optlc_net_32466          1        1      2         
optlc_net_32467          1        1      2         
optlc_net_32468          1        1      2         
optlc_net_32469          1        1      2         
optlc_net_32470          1        1      2         
optlc_net_32471          1        1      2         
optlc_net_32472          1        1      2         
optlc_net_32473          1        1      2         
optlc_net_32474          1        1      2         
optlc_net_32475          1        1      2         
optlc_net_32476          1        1      2         
optlc_net_32477          1        1      2         
optlc_net_32478          1        1      2         
optlc_net_32479          1        1      2         
optlc_net_32480          1        1      2         
optlc_net_32481          1        1      2         
optlc_net_32482          1        1      2         
optlc_net_32483          1        1      2         
optlc_net_32484          1        1      2         
optlc_net_32485          1        1      2         
optlc_net_32486          1        1      2         
optlc_net_32487          1        1      2         
optlc_net_32488          1        1      2         
optlc_net_32489          1        1      2         
optlc_net_32490          1        1      2         
optlc_net_32491          1        1      2         
optlc_net_32492          1        1      2         
optlc_net_32493          1        1      2         
optlc_net_32494          1        1      2         
optlc_net_32495          1        1      2         
optlc_net_32496          1        1      2         
optlc_net_32497          1        1      2         
optlc_net_32498          1        1      2         
optlc_net_32499          1        1      2         
optlc_net_32500          1        1      2         
optlc_net_32501          1        1      2         
optlc_net_32502          1        1      2         
optlc_net_32503          1        1      2         
optlc_net_32504          1        1      2         
optlc_net_32505          1        1      2         
optlc_net_32506          1        1      2         
optlc_net_32507          1        1      2         
optlc_net_32508          1        1      2         
optlc_net_32509          1        1      2         
optlc_net_32510          1        1      2         
optlc_net_32511          1        1      2         
optlc_net_32512          1        1      2         
optlc_net_32513          1        1      2         
optlc_net_32514          1        1      2         
optlc_net_32515          1        1      2         
optlc_net_32516          1        1      2         
optlc_net_32517          1        1      2         
optlc_net_32518          1        1      2         
optlc_net_32519          1        1      2         
optlc_net_32520          1        1      2         
optlc_net_32521          1        1      2         
optlc_net_32522          1        1      2         
optlc_net_32523          1        1      2         
optlc_net_32524          1        1      2         
optlc_net_32525          1        1      2         
optlc_net_32526          1        1      2         
optlc_net_32527          1        1      2         
optlc_net_32528          1        1      2         
optlc_net_32529          1        1      2         
optlc_net_32530          1        1      2         
optlc_net_32531          1        1      2         
optlc_net_32532          1        1      2         
optlc_net_32533          1        1      2         
optlc_net_32534          1        1      2         
optlc_net_32535          1        1      2         
optlc_net_32536          1        1      2         
optlc_net_32537          1        1      2         
optlc_net_32538          1        1      2         
optlc_net_32539          1        1      2         
optlc_net_32540          1        1      2         
optlc_net_32541          1        1      2         
optlc_net_32542          1        1      2         
optlc_net_32543          1        1      2         
optlc_net_32544          1        1      2         
optlc_net_32545          1        1      2         
optlc_net_32546          1        1      2         
optlc_net_32547          1        1      2         
optlc_net_32548          1        1      2         
optlc_net_32549          1        1      2         
optlc_net_32550          1        1      2         
optlc_net_32551          1        1      2         
optlc_net_32552          1        1      2         
optlc_net_32553          1        1      2         
optlc_net_32554          1        1      2         
optlc_net_32555          1        1      2         
optlc_net_32556          1        1      2         
optlc_net_32557          1        1      2         
optlc_net_32558          1        1      2         
optlc_net_32559          1        1      2         
optlc_net_32560          1        1      2         
optlc_net_32561          1        1      2         
optlc_net_32562          1        1      2         
optlc_net_32563          1        1      2         
optlc_net_32564          1        1      2         
optlc_net_32565          1        1      2         
optlc_net_32566          1        1      2         
optlc_net_32567          1        1      2         
optlc_net_32568          1        1      2         
optlc_net_32569          1        1      2         
optlc_net_32570          1        1      2         
optlc_net_32571          1        1      2         
optlc_net_32572          1        1      2         
optlc_net_32573          1        1      2         
optlc_net_32574          1        1      2         
optlc_net_32575          1        1      2         
optlc_net_32576          1        1      2         
optlc_net_32577          1        1      2         
optlc_net_32578          1        1      2         
optlc_net_32579          1        1      2         
optlc_net_32580          1        1      2         
optlc_net_32581          1        1      2         
optlc_net_32582          1        1      2         
optlc_net_32583          1        1      2         
optlc_net_32584          1        1      2         
optlc_net_32585          1        1      2         
optlc_net_32586          1        1      2         
optlc_net_32587          1        1      2         
optlc_net_32588          1        1      2         
optlc_net_32589          1        1      2         
optlc_net_32590          1        1      2         
optlc_net_32591          1        1      2         
optlc_net_32592          1        1      2         
optlc_net_32593          1        1      2         
optlc_net_32594          1        1      2         
optlc_net_32595          1        1      2         
optlc_net_32596          1        1      2         
optlc_net_32597          1        1      2         
optlc_net_32598          1        1      2         
optlc_net_32599          1        1      2         
optlc_net_32600          1        1      2         
optlc_net_32601          1        1      2         
optlc_net_32602          1        1      2         
optlc_net_32603          1        1      2         
optlc_net_32604          1        1      2         
optlc_net_32606          1        1      2         
optlc_net_32607          1        1      2         
optlc_net_32608          1        1      2         
optlc_net_32609          1        1      2         
optlc_net_32610          1        1      2         
optlc_net_32611          1        1      2         
optlc_net_32612          1        1      2         
optlc_net_32613          1        1      2         
optlc_net_32614          1        1      2         
optlc_net_32615          1        1      2         
optlc_net_32616          1        1      2         
optlc_net_32617          1        1      2         
optlc_net_32618          1        1      2         
optlc_net_32619          1        1      2         
optlc_net_32620          1        1      2         
optlc_net_32621          1        1      2         
optlc_net_32622          1        1      2         
optlc_net_32623          1        1      2         
optlc_net_32624          1        1      2         
optlc_net_32625          1        1      2         
optlc_net_32626          1        1      2         
optlc_net_32627          1        1      2         
optlc_net_32628          1        1      2         
optlc_net_32629          1        1      2         
optlc_net_32630          1        1      2         
optlc_net_32631          1        1      2         
optlc_net_32632          1        1      2         
optlc_net_32633          1        1      2         
optlc_net_32634          1        1      2         
optlc_net_32635          1        1      2         
optlc_net_32636          1        1      2         
optlc_net_32637          1        1      2         
optlc_net_32638          1        1      2         
optlc_net_32639          1        1      2         
optlc_net_32640          1        1      2         
optlc_net_32641          1        1      2         
optlc_net_32642          1        1      2         
optlc_net_32643          1        1      2         
optlc_net_32644          1        1      2         
optlc_net_32645          1        1      2         
optlc_net_32646          1        1      2         
optlc_net_32647          1        1      2         
optlc_net_32648          1        1      2         
optlc_net_32649          1        1      2         
optlc_net_32650          1        1      2         
optlc_net_32651          1        1      2         
optlc_net_32652          1        1      2         
optlc_net_32653          1        1      2         
optlc_net_32654          1        1      2         
optlc_net_32655          1        1      2         
optlc_net_32656          1        1      2         
optlc_net_32657          1        1      2         
optlc_net_32658          1        1      2         
optlc_net_32659          1        1      2         
optlc_net_32660          1        1      2         
optlc_net_32661          1        1      2         
optlc_net_32662          1        1      2         
optlc_net_32663          1        1      2         
optlc_net_32664          1        1      2         
optlc_net_32665          1        1      2         
optlc_net_32666          1        1      2         
optlc_net_32667          1        1      2         
optlc_net_32668          1        1      2         
optlc_net_32669          1        1      2         
optlc_net_32670          1        1      2         
optlc_net_32671          1        1      2         
optlc_net_32672          1        1      2         
optlc_net_32673          1        1      2         
optlc_net_32674          1        1      2         
optlc_net_32675          1        1      2         
optlc_net_32676          1        1      2         
optlc_net_32677          1        1      2         
optlc_net_32678          1        1      2         
optlc_net_32679          1        1      2         
optlc_net_32680          1        1      2         
optlc_net_32681          1        1      2         
optlc_net_32682          1        1      2         
optlc_net_32683          1        1      2         
optlc_net_32684          1        1      2         
optlc_net_32685          1        1      2         
optlc_net_32686          1        1      2         
optlc_net_32687          1        1      2         
optlc_net_32688          1        1      2         
optlc_net_32689          1        1      2         
optlc_net_32690          1        1      2         
optlc_net_32691          1        1      2         
optlc_net_32692          1        1      2         
optlc_net_32693          1        1      2         
optlc_net_32694          1        1      2         
optlc_net_32695          1        1      2         
optlc_net_32696          1        1      2         
optlc_net_32697          1        1      2         
optlc_net_32698          1        1      2         
optlc_net_32699          1        1      2         
optlc_net_32700          1        1      2         
optlc_net_32701          1        1      2         
optlc_net_32702          1        1      2         
optlc_net_32703          1        1      2         
optlc_net_32704          1        1      2         
optlc_net_32705          1        1      2         
optlc_net_32706          1        1      2         
optlc_net_32707          1        1      2         
optlc_net_32708          1        1      2         
optlc_net_32709          1        1      2         
optlc_net_32710          1        1      2         
optlc_net_32711          1        1      2         
optlc_net_32712          1        1      2         
optlc_net_32713          1        1      2         
optlc_net_32714          1        1      2         
optlc_net_32715          1        1      2         
optlc_net_32716          1        1      2         
optlc_net_32717          1        1      2         
optlc_net_32718          1        1      2         
optlc_net_32719          1        1      2         
optlc_net_32720          1        1      2         
optlc_net_32721          1        1      2         
optlc_net_32722          1        1      2         
optlc_net_32723          1        1      2         
optlc_net_32724          1        1      2         
optlc_net_32725          1        1      2         
optlc_net_32726          1        1      2         
optlc_net_32727          1        1      2         
optlc_net_32728          1        1      2         
optlc_net_32729          1        1      2         
optlc_net_32730          1        1      2         
optlc_net_32731          1        1      2         
optlc_net_32732          1        1      2         
optlc_net_32733          1        1      2         
optlc_net_32734          1        1      2         
optlc_net_32735          1        1      2         
optlc_net_32736          1        1      2         
optlc_net_32737          1        1      2         
optlc_net_32738          1        1      2         
optlc_net_32739          1        1      2         
optlc_net_32740          1        1      2         
optlc_net_32741          1        1      2         
optlc_net_32742          1        1      2         
optlc_net_32743          1        1      2         
optlc_net_32744          1        1      2         
optlc_net_32745          1        1      2         
optlc_net_32746          1        1      2         
optlc_net_32747          1        1      2         
optlc_net_32748          1        1      2         
optlc_net_32749          1        1      2         
optlc_net_32750          1        1      2         
optlc_net_32751          1        1      2         
optlc_net_32752          1        1      2         
optlc_net_32753          1        1      2         
optlc_net_32754          1        1      2         
optlc_net_32755          1        1      2         
optlc_net_32756          1        1      2         
optlc_net_32757          1        1      2         
optlc_net_32758          1        1      2         
optlc_net_32759          1        1      2         
optlc_net_32760          1        1      2         
optlc_net_32761          1        1      2         
optlc_net_32762          1        1      2         
optlc_net_32763          1        1      2         
optlc_net_32764          1        1      2         
optlc_net_32765          1        1      2         
optlc_net_32766          1        1      2         
optlc_net_32767          1        1      2         
optlc_net_32768          1        1      2         
optlc_net_32769          1        1      2         
optlc_net_32770          1        1      2         
optlc_net_32771          1        1      2         
optlc_net_32772          1        1      2         
optlc_net_32773          1        1      2         
optlc_net_32774          1        1      2         
optlc_net_32775          1        1      2         
optlc_net_32776          1        1      2         
optlc_net_32777          1        1      2         
optlc_net_32778          1        1      2         
optlc_net_32779          1        1      2         
optlc_net_32780          1        1      2         
optlc_net_32781          1        1      2         
optlc_net_32782          1        1      2         
optlc_net_32783          1        1      2         
optlc_net_32784          1        1      2         
optlc_net_32785          1        1      2         
optlc_net_32786          1        1      2         
optlc_net_32787          1        1      2         
optlc_net_32788          1        1      2         
optlc_net_32789          1        1      2         
optlc_net_32790          1        1      2         
optlc_net_32791          1        1      2         
optlc_net_32792          1        1      2         
optlc_net_32793          1        1      2         
optlc_net_32794          1        1      2         
optlc_net_32795          1        1      2         
optlc_net_32796          1        1      2         
optlc_net_32797          1        1      2         
optlc_net_32798          1        1      2         
optlc_net_32799          1        1      2         
optlc_net_32800          1        1      2         
optlc_net_32801          1        1      2         
optlc_net_32802          1        1      2         
optlc_net_32803          1        1      2         
optlc_net_32804          1        1      2         
optlc_net_32805          1        1      2         
optlc_net_32806          1        1      2         
optlc_net_32807          1        1      2         
optlc_net_32808          1        1      2         
optlc_net_32809          1        1      2         
optlc_net_32810          1        1      2         
optlc_net_32811          1        1      2         
optlc_net_32812          1        1      2         
optlc_net_32813          1        1      2         
optlc_net_32814          1        1      2         
optlc_net_32815          1        1      2         
optlc_net_32816          1        1      2         
optlc_net_32817          1        1      2         
optlc_net_32818          1        1      2         
optlc_net_32819          1        1      2         
optlc_net_32820          1        1      2         
optlc_net_32821          1        1      2         
optlc_net_32822          1        1      2         
optlc_net_32823          1        1      2         
optlc_net_32824          1        1      2         
optlc_net_32825          1        1      2         
optlc_net_32826          1        1      2         
optlc_net_32827          1        1      2         
optlc_net_32828          1        1      2         
optlc_net_32829          1        1      2         
optlc_net_32830          1        1      2         
optlc_net_32831          1        1      2         
optlc_net_32832          1        1      2         
optlc_net_32833          1        1      2         
optlc_net_32834          1        1      2         
optlc_net_32835          1        1      2         
optlc_net_32836          1        1      2         
optlc_net_32837          1        1      2         
optlc_net_32838          1        1      2         
optlc_net_32839          1        1      2         
optlc_net_32840          1        1      2         
optlc_net_32841          1        1      2         
optlc_net_32842          1        1      2         
optlc_net_32843          1        1      2         
optlc_net_32844          1        1      2         
optlc_net_32845          1        1      2         
optlc_net_32846          1        1      2         
optlc_net_32847          1        1      2         
optlc_net_32848          1        1      2         
optlc_net_32849          1        1      2         
optlc_net_32850          1        1      2         
optlc_net_32851          1        1      2         
optlc_net_32852          1        1      2         
optlc_net_32853          1        1      2         
optlc_net_32854          1        1      2         
optlc_net_32855          1        1      2         
optlc_net_32856          1        1      2         
optlc_net_32857          1        1      2         
optlc_net_32858          1        1      2         
optlc_net_32859          1        1      2         
optlc_net_32860          1        1      2         
optlc_net_32861          1        1      2         
optlc_net_32862          1        1      2         
optlc_net_32863          1        1      2         
optlc_net_32864          1        1      2         
optlc_net_32865          1        1      2         
optlc_net_32866          1        1      2         
optlc_net_32867          1        1      2         
optlc_net_32868          1        1      2         
optlc_net_32869          1        1      2         
optlc_net_32870          1        1      2         
optlc_net_32871          1        1      2         
optlc_net_32872          1        1      2         
optlc_net_32873          1        1      2         
optlc_net_32874          1        1      2         
optlc_net_32875          1        1      2         
optlc_net_32876          1        1      2         
optlc_net_32877          1        1      2         
optlc_net_32878          1        1      2         
optlc_net_32879          1        1      2         
optlc_net_32880          1        1      2         
optlc_net_32881          1        1      2         
optlc_net_32882          1        1      2         
optlc_net_32883          1        1      2         
optlc_net_32884          1        1      2         
optlc_net_32885          1        1      2         
optlc_net_32886          1        1      2         
optlc_net_32887          1        1      2         
optlc_net_32888          1        1      2         
optlc_net_32889          1        1      2         
optlc_net_32890          1        1      2         
optlc_net_32891          1        1      2         
optlc_net_32892          1        1      2         
optlc_net_32893          1        1      2         
optlc_net_32894          1        1      2         
optlc_net_32895          1        1      2         
optlc_net_32896          1        1      2         
optlc_net_32897          1        1      2         
optlc_net_32898          1        1      2         
optlc_net_32899          1        1      2         
optlc_net_32900          1        1      2         
optlc_net_32901          1        1      2         
optlc_net_32902          1        1      2         
optlc_net_32903          1        1      2         
optlc_net_32904          1        1      2         
optlc_net_32905          1        1      2         
optlc_net_32906          1        1      2         
optlc_net_32907          1        1      2         
optlc_net_32908          1        1      2         
optlc_net_32909          1        1      2         
optlc_net_32910          1        1      2         
optlc_net_32911          1        1      2         
optlc_net_32912          1        1      2         
optlc_net_32913          1        1      2         
optlc_net_32914          1        1      2         
optlc_net_32915          1        1      2         
optlc_net_32916          1        1      2         
optlc_net_32917          1        1      2         
optlc_net_32918          1        1      2         
optlc_net_32919          1        1      2         
optlc_net_32920          1        1      2         
optlc_net_32921          1        1      2         
optlc_net_32922          1        1      2         
optlc_net_32923          1        1      2         
optlc_net_32924          1        1      2         
optlc_net_32925          1        1      2         
optlc_net_32926          1        1      2         
optlc_net_32927          1        1      2         
optlc_net_32928          1        1      2         
optlc_net_32929          1        1      2         
optlc_net_32930          1        1      2         
optlc_net_32931          1        1      2         
optlc_net_32932          1        1      2         
optlc_net_32933          1        1      2         
optlc_net_32934          1        1      2         
optlc_net_32935          1        1      2         
optlc_net_32936          1        1      2         
optlc_net_32937          1        1      2         
optlc_net_32938          1        1      2         
optlc_net_32939          1        1      2         
optlc_net_32940          1        1      2         
optlc_net_32941          1        1      2         
optlc_net_32942          1        1      2         
optlc_net_32943          1        1      2         
optlc_net_32944          1        1      2         
optlc_net_32945          1        1      2         
optlc_net_32946          1        1      2         
optlc_net_32947          1        1      2         
optlc_net_32948          1        1      2         
optlc_net_32949          1        1      2         
optlc_net_32950          1        1      2         
optlc_net_32951          1        1      2         
optlc_net_32952          1        1      2         
optlc_net_32953          1        1      2         
optlc_net_32954          1        1      2         
optlc_net_32955          1        1      2         
optlc_net_32956          1        1      2         
optlc_net_32957          1        1      2         
optlc_net_32958          1        1      2         
optlc_net_32959          1        1      2         
optlc_net_32960          1        1      2         
optlc_net_32961          1        1      2         
optlc_net_32962          1        1      2         
optlc_net_32963          1        1      2         
optlc_net_32964          1        1      2         
optlc_net_32965          1        1      2         
optlc_net_32966          1        1      2         
optlc_net_32967          1        1      2         
optlc_net_32968          1        1      2         
optlc_net_32969          1        1      2         
optlc_net_32970          1        1      2         
optlc_net_32971          1        1      2         
optlc_net_32972          1        1      2         
optlc_net_32973          1        1      2         
optlc_net_32974          1        1      2         
optlc_net_32975          1        1      2         
optlc_net_32976          1        1      2         
optlc_net_32977          1        1      2         
optlc_net_32978          1        1      2         
optlc_net_32979          1        1      2         
optlc_net_32980          1        1      2         
optlc_net_32981          1        1      2         
optlc_net_32982          1        1      2         
optlc_net_32983          1        1      2         
optlc_net_32984          1        1      2         
optlc_net_32985          1        1      2         
optlc_net_32986          1        1      2         
optlc_net_32987          1        1      2         
optlc_net_32988          1        1      2         
optlc_net_32989          1        1      2         
optlc_net_32990          1        1      2         
optlc_net_32991          1        1      2         
optlc_net_32992          1        1      2         
optlc_net_32993          1        1      2         
optlc_net_32994          1        1      2         
optlc_net_32995          1        1      2         
optlc_net_32996          1        1      2         
optlc_net_32997          1        1      2         
optlc_net_32998          1        1      2         
optlc_net_32999          1        1      2         
optlc_net_33000          1        1      2         
optlc_net_33001          1        1      2         
optlc_net_33002          1        1      2         
optlc_net_33003          1        1      2         
optlc_net_33004          1        1      2         
optlc_net_33005          1        1      2         
optlc_net_33006          1        1      2         
optlc_net_33007          1        1      2         
optlc_net_33008          1        1      2         
optlc_net_33009          1        1      2         
optlc_net_33010          1        1      2         
optlc_net_33011          1        1      2         
optlc_net_33012          1        1      2         
optlc_net_33013          1        1      2         
optlc_net_33014          1        1      2         
optlc_net_33015          1        1      2         
optlc_net_33016          1        1      2         
optlc_net_33017          1        1      2         
optlc_net_33018          1        1      2         
optlc_net_33019          1        1      2         
optlc_net_33020          1        1      2         
optlc_net_33021          1        1      2         
optlc_net_33022          1        1      2         
optlc_net_33023          1        1      2         
optlc_net_33024          1        1      2         
optlc_net_33025          1        1      2         
optlc_net_33026          1        1      2         
optlc_net_33027          1        1      2         
optlc_net_33028          1        1      2         
optlc_net_33029          1        1      2         
optlc_net_33030          1        1      2         
optlc_net_33031          1        1      2         
optlc_net_33032          1        1      2         
optlc_net_33033          1        1      2         
optlc_net_33034          1        1      2         
optlc_net_33035          1        1      2         
optlc_net_33036          1        1      2         
optlc_net_33037          1        1      2         
optlc_net_33038          1        1      2         
optlc_net_33039          1        1      2         
optlc_net_33040          1        1      2         
optlc_net_33041          1        1      2         
optlc_net_33042          1        1      2         
optlc_net_33043          1        1      2         
optlc_net_33044          1        1      2         
optlc_net_33045          1        1      2         
optlc_net_33046          1        1      2         
optlc_net_33047          1        1      2         
optlc_net_33048          1        1      2         
optlc_net_33049          1        1      2         
optlc_net_33050          1        1      2         
optlc_net_33051          1        1      2         
optlc_net_33052          1        1      2         
optlc_net_33053          1        1      2         
optlc_net_33054          1        1      2         
optlc_net_33055          1        1      2         
optlc_net_33056          1        1      2         
optlc_net_33057          1        1      2         
optlc_net_33058          1        1      2         
optlc_net_33059          1        1      2         
optlc_net_33060          1        1      2         
optlc_net_33061          1        1      2         
optlc_net_33062          1        1      2         
optlc_net_33063          1        1      2         
optlc_net_33064          1        1      2         
optlc_net_33065          1        1      2         
optlc_net_33066          1        1      2         
optlc_net_33067          1        1      2         
optlc_net_33068          1        1      2         
optlc_net_33069          1        1      2         
optlc_net_33070          1        1      2         
optlc_net_33071          1        1      2         
optlc_net_33072          1        1      2         
optlc_net_33073          1        1      2         
optlc_net_33074          1        1      2         
optlc_net_33075          1        1      2         
optlc_net_33076          1        1      2         
optlc_net_33077          1        1      2         
optlc_net_33078          1        1      2         
optlc_net_33079          1        1      2         
optlc_net_33080          1        1      2         
optlc_net_33081          1        1      2         
optlc_net_33082          1        1      2         
optlc_net_33083          1        1      2         
optlc_net_33084          1        1      2         
optlc_net_33085          1        1      2         
optlc_net_33086          1        1      2         
optlc_net_33087          1        1      2         
optlc_net_33088          1        1      2         
optlc_net_33089          1        1      2         
optlc_net_33090          1        1      2         
optlc_net_33091          1        1      2         
optlc_net_33092          1        1      2         
optlc_net_33093          1        1      2         
optlc_net_33094          1        1      2         
optlc_net_33095          1        1      2         
optlc_net_33096          1        1      2         
optlc_net_33097          1        1      2         
optlc_net_33098          1        1      2         
optlc_net_33099          1        1      2         
optlc_net_33100          1        1      2         
optlc_net_33101          1        1      2         
optlc_net_33102          1        1      2         
optlc_net_33103          1        1      2         
optlc_net_33104          1        1      2         
optlc_net_33105          1        1      2         
optlc_net_33106          1        1      2         
optlc_net_33107          1        1      2         
optlc_net_33108          1        1      2         
optlc_net_33109          1        1      2         
optlc_net_33110          1        1      2         
optlc_net_33111          1        1      2         
optlc_net_33112          1        1      2         
optlc_net_33113          1        1      2         
optlc_net_33114          1        1      2         
optlc_net_33115          1        1      2         
optlc_net_33116          1        1      2         
optlc_net_33117          1        1      2         
optlc_net_33118          1        1      2         
optlc_net_33119          1        1      2         
optlc_net_33120          1        1      2         
optlc_net_33121          1        1      2         
optlc_net_33122          1        1      2         
optlc_net_33123          1        1      2         
optlc_net_33124          1        1      2         
optlc_net_33125          1        1      2         
optlc_net_33126          1        1      2         
optlc_net_33127          1        1      2         
optlc_net_33128          1        1      2         
optlc_net_33129          1        1      2         
optlc_net_33130          1        1      2         
optlc_net_33131          1        1      2         
optlc_net_33132          1        1      2         
optlc_net_33133          1        1      2         
optlc_net_33134          1        1      2         
optlc_net_33135          1        1      2         
optlc_net_33136          1        1      2         
optlc_net_33137          1        1      2         
optlc_net_33138          1        1      2         
optlc_net_33139          1        1      2         
optlc_net_33140          1        1      2         
optlc_net_33141          1        1      2         
optlc_net_33142          1        1      2         
optlc_net_33143          1        1      2         
optlc_net_33144          1        1      2         
optlc_net_33145          1        1      2         
optlc_net_33146          1        1      2         
optlc_net_33147          1        1      2         
optlc_net_33148          1        1      2         
optlc_net_33149          1        1      2         
optlc_net_33150          1        1      2         
optlc_net_33151          1        1      2         
optlc_net_33152          1        1      2         
optlc_net_33153          1        1      2         
optlc_net_33154          1        1      2         
optlc_net_33155          1        1      2         
optlc_net_33156          1        1      2         
optlc_net_33157          1        1      2         
optlc_net_33158          1        1      2         
optlc_net_33159          1        1      2         
optlc_net_33160          1        1      2         
optlc_net_33161          1        1      2         
optlc_net_33162          1        1      2         
optlc_net_33163          1        1      2         
optlc_net_33164          1        1      2         
optlc_net_33165          1        1      2         
optlc_net_33166          1        1      2         
optlc_net_33167          1        1      2         
optlc_net_33168          1        1      2         
optlc_net_33169          1        1      2         
optlc_net_33170          1        1      2         
optlc_net_33171          1        1      2         
optlc_net_33172          1        1      2         
optlc_net_33173          1        1      2         
optlc_net_33174          1        1      2         
optlc_net_33175          1        1      2         
optlc_net_33176          1        1      2         
optlc_net_33177          1        1      2         
optlc_net_33178          1        1      2         
optlc_net_33179          1        1      2         
optlc_net_33180          1        1      2         
optlc_net_33181          1        1      2         
optlc_net_33182          1        1      2         
optlc_net_33183          1        1      2         
optlc_net_33184          1        1      2         
optlc_net_33185          1        1      2         
optlc_net_33186          1        1      2         
optlc_net_33187          1        1      2         
optlc_net_33188          1        1      2         
optlc_net_33189          1        1      2         
optlc_net_33190          1        1      2         
optlc_net_33191          1        1      2         
optlc_net_33192          1        1      2         
optlc_net_33193          1        1      2         
optlc_net_33194          1        1      2         
optlc_net_33195          1        1      2         
optlc_net_33196          1        1      2         
optlc_net_33197          1        1      2         
optlc_net_33198          1        1      2         
optlc_net_33199          1        1      2         
optlc_net_33200          1        1      2         
optlc_net_33201          1        1      2         
optlc_net_33202          1        1      2         
optlc_net_33203          1        1      2         
optlc_net_33204          1        1      2         
optlc_net_33205          1        1      2         
optlc_net_33206          1        1      2         
optlc_net_33207          1        1      2         
optlc_net_33208          1        1      2         
optlc_net_33209          1        1      2         
optlc_net_33210          1        1      2         
optlc_net_33211          1        1      2         
optlc_net_33212          1        1      2         
optlc_net_33213          1        1      2         
optlc_net_33214          1        1      2         
optlc_net_33215          1        1      2         
optlc_net_33216          1        1      2         
optlc_net_33217          1        1      2         
optlc_net_33218          1        1      2         
optlc_net_33219          1        1      2         
optlc_net_33220          1        1      2         
optlc_net_33221          1        1      2         
optlc_net_33222          1        1      2         
optlc_net_33223          1        1      2         
optlc_net_33224          1        1      2         
optlc_net_33225          1        1      2         
optlc_net_33226          1        1      2         
optlc_net_33227          1        1      2         
optlc_net_33228          1        1      2         
optlc_net_33229          1        1      2         
optlc_net_33230          1        1      2         
optlc_net_33231          1        1      2         
optlc_net_33232          1        1      2         
optlc_net_33233          1        1      2         
optlc_net_33234          1        1      2         
optlc_net_33235          1        1      2         
optlc_net_33236          1        1      2         
optlc_net_33237          1        1      2         
optlc_net_33238          1        1      2         
optlc_net_33239          1        1      2         
optlc_net_33240          1        1      2         
optlc_net_33241          1        1      2         
optlc_net_33242          1        1      2         
optlc_net_33243          1        1      2         
optlc_net_33244          1        1      2         
optlc_net_33245          1        1      2         
optlc_net_33246          1        1      2         
optlc_net_33247          1        1      2         
optlc_net_33248          1        1      2         
optlc_net_33249          1        1      2         
optlc_net_33250          1        1      2         
optlc_net_33251          1        1      2         
optlc_net_33252          1        1      2         
optlc_net_33253          1        1      2         
optlc_net_33254          1        1      2         
optlc_net_33255          1        1      2         
optlc_net_33256          1        1      2         
optlc_net_33257          1        1      2         
optlc_net_33258          1        1      2         
optlc_net_33259          1        1      2         
optlc_net_33260          1        1      2         
optlc_net_33261          1        1      2         
optlc_net_33262          1        1      2         
optlc_net_33263          1        1      2         
optlc_net_33264          1        1      2         
optlc_net_33265          1        1      2         
optlc_net_33266          1        1      2         
optlc_net_33267          1        1      2         
optlc_net_33268          1        1      2         
optlc_net_33269          1        1      2         
optlc_net_33270          1        1      2         
optlc_net_33271          1        1      2         
optlc_net_33272          1        1      2         
optlc_net_33273          1        1      2         
optlc_net_33274          1        1      2         
optlc_net_33275          1        1      2         
optlc_net_33276          1        1      2         
optlc_net_33277          1        1      2         
optlc_net_33278          1        1      2         
optlc_net_33279          1        1      2         
optlc_net_33280          1        1      2         
optlc_net_33281          1        1      2         
optlc_net_33282          1        1      2         
optlc_net_33283          1        1      2         
optlc_net_33284          1        1      2         
optlc_net_33285          1        1      2         
optlc_net_33286          1        1      2         
optlc_net_33287          1        1      2         
optlc_net_33288          1        1      2         
optlc_net_33289          1        1      2         
optlc_net_33290          1        1      2         
optlc_net_33291          1        1      2         
optlc_net_33292          1        1      2         
optlc_net_33293          1        1      2         
optlc_net_33294          1        1      2         
optlc_net_33295          1        1      2         
optlc_net_33296          1        1      2         
optlc_net_33297          1        1      2         
optlc_net_33298          1        1      2         
optlc_net_33299          1        1      2         
optlc_net_33300          1        1      2         
optlc_net_33301          1        1      2         
optlc_net_33302          1        1      2         
optlc_net_33303          1        1      2         
optlc_net_33304          1        1      2         
optlc_net_33305          1        1      2         
optlc_net_33306          1        1      2         
optlc_net_33307          1        1      2         
optlc_net_33308          1        1      2         
optlc_net_33309          1        1      2         
optlc_net_33310          1        1      2         
optlc_net_33311          1        1      2         
optlc_net_33312          1        1      2         
optlc_net_33313          1        1      2         
optlc_net_33314          1        1      2         
optlc_net_33315          1        1      2         
optlc_net_33316          1        1      2         
optlc_net_33317          1        1      2         
optlc_net_33318          1        1      2         
optlc_net_33319          1        1      2         
optlc_net_33320          1        1      2         
optlc_net_33321          1        1      2         
optlc_net_33322          1        1      2         
optlc_net_33323          1        1      2         
optlc_net_33324          1        1      2         
optlc_net_33325          1        1      2         
optlc_net_33326          1        1      2         
optlc_net_33327          1        1      2         
optlc_net_33328          1        1      2         
optlc_net_33329          1        1      2         
optlc_net_33330          1        1      2         
optlc_net_33332          1        1      2         
optlc_net_33333          1        1      2         
optlc_net_33334          1        1      2         
optlc_net_33335          1        1      2         
optlc_net_33336          1        1      2         
optlc_net_33337          1        1      2         
optlc_net_33338          1        1      2         
optlc_net_33339          1        1      2         
optlc_net_33340          1        1      2         
optlc_net_33341          1        1      2         
optlc_net_33342          1        1      2         
optlc_net_33343          1        1      2         
optlc_net_33344          1        1      2         
optlc_net_33345          1        1      2         
optlc_net_33346          1        1      2         
optlc_net_33347          1        1      2         
optlc_net_33348          1        1      2         
optlc_net_33349          1        1      2         
optlc_net_33350          1        1      2         
optlc_net_33351          1        1      2         
optlc_net_33352          1        1      2         
optlc_net_33353          1        1      2         
optlc_net_33354          1        1      2         
optlc_net_33355          1        1      2         
optlc_net_33356          1        1      2         
optlc_net_33357          1        1      2         
optlc_net_33358          1        1      2         
optlc_net_33359          1        1      2         
optlc_net_33360          1        1      2         
optlc_net_33361          1        1      2         
optlc_net_33362          1        1      2         
optlc_net_33363          1        1      2         
optlc_net_33364          1        1      2         
optlc_net_33365          1        1      2         
optlc_net_33366          1        1      2         
optlc_net_33367          1        1      2         
optlc_net_33368          1        1      2         
optlc_net_33369          1        1      2         
optlc_net_33370          1        1      2         
optlc_net_33371          1        1      2         
optlc_net_33372          1        1      2         
optlc_net_33373          1        1      2         
optlc_net_33374          1        1      2         
optlc_net_33375          1        1      2         
optlc_net_33376          1        1      2         
optlc_net_33377          1        1      2         
optlc_net_33378          1        1      2         
optlc_net_33379          1        1      2         
optlc_net_33380          1        1      2         
optlc_net_33381          1        1      2         
optlc_net_33382          1        1      2         
optlc_net_33383          1        1      2         
optlc_net_33384          1        1      2         
optlc_net_33385          1        1      2         
optlc_net_33386          1        1      2         
optlc_net_33387          1        1      2         
optlc_net_33388          1        1      2         
optlc_net_33389          1        1      2         
optlc_net_33390          1        1      2         
optlc_net_33391          1        1      2         
optlc_net_33392          1        1      2         
optlc_net_33393          1        1      2         
optlc_net_33394          1        1      2         
optlc_net_33395          1        1      2         
optlc_net_33396          1        1      2         
optlc_net_33397          1        1      2         
optlc_net_33398          1        1      2         
optlc_net_33399          1        1      2         
optlc_net_33400          1        1      2         
optlc_net_33401          1        1      2         
optlc_net_33402          1        1      2         
optlc_net_33403          1        1      2         
optlc_net_33404          1        1      2         
optlc_net_33405          1        1      2         
optlc_net_33406          1        1      2         
optlc_net_33407          1        1      2         
optlc_net_33408          1        1      2         
optlc_net_33409          1        1      2         
optlc_net_33410          1        1      2         
optlc_net_33411          1        1      2         
optlc_net_33412          1        1      2         
optlc_net_33413          1        1      2         
optlc_net_33414          1        1      2         
optlc_net_33415          1        1      2         
optlc_net_33416          1        1      2         
optlc_net_33417          1        1      2         
optlc_net_33418          1        1      2         
optlc_net_33419          1        1      2         
optlc_net_33420          1        1      2         
optlc_net_33421          1        1      2         
optlc_net_33422          1        1      2         
optlc_net_33423          1        1      2         
optlc_net_33424          1        1      2         
optlc_net_33425          1        1      2         
optlc_net_33426          1        1      2         
optlc_net_33427          1        1      2         
optlc_net_33428          1        1      2         
optlc_net_33429          1        1      2         
optlc_net_33430          1        1      2         
optlc_net_33431          1        1      2         
optlc_net_33432          1        1      2         
optlc_net_33433          1        1      2         
optlc_net_33434          1        1      2         
optlc_net_33435          1        1      2         
optlc_net_33436          1        1      2         
optlc_net_33437          1        1      2         
optlc_net_33438          1        1      2         
optlc_net_33439          1        1      2         
optlc_net_33440          1        1      2         
optlc_net_33441          1        1      2         
optlc_net_33442          1        1      2         
optlc_net_33443          1        1      2         
optlc_net_33444          1        1      2         
optlc_net_33445          1        1      2         
optlc_net_33446          1        1      2         
optlc_net_33447          1        1      2         
optlc_net_33448          1        1      2         
optlc_net_33449          1        1      2         
optlc_net_33450          1        1      2         
optlc_net_33451          1        1      2         
optlc_net_33452          1        1      2         
optlc_net_33453          1        1      2         
optlc_net_33454          1        1      2         
optlc_net_33455          1        1      2         
optlc_net_33456          1        1      2         
optlc_net_33457          1        1      2         
optlc_net_33458          1        1      2         
optlc_net_33459          1        1      2         
optlc_net_33460          1        1      2         
optlc_net_33461          1        1      2         
optlc_net_33462          1        1      2         
optlc_net_33463          1        1      2         
optlc_net_33464          1        1      2         
optlc_net_33465          1        1      2         
optlc_net_33466          1        1      2         
optlc_net_33467          1        1      2         
optlc_net_33468          1        1      2         
optlc_net_33469          1        1      2         
optlc_net_33470          1        1      2         
optlc_net_33471          1        1      2         
optlc_net_33472          1        1      2         
optlc_net_33473          1        1      2         
optlc_net_33474          1        1      2         
optlc_net_33475          1        1      2         
optlc_net_33476          1        1      2         
optlc_net_33477          1        1      2         
optlc_net_33478          1        1      2         
optlc_net_33479          1        1      2         
optlc_net_33480          1        1      2         
optlc_net_33481          1        1      2         
optlc_net_33482          1        1      2         
optlc_net_33483          1        1      2         
optlc_net_33484          1        1      2         
optlc_net_33485          1        1      2         
optlc_net_33486          1        1      2         
optlc_net_33487          1        1      2         
optlc_net_33488          1        1      2         
optlc_net_33489          1        1      2         
optlc_net_33490          1        1      2         
optlc_net_33491          1        1      2         
optlc_net_33492          1        1      2         
optlc_net_33493          1        1      2         
optlc_net_33494          1        1      2         
optlc_net_33495          1        1      2         
optlc_net_33496          1        1      2         
optlc_net_33497          1        1      2         
optlc_net_33498          1        1      2         
optlc_net_33499          1        1      2         
optlc_net_33500          1        1      2         
optlc_net_33501          1        1      2         
optlc_net_33502          1        1      2         
optlc_net_33503          1        1      2         
optlc_net_33504          1        1      2         
optlc_net_33505          1        1      2         
optlc_net_33506          1        1      2         
optlc_net_33507          1        1      2         
optlc_net_33508          1        1      2         
optlc_net_33509          1        1      2         
optlc_net_33510          1        1      2         
optlc_net_33511          1        1      2         
optlc_net_33512          1        1      2         
optlc_net_33513          1        1      2         
optlc_net_33514          1        1      2         
optlc_net_33515          1        1      2         
optlc_net_33516          1        1      2         
optlc_net_33517          1        1      2         
optlc_net_33518          1        1      2         
optlc_net_33519          1        1      2         
optlc_net_33520          1        1      2         
optlc_net_33521          1        1      2         
optlc_net_33522          1        1      2         
optlc_net_33523          1        1      2         
optlc_net_33524          1        1      2         
optlc_net_33525          1        1      2         
optlc_net_33526          1        1      2         
optlc_net_33527          1        1      2         
optlc_net_33528          1        1      2         
optlc_net_33529          1        1      2         
optlc_net_33530          1        1      2         
optlc_net_33531          1        1      2         
optlc_net_33532          1        1      2         
optlc_net_33533          1        1      2         
optlc_net_33534          1        1      2         
optlc_net_33535          1        1      2         
optlc_net_33536          1        1      2         
optlc_net_33537          1        1      2         
optlc_net_33538          1        1      2         
optlc_net_33539          1        1      2         
optlc_net_33540          1        1      2         
optlc_net_33541          1        1      2         
optlc_net_33542          1        1      2         
optlc_net_33543          1        1      2         
optlc_net_33544          1        1      2         
optlc_net_33545          1        1      2         
optlc_net_33546          1        1      2         
optlc_net_33547          1        1      2         
optlc_net_33548          1        1      2         
optlc_net_33549          1        1      2         
optlc_net_33550          1        1      2         
optlc_net_33551          1        1      2         
optlc_net_33552          1        1      2         
optlc_net_33553          1        1      2         
optlc_net_33554          1        1      2         
optlc_net_33555          1        1      2         
optlc_net_33556          1        1      2         
optlc_net_33557          1        1      2         
optlc_net_33558          1        1      2         
optlc_net_33559          1        1      2         
optlc_net_33560          1        1      2         
optlc_net_33561          1        1      2         
optlc_net_33562          1        1      2         
optlc_net_33563          1        1      2         
optlc_net_33564          1        1      2         
optlc_net_33565          1        1      2         
optlc_net_33566          1        1      2         
optlc_net_33567          1        1      2         
optlc_net_33568          1        1      2         
optlc_net_33569          1        1      2         
optlc_net_33570          1        1      2         
optlc_net_33571          1        1      2         
optlc_net_33572          1        1      2         
optlc_net_33573          1        1      2         
optlc_net_33574          1        1      2         
optlc_net_33575          1        1      2         
optlc_net_33576          1        1      2         
optlc_net_33577          1        1      2         
optlc_net_33578          1        1      2         
optlc_net_33579          1        1      2         
optlc_net_33580          1        1      2         
optlc_net_33581          1        1      2         
optlc_net_33582          1        1      2         
optlc_net_33583          1        1      2         
optlc_net_33584          1        1      2         
optlc_net_33585          1        1      2         
optlc_net_33586          1        1      2         
optlc_net_33587          1        1      2         
optlc_net_33588          1        1      2         
optlc_net_33589          1        1      2         
optlc_net_33590          1        1      2         
optlc_net_33591          1        1      2         
optlc_net_33592          1        1      2         
optlc_net_33593          1        1      2         
optlc_net_33594          1        1      2         
optlc_net_33595          1        1      2         
optlc_net_33596          1        1      2         
optlc_net_33597          1        1      2         
optlc_net_33598          1        1      2         
optlc_net_33599          1        1      2         
optlc_net_33600          1        1      2         
optlc_net_33601          1        1      2         
optlc_net_33602          1        1      2         
optlc_net_33603          1        1      2         
optlc_net_33604          1        1      2         
optlc_net_33605          1        1      2         
optlc_net_33606          1        1      2         
optlc_net_33607          1        1      2         
optlc_net_33608          1        1      2         
optlc_net_33609          1        1      2         
optlc_net_33610          1        1      2         
optlc_net_33611          1        1      2         
optlc_net_33612          1        1      2         
optlc_net_33613          1        1      2         
optlc_net_33614          1        1      2         
optlc_net_33615          1        1      2         
optlc_net_33616          1        1      2         
optlc_net_33617          1        1      2         
optlc_net_33618          1        1      2         
optlc_net_33619          1        1      2         
optlc_net_33620          1        1      2         
optlc_net_33621          1        1      2         
optlc_net_33622          1        1      2         
optlc_net_33623          1        1      2         
optlc_net_33624          1        1      2         
optlc_net_33625          1        1      2         
optlc_net_33626          1        1      2         
optlc_net_33627          1        1      2         
optlc_net_33628          1        1      2         
optlc_net_33629          1        1      2         
optlc_net_33630          1        1      2         
optlc_net_33631          1        1      2         
optlc_net_33632          1        1      2         
optlc_net_33633          1        1      2         
optlc_net_33634          1        1      2         
optlc_net_33635          1        1      2         
optlc_net_33636          1        1      2         
optlc_net_33637          1        1      2         
optlc_net_33638          1        1      2         
optlc_net_33639          1        1      2         
optlc_net_33640          1        1      2         
optlc_net_33641          1        1      2         
optlc_net_33642          1        1      2         
optlc_net_33643          1        1      2         
optlc_net_33644          1        1      2         
optlc_net_33645          1        1      2         
optlc_net_33646          1        1      2         
optlc_net_33647          1        1      2         
optlc_net_33648          1        1      2         
optlc_net_33649          1        1      2         
optlc_net_33650          1        1      2         
optlc_net_33651          1        1      2         
optlc_net_33652          1        1      2         
optlc_net_33653          1        1      2         
optlc_net_33654          1        1      2         
optlc_net_33655          1        1      2         
optlc_net_33656          1        1      2         
optlc_net_33657          1        1      2         
optlc_net_33658          1        1      2         
optlc_net_33659          1        1      2         
optlc_net_33660          1        1      2         
optlc_net_33661          1        1      2         
optlc_net_33662          1        1      2         
optlc_net_33663          1        1      2         
optlc_net_33664          1        1      2         
optlc_net_33665          1        1      2         
optlc_net_33666          1        1      2         
optlc_net_33667          1        1      2         
optlc_net_33668          1        1      2         
optlc_net_33669          1        1      2         
optlc_net_33670          1        1      2         
optlc_net_33671          1        1      2         
optlc_net_33672          1        1      2         
optlc_net_33673          1        1      2         
optlc_net_33674          1        1      2         
optlc_net_33675          1        1      2         
optlc_net_33676          1        1      2         
optlc_net_33677          1        1      2         
optlc_net_33678          1        1      2         
optlc_net_33679          1        1      2         
optlc_net_33680          1        1      2         
optlc_net_33681          1        1      2         
optlc_net_33682          1        1      2         
optlc_net_33683          1        1      2         
optlc_net_33684          1        1      2         
optlc_net_33685          1        1      2         
optlc_net_33686          1        1      2         
optlc_net_33687          1        1      2         
optlc_net_33688          1        1      2         
optlc_net_33689          1        1      2         
optlc_net_33690          1        1      2         
optlc_net_33691          1        1      2         
optlc_net_33692          1        1      2         
optlc_net_33693          1        1      2         
optlc_net_33694          1        1      2         
optlc_net_33695          1        1      2         
optlc_net_33696          1        1      2         
optlc_net_33697          1        1      2         
optlc_net_33698          1        1      2         
optlc_net_33699          1        1      2         
optlc_net_33700          1        1      2         
optlc_net_33701          1        1      2         
optlc_net_33702          1        1      2         
optlc_net_33703          1        1      2         
optlc_net_33704          1        1      2         
optlc_net_33705          1        1      2         
optlc_net_33706          1        1      2         
optlc_net_33707          1        1      2         
optlc_net_33708          1        1      2         
optlc_net_33709          1        1      2         
optlc_net_33710          1        1      2         
optlc_net_33711          1        1      2         
optlc_net_33712          1        1      2         
optlc_net_33713          1        1      2         
optlc_net_33714          1        1      2         
optlc_net_33715          1        1      2         
optlc_net_33716          1        1      2         
optlc_net_33717          1        1      2         
optlc_net_33718          1        1      2         
optlc_net_33719          1        1      2         
optlc_net_33720          1        1      2         
optlc_net_33721          1        1      2         
optlc_net_33722          1        1      2         
optlc_net_33723          1        1      2         
optlc_net_33724          1        1      2         
optlc_net_33725          1        1      2         
optlc_net_33726          1        1      2         
optlc_net_33727          1        1      2         
optlc_net_33728          1        1      2         
optlc_net_33729          1        1      2         
optlc_net_33730          1        1      2         
optlc_net_33731          1        1      2         
optlc_net_33732          1        1      2         
optlc_net_33733          1        1      2         
optlc_net_33734          1        1      2         
optlc_net_33735          1        1      2         
optlc_net_33736          1        1      2         
optlc_net_33737          1        1      2         
optlc_net_33738          1        1      2         
optlc_net_33739          1        1      2         
optlc_net_33740          1        1      2         
optlc_net_33741          1        1      2         
optlc_net_33742          1        1      2         
optlc_net_33743          1        1      2         
optlc_net_33744          1        1      2         
optlc_net_33745          1        1      2         
optlc_net_33746          1        1      2         
optlc_net_33747          1        1      2         
optlc_net_33748          1        1      2         
optlc_net_33749          1        1      2         
optlc_net_33750          1        1      2         
optlc_net_33751          1        1      2         
optlc_net_33752          1        1      2         
optlc_net_33753          1        1      2         
optlc_net_33754          1        1      2         
optlc_net_33755          1        1      2         
optlc_net_33756          1        1      2         
optlc_net_33757          1        1      2         
optlc_net_33758          1        1      2         
optlc_net_33759          1        1      2         
optlc_net_33760          1        1      2         
optlc_net_33761          1        1      2         
optlc_net_33762          1        1      2         
optlc_net_33763          1        1      2         
optlc_net_33764          1        1      2         
optlc_net_33765          1        1      2         
optlc_net_33766          1        1      2         
optlc_net_33767          1        1      2         
optlc_net_33768          1        1      2         
optlc_net_33769          1        1      2         
optlc_net_33770          1        1      2         
optlc_net_33771          1        1      2         
optlc_net_33772          1        1      2         
optlc_net_33773          1        1      2         
optlc_net_33774          1        1      2         
optlc_net_33775          1        1      2         
optlc_net_33776          1        1      2         
optlc_net_33777          1        1      2         
optlc_net_33778          1        1      2         
optlc_net_33779          1        1      2         
optlc_net_33780          1        1      2         
optlc_net_33781          1        1      2         
optlc_net_33782          1        1      2         
optlc_net_33783          1        1      2         
optlc_net_33784          1        1      2         
optlc_net_33785          1        1      2         
optlc_net_33786          1        1      2         
optlc_net_33787          1        1      2         
optlc_net_33788          1        1      2         
optlc_net_33789          1        1      2         
optlc_net_33790          1        1      2         
optlc_net_33791          1        1      2         
optlc_net_33792          1        1      2         
optlc_net_33793          1        1      2         
optlc_net_33794          1        1      2         
optlc_net_33795          1        1      2         
optlc_net_33796          1        1      2         
optlc_net_33797          1        1      2         
optlc_net_33798          1        1      2         
optlc_net_33799          1        1      2         
optlc_net_33800          1        1      2         
optlc_net_33801          1        1      2         
optlc_net_33802          1        1      2         
optlc_net_33803          1        1      2         
optlc_net_33804          1        1      2         
optlc_net_33805          1        1      2         
optlc_net_33806          1        1      2         
optlc_net_33807          1        1      2         
optlc_net_33808          1        1      2         
optlc_net_33809          1        1      2         
optlc_net_33810          1        1      2         
optlc_net_33811          1        1      2         
optlc_net_33812          1        1      2         
optlc_net_33813          1        1      2         
optlc_net_33814          1        1      2         
optlc_net_33815          1        1      2         
optlc_net_33816          1        1      2         
optlc_net_33817          1        1      2         
optlc_net_33818          1        1      2         
optlc_net_33819          1        1      2         
optlc_net_33820          1        1      2         
optlc_net_33821          1        1      2         
optlc_net_33822          1        1      2         
optlc_net_33823          1        1      2         
optlc_net_33824          1        1      2         
optlc_net_33825          1        1      2         
optlc_net_33826          1        1      2         
optlc_net_33827          1        1      2         
optlc_net_33828          1        1      2         
optlc_net_33829          1        1      2         
optlc_net_33830          1        1      2         
optlc_net_33831          1        1      2         
optlc_net_33832          1        1      2         
optlc_net_33833          1        1      2         
optlc_net_33834          1        1      2         
optlc_net_33835          1        1      2         
optlc_net_33836          1        1      2         
optlc_net_33837          1        1      2         
optlc_net_33838          1        1      2         
optlc_net_33839          1        1      2         
optlc_net_33840          1        1      2         
optlc_net_33841          1        1      2         
optlc_net_33842          1        1      2         
optlc_net_33843          1        1      2         
optlc_net_33844          1        1      2         
optlc_net_33845          1        1      2         
optlc_net_33846          1        1      2         
optlc_net_33847          1        1      2         
optlc_net_33848          1        1      2         
optlc_net_33849          1        1      2         
optlc_net_33850          1        1      2         
optlc_net_33851          1        1      2         
optlc_net_33852          1        1      2         
optlc_net_33853          1        1      2         
optlc_net_33854          1        1      2         
optlc_net_33855          1        1      2         
optlc_net_33856          1        1      2         
optlc_net_33857          1        1      2         
optlc_net_33858          1        1      2         
optlc_net_33859          1        1      2         
optlc_net_33860          1        1      2         
optlc_net_33861          1        1      2         
optlc_net_33862          1        1      2         
optlc_net_33863          1        1      2         
optlc_net_33864          1        1      2         
optlc_net_33865          1        1      2         
optlc_net_33866          1        1      2         
optlc_net_33867          1        1      2         
optlc_net_33868          1        1      2         
optlc_net_33869          1        1      2         
optlc_net_33870          1        1      2         
optlc_net_33871          1        1      2         
optlc_net_33872          1        1      2         
optlc_net_33873          1        1      2         
optlc_net_33874          1        1      2         
optlc_net_33875          1        1      2         
optlc_net_33876          1        1      2         
optlc_net_33877          1        1      2         
optlc_net_33878          1        1      2         
optlc_net_33879          1        1      2         
optlc_net_33880          1        1      2         
optlc_net_33881          1        1      2         
optlc_net_33882          1        1      2         
optlc_net_33883          1        1      2         
optlc_net_33884          1        1      2         
optlc_net_33885          1        1      2         
optlc_net_33886          1        1      2         
optlc_net_33887          1        1      2         
optlc_net_33888          1        1      2         
optlc_net_33889          1        1      2         
optlc_net_33890          1        1      2         
optlc_net_33891          1        1      2         
optlc_net_33892          1        1      2         
optlc_net_33893          1        1      2         
optlc_net_33894          1        1      2         
optlc_net_33895          1        1      2         
optlc_net_33896          1        1      2         
optlc_net_33897          1        1      2         
optlc_net_33898          1        1      2         
optlc_net_33899          1        1      2         
optlc_net_33900          1        1      2         
optlc_net_33901          1        1      2         
optlc_net_33902          1        1      2         
optlc_net_33903          1        1      2         
optlc_net_33904          1        1      2         
optlc_net_33905          1        1      2         
optlc_net_33906          1        1      2         
optlc_net_33907          1        1      2         
optlc_net_33908          1        1      2         
optlc_net_33909          1        1      2         
optlc_net_33910          1        1      2         
optlc_net_33911          1        1      2         
optlc_net_33912          1        1      2         
optlc_net_33913          1        1      2         
optlc_net_33914          1        1      2         
optlc_net_33915          1        1      2         
optlc_net_33916          1        1      2         
optlc_net_33917          1        1      2         
optlc_net_33918          1        1      2         
optlc_net_33919          1        1      2         
optlc_net_33920          1        1      2         
optlc_net_33921          1        1      2         
optlc_net_33922          1        1      2         
optlc_net_33923          1        1      2         
optlc_net_33924          1        1      2         
optlc_net_33925          1        1      2         
optlc_net_33926          1        1      2         
optlc_net_33927          1        1      2         
optlc_net_33928          1        1      2         
optlc_net_33929          1        1      2         
optlc_net_33930          1        1      2         
optlc_net_33931          1        1      2         
optlc_net_33932          1        1      2         
optlc_net_33933          1        1      2         
optlc_net_33934          1        1      2         
optlc_net_33935          1        1      2         
optlc_net_33936          1        1      2         
optlc_net_33937          1        1      2         
optlc_net_33938          1        1      2         
optlc_net_33939          1        1      2         
optlc_net_33940          1        1      2         
optlc_net_33941          1        1      2         
optlc_net_33942          1        1      2         
optlc_net_33943          1        1      2         
optlc_net_33944          1        1      2         
optlc_net_33945          1        1      2         
optlc_net_33946          1        1      2         
optlc_net_33947          1        1      2         
optlc_net_33948          1        1      2         
optlc_net_33949          1        1      2         
optlc_net_33950          1        1      2         
optlc_net_33951          1        1      2         
optlc_net_33952          1        1      2         
optlc_net_33953          1        1      2         
optlc_net_33954          1        1      2         
optlc_net_33955          1        1      2         
optlc_net_33956          1        1      2         
optlc_net_33957          1        1      2         
optlc_net_33958          1        1      2         
optlc_net_33959          1        1      2         
optlc_net_33960          1        1      2         
optlc_net_33961          1        1      2         
optlc_net_33962          1        1      2         
optlc_net_33963          1        1      2         
optlc_net_33964          1        1      2         
optlc_net_33965          1        1      2         
optlc_net_33966          1        1      2         
optlc_net_33967          1        1      2         
optlc_net_33968          1        1      2         
optlc_net_33969          1        1      2         
optlc_net_33970          1        1      2         
optlc_net_33971          1        1      2         
optlc_net_33972          1        1      2         
optlc_net_33973          1        1      2         
optlc_net_33974          1        1      2         
optlc_net_33975          1        1      2         
optlc_net_33976          1        1      2         
optlc_net_33977          1        1      2         
optlc_net_33978          1        1      2         
optlc_net_33979          1        1      2         
optlc_net_33980          1        1      2         
optlc_net_33981          1        1      2         
optlc_net_33982          1        1      2         
optlc_net_33983          1        1      2         
optlc_net_33984          1        1      2         
optlc_net_33985          1        1      2         
optlc_net_33986          1        1      2         
optlc_net_33987          1        1      2         
optlc_net_33988          1        1      2         
optlc_net_33989          1        1      2         
optlc_net_33990          1        1      2         
optlc_net_33991          1        1      2         
optlc_net_33992          1        1      2         
optlc_net_33993          1        1      2         
optlc_net_33994          1        1      2         
optlc_net_33995          1        1      2         
optlc_net_33996          1        1      2         
optlc_net_33997          1        1      2         
optlc_net_33998          1        1      2         
optlc_net_33999          1        1      2         
optlc_net_34000          1        1      2         
optlc_net_34001          1        1      2         
optlc_net_34002          1        1      2         
optlc_net_34003          1        1      2         
optlc_net_34004          1        1      2         
optlc_net_34005          1        1      2         
optlc_net_34006          1        1      2         
optlc_net_34007          1        1      2         
optlc_net_34008          1        1      2         
optlc_net_34009          1        1      2         
optlc_net_34010          1        1      2         
optlc_net_34011          1        1      2         
optlc_net_34012          1        1      2         
optlc_net_34013          1        1      2         
optlc_net_34014          1        1      2         
optlc_net_34015          1        1      2         
optlc_net_34016          1        1      2         
optlc_net_34017          1        1      2         
optlc_net_34018          1        1      2         
optlc_net_34019          1        1      2         
optlc_net_34020          1        1      2         
optlc_net_34021          1        1      2         
optlc_net_34022          1        1      2         
optlc_net_34023          1        1      2         
optlc_net_34024          1        1      2         
optlc_net_34025          1        1      2         
optlc_net_34026          1        1      2         
optlc_net_34027          1        1      2         
optlc_net_34028          1        1      2         
optlc_net_34029          1        1      2         
optlc_net_34030          1        1      2         
optlc_net_34031          1        1      2         
optlc_net_34032          1        1      2         
optlc_net_34033          1        1      2         
optlc_net_34034          1        1      2         
optlc_net_34035          1        1      2         
optlc_net_34036          1        1      2         
optlc_net_34037          1        1      2         
optlc_net_34038          1        1      2         
optlc_net_34039          1        1      2         
optlc_net_34040          1        1      2         
optlc_net_34041          1        1      2         
optlc_net_34042          1        1      2         
optlc_net_34043          1        1      2         
optlc_net_34044          1        1      2         
optlc_net_34045          1        1      2         
optlc_net_34046          1        1      2         
optlc_net_34047          1        1      2         
optlc_net_34048          1        1      2         
optlc_net_34049          1        1      2         
optlc_net_34050          1        1      2         
optlc_net_34051          1        1      2         
optlc_net_34052          1        1      2         
optlc_net_34053          1        1      2         
optlc_net_34054          1        1      2         
optlc_net_34055          1        1      2         
optlc_net_34056          1        1      2         
optlc_net_34057          1        1      2         
optlc_net_34058          1        1      2         
optlc_net_34059          1        1      2         
optlc_net_34060          1        1      2         
optlc_net_34061          1        1      2         
optlc_net_34062          1        1      2         
optlc_net_34063          1        1      2         
optlc_net_34064          1        1      2         
optlc_net_34065          1        1      2         
optlc_net_34066          1        1      2         
optlc_net_34067          1        1      2         
optlc_net_34068          1        1      2         
optlc_net_34069          1        1      2         
optlc_net_34070          1        1      2         
optlc_net_34071          1        1      2         
optlc_net_34072          1        1      2         
optlc_net_34073          1        1      2         
optlc_net_34074          1        1      2         
optlc_net_34075          1        1      2         
optlc_net_34076          1        1      2         
optlc_net_34077          1        1      2         
optlc_net_34078          1        1      2         
optlc_net_34079          1        1      2         
optlc_net_34080          1        1      2         
optlc_net_34081          1        1      2         
optlc_net_34082          1        1      2         
optlc_net_34083          1        1      2         
optlc_net_34084          1        1      2         
optlc_net_34085          1        1      2         
optlc_net_34086          1        1      2         
optlc_net_34087          1        1      2         
optlc_net_34088          1        1      2         
optlc_net_34089          1        1      2         
optlc_net_34090          1        1      2         
optlc_net_34091          1        1      2         
optlc_net_34092          1        1      2         
optlc_net_34093          1        1      2         
optlc_net_34094          1        1      2         
optlc_net_34095          1        1      2         
optlc_net_34096          1        1      2         
optlc_net_34097          1        1      2         
optlc_net_34098          1        1      2         
optlc_net_34099          1        1      2         
optlc_net_34100          1        1      2         
optlc_net_34101          1        1      2         
optlc_net_34102          1        1      2         
optlc_net_34103          1        1      2         
optlc_net_34104          1        1      2         
optlc_net_34105          1        1      2         
optlc_net_34106          1        1      2         
optlc_net_34107          1        1      2         
optlc_net_34108          1        1      2         
optlc_net_34109          1        1      2         
optlc_net_34110          1        1      2         
optlc_net_34111          1        1      2         
optlc_net_34112          1        1      2         
optlc_net_34113          1        1      2         
optlc_net_34114          1        1      2         
optlc_net_34115          1        1      2         
optlc_net_34116          1        1      2         
optlc_net_34117          1        1      2         
optlc_net_34118          1        1      2         
optlc_net_34119          1        1      2         
optlc_net_34120          1        1      2         
optlc_net_34121          1        1      2         
optlc_net_34122          1        1      2         
optlc_net_34123          1        1      2         
optlc_net_34124          1        1      2         
optlc_net_34125          1        1      2         
optlc_net_34126          1        1      2         
optlc_net_34127          1        1      2         
optlc_net_34128          1        1      2         
optlc_net_34129          1        1      2         
optlc_net_34130          1        1      2         
optlc_net_34131          1        1      2         
optlc_net_34132          1        1      2         
optlc_net_34133          1        1      2         
optlc_net_34134          1        1      2         
optlc_net_34135          1        1      2         
optlc_net_34136          1        1      2         
optlc_net_34137          1        1      2         
optlc_net_34138          1        1      2         
optlc_net_34139          1        1      2         
optlc_net_34140          1        1      2         
optlc_net_34141          1        1      2         
optlc_net_34142          1        1      2         
optlc_net_34143          1        1      2         
optlc_net_34144          1        1      2         
optlc_net_34145          1        1      2         
optlc_net_34146          1        1      2         
optlc_net_34147          1        1      2         
optlc_net_34148          1        1      2         
optlc_net_34149          1        1      2         
optlc_net_34150          1        1      2         
optlc_net_34151          1        1      2         
optlc_net_34152          1        1      2         
optlc_net_34153          1        1      2         
optlc_net_34154          1        1      2         
optlc_net_34155          1        1      2         
optlc_net_34156          1        1      2         
optlc_net_34157          1        1      2         
optlc_net_34158          1        1      2         
optlc_net_34159          1        1      2         
optlc_net_34160          1        1      2         
optlc_net_34161          1        1      2         
optlc_net_34162          1        1      2         
optlc_net_34163          1        1      2         
optlc_net_34164          1        1      2         
optlc_net_34165          1        1      2         
optlc_net_34166          1        1      2         
optlc_net_34167          1        1      2         
optlc_net_34168          1        1      2         
optlc_net_34169          1        1      2         
optlc_net_34170          1        1      2         
optlc_net_34171          1        1      2         
optlc_net_34172          1        1      2         
optlc_net_34173          1        1      2         
optlc_net_34174          1        1      2         
optlc_net_34175          1        1      2         
optlc_net_34176          1        1      2         
optlc_net_34177          1        1      2         
optlc_net_34178          1        1      2         
optlc_net_34179          1        1      2         
optlc_net_34180          1        1      2         
optlc_net_34181          1        1      2         
optlc_net_34182          1        1      2         
optlc_net_34183          1        1      2         
optlc_net_34184          1        1      2         
optlc_net_34185          1        1      2         
optlc_net_34186          1        1      2         
optlc_net_34187          1        1      2         
optlc_net_34188          1        1      2         
optlc_net_34189          1        1      2         
optlc_net_34190          1        1      2         
optlc_net_34191          1        1      2         
optlc_net_34192          1        1      2         
optlc_net_34193          1        1      2         
optlc_net_34194          1        1      2         
optlc_net_34195          1        1      2         
optlc_net_34196          1        1      2         
optlc_net_34197          1        1      2         
optlc_net_34198          1        1      2         
optlc_net_34199          1        1      2         
optlc_net_34200          1        1      2         
optlc_net_34201          1        1      2         
optlc_net_34202          1        1      2         
optlc_net_34203          1        1      2         
optlc_net_34204          1        1      2         
optlc_net_34205          1        1      2         
optlc_net_34206          1        1      2         
optlc_net_34207          1        1      2         
optlc_net_34208          1        1      2         
optlc_net_34209          1        1      2         
optlc_net_34210          1        1      2         
optlc_net_34211          1        1      2         
optlc_net_34212          1        1      2         
optlc_net_34213          1        1      2         
optlc_net_34214          1        1      2         
optlc_net_34215          1        1      2         
optlc_net_34216          1        1      2         
optlc_net_34217          1        1      2         
optlc_net_34218          1        1      2         
optlc_net_34219          1        1      2         
optlc_net_34220          1        1      2         
optlc_net_34221          1        1      2         
optlc_net_34222          1        1      2         
optlc_net_34223          1        1      2         
optlc_net_34224          1        1      2         
optlc_net_34225          1        1      2         
optlc_net_34226          1        1      2         
optlc_net_34227          1        1      2         
optlc_net_34228          1        1      2         
optlc_net_34229          1        1      2         
optlc_net_34230          1        1      2         
optlc_net_34231          1        1      2         
optlc_net_34232          1        1      2         
optlc_net_34233          1        1      2         
optlc_net_34234          1        1      2         
optlc_net_34235          1        1      2         
optlc_net_34236          1        1      2         
optlc_net_34237          1        1      2         
optlc_net_34238          1        1      2         
optlc_net_34239          1        1      2         
optlc_net_34240          1        1      2         
optlc_net_34241          1        1      2         
optlc_net_34242          1        1      2         
optlc_net_34243          1        1      2         
optlc_net_34244          1        1      2         
optlc_net_34245          1        1      2         
optlc_net_34246          1        1      2         
optlc_net_34247          1        1      2         
optlc_net_34248          1        1      2         
optlc_net_34249          1        1      2         
optlc_net_34250          1        1      2         
optlc_net_34251          1        1      2         
optlc_net_34252          1        1      2         
optlc_net_34253          1        1      2         
optlc_net_34254          1        1      2         
optlc_net_34255          1        1      2         
optlc_net_34256          1        1      2         
optlc_net_34257          1        1      2         
optlc_net_34258          1        1      2         
optlc_net_34259          1        1      2         
optlc_net_34260          1        1      2         
optlc_net_34261          1        1      2         
optlc_net_34262          1        1      2         
optlc_net_34263          1        1      2         
optlc_net_34264          1        1      2         
optlc_net_34265          1        1      2         
optlc_net_34266          1        1      2         
optlc_net_34267          1        1      2         
optlc_net_34268          1        1      2         
optlc_net_34269          1        1      2         
optlc_net_34270          1        1      2         
optlc_net_34271          1        1      2         
optlc_net_34272          1        1      2         
optlc_net_34273          1        1      2         
optlc_net_34274          1        1      2         
optlc_net_34275          1        1      2         
optlc_net_34276          1        1      2         
optlc_net_34277          1        1      2         
optlc_net_34278          1        1      2         
optlc_net_34279          1        1      2         
optlc_net_34280          1        1      2         
optlc_net_34281          1        1      2         
optlc_net_34282          1        1      2         
optlc_net_34283          1        1      2         
optlc_net_34284          1        1      2         
optlc_net_34285          1        1      2         
optlc_net_34286          1        1      2         
optlc_net_34287          1        1      2         
optlc_net_34288          1        1      2         
optlc_net_34289          1        1      2         
optlc_net_34290          1        1      2         
optlc_net_34291          1        1      2         
optlc_net_34292          1        1      2         
optlc_net_34293          1        1      2         
optlc_net_34294          1        1      2         
optlc_net_34295          1        1      2         
optlc_net_34296          1        1      2         
optlc_net_34297          1        1      2         
optlc_net_34298          1        1      2         
optlc_net_34299          1        1      2         
optlc_net_34300          1        1      2         
optlc_net_34301          1        1      2         
optlc_net_34302          1        1      2         
optlc_net_34303          1        1      2         
optlc_net_34304          1        1      2         
optlc_net_34305          1        1      2         
optlc_net_34306          1        1      2         
optlc_net_34307          1        1      2         
optlc_net_34308          1        1      2         
optlc_net_34309          1        1      2         
optlc_net_34310          1        1      2         
optlc_net_34311          1        1      2         
optlc_net_34312          1        1      2         
optlc_net_34313          1        1      2         
optlc_net_34314          1        1      2         
optlc_net_34315          1        1      2         
optlc_net_34316          1        1      2         
optlc_net_34317          1        1      2         
optlc_net_34318          1        1      2         
optlc_net_34319          1        1      2         
optlc_net_34320          1        1      2         
optlc_net_34321          1        1      2         
optlc_net_34322          1        1      2         
optlc_net_34323          1        1      2         
optlc_net_34324          1        1      2         
optlc_net_34325          1        1      2         
optlc_net_34326          1        1      2         
optlc_net_34327          1        1      2         
optlc_net_34328          1        1      2         
optlc_net_34329          1        1      2         
optlc_net_34330          1        1      2         
optlc_net_34331          1        1      2         
optlc_net_34332          1        1      2         
optlc_net_34333          1        1      2         
optlc_net_34334          1        1      2         
optlc_net_34335          1        1      2         
optlc_net_34336          1        1      2         
optlc_net_34337          1        1      2         
optlc_net_34338          1        1      2         
optlc_net_34339          1        1      2         
optlc_net_34340          1        1      2         
optlc_net_34341          1        1      2         
optlc_net_34342          1        1      2         
optlc_net_34343          1        1      2         
optlc_net_34344          1        1      2         
optlc_net_34345          1        1      2         
optlc_net_34346          1        1      2         
optlc_net_34347          1        1      2         
optlc_net_34348          1        1      2         
optlc_net_34349          1        1      2         
optlc_net_34350          1        1      2         
optlc_net_34351          1        1      2         
optlc_net_34352          1        1      2         
optlc_net_34353          1        1      2         
optlc_net_34354          1        1      2         
optlc_net_34355          1        1      2         
optlc_net_34356          1        1      2         
optlc_net_34357          1        1      2         
optlc_net_34358          1        1      2         
optlc_net_34359          1        1      2         
optlc_net_34360          1        1      2         
optlc_net_34361          1        1      2         
optlc_net_34362          1        1      2         
optlc_net_34363          1        1      2         
optlc_net_34364          1        1      2         
optlc_net_34365          1        1      2         
optlc_net_34366          1        1      2         
optlc_net_34367          1        1      2         
optlc_net_34368          1        1      2         
optlc_net_34369          1        1      2         
optlc_net_34370          1        1      2         
optlc_net_34371          1        1      2         
optlc_net_34372          1        1      2         
optlc_net_34373          1        1      2         
optlc_net_34374          1        1      2         
optlc_net_34375          1        1      2         
optlc_net_34376          1        1      2         
optlc_net_34377          1        1      2         
optlc_net_34378          1        1      2         
optlc_net_34379          1        1      2         
optlc_net_34380          1        1      2         
optlc_net_34381          1        1      2         
optlc_net_34382          1        1      2         
optlc_net_34383          1        1      2         
optlc_net_34384          1        1      2         
optlc_net_34385          1        1      2         
optlc_net_34386          1        1      2         
optlc_net_34387          1        1      2         
optlc_net_34388          1        1      2         
optlc_net_34389          1        1      2         
optlc_net_34390          1        1      2         
optlc_net_34391          1        1      2         
optlc_net_34392          1        1      2         
optlc_net_34393          1        1      2         
optlc_net_34394          1        1      2         
optlc_net_34395          1        1      2         
optlc_net_34396          1        1      2         
optlc_net_34397          1        1      2         
optlc_net_34398          1        1      2         
optlc_net_34399          1        1      2         
optlc_net_34400          1        1      2         
optlc_net_34401          1        1      2         
optlc_net_34402          1        1      2         
optlc_net_34403          1        1      2         
optlc_net_34404          1        1      2         
optlc_net_34405          1        1      2         
optlc_net_34406          1        1      2         
optlc_net_34407          1        1      2         
optlc_net_34408          1        1      2         
optlc_net_34409          1        1      2         
optlc_net_34410          1        1      2         
optlc_net_34411          1        1      2         
optlc_net_34412          1        1      2         
optlc_net_34413          1        1      2         
optlc_net_34414          1        1      2         
optlc_net_34415          1        1      2         
optlc_net_34416          1        1      2         
optlc_net_34417          1        1      2         
optlc_net_34418          1        1      2         
optlc_net_34419          1        1      2         
optlc_net_34420          1        1      2         
optlc_net_34421          1        1      2         
optlc_net_34422          1        1      2         
optlc_net_34423          1        1      2         
optlc_net_34424          1        1      2         
optlc_net_34425          1        1      2         
optlc_net_34426          1        1      2         
optlc_net_34427          1        1      2         
optlc_net_34428          1        1      2         
optlc_net_34429          1        1      2         
optlc_net_34430          1        1      2         
optlc_net_34431          1        1      2         
optlc_net_34432          1        1      2         
optlc_net_34433          1        1      2         
optlc_net_34434          1        1      2         
optlc_net_34435          1        1      2         
optlc_net_34436          1        1      2         
optlc_net_34437          1        1      2         
optlc_net_34438          1        1      2         
optlc_net_34439          1        1      2         
optlc_net_34440          1        1      2         
optlc_net_34441          1        1      2         
optlc_net_34442          1        1      2         
optlc_net_34443          1        1      2         
optlc_net_34444          1        1      2         
optlc_net_34445          1        1      2         
optlc_net_34446          1        1      2         
optlc_net_34447          1        1      2         
optlc_net_34448          1        1      2         
optlc_net_34449          1        1      2         
optlc_net_34450          1        1      2         
optlc_net_34451          1        1      2         
optlc_net_34452          1        1      2         
optlc_net_34453          1        1      2         
optlc_net_34454          1        1      2         
optlc_net_34455          1        1      2         
optlc_net_34456          1        1      2         
optlc_net_34457          1        1      2         
optlc_net_34458          1        1      2         
optlc_net_34459          1        1      2         
optlc_net_34460          1        1      2         
optlc_net_34461          1        1      2         
optlc_net_34462          1        1      2         
optlc_net_34463          1        1      2         
optlc_net_34464          1        1      2         
optlc_net_34465          1        1      2         
optlc_net_34466          1        1      2         
optlc_net_34467          1        1      2         
optlc_net_34468          1        1      2         
optlc_net_34469          1        1      2         
optlc_net_34470          1        1      2         
optlc_net_34471          1        1      2         
optlc_net_34472          1        1      2         
optlc_net_34473          1        1      2         
optlc_net_34474          1        1      2         
optlc_net_34475          1        1      2         
optlc_net_34476          1        1      2         
optlc_net_34477          1        1      2         
optlc_net_34478          1        1      2         
optlc_net_34479          1        1      2         
optlc_net_34480          1        1      2         
optlc_net_34481          1        1      2         
optlc_net_34482          1        1      2         
optlc_net_34483          1        1      2         
optlc_net_34484          1        1      2         
optlc_net_34485          1        1      2         
optlc_net_34486          1        1      2         
optlc_net_34487          1        1      2         
optlc_net_34488          1        1      2         
optlc_net_34489          1        1      2         
optlc_net_34490          1        1      2         
optlc_net_34491          1        1      2         
optlc_net_34492          1        1      2         
optlc_net_34493          1        1      2         
optlc_net_34494          1        1      2         
optlc_net_34495          1        1      2         
optlc_net_34496          1        1      2         
optlc_net_34497          1        1      2         
optlc_net_34498          1        1      2         
optlc_net_34499          1        1      2         
optlc_net_34500          1        1      2         
optlc_net_34501          1        1      2         
optlc_net_34502          1        1      2         
optlc_net_34503          1        1      2         
optlc_net_34504          1        1      2         
optlc_net_34505          1        1      2         
optlc_net_34506          1        1      2         
optlc_net_34507          1        1      2         
optlc_net_34508          1        1      2         
optlc_net_34509          1        1      2         
optlc_net_34510          1        1      2         
optlc_net_34511          1        1      2         
optlc_net_34512          1        1      2         
optlc_net_34513          1        1      2         
optlc_net_34514          1        1      2         
optlc_net_34515          1        1      2         
optlc_net_34516          1        1      2         
optlc_net_34517          1        1      2         
optlc_net_34518          1        1      2         
optlc_net_34519          1        1      2         
optlc_net_34520          1        1      2         
optlc_net_34521          1        1      2         
optlc_net_34522          1        1      2         
optlc_net_34523          1        1      2         
optlc_net_34524          1        1      2         
optlc_net_34525          1        1      2         
optlc_net_34526          1        1      2         
optlc_net_34527          1        1      2         
optlc_net_34528          1        1      2         
optlc_net_34529          1        1      2         
optlc_net_34530          1        1      2         
optlc_net_34531          1        1      2         
optlc_net_34532          1        1      2         
optlc_net_34533          1        1      2         
optlc_net_34534          1        1      2         
optlc_net_34535          1        1      2         
optlc_net_34536          1        1      2         
optlc_net_34537          1        1      2         
optlc_net_34538          1        1      2         
optlc_net_34539          1        1      2         
optlc_net_34540          1        1      2         
optlc_net_34541          1        1      2         
optlc_net_34542          1        1      2         
optlc_net_34543          1        1      2         
optlc_net_34544          1        1      2         
optlc_net_34545          1        1      2         
optlc_net_34546          1        1      2         
optlc_net_34547          1        1      2         
optlc_net_34548          1        1      2         
optlc_net_34549          1        1      2         
optlc_net_34550          1        1      2         
optlc_net_34551          1        1      2         
optlc_net_34552          1        1      2         
optlc_net_34553          1        1      2         
optlc_net_34554          1        1      2         
optlc_net_34555          1        1      2         
optlc_net_34556          1        1      2         
optlc_net_34557          1        1      2         
optlc_net_34558          1        1      2         
optlc_net_34559          1        1      2         
optlc_net_34560          1        1      2         
optlc_net_34561          1        1      2         
optlc_net_34562          1        1      2         
optlc_net_34563          1        1      2         
optlc_net_34564          1        1      2         
optlc_net_34565          1        1      2         
optlc_net_34566          1        1      2         
optlc_net_34567          1        1      2         
optlc_net_34568          1        1      2         
optlc_net_34569          1        1      2         
optlc_net_34570          1        1      2         
optlc_net_34571          1        1      2         
optlc_net_34572          1        1      2         
optlc_net_34573          1        1      2         
optlc_net_34574          1        1      2         
optlc_net_34575          1        1      2         
optlc_net_34576          1        1      2         
optlc_net_34577          1        1      2         
optlc_net_34578          1        1      2         
optlc_net_34579          1        1      2         
optlc_net_34580          1        1      2         
optlc_net_34581          1        1      2         
optlc_net_34582          1        1      2         
optlc_net_34583          1        1      2         
optlc_net_34584          1        1      2         
optlc_net_34585          1        1      2         
optlc_net_34586          1        1      2         
optlc_net_34587          1        1      2         
optlc_net_34588          1        1      2         
optlc_net_34589          1        1      2         
optlc_net_34590          1        1      2         
optlc_net_34591          1        1      2         
optlc_net_34592          1        1      2         
optlc_net_34593          1        1      2         
optlc_net_34594          1        1      2         
optlc_net_34595          1        1      2         
optlc_net_34596          1        1      2         
optlc_net_34597          1        1      2         
optlc_net_34598          1        1      2         
optlc_net_34599          1        1      2         
optlc_net_34600          1        1      2         
optlc_net_34601          1        1      2         
optlc_net_34602          1        1      2         
optlc_net_34603          1        1      2         
optlc_net_34604          1        1      2         
optlc_net_34605          1        1      2         
optlc_net_34606          1        1      2         
optlc_net_34607          1        1      2         
optlc_net_34608          1        1      2         
optlc_net_34609          1        1      2         
optlc_net_34610          1        1      2         
optlc_net_34611          1        1      2         
optlc_net_34612          1        1      2         
optlc_net_34613          1        1      2         
optlc_net_34614          1        1      2         
optlc_net_34615          1        1      2         
optlc_net_34616          1        1      2         
optlc_net_34617          1        1      2         
optlc_net_34618          1        1      2         
optlc_net_34619          1        1      2         
optlc_net_34620          1        1      2         
optlc_net_34621          1        1      2         
optlc_net_34622          1        1      2         
optlc_net_34623          1        1      2         
optlc_net_34624          1        1      2         
optlc_net_34625          1        1      2         
optlc_net_34626          1        1      2         
optlc_net_34627          1        1      2         
optlc_net_34628          1        1      2         
optlc_net_34629          1        1      2         
optlc_net_34630          1        1      2         
optlc_net_34631          1        1      2         
optlc_net_34632          1        1      2         
optlc_net_34633          1        1      2         
optlc_net_34634          1        1      2         
optlc_net_34635          1        1      2         
optlc_net_34636          1        1      2         
optlc_net_34637          1        1      2         
optlc_net_34638          1        1      2         
optlc_net_34639          1        1      2         
optlc_net_34640          1        1      2         
optlc_net_34641          1        1      2         
optlc_net_34642          1        1      2         
optlc_net_34643          1        1      2         
optlc_net_34644          1        1      2         
optlc_net_34645          1        1      2         
optlc_net_34646          1        1      2         
optlc_net_34647          1        1      2         
optlc_net_34648          1        1      2         
optlc_net_34649          1        1      2         
optlc_net_34650          1        1      2         
optlc_net_34651          1        1      2         
optlc_net_34652          1        1      2         
optlc_net_34653          1        1      2         
optlc_net_34654          1        1      2         
optlc_net_34655          1        1      2         
optlc_net_34656          1        1      2         
optlc_net_34657          1        1      2         
optlc_net_34658          1        1      2         
optlc_net_34659          1        1      2         
optlc_net_34660          1        1      2         
optlc_net_34661          1        1      2         
optlc_net_34662          1        1      2         
optlc_net_34663          1        1      2         
optlc_net_34664          1        1      2         
optlc_net_34665          1        1      2         
optlc_net_34666          1        1      2         
optlc_net_34667          1        1      2         
optlc_net_34668          1        1      2         
optlc_net_34669          1        1      2         
optlc_net_34670          1        1      2         
optlc_net_34671          1        1      2         
optlc_net_34672          1        1      2         
optlc_net_34673          1        1      2         
optlc_net_34674          1        1      2         
optlc_net_34675          1        1      2         
optlc_net_34676          1        1      2         
optlc_net_34677          1        1      2         
optlc_net_34678          1        1      2         
optlc_net_34679          1        1      2         
optlc_net_34680          1        1      2         
optlc_net_34681          1        1      2         
optlc_net_34682          1        1      2         
optlc_net_34683          1        1      2         
optlc_net_34684          1        1      2         
optlc_net_34685          1        1      2         
optlc_net_34686          1        1      2         
optlc_net_34687          1        1      2         
optlc_net_34688          1        1      2         
optlc_net_34689          1        1      2         
optlc_net_34690          1        1      2         
optlc_net_34691          1        1      2         
optlc_net_34692          1        1      2         
optlc_net_34693          1        1      2         
optlc_net_34694          1        1      2         
optlc_net_34695          1        1      2         
optlc_net_34696          1        1      2         
optlc_net_34697          1        1      2         
optlc_net_34698          1        1      2         
optlc_net_34699          1        1      2         
optlc_net_34700          1        1      2         
optlc_net_34701          1        1      2         
optlc_net_34702          1        1      2         
optlc_net_34703          1        1      2         
optlc_net_34704          1        1      2         
optlc_net_34705          1        1      2         
optlc_net_34706          1        1      2         
optlc_net_34707          1        1      2         
optlc_net_34708          1        1      2         
optlc_net_34709          1        1      2         
optlc_net_34710          1        1      2         
optlc_net_34711          1        1      2         
optlc_net_34712          1        1      2         
optlc_net_34713          1        1      2         
optlc_net_34714          1        1      2         
optlc_net_34715          1        1      2         
optlc_net_34716          1        1      2         
optlc_net_34717          1        1      2         
optlc_net_34718          1        1      2         
optlc_net_34719          1        1      2         
optlc_net_34720          1        1      2         
optlc_net_34721          1        1      2         
optlc_net_34722          1        1      2         
optlc_net_34723          1        1      2         
optlc_net_34724          1        1      2         
optlc_net_34725          1        1      2         
optlc_net_34726          1        1      2         
optlc_net_34727          1        1      2         
optlc_net_34728          1        1      2         
optlc_net_34729          1        1      2         
optlc_net_34730          1        1      2         
optlc_net_34731          1        1      2         
optlc_net_34732          1        1      2         
optlc_net_34733          1        1      2         
optlc_net_34734          1        1      2         
optlc_net_34735          1        1      2         
optlc_net_34736          1        1      2         
optlc_net_34737          1        1      2         
optlc_net_34738          1        1      2         
optlc_net_34739          1        1      2         
optlc_net_34740          1        1      2         
optlc_net_34741          1        1      2         
optlc_net_34742          1        1      2         
optlc_net_34743          1        1      2         
optlc_net_34744          1        1      2         
optlc_net_34745          1        1      2         
optlc_net_34746          1        1      2         
optlc_net_34747          1        1      2         
optlc_net_34748          1        1      2         
optlc_net_34749          1        1      2         
optlc_net_34750          1        1      2         
optlc_net_34751          1        1      2         
optlc_net_34752          1        1      2         
optlc_net_34753          1        1      2         
optlc_net_34754          1        1      2         
optlc_net_34755          1        1      2         
optlc_net_34756          1        1      2         
optlc_net_34757          1        1      2         
optlc_net_34758          1        1      2         
optlc_net_34759          1        1      2         
optlc_net_34760          1        1      2         
optlc_net_34761          1        1      2         
optlc_net_34762          1        1      2         
optlc_net_34763          1        1      2         
optlc_net_34764          1        1      2         
optlc_net_34765          1        1      2         
optlc_net_34766          1        1      2         
optlc_net_34767          1        1      2         
optlc_net_34768          1        1      2         
optlc_net_34769          1        1      2         
optlc_net_34770          1        1      2         
optlc_net_34771          1        1      2         
optlc_net_34772          1        1      2         
optlc_net_34773          1        1      2         
optlc_net_34774          1        1      2         
optlc_net_34775          1        1      2         
optlc_net_34776          1        1      2         
optlc_net_34777          1        1      2         
optlc_net_34778          1        1      2         
optlc_net_34779          1        1      2         
optlc_net_34780          1        1      2         
optlc_net_34781          1        1      2         
optlc_net_34782          1        1      2         
optlc_net_34783          1        1      2         
optlc_net_34784          1        1      2         
optlc_net_34785          1        1      2         
optlc_net_34786          1        1      2         
optlc_net_34787          1        1      2         
optlc_net_34788          1        1      2         
optlc_net_34789          1        1      2         
optlc_net_34790          1        1      2         
optlc_net_34791          1        1      2         
optlc_net_34792          1        1      2         
optlc_net_34793          1        1      2         
optlc_net_34794          1        1      2         
optlc_net_34795          1        1      2         
optlc_net_34796          1        1      2         
optlc_net_34797          1        1      2         
optlc_net_34798          1        1      2         
optlc_net_34799          1        1      2         
optlc_net_34800          1        1      2         
optlc_net_34801          1        1      2         
optlc_net_34802          1        1      2         
optlc_net_34803          1        1      2         
optlc_net_34804          1        1      2         
optlc_net_34805          1        1      2         
optlc_net_34806          1        1      2         
optlc_net_34807          1        1      2         
optlc_net_34808          1        1      2         
optlc_net_34809          1        1      2         
optlc_net_34810          1        1      2         
optlc_net_34811          1        1      2         
optlc_net_34812          1        1      2         
optlc_net_34813          1        1      2         
optlc_net_34814          1        1      2         
optlc_net_34815          1        1      2         
optlc_net_34816          1        1      2         
optlc_net_34817          1        1      2         
optlc_net_34818          1        1      2         
optlc_net_34819          1        1      2         
optlc_net_34820          1        1      2         
optlc_net_34821          1        1      2         
optlc_net_34822          1        1      2         
optlc_net_34823          1        1      2         
optlc_net_34824          1        1      2         
optlc_net_34825          1        1      2         
optlc_net_34826          1        1      2         
optlc_net_34827          1        1      2         
optlc_net_34828          1        1      2         
optlc_net_34829          1        1      2         
optlc_net_34830          1        1      2         
optlc_net_34831          1        1      2         
optlc_net_34832          1        1      2         
optlc_net_34833          1        1      2         
optlc_net_34834          1        1      2         
optlc_net_34835          1        1      2         
optlc_net_34836          1        1      2         
optlc_net_34837          1        1      2         
optlc_net_34838          1        1      2         
optlc_net_34839          1        1      2         
optlc_net_34840          1        1      2         
optlc_net_34841          1        1      2         
optlc_net_34842          1        1      2         
optlc_net_34843          1        1      2         
optlc_net_34844          1        1      2         
optlc_net_34845          1        1      2         
optlc_net_34846          1        1      2         
optlc_net_34847          1        1      2         
optlc_net_34848          1        1      2         
optlc_net_34849          1        1      2         
optlc_net_34850          1        1      2         
optlc_net_34851          1        1      2         
optlc_net_34852          1        1      2         
optlc_net_34853          1        1      2         
optlc_net_34854          1        1      2         
optlc_net_34855          1        1      2         
optlc_net_34856          1        1      2         
optlc_net_34857          1        1      2         
optlc_net_34858          1        1      2         
optlc_net_34859          1        1      2         
optlc_net_34860          1        1      2         
optlc_net_34861          1        1      2         
optlc_net_34862          1        1      2         
optlc_net_34863          1        1      2         
optlc_net_34864          1        1      2         
optlc_net_34865          1        1      2         
optlc_net_34866          1        1      2         
optlc_net_34867          1        1      2         
optlc_net_34868          1        1      2         
optlc_net_34869          1        1      2         
optlc_net_34870          1        1      2         
optlc_net_34871          1        1      2         
optlc_net_34872          1        1      2         
optlc_net_34873          1        1      2         
optlc_net_34874          1        1      2         
optlc_net_34875          1        1      2         
optlc_net_34876          1        1      2         
optlc_net_34877          1        1      2         
optlc_net_34878          1        1      2         
optlc_net_34879          1        1      2         
optlc_net_34880          1        1      2         
optlc_net_34881          1        1      2         
optlc_net_34882          1        1      2         
optlc_net_34883          1        1      2         
optlc_net_34884          1        1      2         
optlc_net_34885          1        1      2         
optlc_net_34886          1        1      2         
optlc_net_34887          1        1      2         
optlc_net_34888          1        1      2         
optlc_net_34889          1        1      2         
optlc_net_34890          1        1      2         
optlc_net_34891          1        1      2         
optlc_net_34892          1        1      2         
optlc_net_34893          1        1      2         
optlc_net_34894          1        1      2         
optlc_net_34895          1        1      2         
optlc_net_34896          1        1      2         
optlc_net_34897          1        1      2         
optlc_net_34898          1        1      2         
optlc_net_34899          1        1      2         
optlc_net_34900          1        1      2         
optlc_net_34901          1        1      2         
optlc_net_34902          1        1      2         
optlc_net_34903          1        1      2         
optlc_net_34904          1        1      2         
optlc_net_34905          1        1      2         
optlc_net_34906          1        1      2         
optlc_net_34907          1        1      2         
optlc_net_34908          1        1      2         
optlc_net_34909          1        1      2         
optlc_net_34910          1        1      2         
optlc_net_34911          1        1      2         
optlc_net_34912          1        1      2         
optlc_net_34913          1        1      2         
optlc_net_34914          1        1      2         
optlc_net_34915          1        1      2         
optlc_net_34916          1        1      2         
optlc_net_34917          1        1      2         
optlc_net_34918          1        1      2         
optlc_net_34919          1        1      2         
optlc_net_34920          1        1      2         
optlc_net_34921          1        1      2         
optlc_net_34922          1        1      2         
optlc_net_34923          1        1      2         
optlc_net_34924          1        1      2         
optlc_net_34925          1        1      2         
optlc_net_34926          1        1      2         
optlc_net_34927          1        1      2         
optlc_net_34928          1        1      2         
optlc_net_34929          1        1      2         
optlc_net_34930          1        1      2         
optlc_net_34931          1        1      2         
optlc_net_34932          1        1      2         
optlc_net_34933          1        1      2         
optlc_net_34934          1        1      2         
optlc_net_34935          1        1      2         
optlc_net_34936          1        1      2         
optlc_net_34937          1        1      2         
optlc_net_34938          1        1      2         
optlc_net_34939          1        1      2         
optlc_net_34940          1        1      2         
optlc_net_34941          1        1      2         
optlc_net_34942          1        1      2         
optlc_net_34943          1        1      2         
optlc_net_34944          1        1      2         
optlc_net_34945          1        1      2         
optlc_net_34946          1        1      2         
optlc_net_34947          1        1      2         
optlc_net_34948          1        1      2         
optlc_net_34949          1        1      2         
optlc_net_34950          1        1      2         
optlc_net_34951          1        1      2         
optlc_net_34952          1        1      2         
optlc_net_34953          1        1      2         
optlc_net_34954          1        1      2         
optlc_net_34955          1        1      2         
optlc_net_34956          1        1      2         
optlc_net_34957          1        1      2         
optlc_net_34958          1        1      2         
optlc_net_34959          1        1      2         
optlc_net_34960          1        1      2         
optlc_net_34961          1        1      2         
optlc_net_34962          1        1      2         
optlc_net_34963          1        1      2         
optlc_net_34964          1        1      2         
optlc_net_34965          1        1      2         
optlc_net_34966          1        1      2         
optlc_net_34967          1        1      2         
optlc_net_34968          1        1      2         
optlc_net_34969          1        1      2         
optlc_net_34970          1        1      2         
optlc_net_34971          1        1      2         
optlc_net_34972          1        1      2         
optlc_net_34973          1        1      2         
optlc_net_34974          1        1      2         
optlc_net_34975          1        1      2         
optlc_net_34976          1        1      2         
optlc_net_34977          1        1      2         
optlc_net_34978          1        1      2         
optlc_net_34979          1        1      2         
optlc_net_34980          1        1      2         
optlc_net_34981          1        1      2         
optlc_net_34982          1        1      2         
optlc_net_34983          1        1      2         
optlc_net_34984          1        1      2         
optlc_net_34985          1        1      2         
optlc_net_34986          1        1      2         
optlc_net_34987          1        1      2         
optlc_net_34988          1        1      2         
optlc_net_34989          1        1      2         
optlc_net_34990          1        1      2         
optlc_net_34991          1        1      2         
optlc_net_34992          1        1      2         
optlc_net_34993          1        1      2         
optlc_net_34994          1        1      2         
optlc_net_34995          1        1      2         
optlc_net_34996          1        1      2         
optlc_net_34997          1        1      2         
optlc_net_34998          1        1      2         
optlc_net_34999          1        1      2         
optlc_net_35000          1        1      2         
optlc_net_35001          1        1      2         
optlc_net_35002          1        1      2         
optlc_net_35003          1        1      2         
optlc_net_35004          1        1      2         
optlc_net_35005          1        1      2         
optlc_net_35006          1        1      2         
optlc_net_35007          1        1      2         
optlc_net_35008          1        1      2         
optlc_net_35009          1        1      2         
optlc_net_35010          1        1      2         
optlc_net_35011          1        1      2         
optlc_net_35012          1        1      2         
optlc_net_35013          1        1      2         
optlc_net_35014          1        1      2         
optlc_net_35015          1        1      2         
optlc_net_35016          1        1      2         
optlc_net_35017          1        1      2         
optlc_net_35018          1        1      2         
optlc_net_35019          1        1      2         
optlc_net_35020          1        1      2         
optlc_net_35021          1        1      2         
optlc_net_35022          1        1      2         
optlc_net_35023          1        1      2         
optlc_net_35024          1        1      2         
optlc_net_35025          1        1      2         
optlc_net_35026          1        1      2         
optlc_net_35027          1        1      2         
optlc_net_35028          1        1      2         
optlc_net_35029          1        1      2         
optlc_net_35030          1        1      2         
optlc_net_35031          1        1      2         
optlc_net_35032          1        1      2         
optlc_net_35033          1        1      2         
optlc_net_35034          1        1      2         
optlc_net_35035          1        1      2         
optlc_net_35036          1        1      2         
optlc_net_35037          1        1      2         
optlc_net_35038          1        1      2         
optlc_net_35039          1        1      2         
optlc_net_35040          1        1      2         
optlc_net_35041          1        1      2         
optlc_net_35042          1        1      2         
optlc_net_35043          1        1      2         
optlc_net_35044          1        1      2         
optlc_net_35045          1        1      2         
optlc_net_35046          1        1      2         
optlc_net_35047          1        1      2         
optlc_net_35048          1        1      2         
optlc_net_35049          1        1      2         
optlc_net_35050          1        1      2         
optlc_net_35051          1        1      2         
optlc_net_35052          1        1      2         
optlc_net_35053          1        1      2         
optlc_net_35054          1        1      2         
optlc_net_35055          1        1      2         
optlc_net_35056          1        1      2         
optlc_net_35057          1        1      2         
optlc_net_35058          1        1      2         
optlc_net_35059          1        1      2         
optlc_net_35060          1        1      2         
optlc_net_35061          1        1      2         
optlc_net_35062          1        1      2         
optlc_net_35063          1        1      2         
optlc_net_35064          1        1      2         
optlc_net_35065          1        1      2         
optlc_net_35066          1        1      2         
optlc_net_35067          1        1      2         
optlc_net_35068          1        1      2         
optlc_net_35069          1        1      2         
optlc_net_35070          1        1      2         
optlc_net_35071          1        1      2         
optlc_net_35072          1        1      2         
optlc_net_35073          1        1      2         
optlc_net_35074          1        1      2         
optlc_net_35075          1        1      2         
optlc_net_35076          1        1      2         
optlc_net_35077          1        1      2         
optlc_net_35078          1        1      2         
optlc_net_35079          1        1      2         
optlc_net_35080          1        1      2         
optlc_net_35081          1        1      2         
optlc_net_35082          1        1      2         
optlc_net_35083          1        1      2         
optlc_net_35084          1        1      2         
optlc_net_35085          1        1      2         
optlc_net_35086          1        1      2         
optlc_net_35087          1        1      2         
optlc_net_35088          1        1      2         
optlc_net_35089          1        1      2         
optlc_net_35090          1        1      2         
optlc_net_35091          1        1      2         
optlc_net_35092          1        1      2         
optlc_net_35093          1        1      2         
optlc_net_35094          1        1      2         
optlc_net_35095          1        1      2         
optlc_net_35096          1        1      2         
optlc_net_35097          1        1      2         
optlc_net_35098          1        1      2         
optlc_net_35099          1        1      2         
optlc_net_35100          1        1      2         
optlc_net_35101          1        1      2         
optlc_net_35102          1        1      2         
optlc_net_35103          1        1      2         
optlc_net_35104          1        1      2         
optlc_net_35105          1        1      2         
optlc_net_35106          1        1      2         
optlc_net_35107          1        1      2         
optlc_net_35108          1        1      2         
optlc_net_35109          1        1      2         
optlc_net_35110          1        1      2         
optlc_net_35111          1        1      2         
optlc_net_35112          1        1      2         
optlc_net_35113          1        1      2         
optlc_net_35114          1        1      2         
optlc_net_35115          1        1      2         
optlc_net_35116          1        1      2         
optlc_net_35117          1        1      2         
optlc_net_35118          1        1      2         
optlc_net_35119          1        1      2         
optlc_net_35120          1        1      2         
optlc_net_35121          1        1      2         
optlc_net_35122          1        1      2         
optlc_net_35123          1        1      2         
optlc_net_35124          1        1      2         
optlc_net_35125          1        1      2         
optlc_net_35126          1        1      2         
optlc_net_35127          1        1      2         
optlc_net_35128          1        1      2         
optlc_net_35129          1        1      2         
optlc_net_35130          1        1      2         
optlc_net_35131          1        1      2         
optlc_net_35132          1        1      2         
optlc_net_35133          1        1      2         
optlc_net_35134          1        1      2         
optlc_net_35135          1        1      2         
optlc_net_35136          1        1      2         
optlc_net_35137          1        1      2         
optlc_net_35138          1        1      2         
optlc_net_35139          1        1      2         
optlc_net_35140          1        1      2         
optlc_net_35141          1        1      2         
optlc_net_35142          1        1      2         
optlc_net_35143          1        1      2         
optlc_net_35144          1        1      2         
optlc_net_35145          1        1      2         
optlc_net_35146          1        1      2         
optlc_net_35147          1        1      2         
optlc_net_35148          1        1      2         
optlc_net_35149          1        1      2         
optlc_net_35150          1        1      2         
optlc_net_35151          1        1      2         
optlc_net_35152          1        1      2         
optlc_net_35153          1        1      2         
optlc_net_35154          1        1      2         
optlc_net_35155          1        1      2         
optlc_net_35156          1        1      2         
optlc_net_35157          1        1      2         
optlc_net_35158          1        1      2         
optlc_net_35159          1        1      2         
optlc_net_35160          1        1      2         
optlc_net_35161          1        1      2         
optlc_net_35162          1        1      2         
optlc_net_35163          1        1      2         
optlc_net_35164          1        1      2         
optlc_net_35165          1        1      2         
optlc_net_35166          1        1      2         
optlc_net_35167          1        1      2         
optlc_net_35168          1        1      2         
optlc_net_35169          1        1      2         
optlc_net_35170          1        1      2         
optlc_net_35171          1        1      2         
optlc_net_35172          1        1      2         
optlc_net_35173          1        1      2         
optlc_net_35174          1        1      2         
optlc_net_35175          1        1      2         
optlc_net_35176          1        1      2         
optlc_net_35177          1        1      2         
optlc_net_35178          1        1      2         
optlc_net_35179          1        1      2         
optlc_net_35180          1        1      2         
optlc_net_35181          1        1      2         
optlc_net_35182          1        1      2         
optlc_net_35183          1        1      2         
optlc_net_35184          1        1      2         
optlc_net_35185          1        1      2         
optlc_net_35186          1        1      2         
optlc_net_35187          1        1      2         
optlc_net_35188          1        1      2         
optlc_net_35189          1        1      2         
optlc_net_35190          1        1      2         
optlc_net_35191          1        1      2         
optlc_net_35192          1        1      2         
optlc_net_35193          1        1      2         
optlc_net_35194          1        1      2         
optlc_net_35195          1        1      2         
optlc_net_35196          1        1      2         
optlc_net_35197          1        1      2         
optlc_net_35198          1        1      2         
optlc_net_35199          1        1      2         
optlc_net_35200          1        1      2         
optlc_net_35201          1        1      2         
optlc_net_35202          1        1      2         
optlc_net_35203          1        1      2         
optlc_net_35204          1        1      2         
optlc_net_35205          1        1      2         
optlc_net_35206          1        1      2         
optlc_net_35207          1        1      2         
optlc_net_35208          1        1      2         
optlc_net_35209          1        1      2         
optlc_net_35210          1        1      2         
optlc_net_35211          1        1      2         
optlc_net_35212          1        1      2         
optlc_net_35213          1        1      2         
optlc_net_35214          1        1      2         
optlc_net_35215          1        1      2         
optlc_net_35216          1        1      2         
optlc_net_35217          1        1      2         
optlc_net_35218          1        1      2         
optlc_net_35219          1        1      2         
optlc_net_35220          1        1      2         
optlc_net_35221          1        1      2         
optlc_net_35222          1        1      2         
optlc_net_35223          1        1      2         
optlc_net_35224          1        1      2         
optlc_net_35225          1        1      2         
optlc_net_35226          1        1      2         
optlc_net_35227          1        1      2         
optlc_net_35228          1        1      2         
optlc_net_35229          1        1      2         
optlc_net_35230          1        1      2         
optlc_net_35231          1        1      2         
optlc_net_35232          1        1      2         
optlc_net_35233          1        1      2         
optlc_net_35234          1        1      2         
optlc_net_35235          1        1      2         
optlc_net_35236          1        1      2         
optlc_net_35237          1        1      2         
optlc_net_35238          1        1      2         
optlc_net_35239          1        1      2         
optlc_net_35240          1        1      2         
optlc_net_35241          1        1      2         
optlc_net_35242          1        1      2         
optlc_net_35243          1        1      2         
optlc_net_35244          1        1      2         
optlc_net_35245          1        1      2         
optlc_net_35246          1        1      2         
optlc_net_35247          1        1      2         
optlc_net_35248          1        1      2         
optlc_net_35249          1        1      2         
optlc_net_35250          1        1      2         
optlc_net_35251          1        1      2         
optlc_net_35252          1        1      2         
optlc_net_35253          1        1      2         
optlc_net_35254          1        1      2         
optlc_net_35255          1        1      2         
optlc_net_35256          1        1      2         
optlc_net_35257          1        1      2         
optlc_net_35258          1        1      2         
optlc_net_35259          1        1      2         
optlc_net_35260          1        1      2         
optlc_net_35261          1        1      2         
optlc_net_35262          1        1      2         
optlc_net_35263          1        1      2         
optlc_net_35264          1        1      2         
optlc_net_35265          1        1      2         
optlc_net_35266          1        1      2         
optlc_net_35267          1        1      2         
optlc_net_35268          1        1      2         
optlc_net_35269          1        1      2         
optlc_net_35270          1        1      2         
optlc_net_35271          1        1      2         
optlc_net_35272          1        1      2         
optlc_net_35273          1        1      2         
optlc_net_35274          1        1      2         
optlc_net_35275          1        1      2         
optlc_net_35276          1        1      2         
optlc_net_35277          1        1      2         
optlc_net_35278          1        1      2         
optlc_net_35279          1        1      2         
optlc_net_35280          1        1      2         
optlc_net_35281          1        1      2         
optlc_net_35282          1        1      2         
optlc_net_35283          1        1      2         
optlc_net_35284          1        1      2         
optlc_net_35285          1        1      2         
optlc_net_35286          1        1      2         
optlc_net_35287          1        1      2         
optlc_net_35288          1        1      2         
optlc_net_35289          1        1      2         
optlc_net_35290          1        1      2         
optlc_net_35291          1        1      2         
optlc_net_35292          1        1      2         
optlc_net_35293          1        1      2         
optlc_net_35294          1        1      2         
optlc_net_35295          1        1      2         
optlc_net_35296          1        1      2         
optlc_net_35297          1        1      2         
optlc_net_35298          1        1      2         
optlc_net_35299          1        1      2         
optlc_net_35300          1        1      2         
optlc_net_35301          1        1      2         
optlc_net_35302          1        1      2         
optlc_net_35303          1        1      2         
optlc_net_35304          1        1      2         
optlc_net_35305          1        1      2         
optlc_net_35306          1        1      2         
optlc_net_35307          1        1      2         
optlc_net_35308          1        1      2         
optlc_net_35309          1        1      2         
optlc_net_35310          1        1      2         
optlc_net_35311          1        1      2         
optlc_net_35312          1        1      2         
optlc_net_35313          1        1      2         
optlc_net_35314          1        1      2         
optlc_net_35315          1        1      2         
optlc_net_35316          1        1      2         
optlc_net_35317          1        1      2         
optlc_net_35318          1        1      2         
optlc_net_35319          1        1      2         
optlc_net_35320          1        1      2         
optlc_net_35321          1        1      2         
optlc_net_35322          1        1      2         
optlc_net_35323          1        1      2         
optlc_net_35324          1        1      2         
optlc_net_35325          1        1      2         
optlc_net_35326          1        1      2         
optlc_net_35327          1        1      2         
optlc_net_35328          1        1      2         
optlc_net_35329          1        1      2         
optlc_net_35330          1        1      2         
optlc_net_35331          1        1      2         
optlc_net_35332          1        1      2         
optlc_net_35333          1        1      2         
optlc_net_35334          1        1      2         
optlc_net_35335          1        1      2         
optlc_net_35336          1        1      2         
optlc_net_35337          1        1      2         
optlc_net_35338          1        1      2         
optlc_net_35339          1        1      2         
optlc_net_35340          1        1      2         
optlc_net_35341          1        1      2         
optlc_net_35342          1        1      2         
optlc_net_35343          1        1      2         
optlc_net_35344          1        1      2         
optlc_net_35345          1        1      2         
optlc_net_35346          1        1      2         
optlc_net_35347          1        1      2         
optlc_net_35348          1        1      2         
optlc_net_35349          1        1      2         
optlc_net_35350          1        1      2         
optlc_net_35351          1        1      2         
optlc_net_35352          1        1      2         
optlc_net_35353          1        1      2         
optlc_net_35354          1        1      2         
optlc_net_35355          1        1      2         
optlc_net_35356          1        1      2         
optlc_net_35357          1        1      2         
optlc_net_35358          1        1      2         
optlc_net_35359          1        1      2         
optlc_net_35360          1        1      2         
optlc_net_35361          1        1      2         
optlc_net_35362          1        1      2         
optlc_net_35363          1        1      2         
optlc_net_35364          1        1      2         
optlc_net_35365          1        1      2         
optlc_net_35366          1        1      2         
optlc_net_35367          1        1      2         
optlc_net_35368          1        1      2         
optlc_net_35369          1        1      2         
optlc_net_35370          1        1      2         
optlc_net_35371          1        1      2         
optlc_net_35372          1        1      2         
optlc_net_35373          1        1      2         
optlc_net_35374          1        1      2         
optlc_net_35375          1        1      2         
optlc_net_35376          1        1      2         
optlc_net_35377          1        1      2         
optlc_net_35378          1        1      2         
optlc_net_35379          1        1      2         
optlc_net_35380          1        1      2         
optlc_net_35381          1        1      2         
optlc_net_35382          1        1      2         
optlc_net_35383          1        1      2         
optlc_net_35384          1        1      2         
optlc_net_35385          1        1      2         
optlc_net_35386          1        1      2         
optlc_net_35387          1        1      2         
optlc_net_35388          1        1      2         
optlc_net_35389          1        1      2         
optlc_net_35390          1        1      2         
optlc_net_35391          1        1      2         
optlc_net_35392          1        1      2         
optlc_net_35393          1        1      2         
optlc_net_35394          1        1      2         
optlc_net_35395          1        1      2         
optlc_net_35396          1        1      2         
optlc_net_35397          1        1      2         
optlc_net_35398          1        1      2         
optlc_net_35399          1        1      2         
optlc_net_35400          1        1      2         
optlc_net_35401          1        1      2         
optlc_net_35402          1        1      2         
optlc_net_35403          1        1      2         
optlc_net_35404          1        1      2         
optlc_net_35405          1        1      2         
optlc_net_35406          1        1      2         
optlc_net_35407          1        1      2         
optlc_net_35408          1        1      2         
optlc_net_35409          1        1      2         
optlc_net_35410          1        1      2         
optlc_net_35411          1        1      2         
optlc_net_35412          1        1      2         
optlc_net_35413          1        1      2         
optlc_net_35414          1        1      2         
optlc_net_35415          1        1      2         
optlc_net_35416          1        1      2         
optlc_net_35417          1        1      2         
optlc_net_35418          1        1      2         
optlc_net_35419          1        1      2         
optlc_net_35420          1        1      2         
optlc_net_35421          1        1      2         
optlc_net_35422          1        1      2         
optlc_net_35423          1        1      2         
optlc_net_35424          1        1      2         
optlc_net_35425          1        1      2         
optlc_net_35426          1        1      2         
optlc_net_35427          1        1      2         
optlc_net_35428          1        1      2         
optlc_net_35429          1        1      2         
optlc_net_35430          1        1      2         
optlc_net_35431          1        1      2         
optlc_net_35432          1        1      2         
optlc_net_35433          1        1      2         
optlc_net_35434          1        1      2         
optlc_net_35435          1        1      2         
optlc_net_35436          1        1      2         
optlc_net_35437          1        1      2         
optlc_net_35438          1        1      2         
optlc_net_35439          1        1      2         
optlc_net_35440          1        1      2         
optlc_net_35441          1        1      2         
optlc_net_35442          1        1      2         
optlc_net_35443          1        1      2         
optlc_net_35444          1        1      2         
optlc_net_35445          1        1      2         
optlc_net_35446          1        1      2         
optlc_net_35447          1        1      2         
optlc_net_35448          1        1      2         
optlc_net_35449          1        1      2         
optlc_net_35450          1        1      2         
optlc_net_35451          1        1      2         
optlc_net_35452          1        1      2         
optlc_net_35453          1        1      2         
optlc_net_35454          1        1      2         
optlc_net_35455          1        1      2         
optlc_net_35456          1        1      2         
optlc_net_35457          1        1      2         
optlc_net_35458          1        1      2         
optlc_net_35459          1        1      2         
optlc_net_35460          1        1      2         
optlc_net_35461          1        1      2         
optlc_net_35462          1        1      2         
optlc_net_35463          1        1      2         
optlc_net_35464          1        1      2         
optlc_net_35465          1        1      2         
optlc_net_35466          1        1      2         
optlc_net_35467          1        1      2         
optlc_net_35468          1        1      2         
optlc_net_35469          1        1      2         
optlc_net_35470          1        1      2         
optlc_net_35471          1        1      2         
optlc_net_35472          1        1      2         
optlc_net_35473          1        1      2         
optlc_net_35474          1        1      2         
optlc_net_35475          1        1      2         
optlc_net_35476          1        1      2         
optlc_net_35477          1        1      2         
optlc_net_35478          1        1      2         
optlc_net_35479          1        1      2         
optlc_net_35480          1        1      2         
optlc_net_35481          1        1      2         
optlc_net_35482          1        1      2         
optlc_net_35483          1        1      2         
optlc_net_35484          1        1      2         
optlc_net_35485          1        1      2         
optlc_net_35486          1        1      2         
optlc_net_35487          1        1      2         
optlc_net_35488          1        1      2         
optlc_net_35489          1        1      2         
optlc_net_35490          1        1      2         
optlc_net_35491          1        1      2         
optlc_net_35492          1        1      2         
optlc_net_35493          1        1      2         
optlc_net_35494          1        1      2         
optlc_net_35495          1        1      2         
optlc_net_35496          1        1      2         
optlc_net_35497          1        1      2         
optlc_net_35498          1        1      2         
optlc_net_35499          1        1      2         
optlc_net_35500          1        1      2         
optlc_net_35501          1        1      2         
optlc_net_35502          1        1      2         
optlc_net_35503          1        1      2         
optlc_net_35504          1        1      2         
optlc_net_35505          1        1      2         
optlc_net_35506          1        1      2         
optlc_net_35507          1        1      2         
optlc_net_35508          1        1      2         
optlc_net_35509          1        1      2         
optlc_net_35510          1        1      2         
optlc_net_35511          1        1      2         
optlc_net_35512          1        1      2         
optlc_net_35513          1        1      2         
optlc_net_35514          1        1      2         
optlc_net_35515          1        1      2         
optlc_net_35516          1        1      2         
optlc_net_35517          1        1      2         
optlc_net_35518          1        1      2         
optlc_net_35519          1        1      2         
optlc_net_35520          1        1      2         
optlc_net_35521          1        1      2         
optlc_net_35522          1        1      2         
optlc_net_35523          1        1      2         
optlc_net_35524          1        1      2         
optlc_net_35525          1        1      2         
optlc_net_35526          1        1      2         
optlc_net_35527          1        1      2         
optlc_net_35528          1        1      2         
optlc_net_35529          1        1      2         
optlc_net_35530          1        1      2         
optlc_net_35531          1        1      2         
optlc_net_35532          1        1      2         
optlc_net_35533          1        1      2         
optlc_net_35534          1        1      2         
optlc_net_35535          1        1      2         
optlc_net_35536          1        1      2         
optlc_net_35537          1        1      2         
optlc_net_35538          1        1      2         
optlc_net_35539          1        1      2         
optlc_net_35540          1        1      2         
optlc_net_35541          1        1      2         
optlc_net_35542          1        1      2         
optlc_net_35543          1        1      2         
optlc_net_35544          1        1      2         
optlc_net_35545          1        1      2         
optlc_net_35546          1        1      2         
optlc_net_35547          1        1      2         
optlc_net_35548          1        1      2         
optlc_net_35549          1        1      2         
optlc_net_35550          1        1      2         
optlc_net_35551          1        1      2         
optlc_net_35552          1        1      2         
optlc_net_35553          1        1      2         
optlc_net_35554          1        1      2         
optlc_net_35555          1        1      2         
optlc_net_35556          1        1      2         
optlc_net_35557          1        1      2         
optlc_net_35558          1        1      2         
optlc_net_35559          1        1      2         
optlc_net_35560          1        1      2         
optlc_net_35561          1        1      2         
optlc_net_35562          1        1      2         
optlc_net_35563          1        1      2         
optlc_net_35564          1        1      2         
optlc_net_35565          1        1      2         
optlc_net_35566          1        1      2         
optlc_net_35567          1        1      2         
optlc_net_35568          1        1      2         
optlc_net_35569          1        1      2         
optlc_net_35570          1        1      2         
optlc_net_35571          1        1      2         
optlc_net_35572          1        1      2         
optlc_net_35573          1        1      2         
optlc_net_35574          1        1      2         
optlc_net_35575          1        1      2         
optlc_net_35576          1        1      2         
optlc_net_35577          1        1      2         
optlc_net_35578          1        1      2         
optlc_net_35579          1        1      2         
optlc_net_35580          1        1      2         
optlc_net_35581          1        1      2         
optlc_net_35582          1        1      2         
optlc_net_35583          1        1      2         
optlc_net_35584          1        1      2         
optlc_net_35585          1        1      2         
optlc_net_35586          1        1      2         
optlc_net_35587          1        1      2         
optlc_net_35588          1        1      2         
optlc_net_35589          1        1      2         
optlc_net_35590          1        1      2         
optlc_net_35591          1        1      2         
optlc_net_35592          1        1      2         
optlc_net_35593          1        1      2         
optlc_net_35594          1        1      2         
optlc_net_35595          1        1      2         
optlc_net_35596          1        1      2         
optlc_net_35597          1        1      2         
optlc_net_35598          1        1      2         
optlc_net_35599          1        1      2         
optlc_net_35600          1        1      2         
optlc_net_35601          1        1      2         
optlc_net_35602          1        1      2         
optlc_net_35603          1        1      2         
optlc_net_35604          1        1      2         
optlc_net_35605          1        1      2         
optlc_net_35606          1        1      2         
optlc_net_35607          1        1      2         
optlc_net_35608          1        1      2         
optlc_net_35609          1        1      2         
optlc_net_35610          1        1      2         
optlc_net_35611          1        1      2         
optlc_net_35612          1        1      2         
optlc_net_35613          1        1      2         
optlc_net_35614          1        1      2         
optlc_net_35615          1        1      2         
optlc_net_35616          1        1      2         
optlc_net_35617          1        1      2         
optlc_net_35618          1        1      2         
optlc_net_35619          1        1      2         
optlc_net_35620          1        1      2         
optlc_net_35621          1        1      2         
optlc_net_35622          1        1      2         
optlc_net_35623          1        1      2         
optlc_net_35624          1        1      2         
optlc_net_35625          1        1      2         
optlc_net_35626          1        1      2         
optlc_net_35627          1        1      2         
optlc_net_35628          1        1      2         
optlc_net_35629          1        1      2         
optlc_net_35630          1        1      2         
optlc_net_35631          1        1      2         
optlc_net_35632          1        1      2         
optlc_net_35633          1        1      2         
optlc_net_35634          1        1      2         
optlc_net_35635          1        1      2         
optlc_net_35636          1        1      2         
optlc_net_35637          1        1      2         
optlc_net_35638          1        1      2         
optlc_net_35639          1        1      2         
optlc_net_35640          1        1      2         
optlc_net_35641          1        1      2         
optlc_net_35642          1        1      2         
optlc_net_35643          1        1      2         
optlc_net_35644          1        1      2         
optlc_net_35645          1        1      2         
optlc_net_35646          1        1      2         
optlc_net_35647          1        1      2         
optlc_net_35648          1        1      2         
optlc_net_35649          1        1      2         
optlc_net_35650          1        1      2         
optlc_net_35651          1        1      2         
optlc_net_35652          1        1      2         
optlc_net_35653          1        1      2         
optlc_net_35654          1        1      2         
optlc_net_35655          1        1      2         
optlc_net_35656          1        1      2         
optlc_net_35657          1        1      2         
optlc_net_35658          1        1      2         
optlc_net_35659          1        1      2         
optlc_net_35660          1        1      2         
optlc_net_35661          1        1      2         
optlc_net_35662          1        1      2         
optlc_net_35663          1        1      2         
optlc_net_35664          1        1      2         
optlc_net_35665          1        1      2         
optlc_net_35666          1        1      2         
optlc_net_35667          1        1      2         
optlc_net_35668          1        1      2         
optlc_net_35669          1        1      2         
optlc_net_35670          1        1      2         
optlc_net_35671          1        1      2         
optlc_net_35672          1        1      2         
optlc_net_35673          1        1      2         
optlc_net_35674          1        1      2         
optlc_net_35675          1        1      2         
optlc_net_35676          1        1      2         
optlc_net_35677          1        1      2         
optlc_net_35678          1        1      2         
optlc_net_35679          1        1      2         
optlc_net_35680          1        1      2         
optlc_net_35681          1        1      2         
optlc_net_35682          1        1      2         
optlc_net_35683          1        1      2         
optlc_net_35684          1        1      2         
optlc_net_35685          1        1      2         
optlc_net_35686          1        1      2         
optlc_net_35687          1        1      2         
optlc_net_35688          1        1      2         
optlc_net_35689          1        1      2         
optlc_net_35690          1        1      2         
optlc_net_35691          1        1      2         
optlc_net_35692          1        1      2         
optlc_net_35693          1        1      2         
optlc_net_35694          1        1      2         
optlc_net_35695          1        1      2         
optlc_net_35696          1        1      2         
optlc_net_35697          1        1      2         
optlc_net_35698          1        1      2         
optlc_net_35699          1        1      2         
optlc_net_35700          1        1      2         
optlc_net_35701          1        1      2         
optlc_net_35702          1        1      2         
optlc_net_35703          1        1      2         
optlc_net_35704          1        1      2         
optlc_net_35705          1        1      2         
optlc_net_35706          1        1      2         
optlc_net_35707          1        1      2         
optlc_net_35708          1        1      2         
optlc_net_35709          1        1      2         
optlc_net_35710          1        1      2         
optlc_net_35711          1        1      2         
optlc_net_35712          1        1      2         
optlc_net_35713          1        1      2         
optlc_net_35714          1        1      2         
optlc_net_35715          1        1      2         
optlc_net_35716          1        1      2         
optlc_net_35717          1        1      2         
optlc_net_35718          1        1      2         
optlc_net_35719          1        1      2         
optlc_net_35720          1        1      2         
optlc_net_35721          1        1      2         
optlc_net_35722          1        1      2         
optlc_net_35723          1        1      2         
optlc_net_35724          1        1      2         
optlc_net_35725          1        1      2         
optlc_net_35726          1        1      2         
optlc_net_35727          1        1      2         
optlc_net_35728          1        1      2         
optlc_net_35729          1        1      2         
optlc_net_35730          1        1      2         
optlc_net_35731          1        1      2         
optlc_net_35732          1        1      2         
optlc_net_35733          1        1      2         
optlc_net_35734          1        1      2         
optlc_net_35735          1        1      2         
optlc_net_35736          1        1      2         
optlc_net_35737          1        1      2         
optlc_net_35738          1        1      2         
optlc_net_35739          1        1      2         
optlc_net_35740          1        1      2         
optlc_net_35741          1        1      2         
optlc_net_35742          1        1      2         
optlc_net_35743          1        1      2         
optlc_net_35744          1        1      2         
optlc_net_35745          1        1      2         
optlc_net_35746          1        1      2         
optlc_net_35747          1        1      2         
optlc_net_35748          1        1      2         
optlc_net_35749          1        1      2         
optlc_net_35750          1        1      2         
optlc_net_35751          1        1      2         
optlc_net_35752          1        1      2         
optlc_net_35753          1        1      2         
optlc_net_35754          1        1      2         
optlc_net_35755          1        1      2         
optlc_net_35756          1        1      2         
optlc_net_35757          1        1      2         
optlc_net_35758          1        1      2         
optlc_net_35759          1        1      2         
optlc_net_35760          1        1      2         
optlc_net_35761          1        1      2         
optlc_net_35762          1        1      2         
optlc_net_35763          1        1      2         
optlc_net_35764          1        1      2         
optlc_net_35765          1        1      2         
optlc_net_35766          1        1      2         
optlc_net_35767          1        1      2         
optlc_net_35768          1        1      2         
optlc_net_35769          1        1      2         
optlc_net_35770          1        1      2         
optlc_net_35771          1        1      2         
optlc_net_35772          1        1      2         
optlc_net_35773          1        1      2         
optlc_net_35774          1        1      2         
optlc_net_35775          1        1      2         
optlc_net_35776          1        1      2         
optlc_net_35777          1        1      2         
optlc_net_35778          1        1      2         
optlc_net_35779          1        1      2         
optlc_net_35780          1        1      2         
optlc_net_35781          1        1      2         
optlc_net_35782          1        1      2         
optlc_net_35783          1        1      2         
optlc_net_35784          1        1      2         
optlc_net_35785          1        1      2         
optlc_net_35786          1        1      2         
optlc_net_35787          1        1      2         
optlc_net_35788          1        1      2         
optlc_net_35789          1        1      2         
optlc_net_35790          1        1      2         
optlc_net_35791          1        1      2         
optlc_net_35792          1        1      2         
optlc_net_35793          1        1      2         
optlc_net_35794          1        1      2         
optlc_net_35795          1        1      2         
optlc_net_35796          1        1      2         
optlc_net_35797          1        1      2         
optlc_net_35798          1        1      2         
optlc_net_35799          1        1      2         
optlc_net_35800          1        1      2         
optlc_net_35801          1        1      2         
optlc_net_35802          1        1      2         
optlc_net_35803          1        1      2         
optlc_net_35804          1        1      2         
optlc_net_35805          1        1      2         
optlc_net_35806          1        1      2         
optlc_net_35807          1        1      2         
optlc_net_35808          1        1      2         
optlc_net_35809          1        1      2         
optlc_net_35810          1        1      2         
optlc_net_35811          1        1      2         
optlc_net_35812          1        1      2         
optlc_net_35813          1        1      2         
optlc_net_35814          1        1      2         
optlc_net_35815          1        1      2         
optlc_net_35816          1        1      2         
optlc_net_35817          1        1      2         
optlc_net_35818          1        1      2         
optlc_net_35819          1        1      2         
optlc_net_35820          1        1      2         
optlc_net_35821          1        1      2         
optlc_net_35822          1        1      2         
optlc_net_35823          1        1      2         
optlc_net_35824          1        1      2         
optlc_net_35825          1        1      2         
optlc_net_35826          1        1      2         
optlc_net_35827          1        1      2         
optlc_net_35828          1        1      2         
optlc_net_35829          1        1      2         
optlc_net_35830          1        1      2         
optlc_net_35831          1        1      2         
optlc_net_35832          1        1      2         
optlc_net_35833          1        1      2         
optlc_net_35834          1        1      2         
optlc_net_35835          1        1      2         
optlc_net_35836          1        1      2         
optlc_net_35837          1        1      2         
optlc_net_35838          1        1      2         
optlc_net_35839          1        1      2         
optlc_net_35840          1        1      2         
optlc_net_35841          1        1      2         
optlc_net_35842          1        1      2         
optlc_net_35843          1        1      2         
optlc_net_35844          1        1      2         
optlc_net_35845          1        1      2         
optlc_net_35846          1        1      2         
optlc_net_35847          1        1      2         
optlc_net_35848          1        1      2         
optlc_net_35849          1        1      2         
optlc_net_35850          1        1      2         
optlc_net_35851          1        1      2         
optlc_net_35852          1        1      2         
optlc_net_35853          1        1      2         
optlc_net_35854          1        1      2         
optlc_net_35855          1        1      2         
optlc_net_35856          1        1      2         
optlc_net_35857          1        1      2         
optlc_net_35858          1        1      2         
optlc_net_35859          1        1      2         
optlc_net_35860          1        1      2         
optlc_net_35861          1        1      2         
optlc_net_35862          1        1      2         
optlc_net_35863          1        1      2         
optlc_net_35864          1        1      2         
optlc_net_35865          1        1      2         
optlc_net_35866          1        1      2         
optlc_net_35867          1        1      2         
optlc_net_35868          1        1      2         
optlc_net_35869          1        1      2         
optlc_net_35870          1        1      2         
optlc_net_35871          1        1      2         
optlc_net_35872          1        1      2         
optlc_net_35873          1        1      2         
optlc_net_35874          1        1      2         
optlc_net_35875          1        1      2         
optlc_net_35876          1        1      2         
optlc_net_35877          1        1      2         
optlc_net_35878          1        1      2         
optlc_net_35879          1        1      2         
optlc_net_35880          1        1      2         
optlc_net_35881          1        1      2         
optlc_net_35882          1        1      2         
optlc_net_35883          1        1      2         
optlc_net_35884          1        1      2         
optlc_net_35885          1        1      2         
optlc_net_35886          1        1      2         
optlc_net_35887          1        1      2         
optlc_net_35888          1        1      2         
optlc_net_35889          1        1      2         
optlc_net_35890          1        1      2         
optlc_net_35891          1        1      2         
optlc_net_35892          1        1      2         
optlc_net_35893          1        1      2         
optlc_net_35894          1        1      2         
optlc_net_35895          1        1      2         
optlc_net_35896          1        1      2         
optlc_net_35897          1        1      2         
optlc_net_35898          1        1      2         
optlc_net_35899          1        1      2         
optlc_net_35900          1        1      2         
optlc_net_35901          1        1      2         
optlc_net_35902          1        1      2         
optlc_net_35903          1        1      2         
optlc_net_35904          1        1      2         
optlc_net_35905          1        1      2         
optlc_net_35906          1        1      2         
optlc_net_35907          1        1      2         
optlc_net_35908          1        1      2         
optlc_net_35909          1        1      2         
optlc_net_35910          1        1      2         
optlc_net_35911          1        1      2         
optlc_net_35912          1        1      2         
optlc_net_35913          1        1      2         
optlc_net_35914          1        1      2         
optlc_net_35915          1        1      2         
optlc_net_35916          1        1      2         
optlc_net_35917          1        1      2         
optlc_net_35918          1        1      2         
optlc_net_35919          1        1      2         
optlc_net_35920          1        1      2         
optlc_net_35921          1        1      2         
optlc_net_35922          1        1      2         
optlc_net_35923          1        1      2         
optlc_net_35924          1        1      2         
optlc_net_35925          1        1      2         
optlc_net_35926          1        1      2         
optlc_net_35927          1        1      2         
optlc_net_35928          1        1      2         
optlc_net_35929          1        1      2         
optlc_net_35930          1        1      2         
optlc_net_35931          1        1      2         
optlc_net_35932          1        1      2         
optlc_net_35933          1        1      2         
optlc_net_35934          1        1      2         
optlc_net_35935          1        1      2         
optlc_net_35936          1        1      2         
optlc_net_35937          1        1      2         
optlc_net_35938          1        1      2         
optlc_net_35939          1        1      2         
optlc_net_35940          1        1      2         
optlc_net_35941          1        1      2         
optlc_net_35942          1        1      2         
optlc_net_35943          1        1      2         
optlc_net_35944          1        1      2         
optlc_net_35945          1        1      2         
optlc_net_35946          1        1      2         
optlc_net_35947          1        1      2         
optlc_net_35948          1        1      2         
optlc_net_35949          1        1      2         
optlc_net_35950          1        1      2         
optlc_net_35951          1        1      2         
optlc_net_35952          1        1      2         
optlc_net_35953          1        1      2         
optlc_net_35954          1        1      2         
optlc_net_35955          1        1      2         
optlc_net_35956          1        1      2         
optlc_net_35957          1        1      2         
optlc_net_35958          1        1      2         
optlc_net_35959          1        1      2         
optlc_net_35960          1        1      2         
optlc_net_35961          1        1      2         
optlc_net_35962          1        1      2         
optlc_net_35963          1        1      2         
optlc_net_35964          1        1      2         
optlc_net_35965          1        1      2         
optlc_net_35966          1        1      2         
optlc_net_35967          1        1      2         
optlc_net_35968          1        1      2         
optlc_net_35969          1        1      2         
optlc_net_35970          1        1      2         
optlc_net_35971          1        1      2         
optlc_net_35972          1        1      2         
optlc_net_35973          1        1      2         
optlc_net_35974          1        1      2         
optlc_net_35975          1        1      2         
optlc_net_35976          1        1      2         
optlc_net_35977          1        1      2         
optlc_net_35978          1        1      2         
optlc_net_35979          1        1      2         
optlc_net_35980          1        1      2         
optlc_net_35981          1        1      2         
optlc_net_35982          1        1      2         
optlc_net_35983          1        1      2         
optlc_net_35984          1        1      2         
optlc_net_35985          1        1      2         
optlc_net_35986          1        1      2         
optlc_net_35987          1        1      2         
optlc_net_35988          1        1      2         
optlc_net_35989          1        1      2         
optlc_net_35990          1        1      2         
optlc_net_35991          1        1      2         
optlc_net_35992          1        1      2         
optlc_net_35993          1        1      2         
optlc_net_35994          1        1      2         
optlc_net_35995          1        1      2         
optlc_net_35996          1        1      2         
optlc_net_35997          1        1      2         
optlc_net_35998          1        1      2         
optlc_net_35999          1        1      2         
optlc_net_36000          1        1      2         
optlc_net_36001          1        1      2         
optlc_net_36002          1        1      2         
optlc_net_36003          1        1      2         
optlc_net_36004          1        1      2         
optlc_net_36005          1        1      2         
optlc_net_36006          1        1      2         
optlc_net_36007          1        1      2         
optlc_net_36008          1        1      2         
optlc_net_36009          1        1      2         
optlc_net_36010          1        1      2         
optlc_net_36011          1        1      2         
optlc_net_36012          1        1      2         
optlc_net_36013          1        1      2         
optlc_net_36014          1        1      2         
optlc_net_36015          1        1      2         
optlc_net_36016          1        1      2         
optlc_net_36017          1        1      2         
optlc_net_36018          1        1      2         
optlc_net_36019          1        1      2         
optlc_net_36020          1        1      2         
optlc_net_36021          1        1      2         
optlc_net_36022          1        1      2         
optlc_net_36023          1        1      2         
optlc_net_36024          1        1      2         
optlc_net_36025          1        1      2         
optlc_net_36026          1        1      2         
optlc_net_36027          1        1      2         
optlc_net_36028          1        1      2         
optlc_net_36029          1        1      2         
optlc_net_36030          1        1      2         
optlc_net_36031          1        1      2         
optlc_net_36032          1        1      2         
optlc_net_36033          1        1      2         
optlc_net_36034          1        1      2         
optlc_net_36035          1        1      2         
optlc_net_36036          1        1      2         
optlc_net_36037          1        1      2         
optlc_net_36038          1        1      2         
optlc_net_36039          1        1      2         
optlc_net_36040          1        1      2         
optlc_net_36041          1        1      2         
optlc_net_36042          1        1      2         
optlc_net_36043          1        1      2         
optlc_net_36044          1        1      2         
optlc_net_36045          1        1      2         
optlc_net_36046          1        1      2         
optlc_net_36047          1        1      2         
optlc_net_36048          1        1      2         
optlc_net_36049          1        1      2         
optlc_net_36050          1        1      2         
optlc_net_36051          1        1      2         
optlc_net_36052          1        1      2         
optlc_net_36053          1        1      2         
optlc_net_36054          1        1      2         
optlc_net_36055          1        1      2         
optlc_net_36056          1        1      2         
optlc_net_36057          1        1      2         
optlc_net_36058          1        1      2         
optlc_net_36059          1        1      2         
optlc_net_36060          1        1      2         
optlc_net_36061          1        1      2         
optlc_net_36062          1        1      2         
optlc_net_36063          1        1      2         
optlc_net_36064          1        1      2         
optlc_net_36065          1        1      2         
optlc_net_36066          1        1      2         
optlc_net_36067          1        1      2         
optlc_net_36068          1        1      2         
optlc_net_36069          1        1      2         
optlc_net_36070          1        1      2         
optlc_net_36071          1        1      2         
optlc_net_36072          1        1      2         
optlc_net_36073          1        1      2         
optlc_net_36074          1        1      2         
optlc_net_36075          1        1      2         
optlc_net_36076          1        1      2         
optlc_net_36077          1        1      2         
optlc_net_36078          1        1      2         
optlc_net_36079          1        1      2         
optlc_net_36080          1        1      2         
optlc_net_36081          1        1      2         
optlc_net_36082          1        1      2         
optlc_net_36083          1        1      2         
optlc_net_36084          1        1      2         
optlc_net_36085          1        1      2         
optlc_net_36086          1        1      2         
optlc_net_36087          1        1      2         
optlc_net_36088          1        1      2         
optlc_net_36089          1        1      2         
optlc_net_36090          1        1      2         
optlc_net_36091          1        1      2         
optlc_net_36092          1        1      2         
optlc_net_36093          1        1      2         
optlc_net_36094          1        1      2         
optlc_net_36095          1        1      2         
optlc_net_36096          1        1      2         
optlc_net_36097          1        1      2         
optlc_net_36098          1        1      2         
optlc_net_36099          1        1      2         
optlc_net_36100          1        1      2         
optlc_net_36101          1        1      2         
optlc_net_36102          1        1      2         
optlc_net_36103          1        1      2         
optlc_net_36104          1        1      2         
optlc_net_36105          1        1      2         
optlc_net_36106          1        1      2         
optlc_net_36107          1        1      2         
optlc_net_36108          1        1      2         
optlc_net_36109          1        1      2         
optlc_net_36110          1        1      2         
optlc_net_36111          1        1      2         
optlc_net_36112          1        1      2         
optlc_net_36113          1        1      2         
optlc_net_36114          1        1      2         
optlc_net_36115          1        1      2         
optlc_net_36116          1        1      2         
optlc_net_36117          1        1      2         
optlc_net_36118          1        1      2         
optlc_net_36119          1        1      2         
optlc_net_36120          1        1      2         
optlc_net_36121          1        1      2         
optlc_net_36122          1        1      2         
optlc_net_36123          1        1      2         
optlc_net_36124          1        1      2         
optlc_net_36125          1        1      2         
optlc_net_36126          1        1      2         
optlc_net_36127          1        1      2         
optlc_net_36128          1        1      2         
optlc_net_36129          1        1      2         
optlc_net_36130          1        1      2         
optlc_net_36131          1        1      2         
optlc_net_36132          1        1      2         
optlc_net_36133          1        1      2         
optlc_net_36134          1        1      2         
optlc_net_36135          1        1      2         
optlc_net_36136          1        1      2         
optlc_net_36137          1        1      2         
optlc_net_36138          1        1      2         
optlc_net_36139          1        1      2         
optlc_net_36140          1        1      2         
optlc_net_36141          1        1      2         
optlc_net_36142          1        1      2         
optlc_net_36143          1        1      2         
optlc_net_36144          1        1      2         
optlc_net_36145          1        1      2         
optlc_net_36146          1        1      2         
optlc_net_36147          1        1      2         
optlc_net_36148          1        1      2         
optlc_net_36149          1        1      2         
optlc_net_36150          1        1      2         
optlc_net_36151          1        1      2         
optlc_net_36152          1        1      2         
optlc_net_36153          1        1      2         
optlc_net_36154          1        1      2         
optlc_net_36155          1        1      2         
optlc_net_36156          1        1      2         
optlc_net_36157          1        1      2         
optlc_net_36158          1        1      2         
optlc_net_36159          1        1      2         
optlc_net_36160          1        1      2         
optlc_net_36161          1        1      2         
optlc_net_36162          1        1      2         
optlc_net_36163          1        1      2         
optlc_net_36164          1        1      2         
optlc_net_36165          1        1      2         
optlc_net_36166          1        1      2         
optlc_net_36167          1        1      2         
optlc_net_36168          1        1      2         
optlc_net_36169          1        1      2         
optlc_net_36170          1        1      2         
optlc_net_36171          1        1      2         
optlc_net_36172          1        1      2         
optlc_net_36173          1        1      2         
optlc_net_36174          1        1      2         
optlc_net_36175          1        1      2         
optlc_net_36176          1        1      2         
optlc_net_36177          1        1      2         
optlc_net_36178          1        1      2         
optlc_net_36179          1        1      2         
optlc_net_36180          1        1      2         
optlc_net_36181          1        1      2         
optlc_net_36182          1        1      2         
optlc_net_36183          1        1      2         
optlc_net_36184          1        1      2         
optlc_net_36185          1        1      2         
optlc_net_36186          1        1      2         
optlc_net_36187          1        1      2         
optlc_net_36188          1        1      2         
optlc_net_36189          1        1      2         
optlc_net_36190          1        1      2         
optlc_net_36191          1        1      2         
optlc_net_36192          1        1      2         
optlc_net_36193          1        1      2         
optlc_net_36194          1        1      2         
optlc_net_36195          1        1      2         
optlc_net_36196          1        1      2         
optlc_net_36197          1        1      2         
optlc_net_36198          1        1      2         
optlc_net_36199          1        1      2         
optlc_net_36200          1        1      2         
optlc_net_36201          1        1      2         
optlc_net_36202          1        1      2         
optlc_net_36203          1        1      2         
optlc_net_36204          1        1      2         
optlc_net_36205          1        1      2         
optlc_net_36206          1        1      2         
optlc_net_36207          1        1      2         
optlc_net_36208          1        1      2         
optlc_net_36209          1        1      2         
optlc_net_36210          1        1      2         
optlc_net_36211          1        1      2         
optlc_net_36212          1        1      2         
optlc_net_36213          1        1      2         
optlc_net_36214          1        1      2         
optlc_net_36215          1        1      2         
optlc_net_36216          1        1      2         
optlc_net_36217          1        1      2         
optlc_net_36218          1        1      2         
optlc_net_36219          1        1      2         
optlc_net_36220          1        1      2         
optlc_net_36221          1        1      2         
optlc_net_36222          1        1      2         
optlc_net_36223          1        1      2         
optlc_net_36224          1        1      2         
optlc_net_36225          1        1      2         
optlc_net_36226          1        1      2         
optlc_net_36227          1        1      2         
optlc_net_36228          1        1      2         
optlc_net_36229          1        1      2         
optlc_net_36230          1        1      2         
optlc_net_36231          1        1      2         
optlc_net_36232          1        1      2         
optlc_net_36233          1        1      2         
optlc_net_36234          1        1      2         
optlc_net_36235          1        1      2         
optlc_net_36236          1        1      2         
optlc_net_36237          1        1      2         
optlc_net_36238          1        1      2         
optlc_net_36239          1        1      2         
optlc_net_36240          1        1      2         
optlc_net_36241          1        1      2         
optlc_net_36242          1        1      2         
optlc_net_36243          1        1      2         
optlc_net_36244          1        1      2         
optlc_net_36245          1        1      2         
optlc_net_36246          1        1      2         
optlc_net_36247          1        1      2         
optlc_net_36248          1        1      2         
optlc_net_36249          1        1      2         
optlc_net_36250          1        1      2         
optlc_net_36251          1        1      2         
optlc_net_36252          1        1      2         
optlc_net_36253          1        1      2         
optlc_net_36254          1        1      2         
optlc_net_36255          1        1      2         
optlc_net_36256          1        1      2         
optlc_net_36257          1        1      2         
optlc_net_36258          1        1      2         
optlc_net_36259          1        1      2         
optlc_net_36260          1        1      2         
optlc_net_36261          1        1      2         
optlc_net_36262          1        1      2         
optlc_net_36263          1        1      2         
optlc_net_36264          1        1      2         
optlc_net_36265          1        1      2         
optlc_net_36266          1        1      2         
optlc_net_36267          1        1      2         
optlc_net_36268          1        1      2         
optlc_net_36269          1        1      2         
optlc_net_36270          1        1      2         
optlc_net_36271          1        1      2         
optlc_net_36272          1        1      2         
optlc_net_36273          1        1      2         
optlc_net_36274          1        1      2         
optlc_net_36275          1        1      2         
optlc_net_36276          1        1      2         
optlc_net_36277          1        1      2         
optlc_net_36278          1        1      2         
optlc_net_36279          1        1      2         
optlc_net_36280          1        1      2         
optlc_net_36281          1        1      2         
optlc_net_36282          1        1      2         
optlc_net_36283          1        1      2         
optlc_net_36284          1        1      2         
optlc_net_36285          1        1      2         
optlc_net_36286          1        1      2         
optlc_net_36287          1        1      2         
optlc_net_36288          1        1      2         
optlc_net_36289          1        1      2         
optlc_net_36290          1        1      2         
optlc_net_36291          1        1      2         
optlc_net_36292          1        1      2         
optlc_net_36293          1        1      2         
optlc_net_36294          1        1      2         
optlc_net_36295          1        1      2         
optlc_net_36296          1        1      2         
optlc_net_36297          1        1      2         
optlc_net_36298          1        1      2         
optlc_net_36299          1        1      2         
optlc_net_36300          1        1      2         
optlc_net_36301          1        1      2         
optlc_net_36302          1        1      2         
optlc_net_36303          1        1      2         
optlc_net_36304          1        1      2         
optlc_net_36305          1        1      2         
optlc_net_36306          1        1      2         
optlc_net_36307          1        1      2         
optlc_net_36308          1        1      2         
optlc_net_36309          1        1      2         
optlc_net_36310          1        1      2         
optlc_net_36311          1        1      2         
optlc_net_36312          1        1      2         
optlc_net_36313          1        1      2         
optlc_net_36314          1        1      2         
optlc_net_36315          1        1      2         
optlc_net_36316          1        1      2         
optlc_net_36317          1        1      2         
optlc_net_36318          1        1      2         
optlc_net_36319          1        1      2         
optlc_net_36320          1        1      2         
optlc_net_36321          1        1      2         
optlc_net_36322          1        1      2         
optlc_net_36323          1        1      2         
optlc_net_36324          1        1      2         
optlc_net_36325          1        1      2         
optlc_net_36326          1        1      2         
optlc_net_36327          1        1      2         
optlc_net_36328          1        1      2         
optlc_net_36329          1        1      2         
optlc_net_36330          1        1      2         
optlc_net_36331          1        1      2         
optlc_net_36332          1        1      2         
optlc_net_36333          1        1      2         
optlc_net_36334          1        1      2         
optlc_net_36335          1        1      2         
optlc_net_36336          1        1      2         
optlc_net_36337          1        1      2         
optlc_net_36338          1        1      2         
optlc_net_36339          1        1      2         
optlc_net_36340          1        1      2         
optlc_net_36341          1        1      2         
optlc_net_36342          1        1      2         
optlc_net_36343          1        1      2         
optlc_net_36344          1        1      2         
optlc_net_36345          1        1      2         
optlc_net_36346          1        1      2         
optlc_net_36347          1        1      2         
optlc_net_36348          1        1      2         
optlc_net_36349          1        1      2         
optlc_net_36350          1        1      2         
optlc_net_36351          1        1      2         
optlc_net_36352          1        1      2         
optlc_net_36353          1        1      2         
optlc_net_36354          1        1      2         
optlc_net_36355          1        1      2         
optlc_net_36356          1        1      2         
optlc_net_36357          1        1      2         
optlc_net_36358          1        1      2         
optlc_net_36359          1        1      2         
optlc_net_36360          1        1      2         
optlc_net_36361          1        1      2         
optlc_net_36362          1        1      2         
optlc_net_36363          1        1      2         
optlc_net_36364          1        1      2         
optlc_net_36365          1        1      2         
optlc_net_36366          1        1      2         
optlc_net_36367          1        1      2         
optlc_net_36368          1        1      2         
optlc_net_36369          1        1      2         
optlc_net_36370          1        1      2         
optlc_net_36371          1        1      2         
optlc_net_36372          1        1      2         
optlc_net_36373          1        1      2         
optlc_net_36374          1        1      2         
optlc_net_36375          1        1      2         
optlc_net_36376          1        1      2         
optlc_net_36377          1        1      2         
optlc_net_36378          1        1      2         
optlc_net_36379          1        1      2         
optlc_net_36380          1        1      2         
optlc_net_36381          1        1      2         
optlc_net_36382          1        1      2         
optlc_net_36383          1        1      2         
optlc_net_36384          1        1      2         
optlc_net_36385          1        1      2         
optlc_net_36386          1        1      2         
optlc_net_36387          1        1      2         
optlc_net_36388          1        1      2         
optlc_net_36389          1        1      2         
optlc_net_36390          1        1      2         
optlc_net_36391          1        1      2         
optlc_net_36392          1        1      2         
optlc_net_36393          1        1      2         
optlc_net_36394          1        1      2         
optlc_net_36395          1        1      2         
optlc_net_36396          1        1      2         
optlc_net_36397          1        1      2         
optlc_net_36398          1        1      2         
optlc_net_36399          1        1      2         
optlc_net_36400          1        1      2         
optlc_net_36401          1        1      2         
optlc_net_36402          1        1      2         
optlc_net_36403          1        1      2         
optlc_net_36404          1        1      2         
optlc_net_36405          1        1      2         
optlc_net_36406          1        1      2         
optlc_net_36407          1        1      2         
optlc_net_36408          1        1      2         
optlc_net_36409          1        1      2         
optlc_net_36410          1        1      2         
optlc_net_36411          1        1      2         
optlc_net_36412          1        1      2         
optlc_net_36413          1        1      2         
optlc_net_36414          1        1      2         
optlc_net_36415          1        1      2         
optlc_net_36416          1        1      2         
optlc_net_36417          1        1      2         
optlc_net_36418          1        1      2         
optlc_net_36419          1        1      2         
optlc_net_36420          1        1      2         
optlc_net_36421          1        1      2         
optlc_net_36422          1        1      2         
optlc_net_36423          1        1      2         
optlc_net_36424          1        1      2         
optlc_net_36425          1        1      2         
optlc_net_36426          1        1      2         
optlc_net_36427          1        1      2         
optlc_net_36428          1        1      2         
optlc_net_36429          1        1      2         
optlc_net_36430          1        1      2         
optlc_net_36431          1        1      2         
optlc_net_36432          1        1      2         
optlc_net_36433          1        1      2         
optlc_net_36434          1        1      2         
optlc_net_36435          1        1      2         
optlc_net_36436          1        1      2         
optlc_net_36437          1        1      2         
optlc_net_36438          1        1      2         
optlc_net_36439          1        1      2         
optlc_net_36440          1        1      2         
optlc_net_36441          1        1      2         
optlc_net_36442          1        1      2         
optlc_net_36443          1        1      2         
optlc_net_36444          1        1      2         
optlc_net_36445          1        1      2         
optlc_net_36446          1        1      2         
optlc_net_36447          1        1      2         
optlc_net_36448          1        1      2         
optlc_net_36449          1        1      2         
optlc_net_36450          1        1      2         
optlc_net_36451          1        1      2         
optlc_net_36452          1        1      2         
optlc_net_36453          1        1      2         
optlc_net_36454          1        1      2         
optlc_net_36455          1        1      2         
optlc_net_36456          1        1      2         
optlc_net_36457          1        1      2         
optlc_net_36458          1        1      2         
optlc_net_36459          1        1      2         
optlc_net_36460          1        1      2         
optlc_net_36461          1        1      2         
optlc_net_36462          1        1      2         
optlc_net_36463          1        1      2         
optlc_net_36464          1        1      2         
optlc_net_36465          1        1      2         
optlc_net_36466          1        1      2         
optlc_net_36467          1        1      2         
optlc_net_36468          1        1      2         
optlc_net_36469          1        1      2         
optlc_net_36470          1        1      2         
optlc_net_36471          1        1      2         
optlc_net_36472          1        1      2         
optlc_net_36473          1        1      2         
optlc_net_36474          1        1      2         
optlc_net_36475          1        1      2         
optlc_net_36476          1        1      2         
optlc_net_36477          1        1      2         
optlc_net_36478          1        1      2         
optlc_net_36479          1        1      2         
optlc_net_36480          1        1      2         
optlc_net_36481          1        1      2         
optlc_net_36482          1        1      2         
optlc_net_36483          1        1      2         
optlc_net_36484          1        1      2         
optlc_net_36485          1        1      2         
optlc_net_36486          1        1      2         
optlc_net_36487          1        1      2         
optlc_net_36488          1        1      2         
optlc_net_36489          1        1      2         
optlc_net_36490          1        1      2         
optlc_net_36491          1        1      2         
optlc_net_36492          1        1      2         
optlc_net_36493          1        1      2         
optlc_net_36494          1        1      2         
optlc_net_36495          1        1      2         
optlc_net_36496          1        1      2         
optlc_net_36497          1        1      2         
optlc_net_36498          1        1      2         
optlc_net_36499          1        1      2         
optlc_net_36500          1        1      2         
optlc_net_36501          1        1      2         
optlc_net_36502          1        1      2         
optlc_net_36503          1        1      2         
optlc_net_36504          1        1      2         
optlc_net_36505          1        1      2         
optlc_net_36506          1        1      2         
optlc_net_36507          1        1      2         
optlc_net_36508          1        1      2         
optlc_net_36509          1        1      2         
optlc_net_36510          1        1      2         
optlc_net_36511          1        1      2         
optlc_net_36512          1        1      2         
optlc_net_36513          1        1      2         
optlc_net_36514          1        1      2         
optlc_net_36515          1        1      2         
optlc_net_36516          1        1      2         
optlc_net_36517          1        1      2         
optlc_net_36518          1        1      2         
optlc_net_36519          1        1      2         
optlc_net_36520          1        1      2         
optlc_net_36521          1        1      2         
optlc_net_36522          1        1      2         
optlc_net_36523          1        1      2         
optlc_net_36524          1        1      2         
optlc_net_36525          1        1      2         
optlc_net_36526          1        1      2         
optlc_net_36527          1        1      2         
optlc_net_36528          1        1      2         
optlc_net_36529          1        1      2         
optlc_net_36530          1        1      2         
optlc_net_36531          1        1      2         
optlc_net_36532          1        1      2         
optlc_net_36533          1        1      2         
optlc_net_36534          1        1      2         
optlc_net_36535          1        1      2         
optlc_net_36536          1        1      2         
optlc_net_36537          1        1      2         
optlc_net_36538          1        1      2         
optlc_net_36539          1        1      2         
optlc_net_36540          1        1      2         
optlc_net_36541          1        1      2         
optlc_net_36542          1        1      2         
optlc_net_36543          1        1      2         
optlc_net_36544          1        1      2         
optlc_net_36545          1        1      2         
optlc_net_36546          1        1      2         
optlc_net_36547          1        1      2         
optlc_net_36548          1        1      2         
optlc_net_36549          1        1      2         
optlc_net_36550          1        1      2         
optlc_net_36551          1        1      2         
optlc_net_36552          1        1      2         
optlc_net_36553          1        1      2         
optlc_net_36554          1        1      2         
optlc_net_36555          1        1      2         
optlc_net_36556          1        1      2         
optlc_net_36557          1        1      2         
optlc_net_36558          1        1      2         
optlc_net_36559          1        1      2         
optlc_net_36560          1        1      2         
optlc_net_36561          1        1      2         
optlc_net_36562          1        1      2         
optlc_net_36563          1        1      2         
optlc_net_36564          1        1      2         
optlc_net_36565          1        1      2         
optlc_net_36566          1        1      2         
optlc_net_36567          1        1      2         
optlc_net_36568          1        1      2         
optlc_net_36569          1        1      2         
optlc_net_36570          1        1      2         
optlc_net_36571          1        1      2         
optlc_net_36572          1        1      2         
optlc_net_36573          1        1      2         
optlc_net_36574          1        1      2         
optlc_net_36575          1        1      2         
optlc_net_36576          1        1      2         
optlc_net_36577          1        1      2         
optlc_net_36578          1        1      2         
optlc_net_36579          1        1      2         
optlc_net_36580          1        1      2         
optlc_net_36581          1        1      2         
optlc_net_36582          1        1      2         
optlc_net_36583          1        1      2         
optlc_net_36584          1        1      2         
optlc_net_36585          1        1      2         
optlc_net_36586          1        1      2         
optlc_net_36587          1        1      2         
optlc_net_36588          1        1      2         
optlc_net_36589          1        1      2         
optlc_net_36590          1        1      2         
optlc_net_36591          1        1      2         
optlc_net_36592          1        1      2         
optlc_net_36593          1        1      2         
optlc_net_36594          1        1      2         
optlc_net_36595          1        1      2         
optlc_net_36596          1        1      2         
optlc_net_36597          1        1      2         
optlc_net_36598          1        1      2         
optlc_net_36599          1        1      2         
optlc_net_36600          1        1      2         
optlc_net_36601          1        1      2         
optlc_net_36602          1        1      2         
optlc_net_36603          1        1      2         
optlc_net_36604          1        1      2         
optlc_net_36605          1        1      2         
optlc_net_36606          1        1      2         
optlc_net_36607          1        1      2         
optlc_net_36608          1        1      2         
optlc_net_36609          1        1      2         
optlc_net_36610          1        1      2         
optlc_net_36611          1        1      2         
optlc_net_36612          1        1      2         
optlc_net_36613          1        1      2         
optlc_net_36614          1        1      2         
optlc_net_36615          1        1      2         
optlc_net_36616          1        1      2         
optlc_net_36617          1        1      2         
optlc_net_36618          1        1      2         
optlc_net_36619          1        1      2         
optlc_net_36620          1        1      2         
optlc_net_36621          1        1      2         
optlc_net_36622          1        1      2         
optlc_net_36623          1        1      2         
optlc_net_36624          1        1      2         
optlc_net_36625          1        1      2         
optlc_net_36626          1        1      2         
optlc_net_36627          1        1      2         
optlc_net_36628          1        1      2         
optlc_net_36629          1        1      2         
optlc_net_36630          1        1      2         
optlc_net_36631          1        1      2         
optlc_net_36632          1        1      2         
optlc_net_36633          1        1      2         
optlc_net_36634          1        1      2         
optlc_net_36635          1        1      2         
optlc_net_36636          1        1      2         
optlc_net_36637          1        1      2         
optlc_net_36638          1        1      2         
optlc_net_36639          1        1      2         
optlc_net_36640          1        1      2         
optlc_net_36641          1        1      2         
optlc_net_36642          1        1      2         
optlc_net_36643          1        1      2         
optlc_net_36644          1        1      2         
optlc_net_36645          1        1      2         
optlc_net_36646          1        1      2         
optlc_net_36647          1        1      2         
optlc_net_36648          1        1      2         
optlc_net_36649          1        1      2         
optlc_net_36650          1        1      2         
optlc_net_36651          1        1      2         
optlc_net_36652          1        1      2         
optlc_net_36653          1        1      2         
optlc_net_36654          1        1      2         
optlc_net_36655          1        1      2         
optlc_net_36656          1        1      2         
optlc_net_36657          1        1      2         
optlc_net_36658          1        1      2         
optlc_net_36659          1        1      2         
optlc_net_36660          1        1      2         
optlc_net_36661          1        1      2         
optlc_net_36662          1        1      2         
optlc_net_36663          1        1      2         
optlc_net_36664          1        1      2         
optlc_net_36665          1        1      2         
optlc_net_36666          1        1      2         
optlc_net_36667          1        1      2         
optlc_net_36668          1        1      2         
optlc_net_36669          1        1      2         
optlc_net_36670          1        1      2         
optlc_net_36671          1        1      2         
optlc_net_36672          1        1      2         
optlc_net_36673          1        1      2         
optlc_net_36674          1        1      2         
optlc_net_36675          1        1      2         
optlc_net_36676          1        1      2         
optlc_net_36677          1        1      2         
optlc_net_36678          1        1      2         
optlc_net_36679          1        1      2         
optlc_net_36680          1        1      2         
optlc_net_36681          1        1      2         
optlc_net_36682          1        1      2         
optlc_net_36683          1        1      2         
optlc_net_36684          1        1      2         
optlc_net_36685          1        1      2         
optlc_net_36686          1        1      2         
optlc_net_36687          1        1      2         
optlc_net_36688          1        1      2         
optlc_net_36689          1        1      2         
optlc_net_36690          1        1      2         
optlc_net_36691          1        1      2         
optlc_net_36692          1        1      2         
optlc_net_36693          1        1      2         
optlc_net_36694          1        1      2         
optlc_net_36695          1        1      2         
optlc_net_36696          1        1      2         
optlc_net_36697          1        1      2         
optlc_net_36698          1        1      2         
optlc_net_36699          1        1      2         
optlc_net_36700          1        1      2         
optlc_net_36701          1        1      2         
optlc_net_36702          1        1      2         
optlc_net_36703          1        1      2         
optlc_net_36704          1        1      2         
optlc_net_36705          1        1      2         
optlc_net_36706          1        1      2         
optlc_net_36707          1        1      2         
optlc_net_36708          1        1      2         
optlc_net_36709          1        1      2         
optlc_net_36710          1        1      2         
optlc_net_36711          1        1      2         
optlc_net_36712          1        1      2         
optlc_net_36713          1        1      2         
optlc_net_36714          1        1      2         
optlc_net_36715          1        1      2         
optlc_net_36716          1        1      2         
optlc_net_36717          1        1      2         
optlc_net_36718          1        1      2         
optlc_net_36719          1        1      2         
optlc_net_36720          1        1      2         
optlc_net_36721          1        1      2         
optlc_net_36722          1        1      2         
optlc_net_36723          1        1      2         
optlc_net_36724          1        1      2         
optlc_net_36725          1        1      2         
optlc_net_36726          1        1      2         
optlc_net_36727          1        1      2         
optlc_net_36728          1        1      2         
optlc_net_36729          1        1      2         
optlc_net_36730          1        1      2         
optlc_net_36731          1        1      2         
optlc_net_36732          1        1      2         
optlc_net_36733          1        1      2         
optlc_net_36734          1        1      2         
optlc_net_36735          1        1      2         
optlc_net_36736          1        1      2         
optlc_net_36737          1        1      2         
optlc_net_36738          1        1      2         
optlc_net_36739          1        1      2         
optlc_net_36740          1        1      2         
optlc_net_36741          1        1      2         
optlc_net_36742          1        1      2         
optlc_net_36743          1        1      2         
optlc_net_36744          1        1      2         
optlc_net_36745          1        1      2         
optlc_net_36746          1        1      2         
optlc_net_36747          1        1      2         
optlc_net_36748          1        1      2         
optlc_net_36749          1        1      2         
optlc_net_36750          1        1      2         
optlc_net_36751          1        1      2         
optlc_net_36752          1        1      2         
optlc_net_36753          1        1      2         
optlc_net_36754          1        1      2         
optlc_net_36755          1        1      2         
optlc_net_36756          1        1      2         
optlc_net_36757          1        1      2         
optlc_net_36758          1        1      2         
optlc_net_36759          1        1      2         
optlc_net_36760          1        1      2         
optlc_net_36761          1        1      2         
optlc_net_36762          1        1      2         
optlc_net_36763          1        1      2         
optlc_net_36764          1        1      2         
optlc_net_36765          1        1      2         
optlc_net_36766          1        1      2         
optlc_net_36767          1        1      2         
optlc_net_36768          1        1      2         
optlc_net_36769          1        1      2         
optlc_net_36770          1        1      2         
optlc_net_36771          1        1      2         
optlc_net_36772          1        1      2         
optlc_net_36773          1        1      2         
optlc_net_36774          1        1      2         
optlc_net_36775          1        1      2         
optlc_net_36776          1        1      2         
optlc_net_36777          1        1      2         
optlc_net_36778          1        1      2         
optlc_net_36779          1        1      2         
optlc_net_36780          1        1      2         
optlc_net_36781          1        1      2         
optlc_net_36782          1        1      2         
optlc_net_36783          1        1      2         
optlc_net_36784          1        1      2         
optlc_net_36785          1        1      2         
optlc_net_36786          1        1      2         
optlc_net_36787          1        1      2         
optlc_net_36788          1        1      2         
optlc_net_36789          1        1      2         
optlc_net_36790          1        1      2         
optlc_net_36791          1        1      2         
optlc_net_36792          1        1      2         
optlc_net_36793          1        1      2         
optlc_net_36794          1        1      2         
optlc_net_36795          1        1      2         
optlc_net_36796          1        1      2         
optlc_net_36797          1        1      2         
optlc_net_36798          1        1      2         
optlc_net_36799          1        1      2         
optlc_net_36800          1        1      2         
optlc_net_36801          1        1      2         
optlc_net_36802          1        1      2         
optlc_net_36803          1        1      2         
optlc_net_36804          1        1      2         
optlc_net_36805          1        1      2         
optlc_net_36806          1        1      2         
optlc_net_36807          1        1      2         
optlc_net_36808          1        1      2         
optlc_net_36809          1        1      2         
optlc_net_36810          1        1      2         
optlc_net_36811          1        1      2         
optlc_net_36812          1        1      2         
optlc_net_36813          1        1      2         
optlc_net_36814          1        1      2         
optlc_net_36815          1        1      2         
optlc_net_36816          1        1      2         
optlc_net_36817          1        1      2         
optlc_net_36818          1        1      2         
optlc_net_36819          1        1      2         
optlc_net_36820          1        1      2         
optlc_net_36821          1        1      2         
optlc_net_36822          1        1      2         
optlc_net_36823          1        1      2         
optlc_net_36824          1        1      2         
optlc_net_36825          1        1      2         
optlc_net_36826          1        1      2         
optlc_net_36827          1        1      2         
optlc_net_36828          1        1      2         
optlc_net_36829          1        1      2         
optlc_net_36830          1        1      2         
optlc_net_36831          1        1      2         
optlc_net_36832          1        1      2         
optlc_net_36833          1        1      2         
optlc_net_36834          1        1      2         
optlc_net_36835          1        1      2         
optlc_net_36836          1        1      2         
optlc_net_36837          1        1      2         
optlc_net_36838          1        1      2         
optlc_net_36839          1        1      2         
optlc_net_36840          1        1      2         
optlc_net_36841          1        1      2         
optlc_net_36842          1        1      2         
optlc_net_36843          1        1      2         
optlc_net_36844          1        1      2         
optlc_net_36845          1        1      2         
optlc_net_36846          1        1      2         
optlc_net_36847          1        1      2         
optlc_net_36848          1        1      2         
optlc_net_36849          1        1      2         
optlc_net_36850          1        1      2         
optlc_net_36851          1        1      2         
optlc_net_36852          1        1      2         
optlc_net_36853          1        1      2         
optlc_net_36854          1        1      2         
optlc_net_36855          1        1      2         
optlc_net_36856          1        1      2         
optlc_net_36857          1        1      2         
optlc_net_36858          1        1      2         
optlc_net_36859          1        1      2         
optlc_net_36860          1        1      2         
optlc_net_36861          1        1      2         
optlc_net_36862          1        1      2         
optlc_net_36863          1        1      2         
optlc_net_36864          1        1      2         
optlc_net_36865          1        1      2         
optlc_net_36866          1        1      2         
optlc_net_36867          1        1      2         
optlc_net_36868          1        1      2         
optlc_net_36869          1        1      2         
optlc_net_36870          1        1      2         
optlc_net_36871          1        1      2         
optlc_net_36872          1        1      2         
optlc_net_36873          1        1      2         
optlc_net_36874          1        1      2         
optlc_net_36875          1        1      2         
optlc_net_36876          1        1      2         
optlc_net_36877          1        1      2         
optlc_net_36878          1        1      2         
optlc_net_36879          1        1      2         
optlc_net_36880          1        1      2         
optlc_net_36881          1        1      2         
optlc_net_36882          1        1      2         
optlc_net_36883          1        1      2         
optlc_net_36884          1        1      2         
optlc_net_36885          1        1      2         
optlc_net_36886          1        1      2         
optlc_net_36887          1        1      2         
optlc_net_36888          1        1      2         
optlc_net_36889          1        1      2         
optlc_net_36890          1        1      2         
optlc_net_36891          1        1      2         
optlc_net_36892          1        1      2         
optlc_net_36893          1        1      2         
optlc_net_36894          1        1      2         
optlc_net_36895          1        1      2         
optlc_net_36896          1        1      2         
optlc_net_36897          1        1      2         
optlc_net_36898          1        1      2         
optlc_net_36899          1        1      2         
optlc_net_36900          1        1      2         
optlc_net_36901          1        1      2         
optlc_net_36902          1        1      2         
optlc_net_36903          1        1      2         
optlc_net_36904          1        1      2         
optlc_net_36905          1        1      2         
optlc_net_36906          1        1      2         
optlc_net_36907          1        1      2         
optlc_net_36908          1        1      2         
optlc_net_36909          1        1      2         
optlc_net_36910          1        1      2         
optlc_net_36911          1        1      2         
optlc_net_36912          1        1      2         
optlc_net_36913          1        1      2         
optlc_net_36914          1        1      2         
optlc_net_36915          1        1      2         
optlc_net_36916          1        1      2         
optlc_net_36917          1        1      2         
optlc_net_36918          1        1      2         
optlc_net_36919          1        1      2         
optlc_net_36920          1        1      2         
optlc_net_36921          1        1      2         
optlc_net_36922          1        1      2         
optlc_net_36923          1        1      2         
optlc_net_36924          1        1      2         
optlc_net_36925          1        1      2         
optlc_net_36926          1        1      2         
optlc_net_36927          1        1      2         
optlc_net_36928          1        1      2         
optlc_net_36929          1        1      2         
optlc_net_36930          1        1      2         
optlc_net_36931          1        1      2         
optlc_net_36932          1        1      2         
optlc_net_36933          1        1      2         
optlc_net_36934          1        1      2         
optlc_net_36935          1        1      2         
optlc_net_36936          1        1      2         
optlc_net_36937          1        1      2         
optlc_net_36938          1        1      2         
optlc_net_36939          1        1      2         
optlc_net_36940          1        1      2         
optlc_net_36941          1        1      2         
optlc_net_36942          1        1      2         
optlc_net_36943          1        1      2         
optlc_net_36944          1        1      2         
optlc_net_36945          1        1      2         
optlc_net_36946          1        1      2         
optlc_net_36947          1        1      2         
optlc_net_36948          1        1      2         
optlc_net_36949          1        1      2         
optlc_net_36950          1        1      2         
optlc_net_36951          1        1      2         
optlc_net_36952          1        1      2         
optlc_net_36953          1        1      2         
optlc_net_36954          1        1      2         
optlc_net_36955          1        1      2         
optlc_net_36956          1        1      2         
optlc_net_36957          1        1      2         
optlc_net_36958          1        1      2         
optlc_net_36959          1        1      2         
optlc_net_36960          1        1      2         
optlc_net_36961          1        1      2         
optlc_net_36962          1        1      2         
optlc_net_36963          1        1      2         
optlc_net_36964          1        1      2         
optlc_net_36965          1        1      2         
optlc_net_36966          1        1      2         
optlc_net_36967          1        1      2         
optlc_net_36968          1        1      2         
optlc_net_36969          1        1      2         
optlc_net_36970          1        1      2         
optlc_net_36971          1        1      2         
optlc_net_36972          1        1      2         
optlc_net_36973          1        1      2         
optlc_net_36974          1        1      2         
optlc_net_36975          1        1      2         
optlc_net_36976          1        1      2         
optlc_net_36977          1        1      2         
optlc_net_36978          1        1      2         
optlc_net_36979          1        1      2         
optlc_net_36980          1        1      2         
optlc_net_36981          1        1      2         
optlc_net_36982          1        1      2         
optlc_net_36983          1        1      2         
optlc_net_36984          1        1      2         
optlc_net_36985          1        1      2         
optlc_net_36986          1        1      2         
optlc_net_36987          1        1      2         
optlc_net_36988          1        1      2         
optlc_net_36989          1        1      2         
optlc_net_36990          1        1      2         
optlc_net_36991          1        1      2         
optlc_net_36992          1        1      2         
optlc_net_36993          1        1      2         
optlc_net_36994          1        1      2         
optlc_net_36995          1        1      2         
optlc_net_36996          1        1      2         
optlc_net_36997          1        1      2         
optlc_net_36998          1        1      2         
optlc_net_36999          1        1      2         
optlc_net_37000          1        1      2         
optlc_net_37001          1        1      2         
optlc_net_37002          1        1      2         
optlc_net_37003          1        1      2         
optlc_net_37004          1        1      2         
optlc_net_37005          1        1      2         
optlc_net_37006          1        1      2         
optlc_net_37007          1        1      2         
optlc_net_37008          1        1      2         
optlc_net_37009          1        1      2         
optlc_net_37010          1        1      2         
optlc_net_37011          1        1      2         
optlc_net_37012          1        1      2         
optlc_net_37013          1        1      2         
optlc_net_37014          1        1      2         
optlc_net_37015          1        1      2         
optlc_net_37016          1        1      2         
optlc_net_37017          1        1      2         
optlc_net_37018          1        1      2         
optlc_net_37019          1        1      2         
optlc_net_37020          1        1      2         
optlc_net_37021          1        1      2         
optlc_net_37022          1        1      2         
optlc_net_37023          1        1      2         
optlc_net_37024          1        1      2         
optlc_net_37025          1        1      2         
optlc_net_37026          1        1      2         
optlc_net_37027          1        1      2         
optlc_net_37028          1        1      2         
optlc_net_37029          1        1      2         
optlc_net_37030          1        1      2         
optlc_net_37031          1        1      2         
optlc_net_37032          1        1      2         
optlc_net_37033          1        1      2         
optlc_net_37034          1        1      2         
optlc_net_37035          1        1      2         
optlc_net_37036          1        1      2         
optlc_net_37037          1        1      2         
optlc_net_37038          1        1      2         
optlc_net_37039          1        1      2         
optlc_net_37040          1        1      2         
optlc_net_37041          1        1      2         
optlc_net_37042          1        1      2         
optlc_net_37043          1        1      2         
optlc_net_37044          1        1      2         
optlc_net_37045          1        1      2         
optlc_net_37046          1        1      2         
optlc_net_37047          1        1      2         
optlc_net_37048          1        1      2         
optlc_net_37049          1        1      2         
optlc_net_37050          1        1      2         
optlc_net_37051          1        1      2         
optlc_net_37052          1        1      2         
optlc_net_37053          1        1      2         
optlc_net_37054          1        1      2         
optlc_net_37055          1        1      2         
optlc_net_37056          1        1      2         
optlc_net_37057          1        1      2         
optlc_net_37058          1        1      2         
optlc_net_37059          1        1      2         
optlc_net_37060          1        1      2         
optlc_net_37061          1        1      2         
optlc_net_37062          1        1      2         
optlc_net_37063          1        1      2         
optlc_net_37064          1        1      2         
optlc_net_37065          1        1      2         
optlc_net_37066          1        1      2         
optlc_net_37067          1        1      2         
optlc_net_37068          1        1      2         
optlc_net_37069          1        1      2         
optlc_net_37070          1        1      2         
optlc_net_37071          1        1      2         
optlc_net_37072          1        1      2         
optlc_net_37073          1        1      2         
optlc_net_37074          1        1      2         
optlc_net_37075          1        1      2         
optlc_net_37076          1        1      2         
optlc_net_37077          1        1      2         
optlc_net_37078          1        1      2         
optlc_net_37079          1        1      2         
optlc_net_37080          1        1      2         
optlc_net_37081          1        1      2         
optlc_net_37082          1        1      2         
optlc_net_37083          1        1      2         
optlc_net_37084          1        1      2         
optlc_net_37085          1        1      2         
optlc_net_37086          1        1      2         
optlc_net_37087          1        1      2         
optlc_net_37088          1        1      2         
optlc_net_37089          1        1      2         
optlc_net_37090          1        1      2         
optlc_net_37091          1        1      2         
optlc_net_37092          1        1      2         
optlc_net_37093          1        1      2         
optlc_net_37094          1        1      2         
optlc_net_37095          1        1      2         
optlc_net_37096          1        1      2         
optlc_net_37097          1        1      2         
optlc_net_37098          1        1      2         
optlc_net_37099          1        1      2         
optlc_net_37100          1        1      2         
optlc_net_37101          1        1      2         
optlc_net_37102          1        1      2         
optlc_net_37103          1        1      2         
optlc_net_37104          1        1      2         
optlc_net_37105          1        1      2         
optlc_net_37106          1        1      2         
optlc_net_37107          1        1      2         
optlc_net_37108          1        1      2         
optlc_net_37109          1        1      2         
optlc_net_37110          1        1      2         
optlc_net_37111          1        1      2         
optlc_net_37112          1        1      2         
optlc_net_37113          1        1      2         
optlc_net_37114          1        1      2         
optlc_net_37115          1        1      2         
optlc_net_37116          1        1      2         
optlc_net_37117          1        1      2         
optlc_net_37118          1        1      2         
optlc_net_37119          1        1      2         
optlc_net_37120          1        1      2         
optlc_net_37121          1        1      2         
optlc_net_37122          1        1      2         
optlc_net_37123          1        1      2         
optlc_net_37124          1        1      2         
optlc_net_37125          1        1      2         
optlc_net_37126          1        1      2         
optlc_net_37127          1        1      2         
optlc_net_37128          1        1      2         
optlc_net_37129          1        1      2         
optlc_net_37130          1        1      2         
optlc_net_37131          1        1      2         
optlc_net_37132          1        1      2         
optlc_net_37133          1        1      2         
optlc_net_37134          1        1      2         
optlc_net_37135          1        1      2         
optlc_net_37136          1        1      2         
optlc_net_37137          1        1      2         
optlc_net_37138          1        1      2         
optlc_net_37139          1        1      2         
optlc_net_37140          1        1      2         
optlc_net_37141          1        1      2         
optlc_net_37142          1        1      2         
optlc_net_37143          1        1      2         
optlc_net_37144          1        1      2         
optlc_net_37145          1        1      2         
optlc_net_37146          1        1      2         
optlc_net_37147          1        1      2         
optlc_net_37148          1        1      2         
optlc_net_37149          1        1      2         
optlc_net_37150          1        1      2         
optlc_net_37151          1        1      2         
optlc_net_37152          1        1      2         
optlc_net_37153          1        1      2         
optlc_net_37154          1        1      2         
optlc_net_37155          1        1      2         
optlc_net_37156          1        1      2         
optlc_net_37157          1        1      2         
optlc_net_37158          1        1      2         
optlc_net_37159          1        1      2         
optlc_net_37160          1        1      2         
optlc_net_37161          1        1      2         
optlc_net_37162          1        1      2         
optlc_net_37163          1        1      2         
optlc_net_37164          1        1      2         
optlc_net_37165          1        1      2         
optlc_net_37166          1        1      2         
optlc_net_37167          1        1      2         
optlc_net_37168          1        1      2         
optlc_net_37169          1        1      2         
optlc_net_37170          1        1      2         
optlc_net_37171          1        1      2         
optlc_net_37172          1        1      2         
optlc_net_37173          1        1      2         
optlc_net_37174          1        1      2         
optlc_net_37175          1        1      2         
optlc_net_37176          1        1      2         
optlc_net_37177          1        1      2         
optlc_net_37178          1        1      2         
optlc_net_37179          1        1      2         
optlc_net_37180          1        1      2         
optlc_net_37181          1        1      2         
optlc_net_37182          1        1      2         
optlc_net_37183          1        1      2         
optlc_net_37184          1        1      2         
optlc_net_37185          1        1      2         
optlc_net_37186          1        1      2         
optlc_net_37187          1        1      2         
optlc_net_37188          1        1      2         
optlc_net_37189          1        1      2         
optlc_net_37190          1        1      2         
optlc_net_37191          1        1      2         
optlc_net_37192          1        1      2         
optlc_net_37193          1        1      2         
optlc_net_37194          1        1      2         
optlc_net_37195          1        1      2         
optlc_net_37196          1        1      2         
optlc_net_37197          1        1      2         
optlc_net_37198          1        1      2         
optlc_net_37199          1        1      2         
optlc_net_37200          1        1      2         
optlc_net_37201          1        1      2         
optlc_net_37202          1        1      2         
optlc_net_37203          1        1      2         
optlc_net_37204          1        1      2         
optlc_net_37205          1        1      2         
optlc_net_37206          1        1      2         
optlc_net_37207          1        1      2         
optlc_net_37208          1        1      2         
optlc_net_37209          1        1      2         
optlc_net_37210          1        1      2         
optlc_net_37211          1        1      2         
optlc_net_37212          1        1      2         
optlc_net_37213          1        1      2         
optlc_net_37214          1        1      2         
optlc_net_37215          1        1      2         
optlc_net_37216          1        1      2         
optlc_net_37217          1        1      2         
optlc_net_37218          1        1      2         
optlc_net_37219          1        1      2         
optlc_net_37220          1        1      2         
optlc_net_37221          1        1      2         
optlc_net_37222          1        1      2         
optlc_net_37223          1        1      2         
optlc_net_37224          1        1      2         
optlc_net_37225          1        1      2         
optlc_net_37226          1        1      2         
optlc_net_37227          1        1      2         
optlc_net_37228          1        1      2         
optlc_net_37229          1        1      2         
optlc_net_37230          1        1      2         
optlc_net_37231          1        1      2         
optlc_net_37232          1        1      2         
optlc_net_37233          1        1      2         
optlc_net_37234          1        1      2         
optlc_net_37235          1        1      2         
optlc_net_37236          1        1      2         
optlc_net_37237          1        1      2         
optlc_net_37238          1        1      2         
optlc_net_37239          1        1      2         
optlc_net_37240          1        1      2         
optlc_net_37241          1        1      2         
optlc_net_37242          1        1      2         
optlc_net_37243          1        1      2         
optlc_net_37244          1        1      2         
optlc_net_37245          1        1      2         
optlc_net_37246          1        1      2         
optlc_net_37247          1        1      2         
optlc_net_37248          1        1      2         
optlc_net_37249          1        1      2         
optlc_net_37250          1        1      2         
optlc_net_37251          1        1      2         
optlc_net_37252          1        1      2         
optlc_net_37253          1        1      2         
optlc_net_37254          1        1      2         
optlc_net_37255          1        1      2         
optlc_net_37256          1        1      2         
optlc_net_37257          1        1      2         
optlc_net_37258          1        1      2         
optlc_net_37259          1        1      2         
optlc_net_37260          1        1      2         
optlc_net_37261          1        1      2         
optlc_net_37262          1        1      2         
optlc_net_37263          1        1      2         
optlc_net_37264          1        1      2         
optlc_net_37265          1        1      2         
optlc_net_37266          1        1      2         
optlc_net_37267          1        1      2         
optlc_net_37268          1        1      2         
optlc_net_37269          1        1      2         
optlc_net_37270          1        1      2         
optlc_net_37271          1        1      2         
optlc_net_37272          1        1      2         
optlc_net_37273          1        1      2         
optlc_net_37274          1        1      2         
optlc_net_37275          1        1      2         
optlc_net_37276          1        1      2         
optlc_net_37277          1        1      2         
optlc_net_37278          1        1      2         
optlc_net_37279          1        1      2         
optlc_net_37280          1        1      2         
optlc_net_37281          1        1      2         
optlc_net_37282          1        1      2         
optlc_net_37283          1        1      2         
optlc_net_37284          1        1      2         
optlc_net_37285          1        1      2         
optlc_net_37286          1        1      2         
optlc_net_37287          1        1      2         
optlc_net_37288          1        1      2         
optlc_net_37289          1        1      2         
optlc_net_37290          1        1      2         
optlc_net_37291          1        1      2         
optlc_net_37292          1        1      2         
optlc_net_37293          1        1      2         
optlc_net_37294          1        1      2         
optlc_net_37295          1        1      2         
optlc_net_37296          1        1      2         
optlc_net_37297          1        1      2         
optlc_net_37298          1        1      2         
optlc_net_37299          1        1      2         
optlc_net_37300          1        1      2         
optlc_net_37301          1        1      2         
optlc_net_37302          1        1      2         
optlc_net_37303          1        1      2         
optlc_net_37304          1        1      2         
optlc_net_37305          1        1      2         
optlc_net_37306          1        1      2         
optlc_net_37307          1        1      2         
optlc_net_37308          1        1      2         
optlc_net_37309          1        1      2         
optlc_net_37310          1        1      2         
optlc_net_37311          1        1      2         
optlc_net_37312          1        1      2         
optlc_net_37313          1        1      2         
optlc_net_37314          1        1      2         
optlc_net_37315          1        1      2         
optlc_net_37316          1        1      2         
optlc_net_37317          1        1      2         
optlc_net_37318          1        1      2         
optlc_net_37319          1        1      2         
optlc_net_37320          1        1      2         
optlc_net_37321          1        1      2         
optlc_net_37322          1        1      2         
optlc_net_37323          1        1      2         
optlc_net_37324          1        1      2         
optlc_net_37325          1        1      2         
optlc_net_37326          1        1      2         
optlc_net_37327          1        1      2         
optlc_net_37328          1        1      2         
optlc_net_37329          1        1      2         
optlc_net_37330          1        1      2         
optlc_net_37331          1        1      2         
optlc_net_37332          1        1      2         
optlc_net_37333          1        1      2         
optlc_net_37334          1        1      2         
optlc_net_37335          1        1      2         
optlc_net_37336          1        1      2         
optlc_net_37337          1        1      2         
optlc_net_37338          1        1      2         
optlc_net_37339          1        1      2         
optlc_net_37340          1        1      2         
optlc_net_37341          1        1      2         
optlc_net_37342          1        1      2         
optlc_net_37343          1        1      2         
optlc_net_37344          1        1      2         
optlc_net_37345          1        1      2         
optlc_net_37346          1        1      2         
optlc_net_37347          1        1      2         
optlc_net_37348          1        1      2         
optlc_net_37349          1        1      2         
optlc_net_37350          1        1      2         
optlc_net_37351          1        1      2         
optlc_net_37352          1        1      2         
optlc_net_37353          1        1      2         
optlc_net_37354          1        1      2         
optlc_net_37355          1        1      2         
optlc_net_37356          1        1      2         
optlc_net_37357          1        1      2         
optlc_net_37358          1        1      2         
optlc_net_37359          1        1      2         
optlc_net_37360          1        1      2         
optlc_net_37361          1        1      2         
optlc_net_37362          1        1      2         
optlc_net_37363          1        1      2         
optlc_net_37364          1        1      2         
optlc_net_37365          1        1      2         
optlc_net_37366          1        1      2         
optlc_net_37367          1        1      2         
optlc_net_37368          1        1      2         
optlc_net_37369          1        1      2         
optlc_net_37370          1        1      2         
optlc_net_37371          1        1      2         
optlc_net_37372          1        1      2         
optlc_net_37373          1        1      2         
optlc_net_37374          1        1      2         
optlc_net_37375          1        1      2         
optlc_net_37376          1        1      2         
optlc_net_37377          1        1      2         
optlc_net_37378          1        1      2         
optlc_net_37379          1        1      2         
optlc_net_37380          1        1      2         
optlc_net_37381          1        1      2         
optlc_net_37382          1        1      2         
optlc_net_37383          1        1      2         
optlc_net_37384          1        1      2         
optlc_net_37385          1        1      2         
optlc_net_37386          1        1      2         
optlc_net_37387          1        1      2         
optlc_net_37388          1        1      2         
optlc_net_37389          1        1      2         
optlc_net_37390          1        1      2         
optlc_net_37391          1        1      2         
optlc_net_37392          1        1      2         
optlc_net_37393          1        1      2         
optlc_net_37394          1        1      2         
optlc_net_37395          1        1      2         
optlc_net_37396          1        1      2         
optlc_net_37397          1        1      2         
optlc_net_37398          1        1      2         
optlc_net_37399          1        1      2         
optlc_net_37400          1        1      2         
optlc_net_37401          1        1      2         
optlc_net_37402          1        1      2         
optlc_net_37403          1        1      2         
optlc_net_37404          1        1      2         
optlc_net_37405          1        1      2         
optlc_net_37406          1        1      2         
optlc_net_37407          1        1      2         
optlc_net_37408          1        1      2         
optlc_net_37409          1        1      2         
optlc_net_37410          1        1      2         
optlc_net_37411          1        1      2         
optlc_net_37412          1        1      2         
optlc_net_37413          1        1      2         
optlc_net_37414          1        1      2         
optlc_net_37415          1        1      2         
optlc_net_37416          1        1      2         
optlc_net_37417          1        1      2         
optlc_net_37418          1        1      2         
optlc_net_37419          1        1      2         
optlc_net_37420          1        1      2         
optlc_net_37421          1        1      2         
optlc_net_37422          1        1      2         
optlc_net_37423          1        1      2         
optlc_net_37424          1        1      2         
optlc_net_37425          1        1      2         
optlc_net_37426          1        1      2         
optlc_net_37427          1        1      2         
optlc_net_37428          1        1      2         
optlc_net_37429          1        1      2         
optlc_net_37430          1        1      2         
optlc_net_37431          1        1      2         
optlc_net_37432          1        1      2         
optlc_net_37433          1        1      2         
optlc_net_37434          1        1      2         
optlc_net_37435          1        1      2         
optlc_net_37436          1        1      2         
optlc_net_37437          1        1      2         
optlc_net_37438          1        1      2         
optlc_net_37439          1        1      2         
optlc_net_37440          1        1      2         
optlc_net_37441          1        1      2         
optlc_net_37442          1        1      2         
optlc_net_37443          1        1      2         
optlc_net_37444          1        1      2         
optlc_net_37445          1        1      2         
optlc_net_37446          1        1      2         
optlc_net_37447          1        1      2         
optlc_net_37448          1        1      2         
optlc_net_37449          1        1      2         
optlc_net_37450          1        1      2         
optlc_net_37451          1        1      2         
optlc_net_37452          1        1      2         
optlc_net_37453          1        1      2         
optlc_net_37454          1        1      2         
optlc_net_37455          1        1      2         
optlc_net_37456          1        1      2         
optlc_net_37457          1        1      2         
optlc_net_37458          1        1      2         
optlc_net_37459          1        1      2         
optlc_net_37460          1        1      2         
optlc_net_37461          1        1      2         
optlc_net_37462          1        1      2         
optlc_net_37463          1        1      2         
optlc_net_37464          1        1      2         
optlc_net_37465          1        1      2         
optlc_net_37466          1        1      2         
optlc_net_37467          1        1      2         
optlc_net_37468          1        1      2         
optlc_net_37469          1        1      2         
optlc_net_37470          1        1      2         
optlc_net_37471          1        1      2         
optlc_net_37472          1        1      2         
optlc_net_37473          1        1      2         
optlc_net_37474          1        1      2         
optlc_net_37475          1        1      2         
optlc_net_37476          1        1      2         
optlc_net_37477          1        1      2         
optlc_net_37478          1        1      2         
optlc_net_37479          1        1      2         
optlc_net_37480          1        1      2         
optlc_net_37481          1        1      2         
optlc_net_37482          1        1      2         
optlc_net_37483          1        1      2         
optlc_net_37484          1        1      2         
optlc_net_37485          1        1      2         
optlc_net_37486          1        1      2         
optlc_net_37487          1        1      2         
optlc_net_37488          1        1      2         
optlc_net_37489          1        1      2         
optlc_net_37490          1        1      2         
optlc_net_37491          1        1      2         
optlc_net_37492          1        1      2         
optlc_net_37493          1        1      2         
optlc_net_37494          1        1      2         
optlc_net_37495          1        1      2         
optlc_net_37496          1        1      2         
optlc_net_37497          1        1      2         
optlc_net_37498          1        1      2         
optlc_net_37499          1        1      2         
optlc_net_37500          1        1      2         
optlc_net_37501          1        1      2         
optlc_net_37502          1        1      2         
optlc_net_37503          1        1      2         
optlc_net_37504          1        1      2         
optlc_net_37505          1        1      2         
optlc_net_37506          1        1      2         
optlc_net_37507          1        1      2         
optlc_net_37508          1        1      2         
optlc_net_37509          1        1      2         
optlc_net_37510          1        1      2         
optlc_net_37511          1        1      2         
optlc_net_37512          1        1      2         
optlc_net_37513          1        1      2         
optlc_net_37514          1        1      2         
optlc_net_37515          1        1      2         
optlc_net_37516          1        1      2         
optlc_net_37517          1        1      2         
optlc_net_37518          1        1      2         
optlc_net_37519          1        1      2         
optlc_net_37520          1        1      2         
optlc_net_37521          1        1      2         
optlc_net_37522          1        1      2         
optlc_net_37523          1        1      2         
optlc_net_37524          1        1      2         
optlc_net_37525          1        1      2         
optlc_net_37526          1        1      2         
optlc_net_37527          1        1      2         
optlc_net_37528          1        1      2         
optlc_net_37529          1        1      2         
optlc_net_37530          1        1      2         
optlc_net_37531          1        1      2         
optlc_net_37532          1        1      2         
optlc_net_37533          1        1      2         
optlc_net_37534          1        1      2         
optlc_net_37535          1        1      2         
optlc_net_37536          1        1      2         
optlc_net_37537          1        1      2         
optlc_net_37538          1        1      2         
optlc_net_37539          1        1      2         
optlc_net_37540          1        1      2         
optlc_net_37541          1        1      2         
optlc_net_37542          1        1      2         
optlc_net_37543          1        1      2         
optlc_net_37544          1        1      2         
optlc_net_37545          1        1      2         
optlc_net_37546          1        1      2         
optlc_net_37547          1        1      2         
optlc_net_37548          1        1      2         
optlc_net_37549          1        1      2         
optlc_net_37550          1        1      2         
optlc_net_37551          1        1      2         
optlc_net_37552          1        1      2         
optlc_net_37553          1        1      2         
optlc_net_37554          1        1      2         
optlc_net_37555          1        1      2         
optlc_net_37556          1        1      2         
optlc_net_37557          1        1      2         
optlc_net_37558          1        1      2         
optlc_net_37559          1        1      2         
optlc_net_37560          1        1      2         
optlc_net_37561          1        1      2         
optlc_net_37562          1        1      2         
optlc_net_37563          1        1      2         
optlc_net_37564          1        1      2         
optlc_net_37565          1        1      2         
optlc_net_37566          1        1      2         
optlc_net_37567          1        1      2         
optlc_net_37568          1        1      2         
optlc_net_37569          1        1      2         
optlc_net_37570          1        1      2         
optlc_net_37571          1        1      2         
optlc_net_37572          1        1      2         
optlc_net_37573          1        1      2         
optlc_net_37574          1        1      2         
optlc_net_37575          1        1      2         
optlc_net_37576          1        1      2         
optlc_net_37577          1        1      2         
optlc_net_37578          1        1      2         
optlc_net_37579          1        1      2         
optlc_net_37580          1        1      2         
optlc_net_37581          1        1      2         
optlc_net_37582          1        1      2         
optlc_net_37583          1        1      2         
optlc_net_37584          1        1      2         
optlc_net_37585          1        1      2         
optlc_net_37586          1        1      2         
optlc_net_37587          1        1      2         
optlc_net_37588          1        1      2         
optlc_net_37589          1        1      2         
optlc_net_37590          1        1      2         
optlc_net_37591          1        1      2         
optlc_net_37592          1        1      2         
optlc_net_37593          1        1      2         
optlc_net_37594          1        1      2         
optlc_net_37595          1        1      2         
optlc_net_37596          1        1      2         
optlc_net_37597          1        1      2         
optlc_net_37598          1        1      2         
optlc_net_37599          1        1      2         
optlc_net_37600          1        1      2         
optlc_net_37601          1        1      2         
optlc_net_37602          1        1      2         
optlc_net_37603          1        1      2         
optlc_net_37604          1        1      2         
optlc_net_37605          1        1      2         
optlc_net_37606          1        1      2         
optlc_net_37607          1        1      2         
optlc_net_37608          1        1      2         
optlc_net_37609          1        1      2         
optlc_net_37610          1        1      2         
optlc_net_37611          1        1      2         
optlc_net_37612          1        1      2         
optlc_net_37613          1        1      2         
optlc_net_37614          1        1      2         
optlc_net_37615          1        1      2         
optlc_net_37616          1        1      2         
optlc_net_37617          1        1      2         
optlc_net_37618          1        1      2         
optlc_net_37619          1        1      2         
optlc_net_37620          1        1      2         
optlc_net_37621          1        1      2         
optlc_net_37622          1        1      2         
optlc_net_37623          1        1      2         
optlc_net_37624          1        1      2         
optlc_net_37625          1        1      2         
optlc_net_37626          1        1      2         
optlc_net_37627          1        1      2         
optlc_net_37628          1        1      2         
optlc_net_37629          1        1      2         
optlc_net_37630          1        1      2         
optlc_net_37631          1        1      2         
optlc_net_37632          1        1      2         
optlc_net_37633          1        1      2         
optlc_net_37634          1        1      2         
optlc_net_37635          1        1      2         
optlc_net_37636          1        1      2         
optlc_net_37637          1        1      2         
optlc_net_37638          1        1      2         
optlc_net_37639          1        1      2         
optlc_net_37640          1        1      2         
optlc_net_37641          1        1      2         
optlc_net_37642          1        1      2         
optlc_net_37643          1        1      2         
optlc_net_37644          1        1      2         
optlc_net_37645          1        1      2         
optlc_net_37646          1        1      2         
optlc_net_37647          1        1      2         
optlc_net_37648          1        1      2         
optlc_net_37649          1        1      2         
optlc_net_37650          1        1      2         
optlc_net_37651          1        1      2         
optlc_net_37652          1        1      2         
optlc_net_37653          1        1      2         
optlc_net_37654          1        1      2         
optlc_net_37655          1        1      2         
optlc_net_37656          1        1      2         
optlc_net_37657          1        1      2         
optlc_net_37658          1        1      2         
optlc_net_37659          1        1      2         
optlc_net_37660          1        1      2         
optlc_net_37661          1        1      2         
optlc_net_37662          1        1      2         
optlc_net_37663          1        1      2         
optlc_net_37664          1        1      2         
optlc_net_37665          1        1      2         
optlc_net_37666          1        1      2         
optlc_net_37667          1        1      2         
optlc_net_37668          1        1      2         
optlc_net_37669          1        1      2         
optlc_net_37670          1        1      2         
optlc_net_37671          1        1      2         
optlc_net_37672          1        1      2         
optlc_net_37673          1        1      2         
optlc_net_37674          1        1      2         
optlc_net_37675          1        1      2         
optlc_net_37676          1        1      2         
optlc_net_37677          1        1      2         
optlc_net_37678          1        1      2         
optlc_net_37679          1        1      2         
optlc_net_37680          1        1      2         
optlc_net_37681          1        1      2         
optlc_net_37682          1        1      2         
optlc_net_37683          1        1      2         
optlc_net_37684          1        1      2         
optlc_net_37685          1        1      2         
optlc_net_37686          1        1      2         
optlc_net_37687          1        1      2         
optlc_net_37688          1        1      2         
optlc_net_37689          1        1      2         
optlc_net_37690          1        1      2         
optlc_net_37691          1        1      2         
optlc_net_37692          1        1      2         
optlc_net_37693          1        1      2         
optlc_net_37694          1        1      2         
optlc_net_37695          1        1      2         
optlc_net_37696          1        1      2         
optlc_net_37697          1        1      2         
optlc_net_37698          1        1      2         
optlc_net_37699          1        1      2         
optlc_net_37700          1        1      2         
optlc_net_37701          1        1      2         
optlc_net_37702          1        1      2         
optlc_net_37703          1        1      2         
optlc_net_37704          1        1      2         
optlc_net_37705          1        1      2         
optlc_net_37706          1        1      2         
optlc_net_37707          1        1      2         
optlc_net_37708          1        1      2         
optlc_net_37709          1        1      2         
optlc_net_37710          1        1      2         
optlc_net_37711          1        1      2         
optlc_net_37712          1        1      2         
optlc_net_37713          1        1      2         
optlc_net_37714          1        1      2         
optlc_net_37715          1        1      2         
optlc_net_37716          1        1      2         
optlc_net_37717          1        1      2         
optlc_net_37718          1        1      2         
optlc_net_37719          1        1      2         
optlc_net_37720          1        1      2         
optlc_net_37721          1        1      2         
optlc_net_37722          1        1      2         
optlc_net_37723          1        1      2         
optlc_net_37724          1        1      2         
optlc_net_37725          1        1      2         
optlc_net_37726          1        1      2         
optlc_net_37727          1        1      2         
optlc_net_37728          1        1      2         
optlc_net_37729          1        1      2         
optlc_net_37730          1        1      2         
optlc_net_37731          1        1      2         
optlc_net_37732          1        1      2         
optlc_net_37733          1        1      2         
optlc_net_37734          1        1      2         
optlc_net_37735          1        1      2         
optlc_net_37736          1        1      2         
optlc_net_37737          1        1      2         
optlc_net_37738          1        1      2         
optlc_net_37739          1        1      2         
optlc_net_37740          1        1      2         
optlc_net_37741          1        1      2         
optlc_net_37742          1        1      2         
optlc_net_37743          1        1      2         
optlc_net_37744          1        1      2         
optlc_net_37745          1        1      2         
optlc_net_37746          1        1      2         
optlc_net_37747          1        1      2         
optlc_net_37748          1        1      2         
optlc_net_37749          1        1      2         
optlc_net_37750          1        1      2         
optlc_net_37751          1        1      2         
optlc_net_37752          1        1      2         
optlc_net_37753          1        1      2         
optlc_net_37754          1        1      2         
optlc_net_37755          1        1      2         
optlc_net_37756          1        1      2         
optlc_net_37757          1        1      2         
optlc_net_37758          1        1      2         
optlc_net_37759          1        1      2         
optlc_net_37760          1        1      2         
optlc_net_37761          1        1      2         
optlc_net_37762          1        1      2         
optlc_net_37763          1        1      2         
optlc_net_37764          1        1      2         
optlc_net_37765          1        1      2         
optlc_net_37766          1        1      2         
optlc_net_37767          1        1      2         
optlc_net_37768          1        1      2         
optlc_net_37769          1        1      2         
optlc_net_37770          1        1      2         
optlc_net_37771          1        1      2         
optlc_net_37772          1        1      2         
optlc_net_37773          1        1      2         
optlc_net_37774          1        1      2         
optlc_net_37775          1        1      2         
optlc_net_37776          1        1      2         
optlc_net_37777          1        1      2         
optlc_net_37778          1        1      2         
optlc_net_37779          1        1      2         
optlc_net_37780          1        1      2         
optlc_net_37781          1        1      2         
optlc_net_37782          1        1      2         
optlc_net_37783          1        1      2         
optlc_net_37784          1        1      2         
optlc_net_37785          1        1      2         
optlc_net_37786          1        1      2         
optlc_net_37787          1        1      2         
optlc_net_37788          1        1      2         
optlc_net_37789          1        1      2         
optlc_net_37790          1        1      2         
optlc_net_37791          1        1      2         
optlc_net_37792          1        1      2         
optlc_net_37793          1        1      2         
optlc_net_37794          1        1      2         
optlc_net_37795          1        1      2         
optlc_net_37796          1        1      2         
optlc_net_37797          1        1      2         
optlc_net_37798          1        1      2         
optlc_net_37799          1        1      2         
optlc_net_37800          1        1      2         
optlc_net_37801          1        1      2         
optlc_net_37802          1        1      2         
optlc_net_37803          1        1      2         
optlc_net_37804          1        1      2         
optlc_net_37805          1        1      2         
optlc_net_37806          1        1      2         
optlc_net_37807          1        1      2         
optlc_net_37808          1        1      2         
optlc_net_37809          1        1      2         
optlc_net_37810          1        1      2         
optlc_net_37811          1        1      2         
optlc_net_37812          1        1      2         
optlc_net_37813          1        1      2         
optlc_net_37814          1        1      2         
optlc_net_37815          1        1      2         
optlc_net_37816          1        1      2         
optlc_net_37817          1        1      2         
optlc_net_37818          1        1      2         
optlc_net_37819          1        1      2         
optlc_net_37820          1        1      2         
optlc_net_37821          1        1      2         
optlc_net_37822          1        1      2         
optlc_net_37823          1        1      2         
optlc_net_37824          1        1      2         
optlc_net_37825          1        1      2         
optlc_net_37826          1        1      2         
optlc_net_37827          1        1      2         
optlc_net_37828          1        1      2         
optlc_net_37829          1        1      2         
optlc_net_37830          1        1      2         
optlc_net_37831          1        1      2         
optlc_net_37832          1        1      2         
optlc_net_37833          1        1      2         
optlc_net_37834          1        1      2         
optlc_net_37835          1        1      2         
optlc_net_37836          1        1      2         
optlc_net_37837          1        1      2         
optlc_net_37838          1        1      2         
optlc_net_37839          1        1      2         
optlc_net_37840          1        1      2         
optlc_net_37841          1        1      2         
optlc_net_37842          1        1      2         
optlc_net_37843          1        1      2         
optlc_net_37844          1        1      2         
optlc_net_37845          1        1      2         
optlc_net_37846          1        1      2         
optlc_net_37847          1        1      2         
optlc_net_37848          1        1      2         
optlc_net_37849          1        1      2         
optlc_net_37850          1        1      2         
optlc_net_37851          1        1      2         
optlc_net_37852          1        1      2         
optlc_net_37853          1        1      2         
optlc_net_37854          1        1      2         
optlc_net_37855          1        1      2         
optlc_net_37856          1        1      2         
optlc_net_37857          1        1      2         
optlc_net_37858          1        1      2         
optlc_net_37859          1        1      2         
optlc_net_37860          1        1      2         
optlc_net_37861          1        1      2         
optlc_net_37862          1        1      2         
optlc_net_37863          1        1      2         
optlc_net_37864          1        1      2         
optlc_net_37865          1        1      2         
optlc_net_37866          1        1      2         
optlc_net_37867          1        1      2         
optlc_net_37868          1        1      2         
optlc_net_37869          1        1      2         
optlc_net_37870          1        1      2         
optlc_net_37871          1        1      2         
optlc_net_37872          1        1      2         
optlc_net_37873          1        1      2         
optlc_net_37874          1        1      2         
optlc_net_37875          1        1      2         
optlc_net_37876          1        1      2         
optlc_net_37877          1        1      2         
optlc_net_37878          1        1      2         
optlc_net_37879          1        1      2         
optlc_net_37880          1        1      2         
optlc_net_37881          1        1      2         
optlc_net_37882          1        1      2         
optlc_net_37883          1        1      2         
optlc_net_37884          1        1      2         
optlc_net_37885          1        1      2         
optlc_net_37886          1        1      2         
optlc_net_37887          1        1      2         
optlc_net_37888          1        1      2         
optlc_net_37889          1        1      2         
optlc_net_37890          1        1      2         
optlc_net_37891          1        1      2         
optlc_net_37892          1        1      2         
optlc_net_37893          1        1      2         
optlc_net_37894          1        1      2         
optlc_net_37895          1        1      2         
optlc_net_37896          1        1      2         
optlc_net_37897          1        1      2         
optlc_net_37898          1        1      2         
optlc_net_37899          1        1      2         
optlc_net_37900          1        1      2         
optlc_net_37901          1        1      2         
optlc_net_37902          1        1      2         
optlc_net_37903          1        1      2         
optlc_net_37904          1        1      2         
optlc_net_37905          1        1      2         
optlc_net_37906          1        1      2         
optlc_net_37907          1        1      2         
optlc_net_37908          1        1      2         
optlc_net_37909          1        1      2         
optlc_net_37910          1        1      2         
optlc_net_37911          1        1      2         
optlc_net_37912          1        1      2         
optlc_net_37913          1        1      2         
optlc_net_37914          1        1      2         
optlc_net_37915          1        1      2         
optlc_net_37916          1        1      2         
optlc_net_37917          1        1      2         
optlc_net_37918          1        1      2         
optlc_net_37919          1        1      2         
optlc_net_37920          1        1      2         
optlc_net_37921          1        1      2         
optlc_net_37922          1        1      2         
optlc_net_37923          1        1      2         
optlc_net_37924          1        1      2         
optlc_net_37925          1        1      2         
optlc_net_37926          1        1      2         
optlc_net_37927          1        1      2         
optlc_net_37928          1        1      2         
optlc_net_37929          1        1      2         
optlc_net_37930          1        1      2         
optlc_net_37931          1        1      2         
optlc_net_37932          1        1      2         
optlc_net_37933          1        1      2         
optlc_net_37934          1        1      2         
optlc_net_37935          1        1      2         
optlc_net_37936          1        1      2         
optlc_net_37937          1        1      2         
optlc_net_37938          1        1      2         
optlc_net_37939          1        1      2         
optlc_net_37940          1        1      2         
optlc_net_37941          1        1      2         
optlc_net_37942          1        1      2         
optlc_net_37943          1        1      2         
optlc_net_37944          1        1      2         
optlc_net_37945          1        1      2         
optlc_net_37946          1        1      2         
optlc_net_37947          1        1      2         
optlc_net_37948          1        1      2         
optlc_net_37949          1        1      2         
optlc_net_37950          1        1      2         
optlc_net_37951          1        1      2         
optlc_net_37952          1        1      2         
optlc_net_37953          1        1      2         
optlc_net_37954          1        1      2         
optlc_net_37955          1        1      2         
optlc_net_37956          1        1      2         
optlc_net_37957          1        1      2         
optlc_net_37958          1        1      2         
optlc_net_37959          1        1      2         
optlc_net_37960          1        1      2         
optlc_net_37961          1        1      2         
optlc_net_37962          1        1      2         
optlc_net_37963          1        1      2         
optlc_net_37964          1        1      2         
optlc_net_37965          1        1      2         
optlc_net_37966          1        1      2         
optlc_net_37967          1        1      2         
optlc_net_37968          1        1      2         
optlc_net_37969          1        1      2         
optlc_net_37970          1        1      2         
optlc_net_37971          1        1      2         
optlc_net_37972          1        1      2         
optlc_net_37973          1        1      2         
optlc_net_37974          1        1      2         
optlc_net_37975          1        1      2         
optlc_net_37976          1        1      2         
optlc_net_37977          1        1      2         
optlc_net_37978          1        1      2         
optlc_net_37979          1        1      2         
optlc_net_37980          1        1      2         
optlc_net_37981          1        1      2         
optlc_net_37982          1        1      2         
optlc_net_37983          1        1      2         
optlc_net_37984          1        1      2         
optlc_net_37985          1        1      2         
optlc_net_37986          1        1      2         
optlc_net_37987          1        1      2         
optlc_net_37988          1        1      2         
optlc_net_37989          1        1      2         
optlc_net_37990          1        1      2         
optlc_net_37991          1        1      2         
optlc_net_37992          1        1      2         
optlc_net_37993          1        1      2         
optlc_net_37994          1        1      2         
optlc_net_37995          1        1      2         
optlc_net_37996          1        1      2         
optlc_net_37997          1        1      2         
optlc_net_37998          1        1      2         
optlc_net_37999          1        1      2         
optlc_net_38000          1        1      2         
optlc_net_38001          1        1      2         
optlc_net_38002          1        1      2         
optlc_net_38003          1        1      2         
optlc_net_38004          1        1      2         
optlc_net_38005          1        1      2         
optlc_net_38006          1        1      2         
optlc_net_38007          1        1      2         
optlc_net_38008          1        1      2         
optlc_net_38009          1        1      2         
optlc_net_38010          1        1      2         
optlc_net_38011          1        1      2         
optlc_net_38012          1        1      2         
optlc_net_38013          1        1      2         
optlc_net_38014          1        1      2         
optlc_net_38015          1        1      2         
optlc_net_38016          1        1      2         
optlc_net_38017          1        1      2         
optlc_net_38018          1        1      2         
optlc_net_38019          1        1      2         
optlc_net_38020          1        1      2         
optlc_net_38021          1        1      2         
optlc_net_38022          1        1      2         
optlc_net_38023          1        1      2         
optlc_net_38024          1        1      2         
optlc_net_38025          1        1      2         
optlc_net_38026          1        1      2         
optlc_net_38027          1        1      2         
optlc_net_38028          1        1      2         
optlc_net_38029          1        1      2         
optlc_net_38030          1        1      2         
optlc_net_38031          1        1      2         
optlc_net_38032          1        1      2         
optlc_net_38033          1        1      2         
optlc_net_38034          1        1      2         
optlc_net_38035          1        1      2         
optlc_net_38036          1        1      2         
optlc_net_38037          1        1      2         
optlc_net_38038          1        1      2         
optlc_net_38039          1        1      2         
optlc_net_38040          1        1      2         
optlc_net_38041          1        1      2         
optlc_net_38042          1        1      2         
optlc_net_38043          1        1      2         
optlc_net_38044          1        1      2         
optlc_net_38045          1        1      2         
optlc_net_38046          1        1      2         
optlc_net_38047          1        1      2         
optlc_net_38048          1        1      2         
optlc_net_38049          1        1      2         
optlc_net_38050          1        1      2         
optlc_net_38051          1        1      2         
optlc_net_38052          1        1      2         
optlc_net_38053          1        1      2         
optlc_net_38054          1        1      2         
optlc_net_38055          1        1      2         
optlc_net_38056          1        1      2         
optlc_net_38057          1        1      2         
optlc_net_38058          1        1      2         
optlc_net_38059          1        1      2         
optlc_net_38060          1        1      2         
optlc_net_38061          1        1      2         
optlc_net_38062          1        1      2         
optlc_net_38063          1        1      2         
optlc_net_38064          1        1      2         
optlc_net_38065          1        1      2         
optlc_net_38066          1        1      2         
optlc_net_38067          1        1      2         
optlc_net_38068          1        1      2         
optlc_net_38069          1        1      2         
optlc_net_38070          1        1      2         
optlc_net_38071          1        1      2         
optlc_net_38072          1        1      2         
optlc_net_38073          1        1      2         
optlc_net_38074          1        1      2         
optlc_net_38075          1        1      2         
optlc_net_38076          1        1      2         
optlc_net_38077          1        1      2         
optlc_net_38078          1        1      2         
optlc_net_38079          1        1      2         
optlc_net_38080          1        1      2         
optlc_net_38081          1        1      2         
optlc_net_38082          1        1      2         
optlc_net_38083          1        1      2         
optlc_net_38084          1        1      2         
optlc_net_38085          1        1      2         
optlc_net_38086          1        1      2         
optlc_net_38087          1        1      2         
optlc_net_38088          1        1      2         
optlc_net_38089          1        1      2         
optlc_net_38090          1        1      2         
optlc_net_38091          1        1      2         
optlc_net_38092          1        1      2         
optlc_net_38093          1        1      2         
optlc_net_38094          1        1      2         
optlc_net_38095          1        1      2         
optlc_net_38096          1        1      2         
optlc_net_38097          1        1      2         
optlc_net_38098          1        1      2         
optlc_net_38099          1        1      2         
optlc_net_38100          1        1      2         
optlc_net_38101          1        1      2         
optlc_net_38102          1        1      2         
optlc_net_38103          1        1      2         
optlc_net_38104          1        1      2         
optlc_net_38105          1        1      2         
optlc_net_38106          1        1      2         
optlc_net_38107          1        1      2         
optlc_net_38108          1        1      2         
optlc_net_38109          1        1      2         
optlc_net_38110          1        1      2         
optlc_net_38111          1        1      2         
optlc_net_38112          1        1      2         
optlc_net_38113          1        1      2         
optlc_net_38114          1        1      2         
optlc_net_38115          1        1      2         
optlc_net_38116          1        1      2         
optlc_net_38117          1        1      2         
optlc_net_38118          1        1      2         
optlc_net_38119          1        1      2         
optlc_net_38120          1        1      2         
optlc_net_38121          1        1      2         
optlc_net_38122          1        1      2         
optlc_net_38123          1        1      2         
optlc_net_38124          1        1      2         
optlc_net_38125          1        1      2         
optlc_net_38126          1        1      2         
optlc_net_38127          1        1      2         
optlc_net_38128          1        1      2         
optlc_net_38129          1        1      2         
optlc_net_38130          1        1      2         
optlc_net_38131          1        1      2         
optlc_net_38132          1        1      2         
optlc_net_38133          1        1      2         
optlc_net_38134          1        1      2         
optlc_net_38135          1        1      2         
optlc_net_38136          1        1      2         
optlc_net_38137          1        1      2         
optlc_net_38138          1        1      2         
optlc_net_38139          1        1      2         
optlc_net_38140          1        1      2         
optlc_net_38141          1        1      2         
optlc_net_38142          1        1      2         
optlc_net_38143          1        1      2         
optlc_net_38144          1        1      2         
optlc_net_38145          1        1      2         
optlc_net_38146          1        1      2         
optlc_net_38147          1        1      2         
optlc_net_38148          1        1      2         
optlc_net_38149          1        1      2         
optlc_net_38150          1        1      2         
optlc_net_38151          1        1      2         
optlc_net_38152          1        1      2         
optlc_net_38153          1        1      2         
optlc_net_38154          1        1      2         
optlc_net_38155          1        1      2         
optlc_net_38156          1        1      2         
optlc_net_38157          1        1      2         
optlc_net_38158          1        1      2         
optlc_net_38159          1        1      2         
optlc_net_38160          1        1      2         
optlc_net_38161          1        1      2         
optlc_net_38162          1        1      2         
optlc_net_38163          1        1      2         
optlc_net_38164          1        1      2         
optlc_net_38165          1        1      2         
optlc_net_38166          1        1      2         
optlc_net_38167          1        1      2         
optlc_net_38168          1        1      2         
optlc_net_38169          1        1      2         
optlc_net_38170          1        1      2         
optlc_net_38171          1        1      2         
optlc_net_38172          1        1      2         
optlc_net_38173          1        1      2         
optlc_net_38174          1        1      2         
optlc_net_38175          1        1      2         
optlc_net_38176          1        1      2         
optlc_net_38177          1        1      2         
optlc_net_38178          1        1      2         
optlc_net_38179          1        1      2         
optlc_net_38180          1        1      2         
optlc_net_38181          1        1      2         
optlc_net_38182          1        1      2         
optlc_net_38183          1        1      2         
optlc_net_38184          1        1      2         
optlc_net_38185          1        1      2         
optlc_net_38186          1        1      2         
optlc_net_38187          1        1      2         
optlc_net_38188          1        1      2         
optlc_net_38189          1        1      2         
optlc_net_38190          1        1      2         
optlc_net_38191          1        1      2         
optlc_net_38192          1        1      2         
optlc_net_38193          1        1      2         
optlc_net_38194          1        1      2         
optlc_net_38195          1        1      2         
optlc_net_38196          1        1      2         
optlc_net_38197          1        1      2         
optlc_net_38198          1        1      2         
optlc_net_38199          1        1      2         
optlc_net_38200          1        1      2         
optlc_net_38201          1        1      2         
optlc_net_38202          1        1      2         
optlc_net_38203          1        1      2         
optlc_net_38204          1        1      2         
optlc_net_38205          1        1      2         
optlc_net_38206          1        1      2         
optlc_net_38207          1        1      2         
optlc_net_38208          1        1      2         
optlc_net_38209          1        1      2         
optlc_net_38210          1        1      2         
optlc_net_38211          1        1      2         
optlc_net_38212          1        1      2         
optlc_net_38213          1        1      2         
optlc_net_38214          1        1      2         
optlc_net_38215          1        1      2         
optlc_net_38216          1        1      2         
optlc_net_38217          1        1      2         
optlc_net_38218          1        1      2         
optlc_net_38219          1        1      2         
optlc_net_38220          1        1      2         
optlc_net_38221          1        1      2         
optlc_net_38222          1        1      2         
optlc_net_38223          1        1      2         
optlc_net_38224          1        1      2         
optlc_net_38225          1        1      2         
optlc_net_38226          1        1      2         
optlc_net_38227          1        1      2         
optlc_net_38228          1        1      2         
optlc_net_38229          1        1      2         
optlc_net_38230          1        1      2         
optlc_net_38231          1        1      2         
optlc_net_38232          1        1      2         
optlc_net_38233          1        1      2         
optlc_net_38234          1        1      2         
optlc_net_38235          1        1      2         
optlc_net_38236          1        1      2         
optlc_net_38237          1        1      2         
optlc_net_38238          1        1      2         
optlc_net_38239          1        1      2         
optlc_net_38240          1        1      2         
optlc_net_38241          1        1      2         
optlc_net_38242          1        1      2         
optlc_net_38243          1        1      2         
optlc_net_38244          1        1      2         
optlc_net_38245          1        1      2         
optlc_net_38246          1        1      2         
optlc_net_38247          1        1      2         
optlc_net_38248          1        1      2         
optlc_net_38249          1        1      2         
optlc_net_38250          1        1      2         
optlc_net_38251          1        1      2         
optlc_net_38252          1        1      2         
optlc_net_38253          1        1      2         
optlc_net_38254          1        1      2         
optlc_net_38255          1        1      2         
optlc_net_38256          1        1      2         
optlc_net_38257          1        1      2         
optlc_net_38258          1        1      2         
optlc_net_38259          1        1      2         
optlc_net_38260          1        1      2         
optlc_net_38261          1        1      2         
optlc_net_38262          1        1      2         
optlc_net_38263          1        1      2         
optlc_net_38264          1        1      2         
optlc_net_38265          1        1      2         
optlc_net_38266          1        1      2         
optlc_net_38267          1        1      2         
optlc_net_38268          1        1      2         
optlc_net_38269          1        1      2         
optlc_net_38270          1        1      2         
optlc_net_38271          1        1      2         
optlc_net_38272          1        1      2         
optlc_net_38273          1        1      2         
optlc_net_38274          1        1      2         
optlc_net_38275          1        1      2         
optlc_net_38276          1        1      2         
optlc_net_38277          1        1      2         
optlc_net_38278          1        1      2         
optlc_net_38279          1        1      2         
optlc_net_38280          1        1      2         
optlc_net_38281          1        1      2         
optlc_net_38282          1        1      2         
optlc_net_38283          1        1      2         
optlc_net_38284          1        1      2         
optlc_net_38285          1        1      2         
optlc_net_38286          1        1      2         
optlc_net_38287          1        1      2         
optlc_net_38288          1        1      2         
optlc_net_38289          1        1      2         
optlc_net_38290          1        1      2         
optlc_net_38291          1        1      2         
optlc_net_38292          1        1      2         
optlc_net_38293          1        1      2         
optlc_net_38294          1        1      2         
optlc_net_38295          1        1      2         
optlc_net_38296          1        1      2         
optlc_net_38297          1        1      2         
optlc_net_38298          1        1      2         
optlc_net_38299          1        1      2         
optlc_net_38300          1        1      2         
optlc_net_38301          1        1      2         
optlc_net_38302          1        1      2         
optlc_net_38303          1        1      2         
optlc_net_38304          1        1      2         
optlc_net_38305          1        1      2         
optlc_net_38306          1        1      2         
optlc_net_38307          1        1      2         
optlc_net_38308          1        1      2         
optlc_net_38309          1        1      2         
optlc_net_38310          1        1      2         
optlc_net_38311          1        1      2         
optlc_net_38312          1        1      2         
optlc_net_38313          1        1      2         
optlc_net_38314          1        1      2         
optlc_net_38315          1        1      2         
optlc_net_38316          1        1      2         
optlc_net_38317          1        1      2         
optlc_net_38318          1        1      2         
optlc_net_38319          1        1      2         
optlc_net_38320          1        1      2         
optlc_net_38321          1        1      2         
optlc_net_38322          1        1      2         
optlc_net_38323          1        1      2         
optlc_net_38324          1        1      2         
optlc_net_38325          1        1      2         
optlc_net_38326          1        1      2         
optlc_net_38327          1        1      2         
optlc_net_38328          1        1      2         
optlc_net_38329          1        1      2         
pc_next[0]               1        1      2         
pc_next[10]              1        1      2         
pc_next[11]              1        1      2         
pc_next[12]              1        1      2         
pc_next[13]              1        1      2         
pc_next[14]              1        1      2         
pc_next[15]              1        1      2         
pc_next[1]               1        1      2         
pc_next[2]               1        1      2         
pc_next[3]               1        1      2         
pc_next[4]               1        1      2         
pc_next[5]               1        1      2         
pc_next[6]               1        1      2         
pc_next[7]               1        1      2         
pc_next[8]               1        1      2         
pc_next[9]               1        1      2         
pc_out[0]                1        1      2         
pc_out[10]               1        1      2         
pc_out[11]               2        1      3         
pc_out[12]               1        1      2         
pc_out[13]               2        1      3         
pc_out[14]               2        1      3         
pc_out[15]               1        1      2         
pc_out[1]                2        1      3         
pc_out[2]                2        1      3         
pc_out[3]                1        1      2         
pc_out[4]                1        1      2         
pc_out[5]                1        1      2         
pc_out[6]                2        1      3         
pc_out[7]                1        1      2         
pc_out[8]                2        1      3         
pc_out[9]                2        1      3         
reg_write_data[10]       8        1      9         
reg_write_data[11]       8        1      9         
reg_write_data[12]       8        1      9         
reg_write_data[13]       8        1      9         
reg_write_data[14]       8        1      9         
reg_write_data[15]       8        1      9         
reg_write_data[1]        8        1      9         
reg_write_data[2]        8        1      9         
reg_write_data[3]        8        1      9         
reg_write_data[4]        8        1      9         
reg_write_data[5]        8        1      9         
reg_write_data[6]        8        1      9         
reg_write_data[7]        8        1      9         
reg_write_data[8]        8        1      9         
reg_write_data[9]        8        1      9         
scan_clk                 1        1      2         
scan_reset               1        1      2         
test_mode                2        1      3         

Attributes
    d - user dont_touch
    D - derived dont_touch

--------------------------------------------------------------------------------
Total 13008 nets     17430    12988   30418
Maximum               4240        1   4241
Average               1.34     1.00   2.34
1
